"Document Title",Authors,"Author Affiliations","Publication Title",Date Added To Xplore,"Publication Year","Volume","Issue","Start Page","End Page","Abstract","ISSN",ISBNs,"DOI",Funding Information,PDF Link,"Author Keywords","IEEE Terms","Mesh_Terms",Article Citation Count,Patent Citation Count,"Reference Count","License",Online Date,Issue Date,"Meeting Date","Publisher",Document Identifier
"SAGCI-System: Towards Sample-Efficient, Generalizable, Compositional, and Incremental Robot Learning","J. Lv; Q. Yu; L. Shao; W. Liu; W. Xu; C. Lu","Department of Computer Science, Shanghai Jiao Tong University, China; Department of Computer Science, Shanghai Jiao Tong University, China; Artificial Intelligence Lab, Stanford University, USA; School of Mechanical Engineering, Shanghai Jiao Tong University, China; Department of Computer Science, Shanghai Jiao Tong University, China; Department of Computer Science, Shanghai Jiao Tong University, China",2022 International Conference on Robotics and Automation (ICRA),"12 Jul 2022","2022","","","98","105","Building general-purpose robots to perform a diverse range of tasks in a large variety of environments in the physical world at the human level is extremely challenging. According to [1], it requires the robot learning to be sample-efficient, generalizable, compositional, and incremental. In this work, we introduce a systematic learning framework called SAGCI-system towards achieving these above four requirements. Our system first takes the raw point clouds gathered by the camera mounted on the robot's wrist as the inputs and produces initial modeling of the surrounding environment represented as a file of Unified Robot Description Format (URDF). Our system adopts a learning-augmented differentiable simulation that loads the URDF. The robot then utilizes the interactive perception to interact with the environment to online verify and modify the URDF. Leveraging the differentiable simulation, we propose a model-based learning algorithm combining object-centric and robot-centric stages to efficiently produce policies to accomplish manipulation tasks. We apply our system to perform articulated object manipulation tasks, both in the simulation and the real world. Extensive experiments demonstrate the effectiveness of our proposed learning framework. Supplemental materials and videos are available on our project webpage https://sites.google.com/view/egci.","","978-1-7281-9681-7","10.1109/ICRA46639.2022.9811859","","https://ieeexplore.ieee.org/stamp/stamp.jsp?arnumber=9811859","","Wrist;Point cloud compression;Learning systems;Systematics;Robot vision systems;Cameras;Robot learning","","18","","54","IEEE","12 Jul 2022","23-27 May 2022","23-27 May 2022","IEEE","IEEE Conferences"
"Learning to Navigate by Pushing","C. Bauer; D. Bauer; A. Allaire; C. G. Atkeson; N. Pollard","Robotics Institute, Carnegie Mellon Univ, Pittsburgh, PA, USA; Robotics Institute, Carnegie Mellon Univ, Pittsburgh, PA, USA; Robotics Institute, Carnegie Mellon Univ, Pittsburgh, PA, USA; Robotics Institute, Carnegie Mellon Univ, Pittsburgh, PA, USA; Robotics Institute, Carnegie Mellon Univ, Pittsburgh, PA, USA",2022 International Conference on Robotics and Automation (ICRA),"12 Jul 2022","2022","","","171","177","In this work, we investigate a form of dynamic contact-rich locomotion in which a robot pushes off from obstacles in order to move through its environment. We present a reflex-based approach that switches between optimized hand-crafted reflex controllers and produces smooth and predictable motions. In contrast to previous work, our approach does not rely on periodic movements, complex models of robot and contact dynamics, or extensive hand tuning. We demonstrate the effectiveness of our approach and evaluate its performance compared to a standard model-free RL algorithm. We identify continuous clusters of similar behaviours, which allows us to successfully transfer different push-off motions directly from simulation to a physical robot without further retraining.","","978-1-7281-9681-7","10.1109/ICRA46639.2022.9812194","National Science Foundation(grant numbers:CMMI-1925130); ","https://ieeexplore.ieee.org/stamp/stamp.jsp?arnumber=9812194","","Navigation;Heuristic algorithms;Dynamics;Clustering algorithms;Prediction algorithms;Control systems;Object recognition","","2","","34","IEEE","12 Jul 2022","23-27 May 2022","23-27 May 2022","IEEE","IEEE Conferences"
"Learning to Socially Navigate in Pedestrian-rich Environments with Interaction Capacity","Q. Qiu; S. Yao; J. Wang; J. Ma; G. Chen; J. Ji","School of Data Science, University of Science and Technology of China, Hefei, China; School of Computer Science and Technology, USTC, Hefei, China; School of Data Science, University of Science and Technology of China, Hefei, China; School of Data Science, University of Science and Technology of China, Hefei, China; School of Computer Science and Technology, USTC, Hefei, China; School of Computer Science and Technology, USTC, Hefei, China",2022 International Conference on Robotics and Automation (ICRA),"12 Jul 2022","2022","","","279","285","Existing navigation policies for autonomous robots tend to focus on collision avoidance while ignoring human-robot interactions in social life. For instance, robots can pass along the corridor safer and easier if pedestrians notice them. Sounds have been considered as an efficient way to attract the attention of pedestrians, which can alleviate the freezing robot problem. In this work, we present a new deep reinforcement learning (DRL) based social navigation approach for autonomous robots to move in pedestrian-rich environments with interaction capacity. Most existing DRL based methods intend to train a general policy that outputs both navigation actions, i.e., expected robot's linear and angular velocities, and interaction actions, i.e., the beep action, in the context of reinforcement learning. Different from these methods, we intend to train the policy via both supervised learning and reinforcement learning. In specific, we first train an interaction policy in the context of supervised learning, which provides a better understanding of the social situation, then we use this interaction policy to train the navigation policy via multiple reinforcement learning algorithms. We evaluate our approach in various simulation environments and compare it to other methods. The experimental results show that our approach outperforms others in terms of the success rate. We also deploy the trained policy on a real-world robot, which shows a nice performance in crowded environments.","","978-1-7281-9681-7","10.1109/ICRA46639.2022.9811662","National Key Research and Development Program of China(grant numbers:2018AAA0100500); Anhui Provincial Development and Reform Commission; ","https://ieeexplore.ieee.org/stamp/stamp.jsp?arnumber=9811662","","Adaptation models;Automation;Navigation;Supervised learning;Human-robot interaction;Reinforcement learning;Angular velocity","","17","","35","IEEE","12 Jul 2022","23-27 May 2022","23-27 May 2022","IEEE","IEEE Conferences"
"Nearest-Neighbor-based Collision Avoidance for Quadrotors via Reinforcement Learning","R. Ourari; K. Cui; A. Elshamanhory; H. Koeppl","Department of Electrical Engineering, Technische Universität Darmstadt, Darmstadt, Germany; Department of Electrical Engineering, Technische Universität Darmstadt, Darmstadt, Germany; Department of Electrical Engineering, Technische Universität Darmstadt, Darmstadt, Germany; Department of Electrical Engineering, Technische Universität Darmstadt, Darmstadt, Germany",2022 International Conference on Robotics and Automation (ICRA),"12 Jul 2022","2022","","","293","300","Collision avoidance algorithms are of central interest to many drone applications. In particular, decentralized approaches may be the key to enabling robust drone swarm solutions in cases where centralized communication becomes computationally prohibitive. In this work, we draw biological inspiration from flocks of starlings (Sturnus vulgaris) and apply the insight to end-to-end learned decentralized collision avoidance. More specifically, we propose a new, scalable observation model following a biomimetic nearest-neighbor information constraint that leads to fast learning and good collision avoidance behavior. By proposing a general reinforcement learning approach, we obtain an end-to-end learning-based approach to integrating collision avoidance with arbitrary tasks such as package collection and formation change. To validate the generality of this approach, we successfully apply our methodology through motion models of medium complexity, modeling momentum and nonetheless allowing direct application to real world quadrotors in conjunction with a standard PID controller. In contrast to prior works, we find that in our sufficiently rich motion model, nearest-neighbor information is indeed enough to learn effective collision avoidance behavior. Our learned policies are tested in simulation and subsequently transferred to real-world drones to validate their real-world applicability.","","978-1-7281-9681-7","10.1109/ICRA46639.2022.9812221","","https://ieeexplore.ieee.org/stamp/stamp.jsp?arnumber=9812221","","Automation;Computational modeling;Biological system modeling;Reinforcement learning;Behavioral sciences;Complexity theory;Collision avoidance","","16","","44","IEEE","12 Jul 2022","23-27 May 2022","23-27 May 2022","IEEE","IEEE Conferences"
"Learning Multi-Task Transferable Rewards via Variational Inverse Reinforcement Learning","S. -W. Yoo; S. -W. Seo","Department of Electrical and Computer Engineering, Seoul National University, Republic of Korea; Department of Electrical and Computer Engineering, Seoul National University, Republic of Korea",2022 International Conference on Robotics and Automation (ICRA),"12 Jul 2022","2022","","","434","440","Many robotic tasks are composed of a lot of temporally correlated sub-tasks in a highly complex environment. It is important to discover situational intentions and proper actions by deliberating on temporal abstractions to solve problems effectively. To understand the intention separated from changing task dynamics, we extend an empowerment-based regularization technique to situations with multiple tasks based on the framework of a generative adversarial network. Under the multitask environments with unknown dynamics, we focus on learning a reward and policy from the unlabeled expert examples. In this study, we define situational empowerment as the maximum of mutual information representing how an action conditioned on both a certain state and sub-task affects the future. Our proposed method derives the variational lower bound of the situational mutual information to optimize it. We simultaneously learn the transferable multi-task reward function and policy by adding an induced term to the objective function. By doing so, the multi-task reward function helps to learn a robust policy for environmental change. We validate the advantages of our approach on multi-task learning and multi-task transfer learning. We demonstrate our proposed method has the robustness of both randomness and changing task dynamics. Finally, we prove that our method has significantly better performance and data efficiency than existing imitation learning methods on various benchmarks.","","978-1-7281-9681-7","10.1109/ICRA46639.2022.9811697","National Research Foundation of Korea (NRF); Seoul National University; ","https://ieeexplore.ieee.org/stamp/stamp.jsp?arnumber=9811697","","Learning systems;Transfer learning;Reinforcement learning;Multitasking;Linear programming;Robustness;Behavioral sciences","","5","","21","IEEE","12 Jul 2022","23-27 May 2022","23-27 May 2022","IEEE","IEEE Conferences"
"Learning from Imperfect Demonstrations via Adversarial Confidence Transfer","Z. Cao; Z. Wang; D. Sadigh","Computer Science, Stanford University, CA, USA; Computer Science, Stanford University, CA, USA; Computer Science, Stanford University, CA, USA",2022 International Conference on Robotics and Automation (ICRA),"12 Jul 2022","2022","","","441","447","Existing learning from demonstration algorithms usually assume access to expert demonstrations. However, this assumption is limiting in many real-world applications since the collected demonstrations may be suboptimal or even consist of failure cases. We therefore study the problem of learning from imperfect demonstrations by learning a confidence predictor. Specifically, we rely on demonstrations along with their confidence values from a different correspondent environment (source environment) to learn a confidence predictor for the environment we aim to learn a policy in (target environment-where we only have unlabeled demonstrations). We learn a common latent space through adversarial distribution matching of multi-length partial trajectories to enable the transfer of confidence across source and target environments. The learned confidence reweights the demonstrations to enable learning more from informative demonstrations and discarding the irrelevant ones. Our experiments in three simulated environments and a real robot reaching task demonstrate that our approach learns a policy with the highest expected return. We show the videos of our experiments on our website.","","978-1-7281-9681-7","10.1109/ICRA46639.2022.9811891","NSF(grant numbers:1849952,1941722); ONR; ","https://ieeexplore.ieee.org/stamp/stamp.jsp?arnumber=9811891","","Limiting;Automation;Prediction algorithms;Trajectory;Task analysis;Robots;Videos","","5","","35","IEEE","12 Jul 2022","23-27 May 2022","23-27 May 2022","IEEE","IEEE Conferences"
"OPIRL: Sample Efficient Off-Policy Inverse Reinforcement Learning via Distribution Matching","H. Hoshino; K. Ota; A. Kanezaki; R. Yokota","Department of Computer Science, School of Computing, Tokyo Institute of Technology, Japan; Department of Computer Science, School of Computing, Tokyo Institute of Technology, Japan; Department of Computer Science, School of Computing, Tokyo Institute of Technology, Japan; Global Scientific Information and Computing Center, Tokyo Institute of Technology, Japan",2022 International Conference on Robotics and Automation (ICRA),"12 Jul 2022","2022","","","448","454","Inverse Reinforcement Learning (IRL) is attractive in scenarios where reward engineering can be tedious. However, prior IRL algorithms use on-policy transitions, which require intensive sampling from the current policy for stable and optimal performance. This limits IRL applications in the real world, where environment interactions can become highly expensive. To tackle this problem, we present Off-Policy Inverse Reinforcement Learning (OPIRL), which (1) adopts off-policy data distribution instead of on-policy and enables significant reduction of the number of interactions with the environment, (2) learns a reward function that is transferable with high generalization capabilities on changing dynamics, and (3) leverages mode-covering behavior for faster convergence. We demonstrate that our method is considerably more sample efficient and generalizes to novel environments through the experiments. Our method achieves better or comparable results on policy performance baselines with significantly fewer interactions. Furthermore, we empirically show that the recovered reward function generalizes to different tasks where prior arts are prone to fail.","","978-1-7281-9681-7","10.1109/ICRA46639.2022.9811660","","https://ieeexplore.ieee.org/stamp/stamp.jsp?arnumber=9811660","Imitation Learning;Transfer Learning;Learning from Demonstration;Inverse Reinforcement Learning","Training;Automation;Reinforcement learning;Control systems;Behavioral sciences;Usability;Task analysis","","6","","38","IEEE","12 Jul 2022","23-27 May 2022","23-27 May 2022","IEEE","IEEE Conferences"
"Cross Domain Robot Imitation with Invariant Representation","Z. -H. Yin; L. Sun; H. Ma; M. Tomizuka; W. -J. Li","Department of Electronic and Computer Engineering, The Hong Kong University of Science and Technology, Hong Kong SAR.; Department of Mechanical Engineering, University of California, Berkeley, Berkeley, CA, USA; Department of Mechanical Engineering, University of California, Berkeley, Berkeley, CA, USA; Department of Mechanical Engineering, University of California, Berkeley, Berkeley, CA, USA; Department of Computer Science and Technology, Nanjing University, Nanjing, PRC",2022 International Conference on Robotics and Automation (ICRA),"12 Jul 2022","2022","","","455","461","Animals are able to imitate each others' behavior, despite their difference in biomechanics. In contrast, imitating other similar robots is a much more challenging task in robotics. This problem is called cross domain imitation learning (CDIL). In this paper, we consider CDIL on a class of similar robots. We tackle this problem by introducing an imitation learning algorithm based on invariant representation. We propose to learn invariant state and action representations, which align the behavior of multiple robots so that CDIL becomes possible. Compared with previous invariant representation learning methods for similar purposes, our method does not require human-labeled pairwise data for training. Instead, we use cycle-consistency and domain confusion to align the representation and increase its robustness. We test the algorithm on multiple robots in the simulator and show that unseen new robot instances can be trained with existing expert demonstrations successfully. Qualitative results also demonstrate that the proposed method is able to learn similar representations for different robots with similar behaviors, which is essential for successful CDIL.","","978-1-7281-9681-7","10.1109/ICRA46639.2022.9811668","","https://ieeexplore.ieee.org/stamp/stamp.jsp?arnumber=9811668","","Training;Representation learning;Biomechanics;Automation;Animals;Robustness;Behavioral sciences","","5","","30","IEEE","12 Jul 2022","23-27 May 2022","23-27 May 2022","IEEE","IEEE Conferences"
"Interleaving Monte Carlo Tree Search and Self-Supervised Learning for Object Retrieval in Clutter","B. Huang; T. Guo; A. Boularias; J. Yu","Department of Computer Science, Rutgers, the State University of New Jersey, Piscataway, NJ, USA; Department of Computer Science, Rutgers, the State University of New Jersey, Piscataway, NJ, USA; Department of Computer Science, Rutgers, the State University of New Jersey, Piscataway, NJ, USA; Department of Computer Science, Rutgers, the State University of New Jersey, Piscataway, NJ, USA",2022 International Conference on Robotics and Automation (ICRA),"12 Jul 2022","2022","","","625","632","In this study, working with the task of object retrieval in clutter, we have developed a robot learning framework in which Monte Carlo Tree Search (MCTS) is first applied to enable a Deep Neural Network (DNN) to learn the intricate interactions between a robot arm and a complex scene containing many objects, allowing the DNN to partially clone the behavior of MCTS. In turn, the trained DNN is integrated into MCTS to help guide its search effort. We call this approach learning-guided Monte Carlo tree search for Object REtrieval (MORE), which delivers significant computational efficiency gains and added solution optimality. MORE is a self-supervised robotics framework/pipeline capable of working in the real world that successfully embodies the System 2 → System 1 learning philosophy proposed by Kahneman, where learned knowledge, used properly, can help greatly speed up a time-consuming decision process over time. Videos and supplementary material can be found at https://github.com/arc-l/more.","","978-1-7281-9681-7","10.1109/ICRA46639.2022.9812132","NSF(grant numbers:IIS-1734492,IIS-1846043,IIS-1845888,CCF-1934924,IIS-2132972); ","https://ieeexplore.ieee.org/stamp/stamp.jsp?arnumber=9812132","","Monte Carlo methods;Philosophical considerations;Neural networks;Self-supervised learning;Search problems;Manipulators;Robot learning","","15","","48","IEEE","12 Jul 2022","23-27 May 2022","23-27 May 2022","IEEE","IEEE Conferences"
"Powerful and dexterous multi-finger hand using dynamical pulley mechanism","T. Hasegawa; H. Waita; T. Kawakami; Y. Takemura; T. Ishikawa; Y. Kimura; C. Tanaka; K. Sugiyama; T. Yoshiike","Frontier Robotics domain, Honda R&D Co., Ltd., Saitama, Japan; Frontier Robotics domain, Honda R&D Co., Ltd., Saitama, Japan; Frontier Robotics domain, Honda R&D Co., Ltd., Saitama, Japan; Frontier Robotics domain, Honda R&D Co., Ltd., Saitama, Japan; Frontier Robotics domain, Honda R&D Co., Ltd., Saitama, Japan; Frontier Robotics domain, Honda R&D Co., Ltd., Saitama, Japan; Frontier Robotics domain, Honda R&D Co., Ltd., Saitama, Japan; Frontier Robotics domain, Honda R&D Co., Ltd., Saitama, Japan; Frontier Robotics domain, Honda R&D Co., Ltd., Saitama, Japan",2022 International Conference on Robotics and Automation (ICRA),"12 Jul 2022","2022","","","707","713","A multi-fingered hand that can grasp and manipulate a variety of objects is an option for assisting people in their daily lives. However, the range of torque output that can be handled by the multi-fingered hand is very limited compared to the capability of the human hand. In this paper, we introduce a new multi-fingered hand consisting of a dynamic pulley and a linkage mechanism, aiming to achieve a human-like output torque with a human-like size. The proposed multi-fingered hand can achieve a fingertip force of 50N, which is equivalent to that of a human, and at the same time can perform delicate operations such as picking up a coin on a desk. In addition, we realized the stay-on-tab opening task of a can by utilizing fingertip strength.","","978-1-7281-9681-7","10.1109/ICRA46639.2022.9812112","","https://ieeexplore.ieee.org/stamp/stamp.jsp?arnumber=9812112","","Torque;Pulleys;Friction;Force;Wires;Grasping;Reinforcement learning","","14","","23","IEEE","12 Jul 2022","23-27 May 2022","23-27 May 2022","IEEE","IEEE Conferences"
"Learning to Pick by Digging: Data-Driven Dig-Grasping for Bin Picking from Clutter","C. Zhao; Z. Tong; J. Rojas; J. Seo","Electronic and Computer Engineering Department, The Hong Kong University of Science and Technology; Electronic and Computer Engineering Department, The Hong Kong University of Science and Technology; Mechanical and Aerospace/Electronic and Computer Engineering Department, The Hong Kong University of Science and Tech-nology; Mechanical and Automation Engineering Department, Chinese University of Hong Kong",2022 International Conference on Robotics and Automation (ICRA),"12 Jul 2022","2022","","","749","754","We present a data-driven approach for effective bin picking from clutter. Recent bin picking solutions usually lead to a direct pinch grasp on a target object without addressing any other potential contact interaction in clutter. However, appropriate physical interaction can be essential to successful singulation and subsequent secure picking, the goal of bin picking. In this work, we contribute a framework that learns physically interactive actions for object picking end-to-end from a visual input in a self-supervised manner. The learned actions enable the robot to purposefully interact with a target object by performing a digging operation through the clutter. By leveraging a fully convolutional network (FCN), we predict picking success probabilities for a set of interactive action primitives that will in turn specify an optimal action to perform. The FCN is trained in a simulated environment through trial and error. Moreover, new datasets are collected using the latest network through iterative self-supervision. Extensive real-world bin picking experiments show the effectiveness and generalizability of the approach.","","978-1-7281-9681-7","10.1109/ICRA46639.2022.9811736","NSF of China(grant numbers:62176154); ","https://ieeexplore.ieee.org/stamp/stamp.jsp?arnumber=9811736","","Learning systems;Visualization;Automation;Reinforcement learning;Color;Robot sensing systems;Sensors","","12","","24","IEEE","12 Jul 2022","23-27 May 2022","23-27 May 2022","IEEE","IEEE Conferences"
"AMI: Adaptive Motion Imitation Algorithm Based on Deep Reinforcement Learning","N. Taghavi; M. H. A. Alqatamin; D. O. Popa","Louisville Automation & Robotics Research Institute, University of Louisville, KY; Louisville Automation & Robotics Research Institute, University of Louisville, KY; Louisville Automation & Robotics Research Institute, University of Louisville, KY",2022 International Conference on Robotics and Automation (ICRA),"12 Jul 2022","2022","","","798","804","In this paper, we develop a novel adaptive motion imitation algorithm (AMI) for robotic systems. Although AMI can be used in a variety of human-robot interaction scenarios, we are particularly interested in robotic rehabilitation where the robot plays the role of demonstrating and practicing challenging motion physiotherapy. During therapy, the robot first demonstrates a reference trajectory to the patient that needs to be repeated during practice and then adapts its motion to a cyclic speed and amplitude based on the patient's abilities. Using this algorithm, the robotic system learns an upper-body motion of the human user and performs a unique, similar, and easier motion based on the learned trajectory from the user. Adaptation in the AMI is based on deep reinforcement learning with deep deterministic policy gradient implemented in the Robot Operating System (ROS) environment. Experimental data collected from 11 users during upper body human-robot imitation sessions with social robot Zeno was used to show that the algorithm can learn reference elbow joint trajectories of the user in an off-line manner after just a few cycles. Finally, we also implemented the algorithm online using the Baxter robot to demonstrate its learning and playback performance.","","978-1-7281-9681-7","10.1109/ICRA46639.2022.9812121","National Science Foundation(grant numbers:1838808); EPSCoR(grant numbers:1849213); ","https://ieeexplore.ieee.org/stamp/stamp.jsp?arnumber=9812121","","Automation;Adaptive systems;Operating systems;Social robots;Medical treatment;Reinforcement learning;Trajectory","","4","","23","IEEE","12 Jul 2022","23-27 May 2022","23-27 May 2022","IEEE","IEEE Conferences"
"Grouptron: Dynamic Multi-Scale Graph Convolutional Networks for Group-Aware Dense Crowd Trajectory Forecasting","R. Zhou; H. Zhou; H. Gao; M. Tomizuka; J. Li; Z. Xu","Department of Electrical Engineering and Computer Science, University of California, Berkeley, CA, USA; Department of Aerospace Engineering, University of Michigan, Ann Arbor, MI, USA; Department of Mechanical Engineering, University of California, Berkeley, CA, USA; Department of Mechanical Engineering, University of California, Berkeley, CA, USA; Department of Aeronautics & Astronautics, Stanford University, CA, USA; Department of Mechanical Engineering, University of California, Berkeley, CA, USA",2022 International Conference on Robotics and Automation (ICRA),"12 Jul 2022","2022","","","805","811","Accurate, long-term forecasting of pedestrian trajectories in highly dynamic and interactive scenes is a longstanding challenge. Recent advances in using data-driven approaches have achieved significant improvements in terms of prediction accuracy. However, the lack of group-aware analysis has limited the performance of forecasting models. This is especially nonnegligible in highly crowded scenes, where pedestrians are moving in groups and the interactions between groups are extremely complex and dynamic. In this paper, we present Grouptron, a multi-scale dynamic forecasting framework that leverages pedestrian group detection and utilizes individual-level, group-level and scene-level information for better understanding and representation of the scenes. Our approach employs spatio-temporal clustering algorithms to identify pedestrian groups, creates spatio-temporal graphs at the individual, group, and scene levels. It then uses graph neural networks to encode dynamics at different scales and aggregate the embeddings for trajectory prediction. We conducted extensive comparisons and ablation experiments to demonstrate the effectiveness of our approach. Our method achieves 9.3% decrease in final displacement error (FDE) compared with state-of-the-art methods on ETH/UCY benchmark datasets, and 16.1% decrease in FDE in more crowded scenes where extensive human group interactions are more frequently present.","","978-1-7281-9681-7","10.1109/ICRA46639.2022.9811585","","https://ieeexplore.ieee.org/stamp/stamp.jsp?arnumber=9811585","","Automation;Heuristic algorithms;Clustering algorithms;Benchmark testing;Predictive models;Prediction algorithms;Graph neural networks","","24","","41","IEEE","12 Jul 2022","23-27 May 2022","23-27 May 2022","IEEE","IEEE Conferences"
"Human-Following and -guiding in Crowded Environments using Semantic Deep-Reinforcement-Learning for Mobile Service Robots","L. Kästner; B. Fatloun; Z. Shen; D. Gawrisch; J. Lambrecht","Faculty of Electrical Engineering, and Computer Science, Chair Industry Grade Networks and Clouds, Berlin Institute of Technology, Berlin, Germany; Faculty of Electrical Engineering, and Computer Science, Chair Industry Grade Networks and Clouds, Berlin Institute of Technology, Berlin, Germany; Faculty of Electrical Engineering, and Computer Science, Chair Industry Grade Networks and Clouds, Berlin Institute of Technology, Berlin, Germany; Faculty of Electrical Engineering, and Computer Science, Chair Industry Grade Networks and Clouds, Berlin Institute of Technology, Berlin, Germany; Faculty of Electrical Engineering, and Computer Science, Chair Industry Grade Networks and Clouds, Berlin Institute of Technology, Berlin, Germany",2022 International Conference on Robotics and Automation (ICRA),"12 Jul 2022","2022","","","833","839","Assistance robots have gained widespread attention in various industries such as logistics and human assistance. The tasks of guiding or following a human in a crowded environment such as airports or train stations to carry weight or goods is still an open problem. In these use cases, the robot is not only required to intelligently interact with humans, but also to navigate safely among crowds. Thus, especially highly dynamic environments pose a grand challenge due to the volatile behavior patterns and unpredictable movements of humans. In this paper, we propose a Deep-Reinforcement-Learning-based agent for human-guiding and -following tasks in crowded environments. Therefore, we incorporate semantic information to provide the agent with high-level information like the social states of humans, safety models, and class types. We evaluate our proposed approach against a benchmark approach without semantic information and demonstrated enhanced navigational safety and robustness. Moreover, we demonstrate that the agent could learn to adapt its behavior to humans, which improves the human-robot interaction significantly.","","978-1-7281-9681-7","10.1109/ICRA46639.2022.9812111","","https://ieeexplore.ieee.org/stamp/stamp.jsp?arnumber=9812111","","Visualization;Adaptation models;Navigation;Service robots;Semantics;Robustness;Behavioral sciences","","23","","25","IEEE","12 Jul 2022","23-27 May 2022","23-27 May 2022","IEEE","IEEE Conferences"
"SafetyNet: Safe Planning for Real-World Self-Driving Vehicles Using Machine-Learned Policies","M. Vitelli; Y. Chang; Y. Ye; A. Ferreira; M. Wołczyk; B. Osiński; M. Niendorf; H. Grimmett; Q. Huang; A. Jain; P. Ondruska",NA; NA; NA; NA; NA; NA; NA; NA; NA; NA; NA,2022 International Conference on Robotics and Automation (ICRA),"12 Jul 2022","2022","","","897","904","In this paper we present the first safe system for full control of self-driving vehicles trained from human demonstrations and deployed in challenging, real-world, urban environments. Current industry-standard solutions use rule-based systems for planning. Although they perform reasonably well in common scenarios, the engineering complexity renders this approach incompatible with human-level performance. On the other hand, the performance of machine-learned (ML) planning solutions can be improved by simply adding more exemplar data. However, ML methods cannot offer safety guarantees and sometimes behave unpredictably. To combat this, our approach uses a simple yet effective rule-based fallback layer that performs sanity checks on an ML planner's decisions (e.g. avoiding collision, assuring physical feasibility). This allows us to leverage ML to handle complex situations while still assuring the safety, reducing ML planner-only collisions by 95%. We train our ML planner on 300 hours of expert driving demonstrations using imitation learning and deploy it along with the fallback layer in downtown San Francisco, where it takes complete control of a real vehicle and navigates a wide variety of challenging urban driving scenarios.","","978-1-7281-9681-7","10.1109/ICRA46639.2022.9811576","","https://ieeexplore.ieee.org/stamp/stamp.jsp?arnumber=9811576","","Training;Measurement;Automation;Navigation;Urban areas;Reinforcement learning;Control systems","","63","","41","IEEE","12 Jul 2022","23-27 May 2022","23-27 May 2022","IEEE","IEEE Conferences"
"Decentralized Ride-sharing of Shared Autonomous Vehicles Using Graph Neural Network-Based Reinforcement Learning","B. Li; N. Ammar; P. Tiwari; H. Peng","Mechanical Engineering Department, University of Michigan, Ann Arbor, MI, USA; Toyota Motor North America; Toyota Motor North America; Mechanical Engineering Department, University of Michigan, Ann Arbor, MI, USA",2022 International Conference on Robotics and Automation (ICRA),"12 Jul 2022","2022","","","912","918","Ride-sharing has important implications for improving the efficiency of mobility-on-demand systems. However, it remains a challenge due to the complex dynamics between vehicles and requests. This paper presents a decentralized ride-sharing algorithm suitable for shared autonomous vehicles (SAVs) deployment. The ride-sharing problem is formulated as a multi-agent reinforcement learning problem. We explore state representation with the request-vehicle graph to encode shareability and potential coordination information. We use a graph attention network to build a hierarchical structure that unifies ride-sharing assignments with rebalancing and handles real-world scenarios where hundreds of user requests can be associated with vehicles. We show results in both generic grid-world and SUMO simulation with real-world data from the Manhattan area. We empirically demonstrate that our proposed approach can achieve similar performance compared with a state-of-the-art centralized optimization method and higher computation efficiency.","","978-1-7281-9681-7","10.1109/ICRA46639.2022.9811596","Toyota Motor North America R&D, InfoTech Labs; ","https://ieeexplore.ieee.org/stamp/stamp.jsp?arnumber=9811596","","Automation;Heuristic algorithms;Computational modeling;Optimization methods;Reinforcement learning;Data models;Computational efficiency","","13","","23","IEEE","12 Jul 2022","23-27 May 2022","23-27 May 2022","IEEE","IEEE Conferences"
"Online Prediction of Lane Change with a Hierarchical Learning-Based Approach","X. Liao; Z. Wang; X. Zhao; Z. Zhao; K. Han; P. Tiwari; M. J. Barth; G. Wu","Department of Electrical and Computer Engineering, Center for Environmental Research and Technology, University of California, Riverside, CA; InfoTech Labs, Toyota Motor North America R&D, Mountain View, CA; Department of Electrical and Computer Engineering, Center for Environmental Research and Technology, University of California, Riverside, CA; Department of Electrical and Computer Engineering, Center for Environmental Research and Technology, University of California, Riverside, CA; InfoTech Labs, Toyota Motor North America R&D, Mountain View, CA; InfoTech Labs, Toyota Motor North America R&D, Mountain View, CA; Department of Electrical and Computer Engineering, Center for Environmental Research and Technology, University of California, Riverside, CA; Department of Electrical and Computer Engineering, Center for Environmental Research and Technology, University of California, Riverside, CA",2022 International Conference on Robotics and Automation (ICRA),"12 Jul 2022","2022","","","948","954","In the foreseeable future, connected and auto-mated vehicles (CAVs) and human-driven vehicles will share the road networks together. In such a mixed traffic environment, CAVs need to understand and predict maneuvers of surrounding vehicles for safer and more efficient interactions, especially when human drivers bring in a wide range of uncertainties. In this paper, we propose a learning-based lane-change prediction algorithm that considers the driving behaviors of the target human driver. To provide accurate maneuver prediction, we adopt a hierarchical structure that seamlessly seals both the lane-change decision prediction and the vehicle trajectory pre-diction together. Specifically, we propose a lane-change decision prediction method based on a Long-Short Term Memory (LSTM) network, and a trajectories prediction considering driver preference and vehicular interactions based on Inverse Reinforcement Learning (IRL). To validate the performance of the proposed methodology, a case study of an on-ramp merging scenario is conducted on a uniquely built human-in-the-loop simulation platform that can provide an immersive driving environment, collect data of lane-change behaviors, and test drivers' reactions to the prediction results in real time. It is shown in the simulation results that we can predict the lane-change decision 3 seconds before the vehicle crosses the line to another lane, and the Mean Euclidean Distance between the predicted trajectory and ground truth is 0.39 meters within a 4-second prediction window.","","978-1-7281-9681-7","10.1109/ICRA46639.2022.9812269","","https://ieeexplore.ieee.org/stamp/stamp.jsp?arnumber=9812269","","Uncertainty;Roads;Seals;Reinforcement learning;Predictive models;Prediction algorithms;Real-time systems","","23","","26","IEEE","12 Jul 2022","23-27 May 2022","23-27 May 2022","IEEE","IEEE Conferences"
"Coordinate Invariant User-Guided Constrained Path Planning with Reactive Rapidly Expanding Plane-Oriented Escaping Trees","R. Laha; R. Sun; W. Wu; D. Mahalingam; N. Chakraborty; L. F. C. Figueredo; S. Haddadin","Munich Institute of Robotics & Machine Intelligence, Technische Universität München (TUM), Germany; Munich Institute of Robotics & Machine Intelligence, Technische Universität München (TUM), Germany; Munich Institute of Robotics & Machine Intelligence, Technische Universität München (TUM), Germany; Department of Mechanical Engineering, Stony Brook University (SBU), Stony Brook, USA; Department of Mechanical Engineering, Stony Brook University (SBU), Stony Brook, USA; Munich Institute of Robotics & Machine Intelligence, Technische Universität München (TUM), Germany; Munich Institute of Robotics & Machine Intelligence, Technische Universität München (TUM), Germany",2022 International Conference on Robotics and Automation (ICRA),"12 Jul 2022","2022","","","977","984","As collaborative robots move closer to human environments, motion generation and reactive planning strategies that allow for elaborate task execution with minimal easy-to-implement guidance whilst coping with changes in the environment is of paramount importance. In this paper, we present a novel approach for generating real-time motion plans for point-to-point tasks using a single successful human demonstration. Our approach is based on screw linear interpolation, which allows us to respect the underlying geometric constraints that characterize the task and are implicitly present in the demonstration. We also integrate an original reactive collision avoidance approach with our planner. We present extensive experimental results to demonstrate that with our approach, by using a single demonstration of moving one block, we can generate motion plans for complex tasks like stacking multiple blocks (in a dynamic environment). Analogous generalization abilities are also shown for tasks like pouring and loading shelves. For the pouring task, we also show that a demonstration given for one-armed pouring can be used for planning pouring with a dual-armed manipulator of different kinematic structure.","","978-1-7281-9681-7","10.1109/ICRA46639.2022.9812014","NSF(grant numbers:1853454); ","https://ieeexplore.ieee.org/stamp/stamp.jsp?arnumber=9812014","","Interpolation;Robot kinematics;Stacking;Loading;Kinematics;Real-time systems;Trajectory","","13","","54","IEEE","12 Jul 2022","23-27 May 2022","23-27 May 2022","IEEE","IEEE Conferences"
"Few-Shot Keypoint Detection as Task Adaptation via Latent Embeddings","M. Vecerik; J. Kay; R. Hadsell; L. Agapito; J. Scholz","University College London, UK; University College London, UK; DeepMind, London, UK; University College London, UK; DeepMind, London, UK",2022 International Conference on Robotics and Automation (ICRA),"12 Jul 2022","2022","","","1251","1257","Dense object tracking, the ability to localize specific object points with pixel-level accuracy, is an important computer vision task with numerous downstream applications in robotics. Existing approaches either compute dense keypoint embeddings in a single forward pass, meaning the model is trained to track everything at once, or allocate their full capacity to a sparse predefined set of points, trading generality for accuracy. In this paper we explore a middle ground based on the observation that the number of relevant points at a given time are typically relatively few, e.g. grasp points on a target object. Our main contribution is a novel architecture, inspired by few-shot task adaptation, which allows a sparse-style network to condition on a keypoint embedding that indicates which point to track. Our central finding is that this approach provides the generality of dense-embedding models, while offering accuracy significantly closer to sparse-keypoint approaches. We present results illustrating this capacity vs. accuracy trade-off, and demonstrate the ability to zero-shot transfer to new object instances (within-class) using a real-robot pick-and-place task.","","978-1-7281-9681-7","10.1109/ICRA46639.2022.9812209","","https://ieeexplore.ieee.org/stamp/stamp.jsp?arnumber=9812209","","Visualization;Computer vision;Three-dimensional displays;Target tracking;Robot vision systems;Reinforcement learning;Footwear","","2","","20","IEEE","12 Jul 2022","23-27 May 2022","23-27 May 2022","IEEE","IEEE Conferences"
"Tracking Fast Trajectories with a Deformable Object using a Learned Model","J. A. Preiss; D. Millard; T. Yao; G. S. Sukhatme",University of Southern California; University of Southern California; University of Southern California; University of Southern California,2022 International Conference on Robotics and Automation (ICRA),"12 Jul 2022","2022","","","1351","1357","We propose a method for robotic control of deformable objects using a learned nonlinear dynamics model. After collecting a dataset of trajectories from the real system, we train a recurrent neural network (RNN) to approximate its input-output behavior with a latent state-space model. The RNN internal state is low-dimensional enough to enable realtime nonlinear control methods. We demonstrate a closed-loop control scheme with the RNN model using a standard nonlinear state observer and model-predictive controller. We apply our method to track a highly dynamic trajectory with a point on the deformable object, in real time and on real hardware. Our experiments show that the RNN model captures the true system's frequency response and can be used to track trajectories outside the training distribution. In an ablation study, we find that the full method improves tracking accuracy compared to an open-loop version without the state observer.","","978-1-7281-9681-7","10.1109/ICRA46639.2022.9812189","NASA(grant numbers:80NSSC19K1182); ","https://ieeexplore.ieee.org/stamp/stamp.jsp?arnumber=9812189","","Deformable models;Training;Tracking loops;Recurrent neural networks;Tracking;Observers;Hardware","","10","","37","IEEE","12 Jul 2022","23-27 May 2022","23-27 May 2022","IEEE","IEEE Conferences"
"Value learning from trajectory optimization and Sobolev descent: A step toward reinforcement learning with superlinear convergence properties","A. Parag; S. Kleff; L. Saci; N. Mansard; O. Stasse","Artificial and Natural Intelligence Toulouse Institute, France; Artificial and Natural Intelligence Toulouse Institute, France; Artificial and Natural Intelligence Toulouse Institute, France; Artificial and Natural Intelligence Toulouse Institute, France; Artificial and Natural Intelligence Toulouse Institute, France",2022 International Conference on Robotics and Automation (ICRA),"12 Jul 2022","2022","","","01","07","The recent successes in deep reinforcement learning largely rely on the capabilities of generating masses of data, which in turn implies the use of a simulator. In particular, current progress in multi body dynamic simulators are under-pinning the implementation of reinforcement learning for end-to-end control of robotic systems. Yet simulators are mostly considered as black boxes while we have the knowledge to make them produce a richer information. In this paper, we are proposing to use the derivatives of the simulator to help with the convergence of the learning. For that, we combine model-based trajectory optimization to produce informative trials using 1st- and 2nd-order simulation derivatives. These locally-optimal runs give fair estimates of the value function and its derivatives, that we use to accelerate the convergence of the critics using Sobolev learning. We empirically demonstrate that the algorithm leads to a faster and more accurate estimation of the value function. The resulting value estimate is used in model-predictive controller as a proxy for shortening the preview horizon. We believe that it is also a first step toward superlinear reinforcement learning algorithm using simulation derivatives, that we need for end-to-end legged locomotion.","","978-1-7281-9681-7","10.1109/ICRA46639.2022.9811993","","https://ieeexplore.ieee.org/stamp/stamp.jsp?arnumber=9811993","","Supervised learning;Optimal control;Reinforcement learning;Production;Network architecture;Approximation algorithms;Trajectory optimization","","6","","37","IEEE","12 Jul 2022","23-27 May 2022","23-27 May 2022","IEEE","IEEE Conferences"
"Optimal-Horizon Model Predictive Control with Differential Dynamic Programming","K. Stachowicz; E. A. Theodorou","Autonomous Control and Decision Systems Laboratory, Georgia Institute of Technology, Atlanta, GA, USA; Autonomous Control and Decision Systems Laboratory, Georgia Institute of Technology, Atlanta, GA, USA",2022 International Conference on Robotics and Automation (ICRA),"12 Jul 2022","2022","","","1440","1446","We present an algorithm, based on the Differential Dynamic Programming framework, to handle trajectory optimization problems in which the horizon is determined online rather than fixed a priori. This algorithm exhibits exact one-step convergence for linear, quadratic, time-invariant problems and is fast enough for real-time nonlinear model-predictive control. We show derivations for the nonlinear algorithm in the discrete-time case, and apply this algorithm to a variety of nonlinear problems. Finally, we show the efficacy of the optimal-horizon model-predictive control scheme compared to a standard MPC controller, on an obstacle-avoidance problem with planar robots.","","978-1-7281-9681-7","10.1109/ICRA46639.2022.9812036","","https://ieeexplore.ieee.org/stamp/stamp.jsp?arnumber=9812036","","Heuristic algorithms;Stochastic processes;Reinforcement learning;Prediction algorithms;Real-time systems;Dynamic programming;Robots","","2","","19","IEEE","12 Jul 2022","23-27 May 2022","23-27 May 2022","IEEE","IEEE Conferences"
"Push-to-See: Learning Non-Prehensile Manipulation to Enhance Instance Segmentation via Deep Q-Learning","B. Serhan; H. Pandya; A. Kucukyilmaz; G. Neumann","School of Computer Science, University of Nottingham, UK; Toshiba Research, Cambridge, UK; School of Computer Science, University of Nottingham, UK; Institute for Anthropomatics and Robotics, Karlsruhe Institute of Technology, Germany",2022 International Conference on Robotics and Automation (ICRA),"12 Jul 2022","2022","","","1513","1519","Efficient robotic manipulation of objects for sorting and searching often rely upon how well the objects are perceived and the available grasp poses. The challenge arises when the objects are irregular, have similar visual features (e.g., textureless objects) and the scene is densely cluttered. In such cases, non-prehensile manipulation (e.g., pushing) can facilitate grasping or searching by improving object perception and singulating the objects from the clutter via physical interaction. The current robotics literature in interactive segmentation focuses solely on isolated cases, where the central aim is on searching or singulating a single target object, or segmenting sparsely cluttered scenes, mainly through matching visual futures in successive scenes before and after the robotic interaction. On the other hand, in this paper, we introduce the first interactive segmentation model in the literature that can autonomously enhance the instance segmentation of such challenging scenes as a whole via optimising a Q-value function that predicts appropriate pushing actions for singulation. We achieved this by training a deep reinforcement learning model with reward signals generated by a Mask-RCNN trained solely on depth images. We evaluated our model in experiments by comparing its success on segmentation quality with a heuristic baseline, as well as the state-of-the-art Visual Pushing and Grasping (VPG) model [1]. Our model significantly outperformed both baselines in all benchmark scenarios. Furthermore, decreasing the segmentation error inherently enabled the autonomous singulation of the scene as a whole. Our evaluation experiments also serve as a benchmark for interactive segmentation research.","","978-1-7281-9681-7","10.1109/ICRA46639.2022.9811645","NCNR (National Centre for Nuclear Robotics, EPSRC)(grant numbers:EP/R02572X/1); ","https://ieeexplore.ieee.org/stamp/stamp.jsp?arnumber=9811645","","Training;Visualization;Image segmentation;Q-learning;Protocols;Grasping;Benchmark testing","","18","","28","IEEE","12 Jul 2022","23-27 May 2022","23-27 May 2022","IEEE","IEEE Conferences"
"Deep Surrogate Q-Learning for Autonomous Driving","M. Kalweit; G. Kalweit; M. Werling; J. Boedecker","Neurorobotics Lab, University of Freiburg, Germany; Neurorobotics Lab, University of Freiburg, Germany; BMWGroup, Unterschleissheim, Germany; Neurorobotics Lab, University of Freiburg, Germany",2022 International Conference on Robotics and Automation (ICRA),"12 Jul 2022","2022","","","1578","1584","Open challenges for deep reinforcement learning systems are their adaptivity to changing environments and their efficiency w.r.t. computational resources and data. In the application of learning lane-change behavior for autonomous driving, the number of required transitions imposes a bottleneck, since test drivers cannot perform an arbitrary amount of lane changes in the real world. In the off-policy setting, additional information on solving the task can be gained by observing actions from others. While in the classical RL setup this knowledge remains unused, we use other drivers as surrogates to learn the agent's value function more efficiently. We propose Surrogate Q-learning that deals with the aforementioned problems and reduces the required driving time drastically. We further propose an efficient implementation based on a permutation equivariant deep neural network architecture of the Q-function to estimate action-values for a variable number of vehicles in sensor range. We evaluate our method in the open traffic simulator SUMO and learn well performing driving policies on the real highD dataset.","","978-1-7281-9681-7","10.1109/ICRA46639.2022.9811618","","https://ieeexplore.ieee.org/stamp/stamp.jsp?arnumber=9811618","","Training;Road transportation;Q-learning;Runtime;Neural networks;Computer architecture;Robot sensing systems","","3","","21","IEEE","12 Jul 2022","23-27 May 2022","23-27 May 2022","IEEE","IEEE Conferences"
"Legged Robots that Keep on Learning: Fine-Tuning Locomotion Policies in the Real World","L. Smith; J. C. Kew; X. Bin Peng; S. Ha; J. Tan; S. Levine","Berkeley AI Research, UC Berkeley; Google Research; Berkeley AI Research, UC Berkeley; Google Research; Google Research; Berkeley AI Research, UC Berkeley",2022 International Conference on Robotics and Automation (ICRA),"12 Jul 2022","2022","","","1593","1599","Legged robots are physically capable of traversing a wide range of challenging environments, but designing controllers that are sufficiently robust to handle this diversity has been a long-standing challenge in robotics. Reinforcement learning presents an appealing approach for automating the controller design process and has been able to produce remarkably robust controllers when trained in a suitable range of environments. However, it is difficult to predict all likely conditions the robot will encounter during deployment and enumerate them at training-time. What if instead of training controllers that are robust enough to handle any eventuality, we enable the robot to continually learn in any setting it finds itself in? This kind of real-world reinforcement learning poses a number of challenges, including efficiency, safety, and autonomy. To address these challenges, we propose a practical robot reinforcement learning system for fine-tuning locomotion policies in the real world. We demonstrate that a modest amount of real-world training can substantially improve performance during deployment, and this enables a real A1 quadrupedal robot to autonomously fine-tune multiple locomotion skills in a range of environments, including an outdoor lawn and a variety of indoor terrains. (Videos and code11https://sites.google.com/berkele.edu/fine-tuning-locomotion)","","978-1-7281-9681-7","10.1109/ICRA46639.2022.9812166","Office of Naval Research; Google; NSF; ","https://ieeexplore.ieee.org/stamp/stamp.jsp?arnumber=9812166","","Legged locomotion;Training;Reinforcement learning;Sensor systems;Sensors;Safety;Task analysis","","89","","43","IEEE","12 Jul 2022","23-27 May 2022","23-27 May 2022","IEEE","IEEE Conferences"
"Accessibility-Based Clustering for Efficient Learning of Locomotion Skills","C. Zhang; W. Yu; Z. Li","Department of Precision Instrument, Tsinghua University, Beijing, China; School of Informatics, University of Edinburgh, Edinburgh, United Kingdom; School of Informatics, University of Edinburgh, Edinburgh, United Kingdom",2022 International Conference on Robotics and Automation (ICRA),"12 Jul 2022","2022","","","1600","1606","For model-free deep reinforcement learning of quadruped locomotion, the initialization of robot configurations is crucial for data efficiency and robustness. This work focuses on algorithmic improvements of data efficiency and robustness simultaneously through automatic discovery of initial states, which is achieved by our proposed K-Access algorithm based on accessibility metrics. Specifically, we formulated accessibility metrics to measure the difficulty of transitions between two arbitrary states, and proposed a novel K-Access algorithm for state-space clustering that automatically discovers the centroids of the static-pose clusters based on the accessibility metrics. By using the discovered centroidal static poses as the initial states, we can improve data efficiency by reducing redundant explorations, and enhance the robustness by more effective explorations from the centroids to sampled poses. Focusing on fall recovery as a very hard set of locomotion skills, we validated our method extensively using an 8-DoF quadrupedal robot Bittle. Compared to the baselines, the learning curve of our method converges much faster, requiring only 60% of training episodes. With our method, the robot can successfully recover to standing poses within 3 seconds in 99.4% of the test cases. Moreover, the method can generalize to other difficult skills successfully, such as backflipping.","","978-1-7281-9681-7","10.1109/ICRA46639.2022.9812113","","https://ieeexplore.ieee.org/stamp/stamp.jsp?arnumber=9812113","","Measurement;Training;Automation;Clustering algorithms;Focusing;Reinforcement learning;Robustness","","6","","34","IEEE","12 Jul 2022","23-27 May 2022","23-27 May 2022","IEEE","IEEE Conferences"
"Dynamic Mirror Descent based Model Predictive Control for Accelerating Robot Learning","U. A. Mishra; S. R. Samineni; P. Goel; C. Kunjeti; H. Lodha; A. Singh; A. Sagi; S. Bhatnagar; S. Kolathaya","Department of Computer Science and Automation, Indian Institute of Science, Bangalore; Department of Computer Science and Automation, Indian Institute of Science, Bangalore; Electronics and Communication Engineering Department, Manipal Institute of Technology, India; Electronics and Communication Engineering Department, National Institute of Technology, Karnataka, India; Department of Computer Science and Automation, Indian Institute of Science, Bangalore; Department of Computer Science and Automation, Indian Institute of Science, Bangalore; Department of Computer Science and Automation, Indian Institute of Science, Bangalore; Department of Computer Science and Automation, Indian Institute of Science, Bangalore; Department of Computer Science and Automation, Indian Institute of Science, Bangalore",2022 International Conference on Robotics and Automation (ICRA),"12 Jul 2022","2022","","","1631","1637","Recent works in Reinforcement Learning (RL) combine model-free (Mf)-RL algorithms with model-based (Mb)-RL approaches to get the best from both: asymptotic performance of Mf-RL and high sample-efficiency of Mb-RL. Inspired by these works, we propose a hierarchical framework that integrates online learning for the Mb-trajectory optimization with off-policy methods for the Mf-RL. In particular, two loops are proposed, where the Dynamic Mirror Descent based Model Predictive Control (DMD-MPC) is used as the inner loop Mb-RL to obtain an optimal sequence of actions. These actions are in turn used to significantly accelerate the outer loop Mf-RL. We show that our formulation is generic for a broad class of MPC based policies and objectives, and includes some of the well-known Mb-Mf approaches. We finally introduce a new algorithm: Mirror-Descent Model Predictive RL (M-DeMoRL), which uses Cross-Entropy Method (CEM) with elite fractions for the inner loop. Our experiments show faster convergence of the proposed hierarchical approach on benchmark MuJoCo tasks. We also demonstrate hardware training for trajectory tracking in a 2R leg, and hardware transfer for robust walking in a quadruped. We show that the inner-loop Mb-RL significantly decreases the number of training iterations required in the hardware setting, thereby validating the proposed approach.","","978-1-7281-9681-7","10.1109/ICRA46639.2022.9812089","DST; IISc; ","https://ieeexplore.ieee.org/stamp/stamp.jsp?arnumber=9812089","","Training;Legged locomotion;Heuristic algorithms;Predictive models;Prediction algorithms;Hardware;Quadrupedal robots","","2","","23","IEEE","12 Jul 2022","23-27 May 2022","23-27 May 2022","IEEE","IEEE Conferences"
"Unified Data Collection for Visual-Inertial Calibration via Deep Reinforcement Learning","Y. Ao; L. Chen; F. Tschopp; M. Breyer; R. Siegwart; A. Cramariuc","Autonomous Systems Lab, ETH Zurich, Switzerland; Autonomous Systems Lab, ETH Zurich, Switzerland; Arrival Ltd, United Kingdom; Autonomous Systems Lab, ETH Zurich, Switzerland; Autonomous Systems Lab, ETH Zurich, Switzerland; Autonomous Systems Lab, ETH Zurich, Switzerland",2022 International Conference on Robotics and Automation (ICRA),"12 Jul 2022","2022","","","1646","1652","Visual-inertial sensors have a wide range of applications in robotics. However, good performance often requires different sophisticated motion routines to accurately calibrate camera intrinsics and inter-sensor extrinsics. This work presents a novel formulation to learn a motion policy to be executed on a robot arm for automatic data collection for calibrating intrinsics and extrinsics jointly. Our approach models the calibration process compactly using model-free deep reinforcement learning to derive a policy that guides the motions of a robotic arm holding the sensor to efficiently collect measurements that can be used for both camera intrinsic calibration and camera-IMU extrinsic calibration. Given the current pose and collected measurements, the learned policy generates the subsequent transformation that optimizes sensor calibration accuracy. The evaluations in simulation and on a real robotic system show that our learned policy generates favorable motion trajectories and collects enough measurements efficiently that yield the desired intrinsics and extrinsics with short path lengths. In simulation, we are able to perform calibrations 10× faster than hand-crafted policies, which transfers to a real-world speed up of 3× over a human expert. The code of this work is publicly available at: https://github.com/ethz-asl/Learn-to-Calibrate.","","978-1-7281-9681-7","10.1109/ICRA46639.2022.9811629","ETH Mobility Initiative; European Union's Horizon 2020 research and innovation programme(grant numbers:101017008); ","https://ieeexplore.ieee.org/stamp/stamp.jsp?arnumber=9811629","","Current measurement;Robot vision systems;Reinforcement learning;Data collection;Manipulators;Cameras;Throughput","","3","","22","IEEE","12 Jul 2022","23-27 May 2022","23-27 May 2022","IEEE","IEEE Conferences"
"Relative Distributed Formation and Obstacle Avoidance with Multi-agent Reinforcement Learning","Y. Yan; X. Li; X. Qiu; J. Qiu; J. Wang; Y. Wang; Y. Shen","Department of Electronic Engineering, Tsinghua University, Beijing, China; Department of Electronic Engineering, Tsinghua University, Beijing, China; Department of Electronic Engineering, Tsinghua University, Beijing, China; Shanghai AI Laboratory, Shanghai, China; Department of Electronic Engineering, Tsinghua University, Beijing, China; Department of Electronic Engineering, Tsinghua University, Beijing, China; Department of Electronic Engineering, Tsinghua University, Beijing, China",2022 International Conference on Robotics and Automation (ICRA),"12 Jul 2022","2022","","","1661","1667","Multi-agent formation as well as obstacle avoid-ance is one of the most actively studied topics in the field of multi-agent systems. Although some classic controllers like model predictive control (MPC) and fuzzy control achieve a certain measure of success, most of them require precise global information which is not accessible in harsh environments. On the other hand, some reinforcement learning (RL) based approaches adopt the leader-follower structure to organize different agents' behaviors, which sacrifices the collaboration between agents thus suffering from bottlenecks in maneuver-ability and robustness. In this paper, we propose a distributed formation and obstacle avoidance method based on multi-agent reinforcement learning (MARL). Agents in our system only utilize local and relative information to make decisions and control themselves distributively, and will reorganize themselves into a new topology quickly in case that any of them is dis-connected. Our method achieves better performance regarding formation error, formation convergence rate and on-par success rate of obstacle avoidance compared with baselines (both classic control methods and another RL-based method). The feasibility of our method is verified by both simulation and hardware implementation with Ackermann-steering vehicles.","","978-1-7281-9681-7","10.1109/ICRA46639.2022.9812263","National Key R&D Program of China(grant numbers:2020YFC1511803); ","https://ieeexplore.ieee.org/stamp/stamp.jsp?arnumber=9812263","","Geometry;Adaptation models;Reinforcement learning;Hardware;Robustness;Topology;Collision avoidance","","35","","39","IEEE","12 Jul 2022","23-27 May 2022","23-27 May 2022","IEEE","IEEE Conferences"
"Hierarchical Policy Learning for Mechanical Search","O. Zenkri; N. A. Vien; G. Neumann",Karlsruhe Institute of Technology (KIT); Bosch Center for Artificial Intelligence (BCAI); Karlsruhe Institute of Technology (KIT),2022 International Conference on Robotics and Automation (ICRA),"12 Jul 2022","2022","","","1954","1960","Retrieving objects from clutters is a complex task, which requires multiple interactions with the environment until the target object can be extracted. These interactions involve executing action primitives like grasping or pushing as well as setting priorities for the objects to manipulate and the actions to execute. Mechanical Search (MS) [1] is a framework for object retrieval, which uses a heuristic algorithm for pushing and rule-based algorithms for high-level planning. While rule-based policies profit from human intuition in how they work, they usually perform sub-optimally in many cases. Deep reinforcement learning (RL) has shown great performance in complex tasks such as taking decisions through evaluating pixels, which makes it suitable for training policies in the context of object-retrieval. In this work, we first formulate the MS problem in a principled formulation as a hierarchical POMDP. Based on this formulation, we propose a hierarchical policy learning approach for the MS problem. For demonstration, we present two main parameterized sub-policies: a push policy and an action selection policy. When integrated into the hierarchical POMDP's policy, our proposed sub-policies increase the success rate of retrieving the target object from less than 32% to nearly 80%, while reducing the computation time for push actions from multiple seconds to less than 10 milliseconds.","","978-1-7281-9681-7","10.1109/ICRA46639.2022.9811572","","https://ieeexplore.ieee.org/stamp/stamp.jsp?arnumber=9811572","Mechanical search;action planner;push policy;hierarchical policy","Training;Automation;Heuristic algorithms;Reinforcement learning;Grasping;Search problems;Planning","","2","","27","IEEE","12 Jul 2022","23-27 May 2022","23-27 May 2022","IEEE","IEEE Conferences"
"Deep Reinforcement Learning for Next-Best-View Planning in Agricultural Applications","X. Zeng; T. Zaenker; M. Bennewitz","University of Bonn, Germany; University of Bonn, Germany; University of Bonn, Germany",2022 International Conference on Robotics and Automation (ICRA),"12 Jul 2022","2022","","","2323","2329","Automated agricultural applications, i.e., fruit picking require spatial information about crops and, especially, their fruits. In this paper, we present a novel deep reinforcement learning (DRL) approach to determine the next best view for automatic exploration of 3D environments with a robotic arm equipped with an RGB-D camera. We process the obtained images into an octree with labeled regions of interest (ROIs), i.e., fruits. We use this octree to generate 3D observation maps that serve as encoded input to the DRL network. We hereby do not only rely on known information about the environment, but explicitly also represent information about the unknown space to force exploration. Our network takes as input the encoded 3D observation map and the temporal sequence of camera view pose changes, and outputs the most promising camera movement direction. Our experimental results show an improved ROI targeted exploration performance resulting from our learned network in comparison to a state-of-the-art method.","","978-1-7281-9681-7","10.1109/ICRA46639.2022.9811800","Deutsche Forschungsgemeinschaft (DFG, German Research Foundation) under Germany's Excellence Strategy(grant numbers:EXC 2070 - 390732324); ","https://ieeexplore.ieee.org/stamp/stamp.jsp?arnumber=9811800","","Three-dimensional displays;Robot vision systems;Octrees;Force;Crops;Reinforcement learning;Cameras","","25","","31","IEEE","12 Jul 2022","23-27 May 2022","23-27 May 2022","IEEE","IEEE Conferences"
"Towards More Generalizable One-shot Visual Imitation Learning","Z. Mandi; F. Liu; K. Lee; P. Abbeel","University of California, Berkeley, USA; University of California, Berkeley, USA; University of California, Berkeley, USA; University of California, Berkeley, USA",2022 International Conference on Robotics and Automation (ICRA),"12 Jul 2022","2022","","","2434","2444","A general-purpose robot should be able to master a wide range of tasks and quickly learn a novel one by leveraging past experiences. One-shot imitation learning (OSIL) approaches this goal by training an agent with (pairs of) expert demonstrations, such that at test time, it can directly execute a new task from just one demonstration. However, so far this framework has been limited to training on many variations of one task, and testing on other unseen but similar variations of the same task. In this work, we push for a higher level of generalization ability by investigating a more ambitious multi-task setup. We introduce a diverse suite of vision-based robot manipulation tasks, consisting of 7 tasks, a total of 61 variations, and a continuum of instances within each variation. For consistency and comparison purposes, we first train and evaluate single-task agents (as done in prior few-shot imitation work). We then study the multi-task setting, where multi-task training is followed by (i) one-shot imitation on variations within the training tasks, (ii) one-shot imitation on new tasks, and (iii) fine-tuning on new tasks. Prior state-of-the-art, while performing well within some single tasks, struggles in these harder multi-task settings. To address these limitations, we propose MOSAIC (Multi-task One-Shot Imitation with self-Attention and Contrastive learning), which integrates a self-attention model architecture and a temporal contrastive module to enable better task disambiguation and more robust representation learning. Our experiments show that MOSAIC outperforms prior state of the art in learning efficiency, final performance, and learns a multi-task policy with promising generalization ability via fine-tuning on novel tasks.","","978-1-7281-9681-7","10.1109/ICRA46639.2022.9812450","","https://ieeexplore.ieee.org/stamp/stamp.jsp?arnumber=9812450","","Training;Representation learning;Visualization;Automation;Architecture;Buildings;Benchmark testing","","24","","48","IEEE","12 Jul 2022","23-27 May 2022","23-27 May 2022","IEEE","IEEE Conferences"
"Symphony: Learning Realistic and Diverse Agents for Autonomous Driving Simulation","M. Igl; D. Kim; A. Kuefler; P. Mougin; P. Shah; K. Shiarlis; D. Anguelov; M. Palatucci; B. White; S. Whiteson",Waymo Research; Waymo Research; Waymo Research; Waymo Research; Waymo Research; Waymo Research; Waymo Research; Waymo Research; Waymo Research; Waymo Research,2022 International Conference on Robotics and Automation (ICRA),"12 Jul 2022","2022","","","2445","2451","Simulation is a crucial tool for accelerating the development of autonomous vehicles. Making simulation realistic requires models of the human road users who interact with such cars. Such models can be obtained by applying learning from demonstration (LfD) to trajectories observed by cars already on the road. However, existing LfD methods are typically insufficient, yielding policies that frequently collide or drive off the road. To address this problem, we propose Symphony, which greatly improves realism by combining conventional policies with a parallel beam search. The beam search refines these policies on the fly by pruning branches that are unfavourably evaluated by a discriminator. However, it can also harm diversity, i.e., how well the agents cover the entire distribution of realistic behaviour, as pruning can encourage mode collapse. Symphony addresses this issue with a hierarchical approach, factoring agent behaviour into goal generation and goal conditioning. The use of such goals ensures that agent diversity neither disappears during adversarial training nor is pruned away by the beam search. Experiments on both proprietary and open Waymo datasets confirm that Symphony agents learn more realistic and diverse behaviour than several baselines.","","978-1-7281-9681-7","10.1109/ICRA46639.2022.9811990","","https://ieeexplore.ieee.org/stamp/stamp.jsp?arnumber=9811990","","Training;Automation;Roads;Diversity reception;Search problems;Trajectory;Automobiles","","51","","44","IEEE","12 Jul 2022","23-27 May 2022","23-27 May 2022","IEEE","IEEE Conferences"
"Adversarial Imitation Learning from Video Using a State Observer","H. Karnan; F. Torabi; G. Warnell; P. Stone","Department of Mechanical Engineering, University of Texas, Austin, USA; Department of Computer Science, University of Texas, Austin, USA; Army Research Laboratory, USA; Department of Computer Science, University of Texas, Austin and Sony AI, USA",2022 International Conference on Robotics and Automation (ICRA),"12 Jul 2022","2022","","","2452","2458","The imitation learning research community has recently made significant progress towards the goal of enabling artificial agents to imitate behaviors from video demonstrations alone. However, current state-of-the-art approaches developed for this problem exhibit high sample complexity due, in part, to the high-dimensional nature of video observations. Towards addressing this issue, we introduce here a new algorithm called Visual Generative Adversarial Imitation from Observation using a State Observer (VGAIfO-SO). At its core, VGAIfO-SO seeks to address sample inefficiency using a novel, self-supervised state observer, which provides estimates of lower-dimensional proprioceptive state representations from high-dimensional images. We show experimentally in several continuous control environments that VGAIfO-SO is more sample efficient than other IfO algorithms at learning from video-only demonstrations and can sometimes even achieve performance close to the Generative Adversarial Imitation from Observation (GAIfO) algorithm that has privileged access to the demonstrator's proprioceptive state information.","","978-1-7281-9681-7","10.1109/ICRA46639.2022.9811570","NSF(grant numbers:CPS–1739964,IIS-1724157,NRI-1925082); ONR(grant numbers:N00014-18-2243); ARO(grant numbers:W911NF-19-2-0333); ","https://ieeexplore.ieee.org/stamp/stamp.jsp?arnumber=9811570","","Visualization;Training data;Reinforcement learning;Learning (artificial intelligence);Observers;Prediction algorithms;Market research","","10","","36","IEEE","12 Jul 2022","23-27 May 2022","23-27 May 2022","IEEE","IEEE Conferences"
"Modular Adaptive Policy Selection for Multi- Task Imitation Learning through Task Division","D. Antotsiou; C. Ciliberto; T. Kim","Imperial College, London, UK; University College, London, UK; Imperial College, London, UK",2022 International Conference on Robotics and Automation (ICRA),"12 Jul 2022","2022","","","2459","2465","Deep imitation learning requires many expert demonstrations, which can be hard to obtain, especially when many tasks are involved. However, different tasks often share similarities, so learning them jointly can greatly benefit them and alleviate the need for many demonstrations. But, joint multi-task learning often suffers from negative transfer, sharing information that should be task-specific. In this work, we introduce a method to perform multi-task imitation while allowing for task-specific features. This is done by using proto-policies as modules to divide the tasks into simple sub-behaviours that can be shared. The proto-policies operate in parallel and are adaptively chosen by a selector mechanism that is jointly trained with the modules. Experiments on different sets of tasks show that our method improves upon the accuracy of single agents, task-conditioned and multi-headed multi-task agents, as well as state-of-the-art meta learning agents. We also demonstrate its ability to autonomously divide the tasks into both shared and task-specific sub-behaviours.","","978-1-7281-9681-7","10.1109/ICRA46639.2022.9811819","","https://ieeexplore.ieee.org/stamp/stamp.jsp?arnumber=9811819","","Automation;Multitasking;Task analysis","","3","","53","IEEE","12 Jul 2022","23-27 May 2022","23-27 May 2022","IEEE","IEEE Conferences"
"Disturbance-injected Robust Imitation Learning with Task Achievement","H. Tahara; H. Sasaki; H. Oh; B. Michael; T. Matsubara","Division of Information Science, Graduate School of Science and Technology, Nara Institute of Science and Technology, Japan; Division of Information Science, Graduate School of Science and Technology, Nara Institute of Science and Technology, Japan; Division of Information Science, Graduate School of Science and Technology, Nara Institute of Science and Technology, Japan; Division of Information Science, Graduate School of Science and Technology, Nara Institute of Science and Technology, Japan; Division of Information Science, Graduate School of Science and Technology, Nara Institute of Science and Technology, Japan",2022 International Conference on Robotics and Automation (ICRA),"12 Jul 2022","2022","","","2466","2472","Robust imitation learning using disturbance injections overcomes issues of limited variation in demonstrations. However, these methods assume demonstrations are optimal, and that policy stabilization can be learned via simple augmentations. In real-world scenarios, demonstrations are often of diverse-quality, and disturbance injection instead learns sub-optimal policies that fail to replicate desired behavior. To address this issue, this paper proposes a novel imitation learning framework that combines both policy robustification and optimal demonstration learning. Specifically, this combinatorial approach forces policy learning and disturbance injection optimization to focus on mainly learning from high task achievement demonstrations, while utilizing low achievement ones to decrease the number of samples needed. The effectiveness of the proposed method is verified through experiments using an excavation task in both simulations and a real robot, resulting in high-achieving policies that are more stable and robust to diverse-quality demonstrations. In addition, this method utilizes all of the weighted sub-optimal demonstrations without eliminating them, resulting in practical data efficiency benefits.","","978-1-7281-9681-7","10.1109/ICRA46639.2022.9812376","JST(grant numbers:JPMJMS2032); ","https://ieeexplore.ieee.org/stamp/stamp.jsp?arnumber=9812376","","Automation;Scalability;Excavation;Behavioral sciences;Task analysis;Robots;Optimization","","9","","31","IEEE","12 Jul 2022","23-27 May 2022","23-27 May 2022","IEEE","IEEE Conferences"
"Skeletal Feature Compensation for Imitation Learning with Embodiment Mismatch","E. Hudson; G. Warnell; F. Torabi; P. Stone","The University of Texas at Austin, Austin, Texas, USA; The University of Texas at Austin, Austin, Texas, USA; The University of Texas at Austin, Austin, Texas, USA; The University of Texas at Austin, Austin, Texas, USA",2022 International Conference on Robotics and Automation (ICRA),"12 Jul 2022","2022","","","2482","2488","Learning from demonstrations in the wild (e.g. YouTube videos) is a tantalizing goal in imitation learning. However, for this goal to be achieved, imitation learning algorithms must deal with the fact that the demonstrators and learners may have bodies that differ from one another. This condition — “embodiment mismatch” — is ignored by many recent imitation learning algorithms. Our proposed imitation learning technique, SILEM (Skeletal feature compensation for Imitation Learning with Embodiment Mismatch), addresses a particular type of embodiment mismatch by introducing a learned affine transform to compensate for differences in the skeletal features obtained from the learner and expert. We create toy domains based on PyBullet's HalfCheetah and Ant to assess SILEM's benefits for this type of embodiment mismatch. We also provide qualitative and quantitative results on more realistic problems — teaching simulated humanoid agents, including Atlas from Boston Dynamics, to walk by observing human demonstrations.","","978-1-7281-9681-7","10.1109/ICRA46639.2022.9812127","NSF(grant numbers:CPS-1739964,IIS-1724157,NRI-1925082); ONR(grant numbers:N00014-18-2243); FLI(grant numbers:RFP2-000); ARO(grant numbers:W911NF-19-2-0333); ","https://ieeexplore.ieee.org/stamp/stamp.jsp?arnumber=9812127","","Video on demand;Automation;Heuristic algorithms;Toy manufacturing industry;Education;Humanoid robots;Transforms","","5","","22","IEEE","12 Jul 2022","23-27 May 2022","23-27 May 2022","IEEE","IEEE Conferences"
"TartanDrive: A Large-Scale Dataset for Learning Off-Road Dynamics Models","S. Triest; M. Sivaprakasam; S. J. Wang; W. Wang; A. M. Johnson; S. Scherer","Robotics Institute, Carnegie Mellon University, Pittsburgh, PA, USA; Electrical & Computer Engineering Dept., University of Pittsburgh, Pittsburgh, PA, USA; Mechanical Engineering Dept., Carnegie Mellon University, Pittsburgh, PA, USA; Robotics Institute, Carnegie Mellon University, Pittsburgh, PA, USA; Mechanical Engineering Dept., Carnegie Mellon University, Pittsburgh, PA, USA; Robotics Institute, Carnegie Mellon University, Pittsburgh, PA, USA",2022 International Conference on Robotics and Automation (ICRA),"12 Jul 2022","2022","","","2546","2552","We present TartanDrive, a large scale dataset for learning dynamics models for off-road driving. We collected a dataset of roughly 200,000 off-road driving interactions on a modified Yamaha Viking ATV with seven unique sensing modalities in diverse terrains. To the authors' knowledge, this is the largest real-world multi-modal off-road driving dataset, both in terms of number of interactions and sensing modalities. We also benchmark several state-of-the-art methods for model-based reinforcement learning from high-dimensional observations on this dataset. We find that extending these models to multi-modality leads to significant performance on off-road dynamics prediction, especially in more challenging terrains. We also identify some shortcomings with current neural network architectures for the off-road driving task. Our dataset is available at https://github.com/castacks/tartan_drive.","","978-1-7281-9681-7","10.1109/ICRA46639.2022.9811648","","https://ieeexplore.ieee.org/stamp/stamp.jsp?arnumber=9811648","","Automation;Neural networks;Reinforcement learning;Predictive models;Benchmark testing;Robot sensing systems;Sensors","","46","","40","IEEE","12 Jul 2022","23-27 May 2022","23-27 May 2022","IEEE","IEEE Conferences"
"SEMI: Self-supervised Exploration via Multisensory Incongruity","J. Wang; Z. Zhuang; H. Zhao",Carnegie Mellon University; ShanghaiTech University and Shanghai Qi Zhi Institute; Tsinghua University and Shanghai Qi Zhi Institute,2022 International Conference on Robotics and Automation (ICRA),"12 Jul 2022","2022","","","2663","2670","Efficient exploration is a long-standing problem in reinforcement learning since extrinsic rewards are usually sparse or missing. A popular solution to this issue is to feed an agent with novelty signals as intrinsic rewards. In this work, we introduce SEMI, a self-supervised exploration policy by incentivizing the agent to maximize a new novelty signal: multisensory incongruity, which can be measured in two aspects, perception incongruity and action incongruity. The former represents the misalignment of the multisensory inputs, while the latter represents the variance of an agent's policies under different sensory inputs. Specifically, an alignment predictor is learned to detect whether multiple sensory inputs are aligned, the error of which is used to measure perception incongruity. A policy model takes different combinations of the multisensory observations as input, and outputs actions for exploration. The variance of actions is further used to measure action incongruity. Using both incongruities as intrinsic rewards, SEMI allows an agent to learn skills by exploring in a self-supervised manner without any external rewards. We further show that SEMI is compatible with extrinsic rewards and it improves sample efficiency of policy learning. The effectiveness of SEMI is demonstrated across a variety of benchmark environments including object manipulation and audio-visual games.","","978-1-7281-9681-7","10.1109/ICRA46639.2022.9811979","","https://ieeexplore.ieee.org/stamp/stamp.jsp?arnumber=9811979","","Automation;Measurement uncertainty;Reinforcement learning;Games;Benchmark testing;Robot sensing systems;Intelligent agents","","1","","51","IEEE","12 Jul 2022","23-27 May 2022","23-27 May 2022","IEEE","IEEE Conferences"
"Real-Robot Deep Reinforcement Learning: Improving Trajectory Tracking of Flexible-Joint Manipulator with Reference Correction","D. Pavlichenko; S. Behnke","Autonomous Intelligent Systems (AIS) Group, Computer Science Institute VI, University of Bonn, Germany; Autonomous Intelligent Systems (AIS) Group, Computer Science Institute VI, University of Bonn, Germany",2022 International Conference on Robotics and Automation (ICRA),"12 Jul 2022","2022","","","2671","2677","Flexible-joint manipulators are governed by complex nonlinear dynamics, defining a challenging control problem. In this work, we propose an approach to learn an outer-loop joint trajectory tracking controller with deep reinforcement learning. The controller represented by a stochastic policy is learned in under two hours directly on the real robot. This is achieved through bounded reference correction actions and use of a model-free off-policy learning method. In addition, an informed policy initialization is proposed, where the agent is pre-trained in a learned simulation. We test our approach on the 7 DOF manipulator of a Baxter robot. We demonstrate that the proposed method is capable of consistent learning across multiple runs when applied directly on the real robot. Our method yields a policy which significantly improves the trajectory tracking accuracy in comparison to the vendor-provided controller, generalizing to an unseen payload.","","978-1-7281-9681-7","10.1109/ICRA46639.2022.9812023","German Research Foundation(grant numbers:BE 2556/16-2); ","https://ieeexplore.ieee.org/stamp/stamp.jsp?arnumber=9812023","","Learning systems;Automation;Trajectory tracking;Stochastic processes;Reinforcement learning;Nonlinear dynamical systems;Behavioral sciences","","12","","33","IEEE","12 Jul 2022","23-27 May 2022","23-27 May 2022","IEEE","IEEE Conferences"
"RMPs for Safe Impedance Control in Contact-Rich Manipulation","S. Shaw; B. Abbatematteo; G. Konidaris","Department of Computer Science, Brown University, Providence RI; Department of Computer Science, Brown University, Providence RI; Department of Computer Science, Brown University, Providence RI",2022 International Conference on Robotics and Automation (ICRA),"12 Jul 2022","2022","","","2707","2713","Variable impedance control in operation-space is a promising approach to learning contact-rich manipulation behaviors. One of the main challenges with this approach is producing a manipulation behavior that ensures the safety of the arm and the environment. Such behavior is typically implemented via a reward function that penalizes unsafe actions (e.g. obstacle collision, joint limit extension), but that approach is not always effective and does not result in behaviors that can be reused in slightly different environments. We show how to combine Riemannian Motion Policies, a class of policies that dynamically generate motion in the presence of safety and collision constraints, with variable impedance operation-space control to learn safer contact-rich manipulation behaviors.","","978-1-7281-9681-7","10.1109/ICRA46639.2022.9811986","","https://ieeexplore.ieee.org/stamp/stamp.jsp?arnumber=9811986","","Automation;Reinforcement learning;Behavioral sciences;Safety;Impedance;Task analysis;Tuning","","10","","24","IEEE","12 Jul 2022","23-27 May 2022","23-27 May 2022","IEEE","IEEE Conferences"
"Discovering Synergies for Robot Manipulation with Multi-Task Reinforcement Learning","Z. He; M. Ciocarlie","Department of Computer Science, Columbia University, New York, USA; Department of Mechanical Engineering, Columbia University, New York, USA",2022 International Conference on Robotics and Automation (ICRA),"12 Jul 2022","2022","","","2714","2721","Controlling robotic manipulators with high-dimensional action spaces for dexterous tasks is a challenging problem. Inspired by human manipulation, researchers have studied generating and using postural synergies for robot hands to accomplish manipulation tasks, leveraging the lower dimensional nature of synergistic action spaces. However, many of these works require pre-collected data from an existing controller in order to derive such a subspace by means of dimensionality reduction. In this paper, we present a framework that simultaneously discovers both a synergy space and a multi-task policy that operates on this low-dimensional action space to accomplish diverse manipulation tasks. We demonstrate that our end-to-end method is able to perform multiple tasks using few synergies, and outperforms sequential methods that apply dimensionality reduction to independently collected data. We also show that deriving synergies using multiple tasks can lead to a subspace that enables robots to efficiently learn new manipulation tasks and interactions with new objects.","","978-1-7281-9681-7","10.1109/ICRA46639.2022.9812170","NSF(grant numbers:IIS-1551631); ONR(grant numbers:N00014-21-1-4010); ","https://ieeexplore.ieee.org/stamp/stamp.jsp?arnumber=9812170","","Dimensionality reduction;Automation;Pipelines;Reinforcement learning;Aerospace electronics;Multitasking;Manipulators","","10","","25","USGov","12 Jul 2022","23-27 May 2022","23-27 May 2022","IEEE","IEEE Conferences"
"Learning Purely Tactile In-Hand Manipulation with a Torque-Controlled Hand","L. Sievers; J. Pitz; B. Bäuml","Institute of Robotics and Mechatronics, German Aerospace Center (DLR) and the Deggendorf Institute of Technology, Germany; Institute of Robotics and Mechatronics, German Aerospace Center (DLR) and the Deggendorf Institute of Technology, Germany; Institute of Robotics and Mechatronics, German Aerospace Center (DLR) and the Deggendorf Institute of Technology, Germany",2022 International Conference on Robotics and Automation (ICRA),"12 Jul 2022","2022","","","2745","2751","We show that a purely tactile dextrous in-hand manipulation task with continuous regrasping, requiring permanent force closure, can be learned from scratch and executed robustly on a torque-controlled humanoid robotic hand. The task is rotating a cube without dropping it, but in contrast to OpenAI's seminal cube manipulation task [1], the palm faces downwards and no cameras but only the hand's position and torque sensing are used. Although the task seems simple, it combines for the first time all the challenges in execution as well as learning that are important for using in-hand manipulation in real-world applications. We efficiently train in a precisely modeled and identified rigid body simulation with off-policy deep reinforcement learning, significantly sped up by a domain adapted curriculum, leading to a moderate 600 CPU hours of training time. The resulting policy is robustly transferred to the real humanoid DLR Hand-II, e.g., reaching more than 46 full $2\pi$ rotations of the cube in a single run and allowing for disturbances like different cube sizes, hand orientation, or pulling a finger.","","978-1-7281-9681-7","10.1109/ICRA46639.2022.9812093","","https://ieeexplore.ieee.org/stamp/stamp.jsp?arnumber=9812093","","Training;Adaptation models;Visualization;Torque;Service robots;Force;Humanoid robots","","33","","24","IEEE","12 Jul 2022","23-27 May 2022","23-27 May 2022","IEEE","IEEE Conferences"
"On the Feasibility of Learning Finger-gaiting In-hand Manipulation with Intrinsic Sensing","G. Khandate; M. Haas-Heger; M. Ciocarlie","Department of Computer Science, Columbia University, New York, NY, USA; Department of Mechanical Engineering, Columbia University, New York, NY, USA; Department of Mechanical Engineering, Columbia University, New York, NY, USA",2022 International Conference on Robotics and Automation (ICRA),"12 Jul 2022","2022","","","2752","2758","Finger-gaiting manipulation is an important skill to achieve large-angle in-hand re-orientation of objects. However, achieving these gaits with arbitrary orientations of the hand is challenging due to the unstable nature of the task. In this work, we use model-free reinforcement learning (RL) to learn finger-gaiting only via precision grasps and demonstrate finger-gaiting for rotation about an axis using only on-board proprioceptive and tactile feedback. To tackle the inherent instability of precision grasping, we propose the use of initial state distributions that enable effective exploration of the state space. Our method can learn finger gaiting with better sample complexity than the state-of-the-art. The policies we obtain are robust to noise and perturbations, and transfer to novel objects. Videos can be found at https://roamlab.github.io/learnfg/","","978-1-7281-9681-7","10.1109/ICRA46639.2022.9812212","NSF(grant numbers:CMMI-1734557); ONR(grant numbers:N00014-19-1-2062); ","https://ieeexplore.ieee.org/stamp/stamp.jsp?arnumber=9812212","","Training;Perturbation methods;Force;Tactile sensors;Grasping;Reinforcement learning;Sensors","","18","","27","IEEE","12 Jul 2022","23-27 May 2022","23-27 May 2022","IEEE","IEEE Conferences"
"Synergistic Scheduling of Learning and Allocation of Tasks in Human-Robot Teams","S. Vats; O. Kroemer; M. Likhachev","Robotics Institute, Carnegie Mellon University; Robotics Institute, Carnegie Mellon University; Robotics Institute, Carnegie Mellon University",2022 International Conference on Robotics and Automation (ICRA),"12 Jul 2022","2022","","","2789","2795","We consider the problem of completing a set of $n$ tasks with a human-robot team using minimum effort. In many domains, teaching a robot to be fully autonomous can be counterproductive if there are finitely many tasks to be done. Rather, the optimal strategy is to weigh the cost of teaching a robot and its benefit- how many new tasks it allows the robot to solve autonomously. We formulate this as a planning problem where the goal is to decide what tasks the robot should do autonomously (act), what tasks should be delegated to a human (delegate) and what tasks the robot should be taught (learn) so as to complete all the given tasks with minimum effort. This planning problem results in a search tree that grows expo-nentially with $n$ - making standard graph search algorithms intractable. We address this by converting the problem into a mixed integer program that can be solved efficiently using off-the-shelf solvers with bounds on solution quality. To predict the benefit of learning, we use an approximate simulation model of the tasks to train a precondition model that is parameterized by the training task. Finally, we evaluate our approach on peg insertion and Lego stacking tasks- both in simulation and real-world, showing substantial savings in human effort.","","978-1-7281-9681-7","10.1109/ICRA46639.2022.9812328","ONR(grant numbers:N00014-18-1-2775); ARL(grant numbers:W911NF-18-2-0218); ","https://ieeexplore.ieee.org/stamp/stamp.jsp?arnumber=9812328","","Training;Stacking;Predictive models;Search problems;Prediction algorithms;Planning;Resource management","","2","","40","IEEE","12 Jul 2022","23-27 May 2022","23-27 May 2022","IEEE","IEEE Conferences"
"All-in-One: A DRL-based Control Switch Combining State-of-the-art Navigation Planners","L. KU+000E4stner; J. Cox; T. Buiyan; J. Lambrecht","Chair Industry Grade Networks and Clouds, Faculty of Electrical Engineering, and Computer Science, Berlin Institute of Technology, Berlin, Germany; Chair Industry Grade Networks and Clouds, Faculty of Electrical Engineering, and Computer Science, Berlin Institute of Technology, Berlin, Germany; Chair Industry Grade Networks and Clouds, Faculty of Electrical Engineering, and Computer Science, Berlin Institute of Technology, Berlin, Germany; Chair Industry Grade Networks and Clouds, Faculty of Electrical Engineering, and Computer Science, Berlin Institute of Technology, Berlin, Germany",2022 International Conference on Robotics and Automation (ICRA),"12 Jul 2022","2022","","","2861","2867","Autonomous navigation of mobile robots is an es-sential aspect in use cases such as delivery, assistance or logistics. Although traditional planning methods are well integrated into existing navigation systems, they struggle in highly dynamic en-vironments. On the other hand, Deep-Reinforcement-Learning-based methods show superior performance in dynamic obstacle avoidance but are not suitable for long-range navigation and struggle with local minima. In this paper, we propose a Deep-Reinforcement-Learning-based control switch, which has the ability to select between different planning paradigms based solely on sensor data observations. Therefore, we develop an interface to efficiently operate multiple model-based, as well as learning-based local planners and integrate a variety of state-of-the-art planners to be selected by the control switch. Subsequently, we evaluate our approach against each planner individually and found improvements in navigation performance especially for highly dynamic scenarios. Our planner was able to prefer learning-based approaches in situations with a high number of obstacles while relying on the traditional model-based planners in long corridors or empty spaces.","","978-1-7281-9681-7","10.1109/ICRA46639.2022.9811797","","https://ieeexplore.ieee.org/stamp/stamp.jsp?arnumber=9811797","","Navigation;Semantics;Switches;Control systems;Robot sensing systems;Robustness;Planning","","24","","22","IEEE","12 Jul 2022","23-27 May 2022","23-27 May 2022","IEEE","IEEE Conferences"
"Game-Theoretic Planning for Autonomous Driving among Risk-Aware Human Drivers","R. Chandra; M. Wang; M. Schwager; D. Manocha","Department of Computer Science, University of Maryland, USA; Department of Mechanical Engineering, Stanford University, Stanford, USA; Department of Aeronautics and Astronautics, Stanford University, Stanford, USA; Department of Computer Science, University of Maryland, USA",2022 International Conference on Robotics and Automation (ICRA),"12 Jul 2022","2022","","","2876","2883","We present a novel approach for risk-aware planning with human agents in multi-agent traffic scenarios. Our approach takes into account the wide range of human driver behaviors on the road, from aggressive maneuvers like speeding and overtaking, to conservative traits like driving slowly and conforming to the right-most lane. In our approach, we learn a mapping from a data-driven human driver behavior model called the CMetric to a driver's entropic risk preference. We then use the derived risk preference within a game-theoretic risk-sensitive planner to model risk-aware interactions among human drivers and an autonomous vehicle in various traffic scenarios. We demonstrate our method in a merging scenario, where our results show that the final trajectories obtained from the risk-aware planner generate desirable emergent behaviors. Particularly, our planner recognizes aggressive human drivers and yields to them while maintaining a greater distance from them. In a user study, participants were able to distinguish between aggressive and conservative simulated drivers based on trajectories generated from our risk-sensitive planner. We also observe that aggressive human driving results in more frequent lane-changing in the planner. Finally, we compare the performance of our modified risk-aware planner with existing methods and show that modeling human driver behavior leads to safer navigation.","","978-1-7281-9681-7","10.1109/ICRA46639.2022.9811865","ONR(grant numbers:N00014-18-1-2830); ","https://ieeexplore.ieee.org/stamp/stamp.jsp?arnumber=9811865","","Automation;Navigation;Roads;Merging;Behavioral sciences;Trajectory;Planning","","14","","48","IEEE","12 Jul 2022","23-27 May 2022","23-27 May 2022","IEEE","IEEE Conferences"
"Deploying Traffic Smoothing Cruise Controllers Learned from Trajectory Data","N. Lichtlé; E. Vinitsky; M. Nice; B. Seibold; D. Work; A. M. Bayen","Department of Computer Science, ENS Paris-Saclay, Paris-Saclay University; Department of Mechanical Engineering, UC Berkeley; Department of Civil and Environmental Engineering, Vanderbilt University; Department of Mathematics, Temple University; Department of Civil and Environmental Engineering, Vanderbilt University; Department of Electrical Engineering and Computer Science at UC Berkeley",2022 International Conference on Robotics and Automation (ICRA),"12 Jul 2022","2022","","","2884","2890","Autonomous vehicle-based traffic smoothing con-trollers are often not transferred to real-world use due to challenges in calibrating many-agent traffic simulators. We show a pipeline to sidestep such calibration issues by collecting trajectory data and learning controllers directly from trajectory data that are then deployed zero-shot onto the highway. We construct a dataset of 772.3 kilometers of recorded drives on the I–24. We then construct a simple simulator using the recorded drives as the lead vehicle in front of a simulated platoon consisting of one autonomous vehicle and five human followers. Using policy-gradient methods with an asymmetric critic to learn the controller, we show that we are able to improve average MPG by 11% in simulation on congested trajectories. We deploy this controller to a mixed platoon of 4 autonomous Toyota RAV-4's and 7 human drivers in a validation experiment and demonstrate that the expected time-gap of the controller is maintained in the real world test. Finally, we release the driving dataset [1], the simulator, and the trained controller at https://github.com/nathanlct/trajectory-training-icra.","","978-1-7281-9681-7","10.1109/ICRA46639.2022.9811912","","https://ieeexplore.ieee.org/stamp/stamp.jsp?arnumber=9811912","","Road transportation;Smoothing methods;Automation;Pipelines;Lead;Trajectory;Calibration","","28","","28","IEEE","12 Jul 2022","23-27 May 2022","23-27 May 2022","IEEE","IEEE Conferences"
"Personalized Car Following for Autonomous Driving with Inverse Reinforcement Learning","Z. Zhao; Z. Wang; K. Han; R. Gupta; P. Tiwari; G. Wu; M. J. Barth","Toyota Motor North America R&D, InfoTech Labs, Mountain View, CA; Toyota Motor North America R&D, InfoTech Labs, Mountain View, CA; Toyota Motor North America R&D, InfoTech Labs, Mountain View, CA; Toyota Motor North America R&D, InfoTech Labs, Mountain View, CA; Toyota Motor North America R&D, InfoTech Labs, Mountain View, CA; Department of Electrical and Computer Engineering, Center for Environmental Research and Technology, University of California, Riverside, CA; Department of Electrical and Computer Engineering, Center for Environmental Research and Technology, University of California, Riverside, CA",2022 International Conference on Robotics and Automation (ICRA),"12 Jul 2022","2022","","","2891","2897","Driving automation is gradually replacing human driving maneuvers in different applications such as adaptive cruise control and lane keeping. However, contemporary driving automation applications based on expert systems or prede-fined control strategies are not in line with individual human driver's preference. To overcome this problem, we propose a Personalized Adaptive Cruise Control (P-ACC) system that can learn the driver's car-following preferences from historical data using model-based maximum entropy Inverse Reinforcement Learning (IRL). Once activated in real-time, the P-ACC system first classifies the driver type and the weather type (at that moment). The vehicle is then controlled using the pre-trained IRL model on the cloud of the associated class. The personalized IRL model on the cloud will be updated as more human driving data is collected from various scenarios. Numerical simulation with real-world naturalistic driving data shows that, the accuracy of reproducing the real-world driving profile improves up to 30.1% in terms of speed and 36.5% in terms of distance gap, when P-ACC is compared with the Intelligent Driver Model (IDM). Game engine-based human-in-the-loop simulation demonstrates that, the takeover frequency of the driver during the usage of P-ACC decreases up to 93.4%, compared with that during the usage of IDM-based ACC.","","978-1-7281-9681-7","10.1109/ICRA46639.2022.9812446","","https://ieeexplore.ieee.org/stamp/stamp.jsp?arnumber=9812446","","Automation;Clouds;Reinforcement learning;Numerical simulation;Data models;Real-time systems;Numerical models","","56","","28","IEEE","12 Jul 2022","23-27 May 2022","23-27 May 2022","IEEE","IEEE Conferences"
"Learning to Fill the Seam by Vision: Sub-millimeter Peg-in-hole on Unseen Shapes in Real World","L. Xie; H. Yu; Y. Zhao; H. Zhang; Z. Zhou; M. Wang; Y. Wang; R. Xiong","State Key Laboratory of Industrial Control Technology and Institute of Cyber-Systems and Control, Zhejiang University, Zhejiang, China; State Key Laboratory of Industrial Control Technology and Institute of Cyber-Systems and Control, Zhejiang University, Zhejiang, China; State Key Laboratory of Industrial Control Technology and Institute of Cyber-Systems and Control, Zhejiang University, Zhejiang, China; State Key Laboratory of Industrial Control Technology and Institute of Cyber-Systems and Control, Zhejiang University, Zhejiang, China; State Key Laboratory of Industrial Control Technology and Institute of Cyber-Systems and Control, Zhejiang University, Zhejiang, China; Application Innovate Lab, Huawei Incorporated Company, P.R. China; State Key Laboratory of Industrial Control Technology and Institute of Cyber-Systems and Control, Zhejiang University, Zhejiang, China; State Key Laboratory of Industrial Control Technology and Institute of Cyber-Systems and Control, Zhejiang University, Zhejiang, China",2022 International Conference on Robotics and Automation (ICRA),"12 Jul 2022","2022","","","2982","2988","In the peg insertion task, human pays attention to the seam between the peg and the hole and tries to fill it continuously with visual feedback. By imitating the human's behavior, we design architectures with position and orientation estimators based on the seam representation for pose alignment, which proves to be general to the unseen peg geometries. By putting the estimators into the closed-loop control with reinforcement learning, we further achieve higher or comparable success rate, efficiency, and robustness compared with the baseline methods. The policy is trained totally in simulation without any manual intervention. To achieve sim-to-real, a learnable segmentation module with automatic data collecting and labeling can be easily trained to decouple the perception and the policy, which helps the model trained in simulation quickly adapting to the real world with negligible effort. Results are presented in simulation and on a physical robot. Code, videos, and supplemental material are available at https://github.com/xieliang555/SFN.git","","978-1-7281-9681-7","10.1109/ICRA46639.2022.9812429","","https://ieeexplore.ieee.org/stamp/stamp.jsp?arnumber=9812429","","Adaptation models;Visualization;Shape;Reinforcement learning;Manuals;Robustness;Data models","","13","","20","IEEE","12 Jul 2022","23-27 May 2022","23-27 May 2022","IEEE","IEEE Conferences"
"Autonomous Racing with Multiple Vehicles using a Parallelized Optimization with Safety Guarantee using Control Barrier Functions","S. He; J. Zeng; K. Sreenath","University of Minnesota-Twin Cities, MN; University of California, Berkeley; University of California, Berkeley",2022 International Conference on Robotics and Automation (ICRA),"12 Jul 2022","2022","","","3444","3451","This paper presents a novel planning and control strategy for competing with multiple vehicles in a car racing scenario. The proposed racing strategy switches between two modes. When there are no surrounding vehicles, a learning-based model predictive control (MPC) trajectory planner is used to guarantee that the ego vehicle achieves better lap timing performance. When the ego vehicle is competing with other surrounding vehicles to overtake, an optimization-based planner generates multiple dynamically-feasible trajectories through parallel computation. Each trajectory is optimized under a MPC formulation with different homotopic Bezier-curve reference paths lying laterally between surrounding vehicles. The time-optimal trajectory among these different homotopic trajectories is selected and a low-level MPC controller with control barrier function constraints for obstacle avoidance is used to guarantee the system's safety-critical performance. The proposed algorithm has the capability to generate collision-free trajectories and track them while enhancing the lap timing performance with steady low computational complexity, outper-forming existing approaches in both timing and performance for an autonomous racing environment. To demonstrate the performance of our racing strategy, we simulate with multiple randomly generated moving vehicles on the track and test the ego vehicle's overtaking maneuvers.","","978-1-7281-9681-7","10.1109/ICRA46639.2022.9811969","National Science Foundation(grant numbers:CMMI-1931853); ","https://ieeexplore.ieee.org/stamp/stamp.jsp?arnumber=9811969","","Numerical simulation;Trajectory;Timing;Safety;Planning;Automobiles;Computational complexity","","34","","46","IEEE","12 Jul 2022","23-27 May 2022","23-27 May 2022","IEEE","IEEE Conferences"
"Learning to Navigate Intersections with Unsupervised Driver Trait Inference","S. Liu; P. Chang; H. Chen; N. Chakraborty; K. Driggs-Campbell","Department of Electrical and Computer Engineering, University of Illinois at Urbana-Champaign; Department of Electrical and Computer Engineering, University of Illinois at Urbana-Champaign; Department of Electrical and Computer Engineering, University of Illinois at Urbana-Champaign; Department of Electrical and Computer Engineering, University of Illinois at Urbana-Champaign; Department of Electrical and Computer Engineering, University of Illinois at Urbana-Champaign",2022 International Conference on Robotics and Automation (ICRA),"12 Jul 2022","2022","","","3576","3582","Navigation through uncontrolled intersections is one of the key challenges for autonomous vehicles. Identifying the subtle differences in hidden traits of other drivers can bring significant benefits when navigating in such environments. We propose an unsupervised method for inferring driver traits such as driving styles from observed vehicle trajectories. We use a variational autoencoder with recurrent neural networks to learn a latent representation of traits without any ground truth trait labels. Then, we use this trait representation to learn a policy for an autonomous vehicle to navigate through a T-intersection with deep reinforcement learning. Our pipeline enables the autonomous vehicle to adjust its actions when dealing with drivers of different traits to ensure safety and efficiency. Our method demonstrates promising performance and outperforms state-of-the-art baselines in the T-intersection scenario.","","978-1-7281-9681-7","10.1109/ICRA46639.2022.9811635","National Science Foundation(grant numbers:2143435); ","https://ieeexplore.ieee.org/stamp/stamp.jsp?arnumber=9811635","","Recurrent neural networks;Automation;Navigation;Pipelines;Reinforcement learning;Trajectory;Safety","","11","","38","IEEE","12 Jul 2022","23-27 May 2022","23-27 May 2022","IEEE","IEEE Conferences"
"Seeking Visual Discomfort: Curiosity-driven Representations for Reinforcement Learning","E. Aljalbout; M. Ulmer; R. Triebel","Technical University of Munich (TUM), Munich, Germany; Technical University of Munich (TUM), Munich, Germany; Technical University of Munich (TUM), Munich, Germany",2022 International Conference on Robotics and Automation (ICRA),"12 Jul 2022","2022","","","3591","3597","Vision-based reinforcement learning (RL) is a promising approach to solve control tasks involving images as the main observation. State-of-the-art RL algorithms still struggle in terms of sample efficiency, especially when using image observations. This has led to increased attention on integrating state representation learning (SRL) techniques into the RL pipeline. Work in this field demonstrates a substantial improvement in sample efficiency among other benefits. However, to take full advantage of this paradigm, the quality of samples used for training plays a crucial role. More importantly, the diversity of these samples could affect the sample efficiency of vision-based RL, but also its generalization capability. In this work, we present an approach to improve sample diversity for state representation learning. Our method enhances the exploration capability of RL algorithms, by taking advantage of the SRL setup. Our experiments show that our proposed approach boosts the visitation of problematic states, improves the learned state representation, and outperforms the baselines for all tested environments. These results are most apparent for environments where the baseline methods struggle. In simple environments, our method contributes to stabilizing the training, reducing the reward variance, and improving sample efficiency.","","978-1-7281-9681-7","10.1109/ICRA46639.2022.9811663","","https://ieeexplore.ieee.org/stamp/stamp.jsp?arnumber=9811663","","Representation learning;Training;Visualization;Automation;Transfer learning;Pipelines;Reinforcement learning","","2","","41","IEEE","12 Jul 2022","23-27 May 2022","23-27 May 2022","IEEE","IEEE Conferences"
"Intrinsically Motivated Self-supervised Learning in Reinforcement Learning","Y. Zhao; C. Du; H. Zhao; T. Li","Peking University, Haidian, Beijing, China; Tsinghua University, Haidian, Beijing, China; Tsinghua University, Haidian, Beijing, China; Peking University, Haidian, Beijing, China",2022 International Conference on Robotics and Automation (ICRA),"12 Jul 2022","2022","","","3605","3615","In vision-based reinforcement learning (RL) tasks, it is prevalent to assign auxiliary tasks with a surrogate self-supervised loss so as to obtain more semantic representations and improve sample efficiency. However, abundant information in self-supervised auxiliary tasks has been disregarded, since the representation learning part and the decision-making part are separated. To sufficiently utilize information in auxiliary tasks, we present a simple yet effective idea to employ self-supervised loss as an intrinsic reward, called Intrinsically Motivated Self-Supervised learning in Reinforcement learning (IM-SSR). We formally show that the self-supervised loss can be decomposed as exploration for novel states and robustness improvement from nuisance elimination. IM-SSR can be effortlessly plugged into any reinforcement learning with self-supervised auxiliary objectives with nearly no additional cost. Combined with IM-SSR, the previous underlying algorithms achieve salient improvements on both sample efficiency and generalization in various vision-based robotics tasks from the DeepMind Control Suite, especially when the reward signal is sparse.","","978-1-7281-9681-7","10.1109/ICRA46639.2022.9812213","","https://ieeexplore.ieee.org/stamp/stamp.jsp?arnumber=9812213","","Representation learning;Costs;Automation;Semantics;Decision making;Reinforcement learning;Self-supervised learning","","4","","25","IEEE","12 Jul 2022","23-27 May 2022","23-27 May 2022","IEEE","IEEE Conferences"
"Offline Learning of Counterfactual Predictions for Real-World Robotic Reinforcement Learning","J. Jin; D. Graves; C. Haigh; J. Luo; M. Jagersand","Noah's Ark Lab, Huawei Technologies Canada, Ltd., Edmonton, AB., Canada; Noah's Ark Lab, Huawei Technologies Canada, Ltd., Edmonton, AB., Canada; Noah's Ark Lab, Huawei Technologies Canada, Ltd., Edmonton, AB., Canada; Noah's Ark Lab, Huawei Technologies Canada, Ltd., Edmonton, AB., Canada; Department of Computing Science, University of Alberta, Edmonton, AB., Canada",2022 International Conference on Robotics and Automation (ICRA),"12 Jul 2022","2022","","","3616","3623","We consider real-world reinforcement learning (RL) of robotic manipulation tasks that involve both visuomotor skills and contact-rich skills. We aim to train a policy that maps multimodal sensory observations (vision and force) to a manipulator's joint velocities under practical considerations. We propose to use offline samples to learn a set of general value functions (GVFs) that make counterfactual predictions from the visual inputs. We show that combining the offline learned counterfactual predictions with force feedbacks in online policy learning allows efficient reinforcement learning given only a terminal (success/failure) reward. We argue that the learned counterfactual predictions form a compact and informative representation that enables sample efficiency and provides auxiliary reward signals that guide online explorations towards contact-rich states. Various experiments in simulation and real-world settings were performed for evaluation. Recordings of the real-world robot training can be found via https://sites.google.com/view/realrl.","","978-1-7281-9681-7","10.1109/ICRA46639.2022.9811963","","https://ieeexplore.ieee.org/stamp/stamp.jsp?arnumber=9811963","","Training;Learning systems;Visualization;Automation;Force;Force feedback;Reinforcement learning","","3","","52","IEEE","12 Jul 2022","23-27 May 2022","23-27 May 2022","IEEE","IEEE Conferences"
"Exploiting Abstract Symmetries in Reinforcement Learning for Complex Environments","K. Gupta; H. Najjaran","School of Engineering, The University of British Columbia, Kelowna, BC, Canada; School of Engineering, The University of British Columbia, Kelowna, BC, Canada",2022 International Conference on Robotics and Automation (ICRA),"12 Jul 2022","2022","","","3631","3637","Reinforcement Learning is rapidly establishing itself as the foremost choice for optimization of sequential autonomous decision-making problems. Encumbered by its sample inefficiency, the extension of the field to large state space and dynamic environments remains an open problem. We present a novel concept that exploits abstract spatial symmetry in complex environments for extending the skills of naïvely trained agents in local abstractions of the environment. The concept of EASE (Exploitation of Abstract Symmetry of Environments), when incorporated, improves the sample efficiency of traditional reinforcement learning algorithms. The presented work exemplifies the concept of EASE by presenting three distinct settings; EASE with heuristics-based planning, EASE with learning from demonstrations and EASE with state-space abstraction and proposes a novel algorithm for each setting.","","978-1-7281-9681-7","10.1109/ICRA46639.2022.9811652","Natural Sciences and Engineering Research Council (NSERC) Canada; ","https://ieeexplore.ieee.org/stamp/stamp.jsp?arnumber=9811652","","Training;Technological innovation;Automation;Navigation;Heuristic algorithms;Decision making;Reinforcement learning","","5","","31","IEEE","12 Jul 2022","23-27 May 2022","23-27 May 2022","IEEE","IEEE Conferences"
"Sampling Over Riemannian Manifolds Using Kernel Herding","S. Adhikary; B. Boots","University of Washington, Seattle, WA, USA; University of Washington, Seattle, WA, USA",2022 International Conference on Robotics and Automation (ICRA),"12 Jul 2022","2022","","","3646","3653","Kernel herding is a deterministic sampling algorithm designed to draw ‘super samples' from probability distributions when provided with their kernel mean embeddings in a reproducing kernel Hilbert space (RKHS). Empirical expectations of functions in the RKHS formed using these super samples tend to converge even faster than random sampling from the true distribution itself. Standard implementations of kernel herding have been restricted to sampling over flat Euclidean spaces, which is not ideal for applications such as robotics where more general Riemannian manifolds may be appropriate. We propose to adapt kernel herding to Riemannian manifolds by (1) using geometry-aware kernels that incorporate the appropriate distance metric for the manifold and (2) using Riemannian optimization to constrain herded samples to lie on the manifold. We evaluate our approach on problems involving various manifolds commonly used in robotics including the SO(3) manifold of rotation matrices, the spherical manifold used to encode unit quaternions, and the manifold of symmetric positive definite matrices. We demonstrate that our approach outperforms existing alternatives on the task of resampling from empirical distributions of weighted particles, a problem encountered in applications such as particle filtering. We also demonstrate how Riemannian kernel herding can be used as part of the kernel recursive approximate Bayesian computation algorithm to estimate parameters of black-box simulators, including inertia matrices of an Adroit robot hand simulator. Our results confirm that exploiting geometric information through our approach to kernel herding yields better results than alternatives including standard kernel herding with heuristic projections.","","978-1-7281-9681-7","10.1109/ICRA46639.2022.9811951","","https://ieeexplore.ieee.org/stamp/stamp.jsp?arnumber=9811951","","Manifolds;Measurement;Symmetric matrices;Quaternions;Reinforcement learning;Kernel;Task analysis","","","","58","IEEE","12 Jul 2022","23-27 May 2022","23-27 May 2022","IEEE","IEEE Conferences"
"Neural Style Transfer with Twin-Delayed DDPG for Shared Control of Robotic Manipulators","R. Fernandez-Fernandez; M. Aggravi; P. R. Giordano; J. G. Victores; C. Pacchierotti","Department of Systems Engineering and Automation, Robotics Lab, Universidad Carlos III de Madrid (UC3M); CNRS, Univ Rennes, Inria, IRISA, Rennes, France; CNRS, Univ Rennes, Inria, IRISA, Rennes, France; Department of Systems Engineering and Automation, Robotics Lab, Universidad Carlos III de Madrid (UC3M); CNRS, Univ Rennes, Inria, IRISA, Rennes, France",2022 International Conference on Robotics and Automation (ICRA),"12 Jul 2022","2022","","","4073","4079","Neural Style Transfer (NST) refers to a class of algorithms able to manipulate an element, most often images, to adopt the appearance or style of another one. Each element is defined as a combination of Content and Style: the Content can be conceptually defined as the “what” and the Style as the “how” of said element. In this context, we propose a custom NST framework for transferring a set of styles to the motion of a robotic manipulator, e.g., the same robotic task can be carried out in an “angry”, “happy”, “calm”, or “sad” way. An autoencoder architecture extracts and defines the Content and the Style of the target robot motions. A Twin Delayed Deep Deterministic Policy Gradient (TD3) network generates the robot control policy using the loss defined by the autoencoder. The proposed Neural Policy Style Transfer TD3 (NPST33) alters the robot motion by introducing the trained style. Such an approach can be implemented either offline, for carrying out autonomous robot motions in dynamic environments, or online, for adapting at runtime the style of a teleoperated robot. The considered styles can be learned online from human demonstrations. We carried out an evaluation with human subjects enrolling 73 volunteers, asking them to recognize the style behind some representative robotic motions. Results show a good recognition rate, proving that it is possible to convey different styles to a robot using this approach.","","978-1-7281-9681-7","10.1109/ICRA46639.2022.9812245","EU(grant numbers:S2018/NMT-4331); ","https://ieeexplore.ieee.org/stamp/stamp.jsp?arnumber=9812245","Style Transfer;Deep Reinforcement Learning;TD3;Autoencoders;NPST","Robot motion;Runtime;Automation;Dynamics;Manipulators;Task analysis;Autonomous robots","","4","","24","IEEE","12 Jul 2022","23-27 May 2022","23-27 May 2022","IEEE","IEEE Conferences"
"Speeding up deep neural network-based planning of local car maneuvers via efficient B-spline path construction","P. Kicki; P. Skrzypczyński","Institute of Robotics and Machine Intelligence, Poz-nan University of Technology, Poznan, Poland; Institute of Robotics and Machine Intelligence, Poz-nan University of Technology, Poznan, Poland",2022 International Conference on Robotics and Automation (ICRA),"12 Jul 2022","2022","","","4422","4428","This paper demonstrates how an efficient repre-sentation of the planned path using B-splines, and a construction procedure that takes advantage of the neural network's inductive bias, speed up both the inference and training of a DNN-based motion planner. We build upon our recent work on learning local car maneuvers from past experience using a DNN architecture, introducing a novel B-spline path construction method, making it possible to generate local maneuvers in almost constant time of about 11 ms, respecting a number of constraints imposed by the environment map and the kinematics of a car-like vehicle. We evaluate thoroughly the new planner employing the recent Bench-MR framework to obtain quantitative results showing that our method outperforms state-of-the-art planners by a large margin in the considered task.","","978-1-7281-9681-7","10.1109/ICRA46639.2022.9812313","","https://ieeexplore.ieee.org/stamp/stamp.jsp?arnumber=9812313","","Training;Navigation;Dynamics;Neural networks;Lattices;Planning;Automobiles","","4","","35","IEEE","12 Jul 2022","23-27 May 2022","23-27 May 2022","IEEE","IEEE Conferences"
"Learning-Guided Exploration for Efficient Sampling-Based Motion Planning in High Dimensions","L. Schramm; A. Boularias","Computer Science Department, Rutgers University; Computer Science Department, Rutgers University",2022 International Conference on Robotics and Automation (ICRA),"12 Jul 2022","2022","","","4429","4435","Optimal motion planning is a long-studied problem with a wide range of applications in robotics, from grasping to navigation. While sampling-based motion planning methods have made solving such problems significantly more feasible, these methods still often struggle in high-dimensional spaces wherein exploration is computationally costly. In this paper, we propose a new motion planning algorithm that reduces the computational burden of the exploration process. The proposed algorithm utilizes a guidance policy acquired offline through model-free reinforcement learning. The guidance policy is used to bias the exploration process in motion planning and to guide it toward promising regions of the state space. Moreover, we show that the gradients of the corresponding learned value function can be used to locally fine-tune the sampled states. We empirically demonstrate that the proposed approach can significantly reduce planning time and improve success rate and path quality.","","978-1-7281-9681-7","10.1109/ICRA46639.2022.9812184","NSF(grant numbers:IIS-1734492,IIS-1723869,IIS-1846043); ","https://ieeexplore.ieee.org/stamp/stamp.jsp?arnumber=9812184","","Automation;Navigation;Computational modeling;Reinforcement learning;Grasping;Manipulators;Planning","","7","","30","IEEE","12 Jul 2022","23-27 May 2022","23-27 May 2022","IEEE","IEEE Conferences"
"Control-Aware Prediction Objectives for Autonomous Driving","R. McAllister; B. Wulfe; J. Mercat; L. Ellis; S. Levine; A. Gaidon","Toyota Research Institute; Toyota Research Institute; Toyota Research Institute; Toyota Research Institute; University of California, Berkeley; Toyota Research Institute",2022 International Conference on Robotics and Automation (ICRA),"12 Jul 2022","2022","","","01","08","Autonomous vehicle software is typically structured as a modular pipeline of individual components (e.g., perception, prediction, and planning) to help separate concerns into interpretable sub-tasks. Even when end-to-end training is possible, each module has its own set of objectives used for safety assurance, sample efficiency, regularization, or interpretability. However, intermediate objectives do not always align with overall system performance. For example, optimizing the likelihood of a trajectory prediction module might focus more on easy-to-predict agents than safety-critical or rare behaviors (e.g., jaywalking). In this paper, we present control-aware prediction objectives (CAPOs), to evaluate the down-stream effect of predictions on control without requiring the planner be differentiable. We propose two types of importance weights that weight the predictive likelihood: one using an attention model between agents, and another based on control variation when exchanging predicted trajectories for ground truth trajectories. Experimentally, we show our objectives improve overall system performance in suburban driving scenarios using the CARLA simulator.","","978-1-7281-9681-7","10.1109/ICRA46639.2022.9811884","","https://ieeexplore.ieee.org/stamp/stamp.jsp?arnumber=9811884","","Measurement;Training;System performance;Predictive models;Software;Trajectory;Behavioral sciences","","14","","36","IEEE","12 Jul 2022","23-27 May 2022","23-27 May 2022","IEEE","IEEE Conferences"
"Where to Look Next: Learning Viewpoint Recommendations for Informative Trajectory Planning","M. Lodel; B. Brito; Á. Serra-Gómez; L. Ferranti; R. Babuška; J. Alonso-Mora","Department of Cognitive Robotics (CoR), Delft University of Technology, Delft, The Netherlands; Department of Cognitive Robotics (CoR), Delft University of Technology, Delft, The Netherlands; Department of Cognitive Robotics (CoR), Delft University of Technology, Delft, The Netherlands; Department of Cognitive Robotics (CoR), Delft University of Technology, Delft, The Netherlands; Department of Cognitive Robotics (CoR), Delft University of Technology, Delft, The Netherlands; Department of Cognitive Robotics (CoR), Delft University of Technology, Delft, The Netherlands",2022 International Conference on Robotics and Automation (ICRA),"12 Jul 2022","2022","","","4466","4472","Search missions require motion planning and navigation methods for information gathering that continuously replan based on new observations of the robot's surroundings. Current methods for information gathering, such as Monte Carlo Tree Search, are capable of reasoning over long horizons, but they are computationally expensive. An alternative for fast online execution is to train, offline, an information gathering policy, which indirectly reasons about the information value of new observations. However, these policies lack safety guarantees and do not account for the robot dynamics. To overcome these limitations we train an information-aware policy via deep reinforcement learning, that guides a receding-horizon trajectory optimization planner. In particular, the policy continuously recommends a reference viewpoint to the local planner, such that the resulting dynamically feasible and collision-free trajectories lead to observations that maximize the information gain and reduce the uncertainty about the environment. In simulation tests in previously unseen environments, our method consistently outperforms greedy next-best-view policies and achieves competitive performance compared to Monte Carlo Tree Search, in terms of information gains and coverage time, with a reduction in execution time by three orders of magnitude.","","978-1-7281-9681-7","10.1109/ICRA46639.2022.9812190","","https://ieeexplore.ieee.org/stamp/stamp.jsp?arnumber=9812190","","Monte Carlo methods;Uncertainty;Trajectory planning;Navigation;Reinforcement learning;Safety;Planning","","33","","40","IEEE","12 Jul 2022","23-27 May 2022","23-27 May 2022","IEEE","IEEE Conferences"
"Adaptive Informative Path Planning Using Deep Reinforcement Learning for UAV-based Active Sensing","J. Rückin; L. Jin; M. Popović","Cluster of Excellence PhenoRob, Institute of Geodesy and Geoinformation, University of Bonn; Cluster of Excellence PhenoRob, Institute of Geodesy and Geoinformation, University of Bonn; Cluster of Excellence PhenoRob, Institute of Geodesy and Geoinformation, University of Bonn",2022 International Conference on Robotics and Automation (ICRA),"12 Jul 2022","2022","","","4473","4479","Aerial robots are increasingly being utilized for environmental monitoring and exploration. However, a key challenge is efficiently planning paths to maximize the information value of acquired data as an initially unknown environment is explored. To address this, we propose a new approach for informative path planning based on deep reinforcement learning (RL). Combining recent advances in RL and robotic applications, our method combines tree search with an offline-learned neural network predicting informative sensing actions. We introduce several components making our approach applicable for robotic tasks with high-dimensional state and large action spaces. By deploying the trained network during a mission, our method enables sample-efficient online replanning on platforms with limited computational resources. Simulations show that our approach performs on par with existing methods while reducing runtime by 8-10×. We validate its performance using real-world surface temperature data.","","978-1-7281-9681-7","10.1109/ICRA46639.2022.9812025","Deutsche Forschungsgemeinschaft(grant numbers:2070 - 390732324); ","https://ieeexplore.ieee.org/stamp/stamp.jsp?arnumber=9812025","","Temperature sensors;Temperature distribution;Runtime;Neural networks;Reinforcement learning;Robot sensing systems;Path planning","","69","","32","IEEE","12 Jul 2022","23-27 May 2022","23-27 May 2022","IEEE","IEEE Conferences"
"Learning to Rock-and-Walk: Dynamic, Non-Prehensile, and Underactuated Object Locomotion Through Reinforcement Learning","A. Nazir; X. Pu; J. Rojas; J. Seo","The Hong Kong University of Science and Technology, Clear Water Bay, Hong Kong; The Hong Kong University of Science and Technology, Clear Water Bay, Hong Kong; Department of Mechanical and Automation Engineering, The Chinese University of Hong Kong, Hong Kong; The Hong Kong University of Science and Technology, Clear Water Bay, Hong Kong",2022 International Conference on Robotics and Automation (ICRA),"12 Jul 2022","2022","","","4487","4493","When moving objects that are too bulky or heavy to be grasped or lifted, robotic manipulation can benefit from the object's interaction with the support surface and its natural dynamics under gravity. In this work, we show that such dynamic, underactuated manipulation capability can be acquired through reinforcement learning and deployed on real robot systems. First, we present a framework to learn a control policy for object transport in a dynamic simulation environment, featuring the object and the support surface. We then demonstrate successful object locomotion with the learned policy through a set of simulated and real-world experiments, performed with a robot arm and an aerial robot interacting with the object in a non-prehensile manner. While the object, which is in contact with the support surface, oscillates sideways passively under gravity, the robot uses the learned policy to move the object forward with a steady gait by regulating the mechanical energy and the posture of the object. Our experiment results show that the learned policy can transport the object through unmodeled effects of terrain and perturbation.","","978-1-7281-9681-7","10.1109/ICRA46639.2022.9811554","","https://ieeexplore.ieee.org/stamp/stamp.jsp?arnumber=9811554","","Automation;Perturbation methods;Reinforcement learning;Autonomous aerial vehicles;Mechanical energy;Manipulator dynamics;Gravity","","1","","29","IEEE","12 Jul 2022","23-27 May 2022","23-27 May 2022","IEEE","IEEE Conferences"
"Learning Efficient and Robust Multi-Modal Quadruped Locomotion: A Hierarchical Approach","S. Xu; L. Zhu; C. P. Ho","School of Artificial Intelligence and Automation, Huazhong University of Science and Technology, China; School of Artificial Intelligence and Automation, Huazhong University of Science and Technology, China; School of Data Science, City University of Hong Kong, HKSAR",2022 International Conference on Robotics and Automation (ICRA),"12 Jul 2022","2022","","","4649","4655","Four-legged animals are able to change their gaits adaptively for lower energy consumption. However, designing a robust controller for their robot counterparts with multi-modal locomotion remains challenging. In this paper, we present a hierarchical control framework that decomposes this challenge into two kinds of problems: high-level decision-making for gait selection and robust low-level control in complex application environments. For gait transitions, we use reinforcement learning (RL) to design a gait policy that selects the optimal gaits in different environments. After the gait is decided, model predictive control (MPC) is applied to implement the desired gait. To improve the robustness of the locomotion, a model adaptation policy is developed to optimize the input parameters of our MPC controller adaptively. The control framework is first trained and tested in simulation, and then it is applied directly to a quadruped robot in real without any fine-tuning. We show that our control framework is more energy efficient by choosing different gaits and is more robust by adjusting model parameters compared to baseline controllers.","","978-1-7281-9681-7","10.1109/ICRA46639.2022.9811640","","https://ieeexplore.ieee.org/stamp/stamp.jsp?arnumber=9811640","","Adaptation models;Energy consumption;Automation;Animals;Decision making;Reinforcement learning;Robustness","","10","","24","IEEE","12 Jul 2022","23-27 May 2022","23-27 May 2022","IEEE","IEEE Conferences"
"An Adaptable Approach to Learn Realistic Legged Locomotion without Examples","D. Ordonez-Apraez; A. Agudo; F. Moreno-Noguer; M. Martin","Institut de Robòtica i Informàtica Industrial, CSIC-UPC, Barcelona, Spain; Institut de Robòtica i Informàtica Industrial, CSIC-UPC, Barcelona, Spain; Institut de Robòtica i Informàtica Industrial, CSIC-UPC, Barcelona, Spain; Departament de Ciències de la Computació, Universitat Politècnica de Catalunya",2022 International Conference on Robotics and Automation (ICRA),"12 Jul 2022","2022","","","4671","4678","Learning controllers that reproduce legged locomotion in nature has been a longtime goal in robotics and computer graphics. While yielding promising results, recent approaches are not yet flexible enough to be applicable to legged systems of different morphologies. This is partly because they often rely on precise motion capture references or elaborate learning environments that ensure the naturality of the emergent locomotion gaits but prevent generalization. This work proposes a generic approach for ensuring realism in locomotion by guiding the learning process with the spring-loaded inverted pendulum model as a reference. Leveraging on the exploration capacities of Reinforcement Learning (RL), we learn a control policy that fills in the information gap between the template model and full-body dynamics required to maintain stable and periodic locomotion. The proposed approach can be applied to robots of different sizes and morphologies and adapted to any RL technique and control architecture. We present experimental results showing that even in a model-free setup and with a simple reactive control architecture, the learned policies can generate realistic and energy-efficient locomotion gaits for a bipedal and a quadrupedal robot. And most importantly, this is achieved without using motion capture, strong constraints in the dynamics or kinematics of the robot, nor prescribing limb coordination. We provide supplemental videos for qualitative analysis of the naturality of the learned gaits4.","","978-1-7281-9681-7","10.1109/ICRA46639.2022.9812441","","https://ieeexplore.ieee.org/stamp/stamp.jsp?arnumber=9812441","","Legged locomotion;Adaptation models;Robot kinematics;Morphology;Computer architecture;Reinforcement learning;Motion capture","","5","","38","IEEE","12 Jul 2022","23-27 May 2022","23-27 May 2022","IEEE","IEEE Conferences"
"Learning Crowd-Aware Robot Navigation from Challenging Environments via Distributed Deep Reinforcement Learning","S. Matsuzaki; Y. Hasegawa","Honda R&D Co., LTD.; Honda R&D Co., LTD.",2022 International Conference on Robotics and Automation (ICRA),"12 Jul 2022","2022","","","4730","4736","This paper presents a deep reinforcement learning (DRL) sframework for safe and efficient navigation in crowded environments. Here, the robot learns cooperative behavior using a new reward function that penalizes robot actions interfering with the pedestrian's movement. Also, we propose a simulated pedestrian policy reflecting data from actual pedestrian movements. Furthermore, we introduce a collision detection that considers the pedestrian's personal space to generate affinity robot behavior. To efficiently explore this simulation environment, we propose distributed learning using Ape-X [1]. We deployed the robot in a real environment and verified its crowd-aware navigation performance compared with an actual human in terms of path length, travel time, and the number of abrupt avoidances.","","978-1-7281-9681-7","10.1109/ICRA46639.2022.9812011","","https://ieeexplore.ieee.org/stamp/stamp.jsp?arnumber=9812011","","Training;Computer aided instruction;Automation;Navigation;Distance learning;Reinforcement learning;Behavioral sciences","","15","","37","IEEE","12 Jul 2022","23-27 May 2022","23-27 May 2022","IEEE","IEEE Conferences"
"Enhanced Spatial Attention Graph for Motion Planning in Crowded, Partially Observable Environments","W. Shi; Y. Zhou; X. Zeng; S. Li; M. Bennewitz","University of Bonn, Germany; University of Bonn, Germany; University of Bonn, Germany; University of Bonn, Germany; University of Bonn, Germany",2022 International Conference on Robotics and Automation (ICRA),"12 Jul 2022","2022","","","4750","4756","Collision-free navigation while moving amongst static and dynamic obstacles with a limited sensor range is still a great challenge for modern mobile robots. Therefore, the ability to avoid collisions with obstacles in crowded, partially observable environments is one of the most important indicators to measure the navigation performance of a mobile robot. In this paper, we propose a novel deep reinforcement learning architecture that combines a spatial graph and attention rea-soning to tackle this problem. We take the relative positions and velocities of observed humans as nodes of the spatial graph and robot-human pairs as nodes of the attention graph to capture the spatial relations between the robot and the humans. In this way, our approach enhances the modeling of the relationship between the moving robot, static obstacles, and the people in the surrounding. As a result, our proposed navigation framework significantly outperforms state-of-the-art approaches [1], [2] in crowded scenarios when the robot has only a limited sensor range in terms of a reduced collision rate. Furthermore, we realize a seriously decreased training time by applying parallel Double Deep Q-Learning.","","978-1-7281-9681-7","10.1109/ICRA46639.2022.9812322","Deutsche Forschungsgemeinschaft(grant numbers:EXC-2070-390732324-Phenorob); ","https://ieeexplore.ieee.org/stamp/stamp.jsp?arnumber=9812322","","Training;Q-learning;Automation;Navigation;Robot sensing systems;Cognition;Planning","","12","","26","IEEE","12 Jul 2022","23-27 May 2022","23-27 May 2022","IEEE","IEEE Conferences"
"Joint Communication and Motion Planning for Cobots","M. Dadvar; K. Majd; E. Oikonomou; G. Fainekos; S. Srivastava","School of Computing and Augmented Intelligence, Arizona State University, Tempe, AZ, USA; School of Computing and Augmented Intelligence, Arizona State University, Tempe, AZ, USA; School of Computing and Augmented Intelligence, Arizona State University, Tempe, AZ, USA; School of Computing and Augmented Intelligence, Arizona State University, Tempe, AZ, USA; School of Computing and Augmented Intelligence, Arizona State University, Tempe, AZ, USA",2022 International Conference on Robotics and Automation (ICRA),"12 Jul 2022","2022","","","4771","4777","The increasing deployment of robots in co-working scenarios with humans has revealed complex safety and efficiency challenges in the computation of the robot behavior. Movement among humans is one of the most fundamental —and yet critical—problems in this frontier. While several approaches have addressed this problem from a purely navigational point of view, the absence of a unified paradigm for communicating with humans limits their ability to prevent deadlocks and compute feasible solutions. This paper presents a joint communication and motion planning framework that selects from an arbitrary input set of robot's communication signals while computing robot motion plans. It models a human co-worker's imperfect perception of these communications using a noisy sensor model and facilitates the specification of a variety of social/workplace compliance priorities with a flexible cost function. Theoretical results and simulator-based empirical evaluations show that our approach efficiently computes motion plans and communication strategies that reduce conflicts between agents and resolve potential deadlocks.","","978-1-7281-9681-7","10.1109/ICRA46639.2022.9812261","NSF(grant numbers:IIP-1361926,IIS-1909370,IIS-1844325,OIA-1936997); ","https://ieeexplore.ieee.org/stamp/stamp.jsp?arnumber=9812261","","Robot motion;Costs;Computational modeling;Simulation;System recovery;Robot sensing systems;Planning","","3","","27","IEEE","12 Jul 2022","23-27 May 2022","23-27 May 2022","IEEE","IEEE Conferences"
"Dynamics-Aware Quality-Diversity for Efficient Learning of Skill Repertoires","B. Lim; L. Grillotti; L. Bernasconi; A. Cully","Imperial College London, United Kingdom; Imperial College London, United Kingdom; Imperial College London, United Kingdom; Imperial College London, United Kingdom",2022 International Conference on Robotics and Automation (ICRA),"12 Jul 2022","2022","","","5360","5366","Quality-Diversity (QD) algorithms are powerful exploration algorithms that allow robots to discover large repertoires of diverse and high-performing skills. However, QD algorithms are sample inefficient and require millions of evaluations. In this paper, we propose Dynamics-Aware Quality-Diversity (DA-QD), a framework to improve the sample efficiency of QD algorithms through the use of dynamics models. We also show how DA-QD can then be used for continual acquisition of new skill repertoires. To do so, we incrementally train a deep dynamics model from experience obtained when performing skill discovery using QD. We can then perform QD exploration in imagination with an imagined skill repertoire. We evaluate our approach on three robotic experiments. First, our experiments show DA-QD is 20 times more sample efficient than existing QD approaches for skill discovery. Second, we demonstrate learning an entirely new skill repertoire in imagination to perform zero-shot learning. Finally, we show how DA-QD is useful and effective for solving a long horizon navigation task and for damage adaptation in the real world. Videos and source code are available at: https://sites.google.com/view/da-qd.","","978-1-7281-9681-7","10.1109/ICRA46639.2022.9811559","Engineering and Physical Sciences Research Council(grant numbers:EP/V006673/1); ","https://ieeexplore.ieee.org/stamp/stamp.jsp?arnumber=9811559","","Codes;Automation;Navigation;Heuristic algorithms;Task analysis;Robots;Videos","","6","","41","IEEE","12 Jul 2022","23-27 May 2022","23-27 May 2022","IEEE","IEEE Conferences"
"ROMAX: Certifiably Robust Deep Multiagent Reinforcement Learning via Convex Relaxation","C. Sun; D. -K. Kim; J. P. How","Department of Aerospace Engineering, Mississippi State University, MS; Laboratory for Information & Decision Systems, Massachusetts Institute of Technology, Cambridge, MA; Laboratory for Information & Decision Systems, Massachusetts Institute of Technology, Cambridge, MA",2022 International Conference on Robotics and Automation (ICRA),"12 Jul 2022","2022","","","5503","5510","In a multirobot system, a number of cyber-physical attacks (e.g., communication hijack, observation per-turbations) can challenge the robustness of agents. This robust-ness issue worsens in multiagent reinforcement learning because there exists the non-stationarity of the environment caused by simultaneously learning agents whose changing policies affect the transition and reward functions. In this paper, we propose a minimax MARL approach to infer the worst-case policy update of other agents. As the minimax formulation is computationally intractable to solve, we apply the convex relaxation of neural networks to solve the inner minimization problem. Such convex relaxation enables robustness in interacting with peer agents that may have significantly different behaviors and also achieves a certified bound of the original optimization problem. We eval-uate our approach on multiple mixed cooperative-competitive tasks and show that our method outperforms the previous state of the art approaches on this topic.","","978-1-7281-9681-7","10.1109/ICRA46639.2022.9812321","Scientific Systems Company(grant numbers:SC-1661-04); ARL(grant numbers:W911NF-17-2-0181); ","https://ieeexplore.ieee.org/stamp/stamp.jsp?arnumber=9812321","","Learning systems;Perturbation methods;Neural networks;Reinforcement learning;Minimization;Robustness;Behavioral sciences","","8","","42","IEEE","12 Jul 2022","23-27 May 2022","23-27 May 2022","IEEE","IEEE Conferences"
"Learning Emergent Discrete Message Communication for Cooperative Reinforcement Learning","S. Li; Y. Zhou; R. Allen; M. J. Kochenderfer","Department of Aeronautics and Astronautics, Stanford University; Lincoln Laboratory, Massachusetts Institute of Technology; Lincoln Laboratory, Massachusetts Institute of Technology; Department of Aeronautics and Astronautics, Stanford University",2022 International Conference on Robotics and Automation (ICRA),"12 Jul 2022","2022","","","5511","5517","Communication is an important factor that en-ables agents to work cooperatively in multi-agent reinforcement learning (MARL) contexts. Prior work used continuous message communication whose high representational capacity comes at the expense of interpretability. Allowing agents to learn their own discrete emergent message communication protocols can increase the interpretability for human designers and other agents. This paper proposes a method to generate discrete messages analogous to human languages. Discrete message communication is achieved by a broadcast-and-listen mecha-nism based on self-attention. We show that discrete message communication has performance comparable to continuous message communication but with a much smaller vocabulary size. Discrete message communication protocols can potentially be used for human-agent interaction.","","978-1-7281-9681-7","10.1109/ICRA46639.2022.9812285","","https://ieeexplore.ieee.org/stamp/stamp.jsp?arnumber=9812285","","Measurement;Vocabulary;Protocols;Automation;Reinforcement learning;Bandwidth","","4","","25","IEEE","12 Jul 2022","23-27 May 2022","23-27 May 2022","IEEE","IEEE Conferences"
"Learning Observation-Based Certifiable Safe Policy for Decentralized Multi-Robot Navigation","Y. Cui; L. Lin; X. Huang; D. Zhang; Y. Wang; W. Jing; J. Chen; R. Xiong; Y. Wang","State Key Laboratory of Industrial Control Technology, Institute of Cyber-Systems and Control, Zhejiang University, Hangzhou, China; State Key Laboratory of Industrial Control Technology, Institute of Cyber-Systems and Control, Zhejiang University, Hangzhou, China; State Key Laboratory of Industrial Control Technology, Institute of Cyber-Systems and Control, Zhejiang University, Hangzhou, China; State Key Laboratory of Industrial Control Technology, Institute of Cyber-Systems and Control, Zhejiang University, Hangzhou, China; State Key Laboratory of Industrial Control Technology, Institute of Cyber-Systems and Control, Zhejiang University, Hangzhou, China; Department of Autonomous, Driving Lab, Alibaba DAMO Academy, Hangzhou, China; Department of Autonomous, Driving Lab, Alibaba DAMO Academy, Hangzhou, China; State Key Laboratory of Industrial Control Technology, Institute of Cyber-Systems and Control, Zhejiang University, Hangzhou, China; State Key Laboratory of Industrial Control Technology, Institute of Cyber-Systems and Control, Zhejiang University, Hangzhou, China",2022 International Conference on Robotics and Automation (ICRA),"12 Jul 2022","2022","","","5518","5524","Safety is of great importance in multi-robot navigation problems. In this paper, we propose a control barrier function (CBF) based optimizer that ensures robot safety with both high probability and flexibility, using only sensor measurement. The optimizer takes action commands from the policy network as initial values and provides refinement to drive the potentially dangerous ones back into safe regions. With the help of a deep world model that predicts the evolution of surrounding dynamics and the consequences of different actions, the CBF module can guide the optimization within a reasonable time horizon. We also present a novel joint training framework that improves the cooperation between the Reinforcement Learning (RL) based policy and the CBF-based optimizer by utilizing reward feedback from the CBF module. We observe that our policy can achieve a higher success rate while maintaining the safety of multiple robots in significantly fewer episodes. Experiments are conducted in multiple scenarios both in simulation and the real world, the results demonstrate the effectiveness of our method in maintaining the safety of multiple robots. Code is available at https://github.com/YuxiangCui/MARL-OCBF.","","978-1-7281-9681-7","10.1109/ICRA46639.2022.9811950","","https://ieeexplore.ieee.org/stamp/stamp.jsp?arnumber=9811950","","Training;Codes;Automation;Navigation;Reinforcement learning;Predictive models;Robot sensing systems","","12","","24","IEEE","12 Jul 2022","23-27 May 2022","23-27 May 2022","IEEE","IEEE Conferences"
"Enhancing Deep Reinforcement Learning Approaches for Multi-Robot Navigation via Single-Robot Evolutionary Policy Search","E. Marchesini; A. Farinelli","Department of Computer Science, University of Verona, Verona, Italy; Department of Computer Science, University of Verona, Verona, Italy",2022 International Conference on Robotics and Automation (ICRA),"12 Jul 2022","2022","","","5525","5531","Recent Multi-Agent Deep Reinforcement Learning approaches factorize a global action-value to address non-stationarity and favor cooperation. These methods, however, hinder exploration by introducing constraints (e.g., additive value-decomposition) to guarantee the factorization. Our goal is to enhance exploration and improve sample efficiency of multi-robot mapless navigation by incorporating a periodical Evolutionary Policy Search (EPS). In detail, the multi-agent training “specializes” the robots' policies to learn the collision avoidance skills that are mandatory for the task. Concurrently, in this work we propose the use of Evolutionary Algorithms to explore different regions of the policy space in an environment with only a single robot. The idea is that core navigation skills, originated by the multi-robot policies using mutation operators, improve faster in the single-robot EPS. Hence, policy parameters can be injected into the multi-robot setting using crossovers, leading to improved performance and sample efficiency. Experiments in tasks with up to 12 robots confirm the beneficial transfer of navigation skills from the EPS to the multi-robot setting, improving the performance of prior methods.","","978-1-7281-9681-7","10.1109/ICRA46639.2022.9812341","","https://ieeexplore.ieee.org/stamp/stamp.jsp?arnumber=9812341","","Training;Automation;Additives;Navigation;Reinforcement learning;Evolutionary computation;Collision avoidance","","21","","34","IEEE","12 Jul 2022","23-27 May 2022","23-27 May 2022","IEEE","IEEE Conferences"
"Barrier Function-based Safe Reinforcement Learning for Formation Control of Mobile Robots","X. Zhang; Y. Peng; W. Pan; X. Xu; H. Xie","College of Intelligence Science and Technology, National University of Defense Technology, Changsha, China; College of Intelligence Science and Technology, National University of Defense Technology, Changsha, China; Department of Cognitive Robotics, Delft University of Technology, the Netherlands; College of Intelligence Science and Technology, National University of Defense Technology, Changsha, China; College of Intelligence Science and Technology, National University of Defense Technology, Changsha, China",2022 International Conference on Robotics and Automation (ICRA),"12 Jul 2022","2022","","","5532","5538","Distributed model predictive control (DMPC) concerns how to online control multiple robotic systems with constraints effectively. However, the nonlinearity, nonconvexity, and strong interconnections of dynamic system models and constraints can make the real-time and real-world DMPC implementations nontrivial. Reinforcement learning (RL) algorithms are promising for control policy design. However, how to ensure safety in terms of state constraints in RL remains a significant issue. This paper proposes a barrier function-based safe reinforcement learning algorithm for DMPC of nonlinear multi-robot systems under state constraints. The proposed approach is composed of several local learning-based MPC regulators. Each regulator, associated with a local system, learns and deploys the local control policy using a safe reinforcement learning algorithm in a distributed manner, i.e., with state information only among the neighbor agents. As a prominent feature of the proposed algorithm, we present a novel barrier-based policy structure to ensure safety, which has a clear mechanistic interpretation. Both simulated and real-world experiments on the formation control of mobile robots with collision avoidance show the effectiveness of the proposed safe reinforcement learning algorithm for DMPC.","","978-1-7281-9681-7","10.1109/ICRA46639.2022.9811604","National Natural Science Foundation of China(grant numbers:62003361,61825305,U21A20518); Postdoctoral Science Foundation(grant numbers:47680); ","https://ieeexplore.ieee.org/stamp/stamp.jsp?arnumber=9811604","","Regulators;Heuristic algorithms;Reinforcement learning;Prediction algorithms;Formation control;Safety;Mobile robots","","9","","33","IEEE","12 Jul 2022","23-27 May 2022","23-27 May 2022","IEEE","IEEE Conferences"
"Asynchronous Reinforcement Learning for Real-Time Control of Physical Robots","Y. Yuan; A. R. Mahmood","Department of Computing Science, University of Alberta, Edmonton, Canada; Department of Computing Science, University of Alberta, Edmonton, Canada",2022 International Conference on Robotics and Automation (ICRA),"12 Jul 2022","2022","","","5546","5552","An oft-ignored challenge of real-world reinforcement learning is that the real world does not pause when agents make learning updates. As standard simulated environments do not address this real-time aspect of learning, most available implementations of RL algorithms process environment interactions and learning updates sequentially. As a consequence, when such implementations are deployed in the real world, they may make decisions based on significantly delayed observations and not act responsively. Asynchronous learning has been proposed to solve this issue, but no systematic comparison between sequential and asynchronous reinforcement learning was conducted using real-world environments. In this work, we set up two vision-based tasks with a robotic arm, implement an asynchronous learning system that extends a previous architecture, and compare sequential and asynchronous reinforcement learning across different action cycle times, sensory data dimensions, and mini-batch sizes. Our experiments show that when the time cost of learning updates increases, the action cycle time in sequential implementation could grow excessively long, while the asynchronous implementation can always maintain an appropriate action cycle time. Consequently, when learning updates are expensive, the performance of sequential learning diminishes and is outperformed by asynchronous learning by a substantial margin. Our system learns in real-time to reach and track visual targets from pixels within two hours of experience and does so directly using real robots, learning completely from scratch. Our code is available at: https://github.com/YufengYuan/ur5_async_r1.","","978-1-7281-9681-7","10.1109/ICRA46639.2022.9811771","Alberta Machine Intelligence Institute (Amii); Natural Sciences and Engineering Research Council (NSERC) of Canada; ","https://ieeexplore.ieee.org/stamp/stamp.jsp?arnumber=9811771","","Visualization;Systematics;Costs;Reinforcement learning;Computer architecture;Robot sensing systems;Real-time systems","","13","","29","IEEE","12 Jul 2022","23-27 May 2022","23-27 May 2022","IEEE","IEEE Conferences"
"From Scratch to Sketch: Deep Decoupled Hierarchical Reinforcement Learning for Robotic Sketching Agent","G. Lee; M. Kim; M. Lee; B. -T. Zhang","Interdisciplinary Program in Cognitive Science, Seoul National University, Seoul, Korea; Interdisciplinary Program in Neuroscience, Seoul National University; AIIS, Seoul National University; Dept. of Computer Science and Engineering, Seoul National University",2022 International Conference on Robotics and Automation (ICRA),"12 Jul 2022","2022","","","5553","5559","We present an automated learning framework for a robotic sketching agent that is capable of learning stroke-based rendering and motor control simultaneously. We formulate the robotic sketching problem as a deep decoupled hierarchical reinforcement learning; two policies for stroke-based rendering and motor control are learned independently to achieve sub-tasks for drawing, and form a hierarchy when cooperating for real-world drawing. Without hand-crafted features, drawing sequences or trajectories, and inverse kinematics, the proposed method trains the robotic sketching agent from scratch. We performed experiments with a 6-DoF robot arm with 2F gripper to sketch doodles. Our experimental results show that the two policies successfully learned the sub-tasks and collaborated to sketch the target images. Also, the robustness and flexibility were examined by varying drawing tools and surfaces.","","978-1-7281-9681-7","10.1109/ICRA46639.2022.9811858","IITP(grant numbers:2018-0-00622-RMI/20%,2019-0-01371-BabyMind/20%,2015-0-00310-SW.StarLab/10%,2021-0-02068-AIHub/10%); KIAT(grant numbers:P0006720-ILIAS/10%); ","https://ieeexplore.ieee.org/stamp/stamp.jsp?arnumber=9811858","","Motor drives;Automation;Reinforcement learning;Kinematics;Rendering (computer graphics);Manipulators;Robustness","","10","","32","IEEE","12 Jul 2022","23-27 May 2022","23-27 May 2022","IEEE","IEEE Conferences"
"Robust Reinforcement Learning via Genetic Curriculum","Y. Song; J. Schneider","Robotics Institute, Carnegie Mellon University, Pittsburgh, PA, USA; Robotics Institute, Carnegie Mellon University, Pittsburgh, PA, USA",2022 International Conference on Robotics and Automation (ICRA),"12 Jul 2022","2022","","","5560","5566","Achieving robust performance is crucial when applying deep reinforcement learning (RL) in safety critical systems. Some of the state of the art approaches try to address the problem with adversarial agents, but these agents often require expert supervision to fine tune and prevent the adversary from becoming too challenging to the trainee agent. While other approaches involve automatically adjusting environment setups during training, they have been limited to simple environments where low-dimensional encodings can be used. Inspired by these approaches, we propose genetic curriculum, an algorithm that automatically identifies scenarios in which the agent currently fails and generates an associated curriculum to help the agent learn to solve the scenarios and acquire more robust behaviors. As a non-parametric optimizer, our approach uses a raw, non-fixed encoding of scenarios, reducing the need for expert supervision and allowing our algorithm to adapt to the changing performance of the agent. Our empirical studies show improvement in robustness over the existing state of the art algorithms, providing training curricula that result in agents being 2 - 8x times less likely to fail without sacrificing cumulative reward. We include an ablation study and share insights on why our algorithm outperforms prior approaches.","","978-1-7281-9681-7","10.1109/ICRA46639.2022.9812420","Boeing Company; ","https://ieeexplore.ieee.org/stamp/stamp.jsp?arnumber=9812420","","Training;Automation;Reinforcement learning;Genetics;Encoding;Robustness;Safety","","6","","40","IEEE","12 Jul 2022","23-27 May 2022","23-27 May 2022","IEEE","IEEE Conferences"
"Improving Safety in Deep Reinforcement Learning using Unsupervised Action Planning","H. -L. Hsu; Q. Huang; S. Ha","Georgia Institute of Technology, Atlanta, GA, USA; Pacific Northwest National Laboratory, Richland, WA, USA; Georgia Institute of Technology, Atlanta, GA, USA",2022 International Conference on Robotics and Automation (ICRA),"12 Jul 2022","2022","","","5567","5573","One of the key challenges to deep reinforcement learning (deep RL) is to ensure safety at both training and testing phases. In this work, we propose a novel technique of unsupervised action planning to improve the safety of on-policy reinforcement learning algorithms, such as trust region policy optimization (TRPO) or proximal policy optimization (PPO). We design our safety-aware reinforcement learning by storing all the history of “recovery” actions that rescue the agent from dangerous situations into a separate “safety” buffer and finding the best recovery action when the agent encounters similar states. Because this functionality requires the algorithm to query similar states, we implement the proposed safety mechanism using an unsupervised learning algorithm, k-means clustering. We evaluate the proposed algorithm on six robotic control tasks that cover navigation and manipulation. Our results show that the proposed safe RL algorithm can achieve higher rewards compared with multiple baselines in both discrete and continuous control problems. The supplemental video can be found at: https://youtu.be/AFTeWSohILo.","","978-1-7281-9681-7","10.1109/ICRA46639.2022.9812181","","https://ieeexplore.ieee.org/stamp/stamp.jsp?arnumber=9812181","","Training;Clustering algorithms;Reinforcement learning;Streaming media;Safety;Planning;Task analysis","","7","","40","IEEE","12 Jul 2022","23-27 May 2022","23-27 May 2022","IEEE","IEEE Conferences"
"Towards Scale Consistent Monocular Visual Odometry by Learning from the Virtual World","S. Zhang; J. Zhang; D. Tao","School of Computer Science The University of Sydney, Australia; School of Computer Science The University of Sydney, Australia; School of Computer Science The University of Sydney, Australia",2022 International Conference on Robotics and Automation (ICRA),"12 Jul 2022","2022","","","5601","5607","Monocular visual odometry (VO) has attracted extensive research attention by providing real-time vehicle motion from cost-effective camera images. However, state-of-the-art optimization-based monocular VO methods suffer from the scale inconsistency problem for long-term predictions. Deep learning has recently been introduced to address this issue by leveraging stereo sequences or ground-truth motions in the training dataset. However, it comes at an additional cost for data collection, and such training data may not be available in all datasets. In this work, we propose VRVO, a novel framework for retrieving the absolute scale from virtual data that can be easily obtained from modern simulation environments, whereas in the real domain no stereo or ground-truth data are required in either the training or inference phases. Specifically, we first train a scale-aware disparity network using both monocular real images and stereo virtual data. The virtual-to-real domain gap is bridged by using an adversarial training strategy to map images from both domains into a shared feature space. The resulting scale-consistent disparities are then integrated with a direct VO system by constructing a virtual stereo objective that ensures the scale consistency over long trajectories. Additionally, to address the suboptimality issue caused by the separate optimization backend and the learning process, we further propose a mutual reinforcement pipeline that allows bidirectional information flow between learning and optimization, which boosts the robustness and accuracy of each other. We demonstrate the effectiveness of our framework on the KITTI and vKITTI2 datasets.","","978-1-7281-9681-7","10.1109/ICRA46639.2022.9812347","ARC(grant numbers:FL-170100117,IH-180100002,IC-190100031,LE-200100049); ","https://ieeexplore.ieee.org/stamp/stamp.jsp?arnumber=9812347","","Training;Deep learning;Pipelines;Training data;Robustness;Real-time systems;Data models","","15","","40","IEEE","12 Jul 2022","23-27 May 2022","23-27 May 2022","IEEE","IEEE Conferences"
"Explore-Bench: Data Sets, Metrics and Evaluations for Frontier-based and Deep-reinforcement-learning-based Autonomous Exploration","Y. Xu; J. Yu; J. Tang; J. Qiu; J. Wang; Y. Shen; Y. Wang; H. Yang","Department of Electronic Engineering, Tsinghua University, Beijing, China; Department of Electronic Engineering, Tsinghua University, Beijing, China; Department of Electronic Engineering, Tsinghua University, Beijing, China; Department of Electronic Engineering, Tsinghua University, Beijing, China; Department of Electronic Engineering, Tsinghua University, Beijing, China; Department of Electronic Engineering, Tsinghua University, Beijing, China; Department of Electronic Engineering, Tsinghua University, Beijing, China; Department of Electronic Engineering, Tsinghua University, Beijing, China",2022 International Conference on Robotics and Automation (ICRA),"12 Jul 2022","2022","","","6225","6231","Autonomous exploration and mapping of unknown terrains employing single or multiple robots is an essential task in mobile robotics and has therefore been widely investigated. Nevertheless, given the lack of unified data sets, metrics, and platforms to evaluate the exploration approaches, we develop an autonomous robot exploration benchmark en-titled Explore-Bench. The benchmark involves various explo-ration scenarios and presents two types of quantitative metrics to evaluate exploration efficiency and multi-robot cooperation. Explore-Bench is extremely useful as, recently, deep rein-forcement learning (DRL) has been widely used for robot exploration tasks and achieved promising results. However, training DRL-based approaches requires large data sets, and additionally, current benchmarks rely on realistic simulators with a slow simulation speed, which is not appropriate for training exploration strategies. Hence, to support efficient DRL training and comprehensive evaluation, the suggested Explore-Bench designs a 3-level platform with a unified data flow and 12 × speed-up that includes a grid-based simulator for fast evaluation and efficient training, a realistic Gazebo simulator, and a remotely accessible robot testbed for high-accuracy tests in physical environments. The practicality of the proposed benchmark is highlighted with the application of one DRL-based and three frontier-based exploration approaches. Fur-thermore, we analyze the performance differences and provide some insights about the selection and design of exploration methods. Our benchmark is available at https://github.com/efc-robot/Explore-Bench.","","978-1-7281-9681-7","10.1109/ICRA46639.2022.9812344","National Natural Science Foundation of China(grant numbers:U19B2019,M-0248); ","https://ieeexplore.ieee.org/stamp/stamp.jsp?arnumber=9812344","","Training;Measurement;Automation;Design methodology;Benchmark testing;Data models;Task analysis","","45","","31","IEEE","12 Jul 2022","23-27 May 2022","23-27 May 2022","IEEE","IEEE Conferences"
"A Deep Reinforcement Learning Environment for Particle Robot Navigation and Object Manipulation","J. Shen; E. Xiao; Y. Liu; C. Feng","Stuyvesant High School, New York, NY, USA; New York University, Brooklyn, NY, USA; New York University, Brooklyn, NY, USA; New York University, Brooklyn, NY, USA",2022 International Conference on Robotics and Automation (ICRA),"12 Jul 2022","2022","","","6232","6239","Particle robots are novel biologically-inspired robotic systems where locomotion can be achieved collectively and robustly, but not independently. While its control is currently limited to a hand-crafted policy for basic locomotion tasks, such a multi-robot system could be potentially controlled via Deep Reinforcement Learning (DRL) for different tasks more efficiently. However, the particle robot system presents a new set of challenges for DRL differing from existing swarm robotics systems: the low degrees of freedom of each robot and the increased necessity of coordination between robots. We present a 2D particle robot simulator using the OpenAI Gym interface and Pymunk as the physics engine, and introduce new tasks and challenges to research the underexplored applications of DRL in the particle robot system. Moreover, we use Stable-baselines3 to provide a set of benchmarks for the tasks. Current baseline DRL algorithms show signs of achieving the tasks but are yet unable to reach the performance of the hand-crafted policy. Further development of DRL algorithms is necessary in order to accomplish the proposed tasks.","","978-1-7281-9681-7","10.1109/ICRA46639.2022.9811965","","https://ieeexplore.ieee.org/stamp/stamp.jsp?arnumber=9811965","","Training;Three-dimensional displays;Navigation;Robot kinematics;Supervised learning;Swarm robotics;Reinforcement learning","","4","","28","IEEE","12 Jul 2022","23-27 May 2022","23-27 May 2022","IEEE","IEEE Conferences"
"FishGym: A High-Performance Physics-based Simulation Framework for Underwater Robot Learning","W. Liu; K. Bai; X. He; S. Song; C. Zheng; X. Liu",ShanghaiTech University; ShanghaiTech University; ShanghaiTech University; Columbia University; Columbia University; ShanghaiTech University,2022 International Conference on Robotics and Automation (ICRA),"12 Jul 2022","2022","","","6268","6275","Bionic underwater robots have demonstrated their superiority in many applications. Yet, training their intelligence for a variety of tasks that mimic the behavior of underwater creatures poses a number of challenges in practice, mainly due to lack of a large amount of available training data as well as the high cost in real physical environment. Alternatively, simulation has been considered as a viable and important tool for acquiring datasets in different environments, but it mostly targeted rigid and soft body systems. There is currently dearth of work for more complex fluid systems interacting with immersed solids that can be efficiently and accurately simulated for robot training purposes. In this paper, we propose a new platform called “FishGym”, which can be used to train fish-like underwater robots. The framework consists of a robotic fish modeling module using articulated body with skinning, a GPU-based high-performance localized two-way coupled fluid-structure interaction simulation module that handles both finite and infinitely large domains, as well as a reinforcement learning module. We leveraged existing training methods with adaptations to underwater fish-like robots and obtained learned control policies for multiple benchmark tasks. The training results are demonstrated with reasonable motion trajectories, with comparisons and analyses to empirical models as well as known real fish swimming behaviors to highlight the advantages of the proposed platform.","","978-1-7281-9681-7","10.1109/ICRA46639.2022.9812066","","https://ieeexplore.ieee.org/stamp/stamp.jsp?arnumber=9812066","","Training;Autonomous underwater vehicles;Adaptation models;Fluids;Reinforcement learning;Benchmark testing;Fish","","23","","82","IEEE","12 Jul 2022","23-27 May 2022","23-27 May 2022","IEEE","IEEE Conferences"
"InsertionNet 2.0: Minimal Contact Multi-Step Insertion Using Multimodal Multiview Sensory Input","O. Spector; V. Tchuiev; D. Di Castro","Bosch Center for Artificial Inteligence, Haifa, Israel; Bosch Center for Artificial Inteligence, Haifa, Israel; Bosch Center for Artificial Inteligence, Haifa, Israel",2022 International Conference on Robotics and Automation (ICRA),"12 Jul 2022","2022","","","6330","6336","We address the problem of devising the means for a robot to rapidly and safely learn insertion skills with just a few human interventions and without hand-crafted rewards or demonstrations. Our InsertionNet version 2.0 provides an improved technique to robustly cope with a wide range of use-cases featuring different shapes, colors, initial poses, etc. In particular, we present a regression-based method based on multimodal input from stereo perception and force, augmented with contrastive learning for the efficient learning of valuable features. In addition, we introduce a one-shot learning technique for insertion, which relies on a relation network scheme to better exploit the collected data and to support multi-step insertion tasks. Our method improves on the results obtained with the original InsertionNet, achieving an almost perfect score (above 97.5% on 200 trials) in 16 real-life insertion tasks while minimizing the execution time and contact during insertion. We further demonstrate our method's ability to tackle a real-life 3-step insertion task and perfectly solve an unseen insertion task without learning.","","978-1-7281-9681-7","10.1109/ICRA46639.2022.9811798","","https://ieeexplore.ieee.org/stamp/stamp.jsp?arnumber=9811798","","Automation;Shape;Image color analysis;Force;Robot sensing systems;Task analysis","","22","","23","IEEE","12 Jul 2022","23-27 May 2022","23-27 May 2022","IEEE","IEEE Conferences"
"Provably Safe Deep Reinforcement Learning for Robotic Manipulation in Human Environments","J. Thumm; M. Althoff","Department of Informatics, Technical Univer-sity of Munich, Garching, Germany; Department of Informatics, Technical Univer-sity of Munich, Garching, Germany",2022 International Conference on Robotics and Automation (ICRA),"12 Jul 2022","2022","","","6344","6350","Deep reinforcement learning (RL) has shown promising results in the motion planning of manipulators. However, no method guarantees the safety of highly dynamic obstacles, such as humans, in RL-based manipulator control. This lack of formal safety assurances prevents the application of RL for manipulators in real-world human environments. Therefore, we propose a shielding mechanism that ensures ISO- verified human safety while training and deploying RL algorithms on manipulators. We utilize a fast reachability analysis of humans and manipulators to guarantee that the manipulator comes to a complete stop before a human is within its range. Our proposed method guarantees safety and significantly improves the RL performance by preventing episode-ending collisions. We demonstrate the performance of our proposed method in simulation using human motion capture data.","","978-1-7281-9681-7","10.1109/ICRA46639.2022.9811698","","https://ieeexplore.ieee.org/stamp/stamp.jsp?arnumber=9811698","","Training;Heuristic algorithms;Dynamics;Reinforcement learning;Motion capture;Safety;Planning","","41","","32","IEEE","12 Jul 2022","23-27 May 2022","23-27 May 2022","IEEE","IEEE Conferences"
"Reinforcement Learning for Picking Cluttered General Objects with Dense Object Descriptors","H. Cao; W. Zeng; I. Wu","Department of Computer Science, National Yang Ming Chiao Tung University, Taiwan; Department of Computer Science, National Yang Ming Chiao Tung University, Taiwan; Department of Computer Science, National Yang Ming Chiao Tung University, Taiwan",2022 International Conference on Robotics and Automation (ICRA),"12 Jul 2022","2022","","","6358","6364","Picking cluttered general objects is a challenging task due to the complex geometries and various stacking configurations. Many prior works utilize pose estimation for picking, but pose estimation is difficult on cluttered objects. In this paper, we propose Cluttered Objects Descriptors (CODs), a dense cluttered objects descriptor which can represent rich object structures, and use the pre-trained CODs network along with its intermediate outputs to train a picking policy. Additionally, we train the policy with reinforcement learning, which enable the policy to learn picking without supervision. We conduct experiments to demonstrate that our CODs is able to consistently represent seen and unseen cluttered objects, which allowed for the picking policy to robustly pick cluttered general objects. The resulting policy can pick 96.69% of unseen objects in our experimental environment that are twice as cluttered as the training scenarios.","","978-1-7281-9681-7","10.1109/ICRA46639.2022.9811911","","https://ieeexplore.ieee.org/stamp/stamp.jsp?arnumber=9811911","","Geometry;Training;Automation;Pose estimation;Stacking;Reinforcement learning;Grasping","","11","","28","IEEE","12 Jul 2022","23-27 May 2022","23-27 May 2022","IEEE","IEEE Conferences"
"A Hybrid Approach for Learning to Shift and Grasp with Elaborate Motion Primitives","Z. Feldman; H. Ziesche; N. A. Vien; D. D. Castro",Bosch Center for Artificial Intelligence (BCAI); Bosch Center for Artificial Intelligence (BCAI); Bosch Center for Artificial Intelligence (BCAI); Bosch Center for Artificial Intelligence (BCAI),2022 International Conference on Robotics and Automation (ICRA),"12 Jul 2022","2022","","","6365","6371","Many possible fields of application of robots in real world settings hinge on the ability of robots to grasp objects. As a result, robot grasping has been an active field of research for many years. With our publication we contribute to the endeavor of enabling robots to grasp, with a particular focus on bin picking applications. Bin picking is especially challenging due to the often cluttered and unstructured arrangement of objects and the often limited graspability of objects by simple top down grasps. To tackle these challenges, we propose a fully self-supervised reinforcement learning approach based on a hybrid discrete-continuous adaptation of soft actor-critic (SAC). We employ parametrized motion primitives for pushing and grasping movements in order to enable a flexibly adaptable behavior to the difficult setups we consider. Furthermore, we use data augmentation to increase sample efficiency. We demonstrate our proposed method on challenging picking scenarios in which planar grasp learning or action discretization methods would face a lot of difficulties.","","978-1-7281-9681-7","10.1109/ICRA46639.2022.9811735","","https://ieeexplore.ieee.org/stamp/stamp.jsp?arnumber=9811735","","Automation;Service robots;Grasping;Reinforcement learning;Network architecture;Fasteners;Behavioral sciences","","11","","42","IEEE","12 Jul 2022","23-27 May 2022","23-27 May 2022","IEEE","IEEE Conferences"
"Affordance Learning from Play for Sample-Efficient Policy Learning","J. Borja-Diaz; O. Mees; G. Kalweit; L. Hermann; J. Boedecker; W. Burgard","University of Freiburg, Germany; University of Freiburg, Germany; University of Freiburg, Germany; University of Freiburg, Germany; University of Freiburg, Germany; University of Freiburg, Germany",2022 International Conference on Robotics and Automation (ICRA),"12 Jul 2022","2022","","","6372","6378","Robots operating in human-centered environments should have the ability to understand how objects function: what can be done with each object, where this interaction may occur, and how the object is used to achieve a goal. To this end, we propose a novel approach that extracts a self-supervised visual affordance model from human teleoperated play data and leverages it to enable efficient policy learning and motion planning. We combine model-based planning with model-free deep reinforcement learning (RL) to learn policies that favor the same object regions favored by people, while requiring minimal robot interactions with the environment. We evaluate our algorithm, Visual Affordance-guided Policy Optimization (VAPO), with both diverse simulation manipulation tasks and real world robot tidy-up experiments to demonstrate the effectiveness of our affordance-guided policies. We find that our policies train 4 × faster than the baselines and generalize better to novel objects because our visual affordance model can anticipate their affordance regions.","","978-1-7281-9681-7","10.1109/ICRA46639.2022.9811889","","https://ieeexplore.ieee.org/stamp/stamp.jsp?arnumber=9811889","","Visualization;Solid modeling;Three-dimensional displays;Shape;Affordances;Robot control;Planning","","31","","36","IEEE","12 Jul 2022","23-27 May 2022","23-27 May 2022","IEEE","IEEE Conferences"
"Offline Meta-Reinforcement Learning for Industrial Insertion","T. Z. Zhao; J. Luo; O. Sushkov; R. Pevceviciute; N. Heess; J. Scholz; S. Schaal; S. Levine","Work done as an intern at X, The Moonshot Factory, Mountain View, CA, USA; Intrinsic Innovation LLC, Mountain View, CA, USA; Deepmind, London, UK; Deepmind, London, UK; Deepmind, London, UK; Deepmind, London, UK; Work done as an intern at X, The Moonshot Factory, Mountain View, CA, USA; Google Brain, Mountain View, CA, USA",2022 International Conference on Robotics and Automation (ICRA),"12 Jul 2022","2022","","","6386","6393","Reinforcement learning (RL) can in principle let robots automatically adapt to new tasks, but current RL methods require a large number of trials to accomplish this. In this paper, we tackle rapid adaptation to new tasks through the framework of meta-learning, which utilizes past tasks to learn to adapt with a specific focus on industrial insertion tasks. Fast adaptation is crucial because prohibitively large number of on-robot trials will potentially damage hardware pieces. Additionally, effective adaptation is also feasible in that experience among different insertion applications can be largely leveraged by each other. In this setting, we address two specific challenges when applying meta-learning. First, conventional meta-RL algorithms require lengthy online meta-training. We show that this can be replaced with appropriately chosen offline data, resulting in an offline meta- RL method that only requires demonstrations and trials from each of the prior tasks, without the need to run costly meta-RL procedures online. Second, meta-RL methods can fail to generalize to new tasks that are too different from those seen at meta-training time, which poses a particular challenge in industrial applications, where high success rates are critical. We address this by combining contextual meta-learning with direct online finetuning: if the new task is similar to those seen in the prior data, then the contextual meta-learner adapts immediately, and if it is too different, it gradually adapts through finetuning. We show that our approach is able to quickly adapt to a variety of different insertion tasks, with a success rate of 100% using only a fraction of the samples needed for learning the tasks from scratch. Experiment videos and details are available at //sites.google.com/view/offline-metarl-insertion.https:","","978-1-7281-9681-7","10.1109/ICRA46639.2022.9812312","","https://ieeexplore.ieee.org/stamp/stamp.jsp?arnumber=9812312","","Automation;Service robots;Reinforcement learning;Hardware;Task analysis;Videos","","62","","49","IEEE","12 Jul 2022","23-27 May 2022","23-27 May 2022","IEEE","IEEE Conferences"
"Multi-Robot Persistent Environmental Monitoring Based on Constraint-Driven Execution of Learned Robot Tasks","G. Notomista; C. Pacchierotti; P. R. Giordano","CNRS, Univ Rennes, Inria, IRISA, Rennes, France; CNRS, Univ Rennes, Inria, IRISA, Rennes, France; CNRS, Univ Rennes, Inria, IRISA, Rennes, France",2022 International Conference on Robotics and Automation (ICRA),"12 Jul 2022","2022","","","6853","6859","This paper considers a multi-robot team tasked with monitoring an environmental field of interest over long time horizons. The approach is based on a control-theoretic measure of the information collected by the robots, namely a norm of the constructability Gramian. This measure is leveraged in order to learn a distributed multi-robot control policy using the reinforcement learning paradigm. The learned policy is then combined with energy constraints using the constraint-driven control framework in order to achieve persistent environmental monitoring. The proposed approach is tested in a simulated multi-robot persistent environmental monitoring scenario where a team of robots with limited availability of energy is to be controlled in a coordinated fashion in order to estimate the concentration of a gas diffusing in the environment.","","978-1-7281-9681-7","10.1109/ICRA46639.2022.9811673","ANR(grant numbers:ANR-20-CHIA-0017); ","https://ieeexplore.ieee.org/stamp/stamp.jsp?arnumber=9811673","","Automation;Robot kinematics;Estimation;Reinforcement learning;Control theory;Batteries;Environmental monitoring","","14","","27","IEEE","12 Jul 2022","23-27 May 2022","23-27 May 2022","IEEE","IEEE Conferences"
"Human-Guided Motion Planning in Partially Observable Environments","C. Quintero-Peña; C. Chamzas; Z. Sun; V. Unhelkar; L. E. Kavraki","Department of Computer Science, Rice University, Houston, TX, USA; Department of Computer Science, Rice University, Houston, TX, USA; Department of Computer Science, Rice University, Houston, TX, USA; Department of Computer Science, Rice University, Houston, TX, USA; Department of Computer Science, Rice University, Houston, TX, USA",2022 International Conference on Robotics and Automation (ICRA),"12 Jul 2022","2022","","","7226","7232","Motion planning is a core problem in robotics, with a range of existing methods aimed to address its diverse set of challenges. However, most existing methods rely on complete knowledge of the robot environment; an assumption that seldom holds true due to inherent limitations of robot perception. To enable tractable motion planning for high-DOF robots under partial observability, we introduce BLIND, an algorithm that leverages human guidance. BLIND utilizes inverse reinforcement learning to derive motion-level guidance from human critiques. The algorithm overcomes the computational challenge of reward learning for high-DOF robots by projecting the robot's continuous configuration space to a motion-planner-guided discrete task model. The learned reward is in turn used as guidance to generate robot motion using a novel motion planner. We demonstrate BLIND using the Fetch robot and perform two simulation experiments with partial observability. Our experiments demonstrate that, despite the challenge of partial observability and high dimensionality, BLIND is capable of generating safe robot motion and outperforms baselines on metrics of teaching efficiency, success rate, and path quality.","","978-1-7281-9681-7","10.1109/ICRA46639.2022.9811893","NSF(grant numbers:2008720,1718478); ","https://ieeexplore.ieee.org/stamp/stamp.jsp?arnumber=9811893","","Robot motion;Measurement;Automation;Computational modeling;Education;Reinforcement learning;Planning","","4","","39","IEEE","12 Jul 2022","23-27 May 2022","23-27 May 2022","IEEE","IEEE Conferences"
"HR-Planner: A Hierarchical Highway Tactical Planner based on Residual Reinforcement Learning","H. Wu; Y. Li; H. Zhuang; C. Wang; M. Yang","Department of Automation, Shanghai Jiao Tong University, Shanghai; Department of Automation, Shanghai Jiao Tong University, Shanghai; University of Michigan-Shanghai Jiao Tong University Joint Institute, Shanghai Jiao Tong University, Shanghai, China; Department of Automation, Shanghai Jiao Tong University, Shanghai; Department of Automation, Shanghai Jiao Tong University, Shanghai",2022 International Conference on Robotics and Automation (ICRA),"12 Jul 2022","2022","","","7263","7269","Tactical planning is crucial for safe and efficient driving on the highway. However, the problem is complicated by the uncertain intention of surrounding vehicles, as well as observation noise caused by measurement noise and perception errors. Rule-based tactical planning methods are ineffective in handling dynamic scenarios with uncertainty, and susceptible to observation noise. To tackle this problem, we propose a hierarchical tactical planning framework based on residual reinforcement learning. Besides, a new reinforcement learning from demonstrations scheme that views rule-based methods as soft guidance is developed to combine prior knowledge with data-driven methods. Based on the framework and the training scheme, rule-based methods not only can be improved in highway scenarios with uncertainty and observation noise, but also will guide the training procedure for increased sampling efficiency. Additionally, to boost in-depth and consistent exploration in a vehicle system with inertia, we employ noisy networks to explore the optimal policy. The proposed method is validated in a stochastic and uncertain simulation environment, and the results reveal that our method outperforms both rule-based methods and pure data-driven methods in terms of safety and driving efficiency under noisy observations and uncertainty.","","978-1-7281-9681-7","10.1109/ICRA46639.2022.9812400","","https://ieeexplore.ieee.org/stamp/stamp.jsp?arnumber=9812400","","Road transportation;Training;Uncertainty;Automation;Measurement uncertainty;Reinforcement learning;Planning","","3","","34","IEEE","12 Jul 2022","23-27 May 2022","23-27 May 2022","IEEE","IEEE Conferences"
"Safe multi-agent motion planning via filtered reinforcement learning","A. P. Vinod; S. Safaoui; A. Chakrabarty; R. Quirynen; N. Yoshikawa; S. Di Cairano","Mitsubishi Electric Research Laboratories, Cambridge, MA, USA; Mitsubishi Electric Research Laboratories, Cambridge, MA, USA; Mitsubishi Electric Research Laboratories, Cambridge, MA, USA; Mitsubishi Electric Research Laboratories, Cambridge, MA, USA; Mitsubishi Electric Corporation, Japan; Mitsubishi Electric Research Laboratories, Cambridge, MA, USA",2022 International Conference on Robotics and Automation (ICRA),"12 Jul 2022","2022","","","7270","7276","We study the problem of safe multi-agent motion planning in cluttered environments. Existing multi-agent reinforcement learning-based motion planners only provide approximate safety enforcement. We propose a safe reinforcement learning algorithm that leverages single-agent reinforcement learning for target regulation and a subsequent convex optimization-based filtering that ensures the collective safety of the system. Our approach yields a safe, real-time implementable multi-agent motion planner that is simpler to train and enforces safety as hard constraints. Our approach can handle state and control constraints on the agents, and enforce collision avoidance among themselves and with static obstacles in the environment. Numerical simulations and hardware experiments show the efficacy of the approach.","","978-1-7281-9681-7","10.1109/ICRA46639.2022.9812259","","https://ieeexplore.ieee.org/stamp/stamp.jsp?arnumber=9812259","","Filtering;Reinforcement learning;Numerical simulation;Real-time systems;Regulation;Hardware;Safety","","20","","26","IEEE","12 Jul 2022","23-27 May 2022","23-27 May 2022","IEEE","IEEE Conferences"
"Interactive Human-in-the-loop Coordination of Manipulation Skills Learned from Demonstration","M. Guo; M. Bürger","College of Engineering, Peking University, China; Bosch Center for Artificial Intelligence (BCAI), Germany",2022 International Conference on Robotics and Automation (ICRA),"12 Jul 2022","2022","","","7292","7298","Learning from demonstration (LfD) provides a fast, intuitive and efficient framework to program robot skills, which has gained growing interest both in research and industrial applications. Most complex manipulation tasks are long-term and involve a set of skill primitives. Thus it is crucial to have a reliable coordination scheme that selects the correct sequence of skill primitive and the correct parameters for each skill, under various scenarios. Instead of relying on a precise simulator, this work proposes a human-in-the-loop coordination framework for LfD skills that: builds parameterized skill models from kinesthetic demonstrations; constructs a geometric task network (GTN) on-the-fly from human instructions; learns a hierarchical control policy incrementally during execution. This framework can reduce significantly the manual design efforts, while improving the adaptability to new scenes. We show on a 7-DoF robotic manipulator that the proposed approach can teach complex industrial tasks such as bin sorting and assembly in less than 30 minutes.","","978-1-7281-9681-7","10.1109/ICRA46639.2022.9811813","","https://ieeexplore.ieee.org/stamp/stamp.jsp?arnumber=9811813","","Automation;Service robots;Robot kinematics;Education;Manuals;Manipulators;Human in the loop","","2","","28","IEEE","12 Jul 2022","23-27 May 2022","23-27 May 2022","IEEE","IEEE Conferences"
"APF-RL: Safe Mapless Navigation in Unknown Environments","K. Bektaş; H. I. Bozma","Intelligent Systems Laboratory, Electrical & Electronics Engineering, Boğaziçi University, Istanbul, Turkey; Intelligent Systems Laboratory, Electrical & Electronics Engineering, Boğaziçi University, Istanbul, Turkey",2022 International Conference on Robotics and Automation (ICRA),"12 Jul 2022","2022","","","7299","7305","This paper is focused on safe mapless navigation of mobile robots in unknown and possibly complex environments containing both internal and dynamic obstacles. We present a novel modular approach that combines the strengths of artificial potential functions (APF) with deep reinforcement learning. Differing from related work, the robot learns how to adjust the two input parameters of the APF controller as necessary through soft actor-critic algorithm. Environmental complexity measures are introduced in order to ensure that the robot's training covers a range of learning scenarios that vary in regard to maneuvering difficulty. Our experimental results show that differing from the classical navigation methods and end-to-end models, the robot can navigate successfully on its own even in complex scenarios with moving entities without requiring any maps.","","978-1-7281-9681-7","10.1109/ICRA46639.2022.9811537","The Scientific and Technological Research Council of Turkey (TUBITAK)(grant numbers:118E857); ","https://ieeexplore.ieee.org/stamp/stamp.jsp?arnumber=9811537","","Training;Three-dimensional displays;Automation;Navigation;Heuristic algorithms;Reinforcement learning;Complexity theory","","17","","39","IEEE","12 Jul 2022","23-27 May 2022","23-27 May 2022","IEEE","IEEE Conferences"
"Learning Design and Construction with Varying-Sized Materials via Prioritized Memory Resets","Y. Li; T. Kong; L. Li; Y. Wu","Institute for Interdisciplinary Information Sciences, Tsinghua University, Beijing, China; ByteDance AI Lab, Beijing, China; University of California, Santa Barbara; Institute for Interdisciplinary Information Sciences, Tsinghua University, Beijing, China",2022 International Conference on Robotics and Automation (ICRA),"12 Jul 2022","2022","","","7469","7476","Can a robot autonomously learn to design and construct a bridge from varying-sized blocks without a blueprint? It is a challenging task with long horizon and sparse reward - the robot has to figure out physically stable design schemes and feasible actions to manipulate and transport blocks. Due to diverse block sizes, the state space and action trajectories are vast to explore. In this paper, we propose a hierarchical approach for this problem. It consists of a reinforcement-learning designer to propose high-level building instructions and a motion-planning-based action generator to manipulate blocks at the low level. For high-level learning, we develop a novel technique, prioritized memory resetting (PMR) to improve exploration. PMR adaptively resets the state to those most critical configurations from a replay buffer so that the robot can resume training on partial architectures instead of from scratch. Furthermore, we augment PMR with auxiliary training objectives and fine-tune the designer with the locomotion generator. Our experiments in simulation and on a real deployed robotic system demonstrate that it is able to effectively construct bridges with blocks of varying sizes at a high success rate. Demos can be found at https://sites.google.com/view/bridge-pmr.","","978-1-7281-9681-7","10.1109/ICRA46639.2022.9811624","","https://ieeexplore.ieee.org/stamp/stamp.jsp?arnumber=9811624","","Bridges;Training;Representation learning;Adaptation models;Automation;Buildings;Generators","","3","","44","IEEE","12 Jul 2022","23-27 May 2022","23-27 May 2022","IEEE","IEEE Conferences"
"Augmenting Reinforcement Learning with Behavior Primitives for Diverse Manipulation Tasks","S. Nasiriany; H. Liu; Y. Zhu",The University of Texas at Austin; The University of Texas at Austin; The University of Texas at Austin,2022 International Conference on Robotics and Automation (ICRA),"12 Jul 2022","2022","","","7477","7484","Realistic manipulation tasks require a robot to interact with an environment with a prolonged sequence of motor actions. While deep reinforcement learning methods have recently emerged as a promising paradigm for automating manipulation behaviors, they usually fall short in long-horizon tasks due to the exploration burden. This work introduces Manipulation Primitive-augmented reinforcement Learning (MAPLE), a learning framework that augments standard reinforcement learning algorithms with a pre-defined library of behavior primitives. These behavior primitives are robust functional modules specialized in achieving manipulation goals, such as grasping and pushing. To use these heterogeneous primitives, we develop a hierarchical policy that involves the primitives and instantiates their executions with input parameters. We demonstrate that MAPLE out-performs baseline approaches by a significant margin on a suite of simulated manipulation tasks. We also quantify the compositional structure of the learned behaviors and highlight our method's ability to transfer policies to new task variants and to physical hardware. Videos and code are available at https://ut-austin-rpl.github.io/maple","","978-1-7281-9681-7","10.1109/ICRA46639.2022.9812140","NSF(grant numbers:CNS-1955523); ","https://ieeexplore.ieee.org/stamp/stamp.jsp?arnumber=9812140","","Scalability;Reinforcement learning;Grasping;Libraries;Hardware;Behavioral sciences;Task analysis","","86","","71","IEEE","12 Jul 2022","23-27 May 2022","23-27 May 2022","IEEE","IEEE Conferences"
"Off Environment Evaluation Using Convex Risk Minimization","P. Katdare; S. Liu; K. D. Campbell","Department of Electrical and Computer Engineering, University of Illinois at Urbana-Champaign, Champaign, IL; Department of Electrical and Computer Engineering, University of Illinois at Urbana-Champaign, Champaign, IL; Department of Electrical and Computer Engineering, University of Illinois at Urbana-Champaign, Champaign, IL",2022 International Conference on Robotics and Automation (ICRA),"12 Jul 2022","2022","","","7485","7491","Applying reinforcement learning (RL) methods on robots typically involves training a policy in simulation and deploying it on a robot in the real world. Because of the model mismatch between the real world and the simulator, RL agents deployed in this manner tend to perform suboptimally. To tackle this problem, researchers have developed robust policy learning algorithms that rely on synthetic noise disturbances. However, such methods do not guarantee performance in the target environment. We propose a convex risk minimization algorithm to estimate the model mismatch between the simulator and the target domain using trajectory data from both environments. We show that this estimator can be used along with the simulator to evaluate performance of an RL agents in the target domain, effectively bridging the gap between these two environments. We also show that the convergence rate of our estimator to be of the order of $n^{-1/4}$, where $n$ is the number of training samples. In simulation, we demonstrate how our method effectively approximates and evaluates performance on Gridworld, Cartpole, and Reacher environments on a range of policies. We also show that the our method is able to estimate performance of a 7 DOF robotic arm using the simulator and remotely collected data from the robot in the real world.","","978-1-7281-9681-7","10.1109/ICRA46639.2022.9812026","","https://ieeexplore.ieee.org/stamp/stamp.jsp?arnumber=9812026","","Training;Automation;Reinforcement learning;Manipulators;Data models;Trajectory;Risk management","","","","34","IEEE","12 Jul 2022","23-27 May 2022","23-27 May 2022","IEEE","IEEE Conferences"
"RAPID-RL: A Reconfigurable Architecture with Preemptive-Exits for Efficient Deep-Reinforcement Learning","A. K. Kosta; M. A. Anwar; P. Panda; A. Raychowdhury; K. Roy","Purdue University, West Lafayette, IN, USA; Georgia Institute of Technology, Atlanta, GA, USA; Yale University, New Haven, CT, USA; Georgia Institute of Technology, Atlanta, GA, USA; Purdue University, West Lafayette, IN, USA",2022 International Conference on Robotics and Automation (ICRA),"12 Jul 2022","2022","","","7492","7498","Present-day Deep Reinforcement Learning (RL) systems show great promise towards building intelligent agents surpassing human-level performance. However, the computational complexity associated with the underlying deep neural networks (DNNs) leads to power-hungry implementations. This makes deep RL systems unsuitable for deployment on resource-constrained edge devices. To address this challenge, we propose a reconfigurable architecture with preemptive exits for effi-cient deep RL (RAPID-RL). RAPID-RL enables conditional activation of DNN layers based on the difficulty level of inputs. This allows to dynamically adjust the compute effort during inference while maintaining competitive performance. We achieve this by augmenting a deep Q-network (DQN) with side-branches capable of generating intermediate predictions along with an associated confidence score. We also propose a novel training methodology for learning the actions and branch confidence scores in a dynamic RL setting. Our experiments evaluate the proposed framework for Atari 2600 gaming tasks and a realistic Drone navigation task on an open-source drone simulator (PEDRA). We show that RAPID-RL incurs 0.34 × (0.25 ×) number of operations (OPS) while maintaining performance above 0.88 × (0.91 ×) on Atari (Drone navigation) tasks, compared to a baseline-DQN without any side-branches. The reduction in OPS leads to fast and efficient inference, proving to be highly beneficial for the resource-constrained edge where making quick decisions with minimal compute is essential.","","978-1-7281-9681-7","10.1109/ICRA46639.2022.9812320","","https://ieeexplore.ieee.org/stamp/stamp.jsp?arnumber=9812320","","Performance evaluation;Training;Q-learning;Navigation;Neural networks;Reconfigurable architectures;Task analysis","","6","","28","IEEE","12 Jul 2022","23-27 May 2022","23-27 May 2022","IEEE","IEEE Conferences"
"Concurrent Policy Blending and System Identification for Generalized Assistive Control","L. Bhan; M. Quinones-Grueiro; G. Biswas","Vanderbilt University, Nashville, TN; Vanderbilt University, Nashville, TN; Vanderbilt University, Nashville, TN",2022 International Conference on Robotics and Automation (ICRA),"12 Jul 2022","2022","","","7499","7504","In this work, we address the problem of solving complex collaborative robotic tasks subject to multiple varying parameters. Our approach combines simultaneous policy blending with system identification to create generalized policies that are robust to changes in system parameters. We employ a blending network whose state space relies solely on parameter estimates from a system identification technique. As a result, this blending network learns how to handle parameter changes instead of trying to learn how to solve the task for a generalized parameter set simultaneously. We demonstrate our scheme's ability on a collaborative robot and human itching task in which the human has motor impairments. We then showcase our approach's efficiency with a variety of system identification techniques when compared to standard domain randomization. The code is available on Luke Bhan's Github.","","978-1-7281-9681-7","10.1109/ICRA46639.2022.9811672","","https://ieeexplore.ieee.org/stamp/stamp.jsp?arnumber=9811672","","Codes;Automation;Collaboration;System identification;Task analysis;Robots;Standards","","1","","19","IEEE","12 Jul 2022","23-27 May 2022","23-27 May 2022","IEEE","IEEE Conferences"
"ASHA: Assistive Teleoperation via Human-in-the-Loop Reinforcement Learning","S. Chen; J. Gao; S. Reddy; G. Berseth; A. D. Dragan; S. Levine","University of California, Berkeley; University of California, Berkeley; University of California, Berkeley; University of California, Berkeley; University of California, Berkeley; University of California, Berkeley",2022 International Conference on Robotics and Automation (ICRA),"12 Jul 2022","2022","","","7505","7512","Building assistive interfaces for controlling robots through arbitrary, high-dimensional, noisy inputs (e.g., webcam images of eye gaze) can be challenging, especially when it involves inferring the user's desired action in the absence of a natural ‘default’ interface. Reinforcement learning from online user feedback on the system's performance presents a natural solution to this problem, and enables the interface to adapt to individual users. However, this approach tends to require a large amount of human-in-the-loop training data, especially when feedback is sparse. We propose a hierarchical solution that learns efficiently from sparse user feedback: we use offline pre-training to acquire a latent embedding space of useful, high-level robot behaviors, which, in turn, enables the system to focus on using online user feedback to learn a mapping from user inputs to desired high-level behaviors. The key insight is that access to a pre-trained policy enables the system to learn more from sparse rewards than a naïve RL algorithm: using the pre-trained policy, the system can make use of successful task executions to relabel, in hindsight, what the user actually meant to do during unsuccessful executions. We evaluate our method primarily through a user study with 12 participants who perform tasks in three simulated robotic manipulation domains using a webcam and their eye gaze: flipping light switches, opening a shelf door to reach objects inside, and rotating a valve. The results show that our method successfully learns to map 128-dimensional gaze features to 7-dimensional joint torques from sparse rewards in under 10 minutes of online training, and seamlessly helps users who employ different gaze strategies, while adapting to distributional shift in webcam inputs, tasks, and environments","","978-1-7281-9681-7","10.1109/ICRA46639.2022.9812442","NSF(grant numbers:IIS-1651843); ","https://ieeexplore.ieee.org/stamp/stamp.jsp?arnumber=9812442","","Training;Webcams;System performance;Training data;Reinforcement learning;Valves;Human in the loop","","13","","65","IEEE","12 Jul 2022","23-27 May 2022","23-27 May 2022","IEEE","IEEE Conferences"
"Latent Imagination Facilitates Zero-Shot Transfer in Autonomous Racing","A. Brunnbauer; L. Berducci; A. Brandstátter; M. Lechner; R. Hasani; D. Rus; R. Grosu","CPS, Technische Universitát Wien (TU Wien), Austria; CPS, Technische Universitát Wien (TU Wien), Austria; CPS, Technische Universitát Wien (TU Wien), Austria; Institute of Science and Technology Austria (IST Austria); CSAIL, Massachusetts Institute of Technology (MIT), MA, USA; CSAIL, Massachusetts Institute of Technology (MIT), MA, USA; CPS, Technische Universitát Wien (TU Wien), Austria",2022 International Conference on Robotics and Automation (ICRA),"12 Jul 2022","2022","","","7513","7520","World models learn behaviors in a latent imagination space to enhance the sample-efficiency of deep reinforcement learning (RL) algorithms. While learning world models for high-dimensional observations (e.g., pixel inputs) has become practicable on standard RL benchmarks and some games, their effectiveness in real-world robotics applications has not been explored. In this paper, we investigate how such agents generalize to real-world autonomous vehicle control tasks, where advanced model-free deep RL algorithms fail. In particular, we set up a series of time-lap tasks for an F1TENTH racing robot, equipped with a high-dimensional LiDAR sensor, on a set of test tracks with a gradual increase in their complexity. In this continuous-control setting, we show that model-based agents capable of learning in imagination substantially outperform model-free agents with respect to performance, sample efficiency, successful task completion, and generalization. Moreover, we show that the generalization ability of model-based agents strongly depends on the choice of their observation model. We provide extensive empirical evidence for the effectiveness of world models provided with long enough memory horizons in sim2real tasks.","","978-1-7281-9681-7","10.1109/ICRA46639.2022.9811650","Austrian Science Fund (FWF)(grant numbers:Z211-N23); Boeing Company; Office of Naval Research (ONR)(grant numbers:N00014-18-1-2830); ","https://ieeexplore.ieee.org/stamp/stamp.jsp?arnumber=9811650","","Adaptation models;Laser radar;Reinforcement learning;Games;Benchmark testing;Robot sensing systems;Complexity theory","","37","","62","IEEE","12 Jul 2022","23-27 May 2022","23-27 May 2022","IEEE","IEEE Conferences"
"Graph-based Cluttered Scene Generation and Interactive Exploration using Deep Reinforcement Learning","K. N. Kumar; I. Essa; S. Ha",Georgia Institute of Technology; Georgia Institute of Technology; Georgia Institute of Technology,2022 International Conference on Robotics and Automation (ICRA),"12 Jul 2022","2022","","","7521","7527","We introduce a novel method to teach a robotic agent to interactively explore cluttered yet structured scenes, such as kitchen pantries and grocery shelves, by leveraging the physical plausibility of the scene. We propose a novel learning framework to train an effective scene exploration policy to discover hidden objects with minimal interactions. First, we define a novel scene grammar to represent structured clutter. Then we train a Graph Neural Network (GNN) based Scene Generation agent using deep reinforcement learning (deep RL), to manipulate this Scene Grammar to create a diverse set of stable scenes, each containing multiple hidden objects. Given such cluttered scenes, we then train a Scene Exploration agent, using deep RL, to uncover hidden objects by interactively rearranging the scene. We show that our learned agents hide and discover significantly more objects than the baselines. We present quantitative results that prove the generalization capabilities of our agents. We also demonstrate sim-to-real transfer by successfully deploying the learned policy on a real UR10 robot to explore real-world cluttered scenes. The supplemental video can be found at: https://www.youtube.com/watch?v=T2Jo7wwaXss.","","978-1-7281-9681-7","10.1109/ICRA46639.2022.9811874","","https://ieeexplore.ieee.org/stamp/stamp.jsp?arnumber=9811874","","Training;Automation;Scalability;Reinforcement learning;Graph neural networks;Grammar;Clutter","","9","","42","IEEE","12 Jul 2022","23-27 May 2022","23-27 May 2022","IEEE","IEEE Conferences"
"Validate on Sim, Detect on Real - Model Selection for Domain Randomization","G. Leibovich; G. Jacob; S. Endrawis; G. Novik; A. Tamar",Intel Labs; Intel Labs; Intel Labs; Intel Labs; Technion - Israel Institute of Technology,2022 International Conference on Robotics and Automation (ICRA),"12 Jul 2022","2022","","","7528","7535","A practical approach to learning robot skills, often termed sim2real, is to train control policies in simulation and then deploy them on a real robot. Popular sim2real techniques build on domain randomization (DR) - training the policy on diverse randomly generated domains for better generalization to the real world. Due to the large number of hyper-parameters in both the policy learning and DR algorithms, one often ends up with a large number of trained policies, where choosing the best policy among them demands costly evaluation on the real robot. In this work we ask - can we rank the policies without running them in the real world? Our main idea is that a predefined set of real world data can be used to evaluate all policies, using out-of-distribution detection (OOD) techniques. In a sense, this approach can be seen as a ‘unit test’ to evaluate policies before any real world execution. However, we find that by itself, the OOD score can be inaccurate and very sensitive to the particular OOD method. Our main contribution is a simple-yet-effective policy score that combines OOD with an evaluation in simulation. We show that our score - VSDR - can significantly improve the accuracy of policy ranking without requiring additional real world data. We evaluate the effectiveness of VSDR on sim2real transfer in a robotic grasping task with image inputs. We extensively evaluate different DR parameters and OOD methods, and show that VSDR improves policy selection across the board. More importantly, our method achieves significantly better ranking, and uses significantly less data compared to baselines. Project website is at https://sites.google.com/view/vsdr/home","","978-1-7281-9681-7","10.1109/ICRA46639.2022.9811621","Silicon Valley Community Foundation; Intel Corporation; ","https://ieeexplore.ieee.org/stamp/stamp.jsp?arnumber=9811621","","Training;Visualization;Automation;Friction;Grasping;Robot sensing systems;Task analysis","","2","","38","IEEE","12 Jul 2022","23-27 May 2022","23-27 May 2022","IEEE","IEEE Conferences"
"Promoting Quality and Diversity in Population-based Reinforcement Learning via Hierarchical Trajectory Space Exploration","J. Miao; T. Zhou; K. Shao; M. Zhou; W. Zhang; J. Hao; Y. Yu; J. Wang","Shanghai Jiao Tong University; Beijing Institute of Technology; Noah's Ark Lab, Huawei Technologies; Shanghai Jiao Tong University; Shanghai Jiao Tong University; Noah's Ark Lab, Huawei Technologies; Shanghai Jiao Tong University; University College London",2022 International Conference on Robotics and Automation (ICRA),"12 Jul 2022","2022","","","7544","7550","Quality Diversity (QD) algorithms in population-based reinforcement learning aim to optimize agents' returns and diversity among the population simultaneously. It is conducive to solving exploration problems in reinforcement learning and potentially getting multiple good and diverse strategies. However, previous methods typically define behavioral embedding in action space or outcome space, which neglect trajectory characteristics during the execution process. In this paper, we introduce a trajectory embedding model trained by Variational Autoencoder with similarity constraint to characterize trajectory features. Based on that, we propose a hierarchical trajectory-space exploration (HTSE) framework using Determinantal Point Processes (DPP) to generate high-quality and diverse solutions in the selection and mutation process. The experimental results show that our HTSE method effectively completes several simulated tasks, outperforming other Quality-Diversity Reinforcement Learning algorithms.","","978-1-7281-9681-7","10.1109/ICRA46639.2022.9811888","","https://ieeexplore.ieee.org/stamp/stamp.jsp?arnumber=9811888","","Automation;Sociology;Reinforcement learning;Trajectory;Space exploration;Behavioral sciences;Task analysis","","","","32","IEEE","12 Jul 2022","23-27 May 2022","23-27 May 2022","IEEE","IEEE Conferences"
"3D Perception based Imitation Learning under Limited Demonstration for Laparoscope Control in Robotic Surgery","B. Li; R. Wei; J. Xu; B. Lu; C. H. Yee; C. F. Ng; P. -A. Heng; Q. Dou; Y. -H. Liu","The Department of Mechanical and Automation Engineering, T stone Robotics Institute, The Chinese University of Hong Kong; Department of Biomedical Engineering, City University of Hong Kong, Hong Kong; Department of Computer Science and Engineering, The Chinese University of Hong Kong; The Department of Mechanical and Automation Engineering, T stone Robotics Institute, The Chinese University of Hong Kong; Department of Surgery, SH Ho Urology Centre, The Chinese University of Hong Kong; Department of Surgery, SH Ho Urology Centre, The Chinese University of Hong Kong; Department of Computer Science and Engineering, The Chinese University of Hong Kong; Department of Computer Science and Engineering, The Chinese University of Hong Kong; The Department of Mechanical and Automation Engineering, T stone Robotics Institute, The Chinese University of Hong Kong",2022 International Conference on Robotics and Automation (ICRA),"12 Jul 2022","2022","","","7664","7670","Automatic laparoscope motion control is fundamentally important for surgeons to efficiently perform operations. However, its traditional control methods based on tool tracking without considering information hidden in surgical scenes are not intelligent enough, while the latest supervised imitation learning (IL)-based methods require expensive sensor data and suffer from distribution mismatch issues caused by limited demonstrations. In this paper, we propose a novel Imitation Learning framework for Laparoscope Control (ILLC) with reinforcement learning (RL), which can efficiently learn the control policy from limited surgical video clips. Specially, we first extract surgical laparoscope trajectories from unlabeled videos as the demonstrations and reconstruct the corresponding surgical scenes. To fully learn from limited motion trajectory demonstrations, we propose Shape Preserving Trajectory Augmentation (SPTA) to augment these data, and build a simulation environment that supports parallel RGB-D rendering to reinforce the RL policy for interacting with the environment efficiently. With adversarial training for IL, we obtain the laparoscope control policy based on the generated rollouts and surgical demonstrations. Extensive experiments are conducted in unseen reconstructed surgical scenes, and our method outperforms the previous IL methods, which proves the feasibility of our unified learning-based framework for laparoscope control.","","978-1-7281-9681-7","10.1109/ICRA46639.2022.9812010","","https://ieeexplore.ieee.org/stamp/stamp.jsp?arnumber=9812010","","Laparoscopes;Training;Three-dimensional displays;Tracking;Shape;Surgery;Reinforcement learning","","20","","31","IEEE","12 Jul 2022","23-27 May 2022","23-27 May 2022","IEEE","IEEE Conferences"
"Human-Robot Shared Control for Surgical Robot Based on Context-Aware Sim-to-Real Adaptation","D. Zhang; Z. Wu; J. Chen; R. Zhu; A. Munawar; B. Xiao; Y. Guan; H. Su; W. Hong; Y. Guo; G. S. Fischer; B. Lo; G. -Z. Yang","Department of Engineering Mathematics, University of Bristol, United Kingdom; Hamlyn Centre for Robotic Surgery, Imperial College London, United Kingdom; Hamlyn Centre for Robotic Surgery, Imperial College London, United Kingdom; Hamlyn Centre for Robotic Surgery, Imperial College London, United Kingdom; Worcester Polytechnic Institute, USA; Hamlyn Centre for Robotic Surgery, Imperial College London, United Kingdom; Bristol Robotics Lab, United Kingdom; Department of Electronics, Polytechnic University of Milan, Italy; Institute of Medical Robotics, Shanghai Jiao Tong University, China; Institute of Medical Robotics, Shanghai Jiao Tong University, China; Worcester Polytechnic Institute, USA; Department of Engineering Mathematics, University of Bristol, United Kingdom; Institute of Medical Robotics, Shanghai Jiao Tong University, China",2022 International Conference on Robotics and Automation (ICRA),"12 Jul 2022","2022","","","7694","7700","Human-robot shared control, which integrates the advantages of both humans and robots, is an effective approach to facilitate efficient surgical operation. Learning from demonstration (LfD) techniques can be used to automate some of the surgical sub tasks for the construction of the shared control mechanism. However, a sufficient amount of data is required for the robot to learn the manoeuvres. Using a surgical simulator to collect data is a less resource-demanding approach. With sim-to-real adaptation, the manoeuvres learned from a simulator can be transferred to a physical robot. To this end, we propose a sim-to-real adaptation method to construct a human-robot shared control framework for robotic surgery. In this paper, a desired trajectory is generated from a simulator using LfD method, while dynamic motion primitives (DMP) is used to transfer the desired trajectory from the simulator to the physical robotic platform. Moreover, a role adaptation mechanism is developed such that the robot can adjust its role according to the surgical operation contexts predicted by a neural network model. The effectiveness of the proposed framework is validated on the da Vinci Research Kit (dVRK). Results of the user studies indicated that with the adaptive human-robot shared control framework, the path length of the remote controller, the total clutching number and the task completion time can be reduced significantly. The proposed method outperformed the traditional manual control via teleoperation.","","978-1-7281-9681-7","10.1109/ICRA46639.2022.9812379","","https://ieeexplore.ieee.org/stamp/stamp.jsp?arnumber=9812379","","Training;Adaptation models;Medical robotics;Neural networks;Human factors;Machine learning;Predictive models","","56","","29","IEEE","12 Jul 2022","23-27 May 2022","23-27 May 2022","IEEE","IEEE Conferences"
"Deep Curiosity Driven Multicamera 3D Viewpoint Adjustment for Robot-Assisted Minimally Invasive Surgery","Y. -H. Su; H. Zhang; W. Jiang; K. Ngo; K. Huang","Department of Computer Science, Mount Holyoke College, South Hadley, MA, USA; Department of Computer Science, Mount Holyoke College, South Hadley, MA, USA; Department of Computer Science, Mount Holyoke College, South Hadley, MA, USA; Department of Computer Science, Mount Holyoke College, South Hadley, MA, USA; Dept. of Engineering, Trinity College, Hartford, CT, USA",2022 International Conference on Robotics and Automation (ICRA),"12 Jul 2022","2022","","","7724","7730","Maneuverable multicamera systems offer potential benefits in abdominal minimally-invasive procedures, including multi-view scene reconstruction and optimal viewpoint capture. Effective autonomous movement and re-positioning of such systems, however, remains an open challenge due to dynamic motion constraints, deforming surgical scenes, and visual artifacts such as motion blur, specular reflections, and blood stains [1]. Despite these existing roadblocks, multicamera systems have been used both to provide surgeons with stable and analytically optimized viewpoints [2] and to enable 3D surgical scene reconstruction [3] that directly contributes towards the possibility of task autonomy [4] and AR-enhanced surgical procedures [5]. These methods, however, often require extensive, high-dimensional continuous data sets, and may not value scene discovery. To that end, this project presents a novel curiosity driven multicamera viewpoint adjustment framework, Ac, that aims to simultaneously (a) explore and maximize weighted 3D reconstructable coverage; (b) limit unnecessary camera motion; and (c) relieve data-intensiveness through dimension-reduced state representations. The developed algorithms are comparatively evaluated against three baseline methods on simulated surgical sequences, and results demonstrate performance enhancements with the presented methods.","","978-1-7281-9681-7","10.1109/ICRA46639.2022.9812413","National Science Foundation(grant numbers:IIS-2101107); ","https://ieeexplore.ieee.org/stamp/stamp.jsp?arnumber=9812413","robot-assisted surgery;multirobot systems;reinforcement learning;3D reconstruction","Training;Visualization;Three-dimensional displays;Robot vision systems;Reinforcement learning;Cameras;Reflection","","2","","38","IEEE","12 Jul 2022","23-27 May 2022","23-27 May 2022","IEEE","IEEE Conferences"
"Learning Interactive Driving Policies via Data-driven Simulation","T. -H. Wang; A. Amini; W. Schwarting; I. Gilitschenski; S. Karaman; D. Rus","Department of Electrical Engineering and Computer Science, Massachusetts Institute of Technology (MIT).; Department of Electrical Engineering and Computer Science, Massachusetts Institute of Technology (MIT).; Department of Electrical Engineering and Computer Science, Massachusetts Institute of Technology (MIT).; Department of Computer Science, University of Toronto and Toyota Research Institute (TRI).; Department of Electrical Engineering and Computer Science, Massachusetts Institute of Technology (MIT).; Department of Electrical Engineering and Computer Science, Massachusetts Institute of Technology (MIT).",2022 International Conference on Robotics and Automation (ICRA),"12 Jul 2022","2022","","","7745","7752","Data-driven simulators promise high data-efficiency for driving policy learning. When used for modelling interactions, this data-efficiency becomes a bottleneck: small underlying datasets often lack interesting and challenging edge cases for learning interactive driving. We address this challenge by proposing a data-driven simulation engine† that uses inpainted ado vehicles for learning robust driving policies. Thus, our approach can be used to learn policies that involve multi-agent interactions and allows for training via state-of-the-art policy learning methods. We evaluate the approach for learning standard interaction scenarios in driving. In extensive experiments, our work demonstrates that the resulting policies can be directly transferred to a full-scale autonomous vehicle without making use of any traditional sim-to-real transfer techniques such as domain randomization.","","978-1-7281-9681-7","10.1109/ICRA46639.2022.9812407","","https://ieeexplore.ieee.org/stamp/stamp.jsp?arnumber=9812407","","Training;Learning systems;Analytical models;Automation;Data models;Complexity theory;Task analysis","","18","","62","IEEE","12 Jul 2022","23-27 May 2022","23-27 May 2022","IEEE","IEEE Conferences"
"Deep Drifting: Autonomous Drifting of Arbitrary Trajectories using Deep Reinforcement Learning","F. Domberg; C. C. Wembers; H. Patel; G. Schildbach","Institute for Electrical Engineering in Medicine, University of Lübeck, Lübeck, Germany; Institute for Electrical Engineering in Medicine, University of Lübeck, Lübeck, Germany; Institute for Electrical Engineering in Medicine, University of Lübeck, Lübeck, Germany; Institute for Electrical Engineering in Medicine, University of Lübeck, Lübeck, Germany",2022 International Conference on Robotics and Automation (ICRA),"12 Jul 2022","2022","","","7753","7759","In this paper, a Deep Neural Network is trained using Reinforcement Learning in order to drift on arbitrary trajectories which are defined by a sequence of waypoints. In a first step, a highly accurate vehicle simulation is used for the training process. Then, the obtained policy is refined and validated on a self-built model car. The chosen reward function is inspired by the scoring process of real life drifting competitions. It is kept simple and thus applicable to very general scenarios. The experimental results demonstrate that a relatively small network, given only a few measurements and control inputs, already achieves an outstanding performance. In simulation, the learned controller is able to reliably hold a steady state drift. Moreover, it is capable of generalizing to arbitrary, previously unknown trajectories and different driving conditions. After transferring the learned controller to the model car, it also performs surprisingly well given the physical constraints.","","978-1-7281-9681-7","10.1109/ICRA46639.2022.9812249","","https://ieeexplore.ieee.org/stamp/stamp.jsp?arnumber=9812249","","Training;Deep learning;Automation;Neural networks;Reinforcement learning;Trajectory;Steady-state","","19","","35","IEEE","12 Jul 2022","23-27 May 2022","23-27 May 2022","IEEE","IEEE Conferences"
"When Being Soft Makes You Tough: A Collision-Resilient Quadcopter Inspired by Arthropods' Exoskeletons","R. de Azambuja; H. Fouad; Y. Bouteiller; C. Sol; G. Beltrame","MISTLab, Ecole Polytechnique de Montréal, Montréal, Canada; MISTLab, Ecole Polytechnique de Montréal, Montréal, Canada; MISTLab, Ecole Polytechnique de Montréal, Montréal, Canada; MISTLab, Ecole Polytechnique de Montréal, Montréal, Canada; MISTLab, Ecole Polytechnique de Montréal, Montréal, Canada",2022 International Conference on Robotics and Automation (ICRA),"12 Jul 2022","2022","","","7854","7860","Flying robots are usually rather delicate and require protective enclosures when facing the risk of collision, while high complexity and reduced payload are recurrent problems with collision-resilient flying robots. Inspired by arthropods' exoskeletons, we design a simple, open source, easily manufactured, semi-rigid structure with soft joints that can withstand high-velocity impacts. With an exoskeleton, the protective shell becomes part of the main robot structure, thereby minimizing its loss in payload capacity. Our design is simple to build and customize using cheap components (e.g. bamboo skewers) and consumer-grade 3D printers. The result is CogniFly, a sub-250 g autonomous quadcopter that survives multiple collisions at speeds up to 7 m s−1. In addition to its collision-resilience, CogniFly carries sensors that allow it to fly for approx. 17 min without the need of GPS or an external motion capture system, and it has enough computing power to run deep neural network models on-board. This structure becomes an ideal platform for high-risk activities, such as flying in a cluttered environment or reinforcement learning training, by dramatically reducing the risks of damaging its own hardware or the environment. Source code, 3D files, instructions and videos are available (open source license) through the project's website: https://thecognifly.github.io.","","978-1-7281-9681-7","10.1109/ICRA46639.2022.9811841","","https://ieeexplore.ieee.org/stamp/stamp.jsp?arnumber=9811841","","Training;Three-dimensional displays;Exoskeletons;Reinforcement learning;Sensor systems;Sensors;Collision avoidance","","18","","27","IEEE","12 Jul 2022","23-27 May 2022","23-27 May 2022","IEEE","IEEE Conferences"
"Confidence-Based Robot Navigation Under Sensor Occlusion with Deep Reinforcement Learning","H. Ryu; M. Yoon; D. Park; S. -E. Yoon","School of Computing, Korea Advanced Institute of Science and Technology, South Korea; School of Computing, Korea Advanced Institute of Science and Technology, South Korea; School of Computing, Korea Advanced Institute of Science and Technology, South Korea; School of Computing, Korea Advanced Institute of Science and Technology, South Korea",2022 International Conference on Robotics and Automation (ICRA),"12 Jul 2022","2022","","","8231","8237","This paper considers the problem of prolonged occlusions on navigation sensors due to dust, smudges, soils, etc. Such uncontrollable occlusions often cause lower visibility as well as higher uncertainty that require considerably sophisticated behavior. To secure visibility (i.e., confidence about the world), we propose a confidence-based navigation method that encourages the robot to explore the uncertain region around the robot maximizing its local confidence. To effectively extract features from the variable size of sensor occlusions, we adopt a point-cloud based representation network. Our method returns a resilient navigation policy via deep reinforcement learning, autonomously avoiding collisions under sensor occlusions while reaching a goal. We evaluate our method in simulated and real-world environments with either static or dynamic obstacles under various sensor-occlusion scenarios. The experimental result shows that our method outperforms baseline methods under the highly occurring sensor occlusion, and achieves maximum 90% and 80% success rates in the tested static and dynamic environments, respectively.","","978-1-7281-9681-7","10.1109/ICRA46639.2022.9812090","Institute of Information & communications Technology Planning & Evaluation(grant numbers:IITP-2015-0-00199); National Research Foundation of Korea(grant numbers:NRF-2021R1A4A3032834); MSIT; ","https://ieeexplore.ieee.org/stamp/stamp.jsp?arnumber=9812090","","Uncertainty;Navigation;Reinforcement learning;Soil;Sensor phenomena and characterization;Robot sensing systems;Feature extraction","","14","","34","IEEE","12 Jul 2022","23-27 May 2022","23-27 May 2022","IEEE","IEEE Conferences"
"Learning Multi-step Robotic Manipulation Policies from Visual Observation of Scene and Q-value Predictions of Previous Action","S. Kumra; S. Joshi; F. Sahin","Rochester Institute of Technology, Rochester, NY, USA; Siemens Corporation, Corporate Technology, Berkeley, CA; Rochester Institute of Technology, Rochester, NY, USA",2022 International Conference on Robotics and Automation (ICRA),"12 Jul 2022","2022","","","8245","8251","In this work, we focus on multi-step manipulation tasks that involve long-horizon planning and considers progress reversal. Such tasks interlace high-level reasoning that consists of the expected states that can be attained to achieve an overall task and low-level reasoning that decides what actions will yield these states. We propose a sample efficient Previous Action Conditioned Robotic Manipulation Network (PAC-RoManNet) to learn the action-value functions and predict manipulation action candidates from visual observation of the scene and action-value predictions of the previous action. We define a Task Progress based Gaussian (TPG) reward function that computes the reward based on actions that lead to successful motion primitives and progress towards the overall task goal. To balance the ratio of exploration/exploitation, we introduce a Loss Adjusted Exploration (LAE) policy that determines actions from the action candidates according to the Boltzmann distribution of loss estimates. We demonstrate the effectiveness of our approach by training PAC-RoManNet to learn several challenging multi-step robotic manipulation tasks in both simulation and real-world. Experimental results show that our method outperforms the existing methods and achieves state-of-the-art performance in terms of success rate and action efficiency. The ablation studies show that TPG and LAE are especially beneficial for tasks like multiple block stacking. Additional experiments on Ravens-10 benchmark tasks suggest good generalizability of the proposed PAC-RoManNet.","","978-1-7281-9681-7","10.1109/ICRA46639.2022.9812251","","https://ieeexplore.ieee.org/stamp/stamp.jsp?arnumber=9812251","","Training;Visualization;Stacking;Reinforcement learning;Benchmark testing;Boltzmann distribution;Cognition","","3","","26","IEEE","12 Jul 2022","23-27 May 2022","23-27 May 2022","IEEE","IEEE Conferences"
"Learning Visual Shape Control of Novel 3D Deformable Objects from Partial-View Point Clouds","B. Thach; B. Y. Cho; A. Kuntz; T. Hermans","Robotics Center and School of Computing, University of Utah, Salt Lake City, UT, USA; Robotics Center and School of Computing, University of Utah, Salt Lake City, UT, USA; Robotics Center and School of Computing, University of Utah, Salt Lake City, UT, USA; Robotics Center and School of Computing, University of Utah, Salt Lake City, UT, USA",2022 International Conference on Robotics and Automation (ICRA),"12 Jul 2022","2022","","","8274","8281","If robots could reliably manipulate the shape of 3D deformable objects, they could find applications in fields ranging from home care to warehouse fulfillment to surgical assistance. Analytic models of elastic, 3D deformable objects require numerous parameters to describe the potentially infinite degrees of freedom present in determining the object's shape. Previous attempts at performing 3D shape control rely on hand-crafted features to represent the object shape and require training of object-specific control models. We overcome these issues through the use of our novel DeformerNet neural network architecture, which operates on a partial-view point cloud of the object being manipulated and a point cloud of the goal shape to learn a low-dimensional representation of the object shape. This shape embedding enables the robot to learn to define a visual servo controller that provides Cartesian pose changes to the robot end-effector causing the object to deform towards its target shape. Crucially, we demonstrate both in simulation and on a physical robot that DeformerNet reliably generalizes to object shapes and material stiffness not seen during training and outperforms comparison methods for both the generic shape control and the surgical task of retraction.","","978-1-7281-9681-7","10.1109/ICRA46639.2022.9812215","NSF(grant numbers:2024778); ","https://ieeexplore.ieee.org/stamp/stamp.jsp?arnumber=9812215","","Point cloud compression;Training;Deformable models;Visualization;Solid modeling;Three-dimensional displays;Shape control","","33","","49","IEEE","12 Jul 2022","23-27 May 2022","23-27 May 2022","IEEE","IEEE Conferences"
"Visuotactile-RL: Learning Multimodal Manipulation Policies with Deep Reinforcement Learning","J. Hansen; F. Hogan; D. Rivkin; D. Meger; M. Jenkin; G. Dudek","Samsung AI Research Center Montreal, Montreal, QC, Canada; Samsung AI Research Center Montreal, Montreal, QC, Canada; Samsung AI Research Center Montreal, Montreal, QC, Canada; Samsung AI Research Center Montreal, Montreal, QC, Canada; Samsung AI Research Center Montreal, Montreal, QC, Canada; Samsung AI Research Center Montreal, Montreal, QC, Canada",2022 International Conference on Robotics and Automation (ICRA),"12 Jul 2022","2022","","","8298","8304","Manipulating objects with dexterity requires timely feedback that simultaneously leverages the senses of vision and touch. In this paper, we focus on the problem setting where both visual and tactile sensors provide pixel-level feedback for Visuotactile reinforcement learning agents. We investigate the challenges associated with multimodal learning and propose several improvements to existing RL methods; including tactile gating, tactile data augmentation, and visual degradation. When compared with visual-only and tactile-only baselines, our Visuotactile-RL agents showcase (1) significant improvements in contact-rich tasks; (2) improved robustness to visual changes (lighting/camera view) in the workspace; and (3) resilience to physical changes in the task environment (weight/friction of objects).","","978-1-7281-9681-7","10.1109/ICRA46639.2022.9812019","","https://ieeexplore.ieee.org/stamp/stamp.jsp?arnumber=9812019","","Visualization;Perturbation methods;Optical feedback;Tactile sensors;Reinforcement learning;Robustness;Optical sensors","","35","","36","IEEE","12 Jul 2022","23-27 May 2022","23-27 May 2022","IEEE","IEEE Conferences"
"Constrained Variable Impedance Control using Quadratic Programming","Z. Jin; D. Qin; A. Liu; W. -A. Zhang; L. Yu","Department of Information Engineering, Zhejiang University of Technology, Hangzhou, China; Department of Information Engineering, Zhejiang University of Technology, Hangzhou, China; Department of Information Engineering, Zhejiang University of Technology, Hangzhou, China; Department of Information Engineering, Zhejiang University of Technology, Hangzhou, China; Department of Information Engineering, Zhejiang University of Technology, Hangzhou, China",2022 International Conference on Robotics and Automation (ICRA),"12 Jul 2022","2022","","","8319","8324","This paper proposes a quadratic programming (QP)-based variable impedance control (VIC) algorithm to solve contact-rich trajectory tracking problems with impedance, position and velocity constraints. To the best of our knowledge, the impedance constraints which are significant to ensure the worst contact compliance have never been considered in other previous works. To handle the impedance constraints of the VIC algorithm, a novel impedance model where the impedance parameters are directly served as the control input is established. The impedance-constrained VIC design problem is then formulated as a QP problem which can be efficiently solved. To handle the position and velocity constraints, a complementary force is introduced into the novel impedance model. The complementary force will appear to prevent the constraints violation when the robot approaches the constrained area. The design problem of the complementary force is also transformed into a QP problem. Combing these two QP solutions, the VIC algorithm with both impedance, position and velocity constraints can be obtained. Finally, various experiments are conducted to show the effectiveness of the proposed QP-based constrained VIC algorithm.","","978-1-7281-9681-7","10.1109/ICRA46639.2022.9812210","National Natural Science Foundation of China(grant numbers:61973275); ","https://ieeexplore.ieee.org/stamp/stamp.jsp?arnumber=9812210","","Automation;Trajectory tracking;Force;Impedance;Quadratic programming;Robots","","8","","20","IEEE","12 Jul 2022","23-27 May 2022","23-27 May 2022","IEEE","IEEE Conferences"
"Human Navigational Intent Inference with Probabilistic and Optimal Approaches","P. Agand; M. Taherahmadi; A. Lim; M. Chen","Simon Fraser University, Burnaby, Canada; Simon Fraser University, Burnaby, Canada; Simon Fraser University, Burnaby, Canada; Simon Fraser University, Burnaby, Canada",2022 International Conference on Robotics and Automation (ICRA),"12 Jul 2022","2022","","","8562","8568","Although human navigational intent inference has been studied in the literature, none have adequately considered both the dynamics that describe human motion and internal human parameters that may affect human navigational behaviour. In this paper, we propose a general probabilistic framework to infer the probability distribution over future navigational states of a human. Our framework incorporates an extended Dubins car dynamics to model human movement, which captures differences in human navigational behaviour depending on their position, heading, and movement speed. We assume a noisily rational model of human behaviour that incorporates a) human navigational intent that may change over time, b) how optimal a person's actions are given the navigational intent, and c) how far ahead in time a person considers when choosing navigational actions. These parameters are recursively and continuously updated in a Bayesian fashion. To make the Bayesian update and inference tractable, we exploit properties of the time-to-reach value function from optimal control and the extended Dubins car dynamics to construct a utility function on which the human policy is based, and employ particle representations of probability distributions where necessary. We demonstrate the effectiveness of our method by comparing our results with a recent approach using synthetic data and validate it on real world data.","","978-1-7281-9681-7","10.1109/ICRA46639.2022.9811883","","https://ieeexplore.ieee.org/stamp/stamp.jsp?arnumber=9811883","","Navigation;System dynamics;Computational modeling;Dynamics;Optimal control;Probabilistic logic;Probability distribution","","10","","25","IEEE","12 Jul 2022","23-27 May 2022","23-27 May 2022","IEEE","IEEE Conferences"
"Watch and Learn: Learning to control feedback linearizable systems from expert demonstrations","A. Sultangazin; L. Pannocchi; L. Fraile; P. Tabuada","Department of Electrical and Computer Engineering, University of California, Los Angeles, USA; Department of Electrical and Computer Engineering, University of California, Los Angeles, USA; Department of Electrical and Computer Engineering, University of California, Los Angeles, USA; Department of Electrical and Computer Engineering, University of California, Los Angeles, USA",2022 International Conference on Robotics and Automation (ICRA),"12 Jul 2022","2022","","","8577","8583","In this paper, we revisit the problem of learning a stabilizing controller from a finite number of demonstrations by an expert. By focusing on feedback linearizable systems, we show how to combine expert demonstrations into a stabilizing controller, provided that demonstrations are sufficiently long and there are at least $n+1$ of them, where $n$ is the number of states of the system being controlled. The results are experimentally demonstrated on a CrazyFlie 2.0 quadrotor.","","978-1-7281-9681-7","10.1109/ICRA46639.2022.9812054","NSF(grant numbers:1705135); Semiconductor Research Corporation; DARPA; ","https://ieeexplore.ieee.org/stamp/stamp.jsp?arnumber=9812054","","Automation;Focusing;Machine learning;Control systems;Task analysis;Dynamical systems","","4","","24","IEEE","12 Jul 2022","23-27 May 2022","23-27 May 2022","IEEE","IEEE Conferences"
"Maximum Likelihood Constraint Inference on Continuous State Spaces","K. C. Stocking; D. L. McPherson; R. P. Matthew; C. J. Tomlin","Department of Electrical Engineering and Computer Sciences, University of California Berkeley, Berkeley, CA, USA; Department of Electrical Engineering and Computer Sciences, University of California Berkeley, Berkeley, CA, USA; Department of Physical Therapy and Rehabilitation Science, University of California, San Francisco, San Francisco, CA, USA; Department of Electrical Engineering and Computer Sciences, University of California Berkeley, Berkeley, CA, USA",2022 International Conference on Robotics and Automation (ICRA),"12 Jul 2022","2022","","","8598","8604","When a robot observes another agent unexpectedly modifying their behavior, inferring the most likely cause is a valuable tool for maintaining safety and reacting appropriately. In this work, we present a novel method for inferring constraints that works on continuous, possibly sub-optimal demonstrations. We first learn a representation of the continuous-state maximum entropy trajectory distribution using deep reinforcement learning. We then use Monte Carlo sampling from this distribution to generate expected constraint violation probabilities and perform constraint inference. When the demonstrator's dynamics and objective function are known in advance, this process can be performed offline, allowing for real-time constraint inference at the moment demonstrations are observed. We evaluate our approach on two continuous dynamical systems: a 2-dimensional inverted pendulum model, and a 4-dimensional unicycle model that was successfully used for fast constraint inference on a 1/10 scale car remote-controlled by a human.","","978-1-7281-9681-7","10.1109/ICRA46639.2022.9811705","ONR; ","https://ieeexplore.ieee.org/stamp/stamp.jsp?arnumber=9811705","","Monte Carlo methods;Heuristic algorithms;Reinforcement learning;Approximation algorithms;Real-time systems;Inference algorithms;Entropy","","4","","13","IEEE","12 Jul 2022","23-27 May 2022","23-27 May 2022","IEEE","IEEE Conferences"
"Robot Skill Adaptation via Soft Actor-Critic Gaussian Mixture Models","I. Nematollahi; E. Rosete-Beas; A. Röfer; T. Welschehold; A. Valada; W. Burgard","University of Freiburg, Germany; University of Freiburg, Germany; University of Freiburg, Germany; University of Freiburg, Germany; University of Freiburg, Germany; University of Freiburg, Germany",2022 International Conference on Robotics and Automation (ICRA),"12 Jul 2022","2022","","","8651","8657","$A$ core challenge for an autonomous agent acting in the real world is to adapt its repertoire of skills to cope with its noisy perception and dynamics. To scale learning of skills to long-horizon tasks, robots should be able to learn and later refine their skills in a structured manner through trajectories rather than making instantaneous decisions individually at each time step. To this end, we propose the Soft Actor- Critic Gaussian Mixture Model (SAC-GMM), a novel hybrid approach that learns robot skills through a dynamical system and adapts the learned skills in their own trajectory distribution space through interactions with the environment. Our approach combines classical robotics techniques of learning from demonstration with the deep reinforcement learning framework and exploits their complementary nature. We show that our method utilizes sensors solely available during the execution of preliminarily learned skills to extract relevant features that lead to faster skill refinement. Extensive evaluations in both simulation and real-world environments demonstrate the effectiveness of our method in refining robot skills by leveraging physical interactions, high-dimensional sensory data, and sparse task completion rewards. Videos, code, and pre-trained models are available at http://sac-gmm.cs.uni-freiburg.de.","","978-1-7281-9681-7","10.1109/ICRA46639.2022.9811770","","https://ieeexplore.ieee.org/stamp/stamp.jsp?arnumber=9811770","","Adaptation models;Refining;Reinforcement learning;Robot sensing systems;Stability analysis;Trajectory;Noise measurement","","15","","46","IEEE","12 Jul 2022","23-27 May 2022","23-27 May 2022","IEEE","IEEE Conferences"
"Stable and Efficient Shapley Value-Based Reward Reallocation for Multi-Agent Reinforcement Learning of Autonomous Vehicles","S. Han; H. Wang; S. Su; Y. Shi; F. Miao","Department of Computer Science and Engineering, University of Connecticut, Storrs Mansfield, CT, USA; School of Information Science and Technology, ShanghaiTech University, Shanghai, China; Department of Computer Science and Engineering, University of Connecticut, Storrs Mansfield, CT, USA; Electrical and Computer Engineering Department, University of California, San Diego, La Jolla, CA, USA; Department of Computer Science and Engineering, University of Connecticut, Storrs Mansfield, CT, USA",2022 International Conference on Robotics and Automation (ICRA),"12 Jul 2022","2022","","","8765","8771","With the development of sensing and communication technologies in networked cyber-physical systems (CPSs), multi-agent reinforcement learning (MARL)-based methodologies are integrated into the control process of physical systems and demonstrate prominent performance in a wide array of CPS domains, such as connected autonomous vehicles (CAVs). However, it remains challenging to mathematically characterize the improvement of the performance of CAVs with communication and cooperation capability. When each individual autonomous vehicle is originally self-interest, we can not assume that all agents would cooperate naturally during the training process. In this work, we propose to reallocate the system's total reward efficiently to motivate stable cooperation among autonomous vehicles. We formally define and quantify how to reallocate the system's total reward to each agent under the proposed transferable utility game, such that communication-based cooperation among multi-agents increases the system's total reward. We prove that Shapley value-based reward reallocation of MARL locates in the core if the transferable utility game is a convex game. Hence, the cooperation is stable and efficient and the agents should stay in the coalition or the cooperating group. We then propose a cooperative policy learning algorithm with Shapley value reward reallocation. In experiments, compared with several literature algorithms, we show the improvement of the mean episode system reward of CAV systems using our proposed algorithm.","","978-1-7281-9681-7","10.1109/ICRA46639.2022.9811626","NSF(grant numbers:1849246,1952096,2047354); ","https://ieeexplore.ieee.org/stamp/stamp.jsp?arnumber=9811626","","Training;Automation;Process control;Games;Reinforcement learning;Cyber-physical systems;Communications technology","","29","","47","IEEE","12 Jul 2022","23-27 May 2022","23-27 May 2022","IEEE","IEEE Conferences"
"Multi-Target Encirclement with Collision Avoidance via Deep Reinforcement Learning using Relational Graphs","T. Zhang; Z. Liu; Z. Pu; J. Yi","School of Artificial Intelligence, University of Chinese Academy of Sciences, Beijing, China; School of Artificial Intelligence, University of Chinese Academy of Sciences, Beijing, China; School of Artificial Intelligence, University of Chinese Academy of Sciences, Beijing, China; School of Artificial Intelligence, University of Chinese Academy of Sciences, Beijing, China",2022 International Conference on Robotics and Automation (ICRA),"12 Jul 2022","2022","","","8794","8800","In this paper, we propose a novel decentralized method based on deep reinforcement learning using robot-level and target-level relational graphs, to solve the problem of multi-target encirclement with collision avoidance (MECA). Specifically, the robot-level relational graphs, composed of three heterogeneous relational graphs between each robot and other robots, targets and obstacles, are modeled and learned through using graph attention networks (GATs) for extracting different spatial relational representations. Moreover, for each target within the observation of each robot, a target-level relational graph is built with GAT to construct spatial relations from the robot. Furthermore, the movement of each target is modeled by the target-level relational graph and learned through supervised learning for predicting the trajectory of the target. In addition, a knowledge-embedded compound reward function is defined to solve the multi-objective problem in MECA, and guide the policy learning for deriving the behavior of MECA. An actor-critic training algorithm based on the centralized training and decentralized execution framework is adopted to train the policy network. Simulation and real-world experiment results demonstrate the effectiveness and generalization of our method.","","978-1-7281-9681-7","10.1109/ICRA46639.2022.9812151","National Key Research and Development Program of China(grant numbers:2018AAA0102402,2018AAA0101005); Chinese Academy of Sciences(grant numbers:XDA27030403); National Natural Science Foundation of China(grant numbers:62073323); Science and Technology Development Fund(grant numbers:0025/2019/AKP); ","https://ieeexplore.ieee.org/stamp/stamp.jsp?arnumber=9812151","","Training;Supervised learning;Reinforcement learning;Predictive models;Prediction algorithms;Trajectory;Compounds","","20","","29","IEEE","12 Jul 2022","23-27 May 2022","23-27 May 2022","IEEE","IEEE Conferences"
"Decentralized Global Connectivity Maintenance for Multi-Robot Navigation: A Reinforcement Learning Approach","M. Li; Y. Jie; Y. Kong; H. Cheng","School of Computer Science and Engineering, Sun Yat-sen University, Guangzhou, China; School of Computer Science and Engineering, Sun Yat-sen University, Guangzhou, China; School of Computer Science and Engineering, Sun Yat-sen University, Guangzhou, China; School of Computer Science and Engineering, Sun Yat-sen University, Guangzhou, China",2022 International Conference on Robotics and Automation (ICRA),"12 Jul 2022","2022","","","8801","8807","The problem of multi-robot navigation of connectivity maintenance is challenging in multi-robot applications. This work investigates how to navigate a multi-robot team in unknown environments while maintaining connectivity. We propose a reinforcement learning (RL) approach to develop a decentralized policy, which is shared among multiple robots. Given range sensor measurements and the positions of other robots, the policy aims to generate control commands for navigation and preserve the global connectivity of the robot team. We incorporate connectivity concerns into the RL framework as constraints and introduce behavior cloning to reduce the exploration complexity of policy optimization. The policy is optimized with all transition data collected by multiple robots in random simulated scenarios. We validate the effectiveness of the proposed approach by comparing different combinations of connectivity constraints and behavior cloning. We also show that our policy can generalize to unseen scenarios in both simulation and holonomic robots experiments.","","978-1-7281-9681-7","10.1109/ICRA46639.2022.9812163","","https://ieeexplore.ieee.org/stamp/stamp.jsp?arnumber=9812163","","Training;Navigation;Cloning;Reinforcement learning;Maintenance engineering;Position measurement;Robot sensing systems","","14","","31","IEEE","12 Jul 2022","23-27 May 2022","23-27 May 2022","IEEE","IEEE Conferences"
"Multi-robot Cooperative Pursuit via Potential Field-Enhanced Reinforcement Learning","Z. Zhang; X. Wang; Q. Zhang; T. Hu","Machine Intelligence and Collective Robotics (MICRO) Lab, Sun Yat-sen University, Guangzhou, China; Machine Intelligence and Collective Robotics (MICRO) Lab, Sun Yat-sen University, Guangzhou, China; Machine Intelligence and Collective Robotics (MICRO) Lab, Sun Yat-sen University, Guangzhou, China; Machine Intelligence and Collective Robotics (MICRO) Lab, Sun Yat-sen University, Guangzhou, China",2022 International Conference on Robotics and Automation (ICRA),"12 Jul 2022","2022","","","8808","8814","It is of great challenge, though promising, to coordinate collective robots for hunting an evader in a decentralized manner purely in light of local observations. In this paper, this challenge is addressed by a novel hybrid cooperative pursuit algorithm that combines reinforcement learning with the artificial potential field method. In the proposed algorithm, decentralized deep reinforcement learning is employed to learn cooperative pursuit policies that are adaptive to dynamic environments. The artificial potential field method is integrated into the learning process as predefined rules to improve the data efficiency and generalization ability. It is shown by numerical simulations that the proposed hybrid design outperforms the pursuit policies either learned from vanilla reinforcement learning or designed by the potential field method. Furthermore, experiments are conducted by transferring the learned pursuit policies into real-world mobile robots. Experimental results demonstrate the feasibility and potential of the proposed algorithm in learning multiple cooperative pursuit strategies.","","978-1-7281-9681-7","10.1109/ICRA46639.2022.9812083","","https://ieeexplore.ieee.org/stamp/stamp.jsp?arnumber=9812083","","Automation;Heuristic algorithms;Robot kinematics;Reinforcement learning;Learning (artificial intelligence);Numerical simulation;Mobile robots","","55","","35","IEEE","12 Jul 2022","23-27 May 2022","23-27 May 2022","IEEE","IEEE Conferences"
"Learning Scalable Policies over Graphs for Multi-Robot Task Allocation using Capsule Attention Networks","S. Paul; P. Ghassemi; S. Chowdhury","department of Mechanical and Aerospace Engineering, University at Buffalo, Buffalo, NY, USA; department of Mechanical and Aerospace Engineering, University at Buffalo, Buffalo, NY, USA; department of Mechanical and Aerospace Engineering, University at Buffalo, Buffalo, NY, USA",2022 International Conference on Robotics and Automation (ICRA),"12 Jul 2022","2022","","","8815","8822","This paper presents a novel graph reinforcement learning (RL) architecture to solve multi-robot task allocation (MRTA) problems that involve tasks with deadlines and workload, and robot constraints such as work capacity. While drawing motivation from recent graph learning methods that learn to solve combinatorial optimization (CO) problems such as multi-Traveling Salesman and Vehicle Routing Problems using RL, this paper seeks to provide better performance (compared to non-learning methods) and important scalability (compared to existing learning architectures) for the stated class of MRTA problems. The proposed neural architecture, called Capsule Attention-based Mechanism or CapAM acts as the policy network, and includes three main components: 1) an encoder: a Capsule Network based node embedding model to represent each task as a learnable feature vector; 2) a decoder: an attention-based model to facilitate a sequential output; and 3) context: that encodes the states of the mission and the robots. To train the CapAM model, the policy-gradient method based on REINFORCE is used. When evaluated over unseen scenar-ios, CapAM demonstrates better task completion performance and > 10 times faster decision-making compared to standard non-learning based online MRTA methods. CapAM's advantage in generalizability, and scalability to test problems of size larger than those used in training, are also successfully demonstrated in comparison to a popular approach for learning to solve CO problems, namely the purely attention mechanism.","","978-1-7281-9681-7","10.1109/ICRA46639.2022.9812370","ONR(grant numbers:N00014-21-1-2530); ","https://ieeexplore.ieee.org/stamp/stamp.jsp?arnumber=9812370","","Training;Learning systems;Scalability;Decision making;Computer architecture;Decoding;Resource management","","34","","48","IEEE","12 Jul 2022","23-27 May 2022","23-27 May 2022","IEEE","IEEE Conferences"
"Task Allocation with Load Management in Multi-Agent Teams","H. Wu; A. Ghadami; A. E. Bayrak; J. M. Smereka; B. I. Epureanu","University of Michigan, Ann Arbor, MI, USA; University of Michigan, Ann Arbor, MI, USA; School of Systems and Enterprises, Stevens Institute of Technology, Hoboken, NJ; US Army CCDC Ground Vehicle Systems Center, Warren, MI, USA; University of Michigan, Ann Arbor, MI, USA",2022 International Conference on Robotics and Automation (ICRA),"12 Jul 2022","2022","","","8823","8830","In operations of multi-agent teams ranging from homogeneous robot swarms to heterogeneous human-autonomy teams, unexpected events might occur. While efficiency of operation for multi-agent task allocation problems is the primary objective, it is essential that the decision-making framework is intelligent enough to manage unexpected task load with limited resources. Otherwise, operation effectiveness would drastically plummet with overloaded agents facing unforeseen risks. In this work, we present a decision-making framework for multiagent teams to learn task allocation with the consideration of load management through decentralized reinforcement learning, where idling is encouraged and unnecessary resource usage is avoided. We illustrate the effect of load management on team performance and explore agent behaviors in example scenarios. Furthermore, a measure of agent importance in collaboration is developed to infer team resilience when facing handling potential overload situations.","","978-1-7281-9681-7","10.1109/ICRA46639.2022.9811374","University of Michigan(grant numbers:OPSEC# 5781); ","https://ieeexplore.ieee.org/stamp/stamp.jsp?arnumber=9811374","Multi-Robot Systems;Task Planning;Reinforcement Learning;AI-Based Methods;Cooperating Robots","Training;Decision making;Collaboration;Reinforcement learning;Load management;Behavioral sciences;Resource management","","9","","24","IEEE","12 Jul 2022","23-27 May 2022","23-27 May 2022","IEEE","IEEE Conferences"
"PredictionNet: Real-Time Joint Probabilistic Traffic Prediction for Planning, Control, and Simulation","A. Kamenev; L. Wang; O. B. Bohan; I. Kulkarni; B. Kartal; A. Molchanov; S. Birchfield; D. Nistér; N. Smolyanskiy",NVIDIA; NVIDIA; NVIDIA; NVIDIA; NVIDIA; NVIDIA; NVIDIA; NVIDIA; NVIDIA,2022 International Conference on Robotics and Automation (ICRA),"12 Jul 2022","2022","","","8936","8942","Predicting the future motion of traffic agents is crucial for safe and efficient autonomous driving. To this end, we present PredictionNet, a deep neural network (DNN) that predicts the motion of all surrounding traffic agents together with the ego-vehicle's motion. All predictions are probabilistic and are represented in a simple top-down rasterization that allows an arbitrary number of agents. Conditioned on a multi-layer map with lane information, the network outputs future positions, velocities, and backtrace vectors jointly for all agents including the ego-vehicle in a single pass. Trajectories are then extracted from the output. The network can be used to simulate realistic traffic, and it produces competitive results on popular benchmarks. More importantly, it has been used to successfully control a real-world vehicle for hundreds of kilometers, by combining it with a motion planning/control subsystem. The network runs faster than real-time on an embedded GPU, and the system shows good generalization (across sensory modalities and locations) due to the choice of input representation. Furthermore, we demonstrate that by extending the DNN with reinforcement learning (RL), it can better handle rare or unsafe events like aggressive maneuvers and crashes.","","978-1-7281-9681-7","10.1109/ICRA46639.2022.9812223","","https://ieeexplore.ieee.org/stamp/stamp.jsp?arnumber=9812223","","Deep learning;Neural networks;Graphics processing units;Reinforcement learning;Predictive models;Probabilistic logic;Robot sensing systems","","35","","41","IEEE","12 Jul 2022","23-27 May 2022","23-27 May 2022","IEEE","IEEE Conferences"
"Runtime Safety Assurance for Learning-enabled Control of Autonomous Driving Vehicles","S. Chen; Y. Sun; D. Li; Q. Wang; Q. Hao; J. Sifakis","Department of Computer Science and Engineering, Southern University of Science and Technology, Shenzhen, China; Department of Computer Science and Engineering, Southern University of Science and Technology, Shenzhen, China; Department of Computer Science and Engineering, Southern University of Science and Technology, Shenzhen, China; Artificial Intelligence Research Center, Defense Innovation Institute, Chinese Academy of Military Science, Beijing, China; Department of Computer Science and Engineering, Southern University of Science and Technology, Shenzhen, China; Research Institute for Trustworthy Autonomous Systems, Shenzhen, China",2022 International Conference on Robotics and Automation (ICRA),"12 Jul 2022","2022","","","8978","8984","Providing safety guarantees for Autonomous Vehicle (AV) systems with machine-learning based controllers remains a challenging issue. In this work, we propose Simplex-Drive, a framework that can achieve runtime safety assurance for machine-learning enabled controllers of AVs. The proposed Simplex-Drive consists of an unverified Deep Reinforcement Learning (DRL)-based advanced controller (AC) that achieves desirable performance in complex scenarios, a Velocity-Obstacle (VO) based baseline safe controller (BC) with provably safety guarantees, and a verified mode management unit that monitors the operation status and switches the control authority between AC and BC based on safety-related conditions. We provide a formal correctness proof of Simplex-Drive and conduct a lane-changing case study in dense traffic scenarios. The simulation experiment results demonstrate that Simplex-Drive can always ensure the operation safety without sacrificing control performance, even if the DRL policy may lead to deviations from the safe status.","","978-1-7281-9681-7","10.1109/ICRA46639.2022.9812177","Shenzhen Fundamental Research Program(grant numbers:JCYJ20200109141622964); ","https://ieeexplore.ieee.org/stamp/stamp.jsp?arnumber=9812177","","Runtime;Green products;Reinforcement learning;Switches;Control systems;Safety;Trajectory","","22","","24","IEEE","12 Jul 2022","23-27 May 2022","23-27 May 2022","IEEE","IEEE Conferences"
"Hierarchical Representations and Explicit Memory: Learning Effective Navigation Policies on 3D Scene Graphs using Graph Neural Networks","Z. Ravichandran; L. Peng; N. Hughes; J. D. Griffith; L. Carlone","Lincoln Laboratory, Massachusetts Institute of Technology, USA; Laboratory for Information & Decision Systems, Massachusetts Institute of Technology, USA; Laboratory for Information & Decision Systems, Massachusetts Institute of Technology, USA; Lincoln Laboratory, Massachusetts Institute of Technology, USA; Laboratory for Information & Decision Systems, Massachusetts Institute of Technology, USA",2022 International Conference on Robotics and Automation (ICRA),"12 Jul 2022","2022","","","9272","9279","Representations are crucial for a robot to learn effective navigation policies. Recent work has shown that mid-level perceptual abstractions, such as depth estimates or 2D semantic segmentation, lead to more effective policies when provided as observations in place of raw sensor data (e.g., RGB images). However, such policies must still learn latent three-dimensional scene properties from mid-level abstractions. In contrast, high-level, hierarchical representations such as 3D scene graphs explicitly provide a scene's geometry, topology, and semantics, making them compelling representations for navigation. In this work, we present a reinforcement learning framework that leverages high-level hierarchical representations to learn navigation policies. Towards this goal, we propose a graph neural network architecture and show how to embed a 3D scene graph into an agent-centric feature space, which enables the robot to learn policies that map 3D scene graphs to a platform-agnostic control space (e.g., go straight, turn left). For each node in the scene graph, our method uses features that capture occupancy and semantic content, while explicitly retaining memory of the robot trajectory. We demonstrate the effectiveness of our method against commonly used visuomotor policies in a challenging multi-object search task. These experiments and supporting ablation studies show that our method leads to more effective object search behaviors, exhibits improved long-term memory, and successfully leverages hierarchical information to guide its navigation objectives.","","978-1-7281-9681-7","10.1109/ICRA46639.2022.9812179","","https://ieeexplore.ieee.org/stamp/stamp.jsp?arnumber=9812179","","Three-dimensional displays;Navigation;Semantics;Aerospace electronics;Robot sensing systems;Search problems;Graph neural networks","","56","","79","IEEE","12 Jul 2022","23-27 May 2022","23-27 May 2022","IEEE","IEEE Conferences"
"Semi-Autonomous Teleoperation via Learning Non-Prehensile Manipulation Skills","S. Park; Y. Chai; S. Park; J. Park; K. Lee; S. Choi","Department of Artificial Intelligence, Korea University, Seoul, Korea; Department of Artificial Intelligence, Korea University, Seoul, Korea; Department of Artificial Intelligence, Korea University, Seoul, Korea; Department of Artificial Intelligence, Korea University, Seoul, Korea; Department of Artificial Intelligence, Chungang University, Seoul, Korea; Department of Artificial Intelligence, Korea University, Seoul, Korea",2022 International Conference on Robotics and Automation (ICRA),"12 Jul 2022","2022","","","9295","9301","In this paper, we present a semi-autonomous teleoperation framework for a pick-and-place task using an RGB-D sensor. In particular, we assume that the target object is located in a cluttered environment where both prehensile grasping and non-prehensile manipulation are combined for efficient teleoperation. A trajectory-based reinforcement learning is utilized for learning the non-prehensile manipulation to rearrange the objects for enabling direct grasping. From the depth image of the cluttered environment and the location of the goal object, the learned policy can provide multiple options of non-prehensile manipulation to the human operator. We carefully design a reward function for the rearranging task where the policy is trained in a simulational environment. Then, the trained policy is transferred to a real-world and evaluated in a number of real-world experiments with the varying number of objects where we show that the proposed method outperforms manual keyboard control in terms of the time duration for the grasping.","","978-1-7281-9681-7","10.1109/ICRA46639.2022.9811823","Samsung Electronics(grant numbers:IO201230-08278-01); Institute of Information & Communications Technology Planning & Evaluation (IITP); Korea University; ","https://ieeexplore.ieee.org/stamp/stamp.jsp?arnumber=9811823","","Automation;Keyboards;Grasping;Reinforcement learning;Manuals;Controllability;Trajectory","","4","","21","IEEE","12 Jul 2022","23-27 May 2022","23-27 May 2022","IEEE","IEEE Conferences"
"TERP: Reliable Planning in Uneven Outdoor Environments using Deep Reinforcement Learning","K. Weerakoon; A. J. Sathyamoorthy; U. Patel; D. Manocha","Dept. of Electrical and Computer Engineering, University of Maryland, College Park, MD, USA; Dept. of Electrical and Computer Engineering, University of Maryland, College Park, MD, USA; Dept. of Computer Science, University of Maryland, College Park, MD, USA; Dept. of Computer Science, University of Maryland, College Park, MD, USA",2022 International Conference on Robotics and Automation (ICRA),"12 Jul 2022","2022","","","9447","9453","We present a novel method for reliable robot navigation in uneven outdoor terrains. Our approach employs a fully-trained Deep Reinforcement Learning (DRL) network that uses elevation maps of the environment, robot pose, and goal as inputs to compute an attention mask of the environment. The attention mask is used to identify reduced stability regions in the elevation map and is computed using channel and spatial attention modules and a novel reward function. We continuously compute and update a navigation cost-map that encodes the elevation information or the level-of-flatness of the terrain using the attention mask. We then generate locally least-cost waypoints on the cost-map and compute the final dynamically feasible trajectory using another DRL-based method. Our approach guarantees safe, locally least-cost paths and dynamically feasible robot velocities in uneven terrains. We observe an increase of 35.18% in terms of success rate and, a decrease of 26.14% in the cumulative elevation gradient of the robot's trajectory compared to prior navigation methods in high-elevation regions. We evaluate our method on a Husky robot in real-world uneven terrains (∼ $4m$ of elevation gain) and demonstrate its benefits.","","978-1-7281-9681-7","10.1109/ICRA46639.2022.9812238","ARO(grant numbers:W911NF1910069,W911NF2110026); U.S. Army(grant numbers:W911NF2120076); ","https://ieeexplore.ieee.org/stamp/stamp.jsp?arnumber=9812238","","Automation;Navigation;Reinforcement learning;Trajectory;Planning;Reliability;Robots","","73","","46","IEEE","12 Jul 2022","23-27 May 2022","23-27 May 2022","IEEE","IEEE Conferences"
"Model-driven reinforcement learning and action dimension extension method for efficient asymmetric assembly","Y. Gai; J. Guo; D. Wu; K. Chen","Department of Mechanical Engineering, Tsinghua University, Beijing, China; Department of Mechanical Engineering, Tsinghua University, Beijing, China; Department of Mechanical Engineering, Tsinghua University, Beijing, China; Department of Mechanical Engineering, Tsinghua University, Beijing, China",2022 International Conference on Robotics and Automation (ICRA),"12 Jul 2022","2022","","","9867","9873","Complex assembly tasks remain huge challenge for robots because the traditional control methods rely on complicated contact state analysis. Reinforcement learning (RL) becomes one of the preferred embodiments to construct the control strategy of complex tasks. In this paper, the method of model-driven RL (MDRL) is employed to construct the control strategy. Then a completely innovative action dimension extension (ADE) mechanism is proposed to further accelerate the training process of RL. The simulation and experiment results demonstrate that the control strategy obtained through combining MDRL and ADE guarantees a more compliant assembly process. Besides, ADE method will enhance the data-efficiency of RL algorithms greatly (about 30%~40%) as well as increase the stable reward.","","978-1-7281-9681-7","10.1109/ICRA46639.2022.9811792","","https://ieeexplore.ieee.org/stamp/stamp.jsp?arnumber=9811792","robot force control;assembly;model-driven reinforcement learning;action dimension;efficient exploration","Training;Industries;Automation;Service robots;Force;Process control;Reinforcement learning","","2","","23","IEEE","12 Jul 2022","23-27 May 2022","23-27 May 2022","IEEE","IEEE Conferences"
"Learning Insertion Primitives with Discrete-Continuous Hybrid Action Space for Robotic Assembly Tasks","X. Zhang; S. Jin; C. Wang; X. Zhu; M. Tomizuka","Department of Mechanical Engineering, UC Berkeley, CA, USA; Department of Mechanical Engineering, UC Berkeley, CA, USA; Department of Mechanical Engineering, UC Berkeley, CA, USA; Department of Mechanical Engineering, UC Berkeley, CA, USA; Department of Mechanical Engineering, UC Berkeley, CA, USA",2022 International Conference on Robotics and Automation (ICRA),"12 Jul 2022","2022","","","9881","9887","This paper introduces a discrete-continuous action space to learn insertion primitives for robotic assembly tasks. Primitives are sequences of elementary actions with certain exit conditions, such as “pushing down the peg until contact”. Since the primitive is an abstraction of robot control commands and encodes human prior knowledge, it reduces the exploration difficulty and yields better learning efficiency. In this paper, we learn robot assembly skills via primitives. Specifically, we formulate insertion primitives as parameterized actions: hybrid actions consisting of discrete primitive types and continuous primitive parameters. Compared with the previous work using a set of discretized parameters for each primitive, the agent in our method can freely choose primitive parameters from a continuous space, which is more flexible and efficient. To learn these insertion primitives, we propose Twin-Smoothed Multi-pass Deep Q-Network (TS-MP-DQN), an advanced version of MP-DQN with twin Q-network to reduce the Q-value over-estimation. Extensive experiments are conducted in the simulation and real world for validation. From experiment results, our approach achieves higher success rates than three baselines: MP-DQN with parameterized actions, primitives with discrete parameters, and continuous velocity control. Furthermore, learned primitives are robust to sim-to-real transfer and can generalize to challenging assembly tasks such as tight round peg-hole and complex shaped electric connectors with promising success rates. Experiment videos are available at https://msc.berkeley.edu/research/insertion-primitives.html.","","978-1-7281-9681-7","10.1109/ICRA46639.2022.9811973","","https://ieeexplore.ieee.org/stamp/stamp.jsp?arnumber=9811973","","Robotic assembly;Connectors;Velocity control;Robot control;Pose estimation;Reinforcement learning;Aerospace electronics","","34","","28","IEEE","12 Jul 2022","23-27 May 2022","23-27 May 2022","IEEE","IEEE Conferences"
"Active Extrinsic Contact Sensing: Application to General Peg-in-Hole Insertion","S. Kim; A. Rodriguez","Department of Mechanical Engineering, Massachusetts Institute of Technology; Department of Mechanical Engineering, Massachusetts Institute of Technology",2022 International Conference on Robotics and Automation (ICRA),"12 Jul 2022","2022","","","10241","10247","We propose a method that actively estimates contact location between a grasped rigid object and its environment and uses this as input to a peg-in-hole insertion policy. An estimation model and an active tactile feedback controller work collaboratively to estimate the external contacts accurately. The controller helps the estimation model get a better estimate by regulating a consistent contact mode. The better estimation makes it easier for the controller to regulate the contact. We then train an object-agnostic insertion policy that learns to use the series of contact estimates to guide the insertion of an unseen peg into a hole. In contrast with previous works that learn a policy directly from tactile signals, since this policy is in contact configuration space, it can be learned directly in simulation. Lastly, we demonstrate and evaluate the active extrinsic contact line estimation and the trained insertion policy together in a real experiment. We show that the proposed method inserts various-shaped test objects with higher success rates and fewer insertion attempts than previous work with end-to-end approaches. See supplementary video and results at https://sites.google.com/view/active-extrinsic-contact.","","978-1-7281-9681-7","10.1109/ICRA46639.2022.9812017","Innovation and Technology Fund(grant numbers:ITS-104-19F); ","https://ieeexplore.ieee.org/stamp/stamp.jsp?arnumber=9812017","","Automation;Estimation;Tactile sensors;Sensors","","49","","33","IEEE","12 Jul 2022","23-27 May 2022","23-27 May 2022","IEEE","IEEE Conferences"
"Sim-to-Real Learning of Footstep-Constrained Bipedal Dynamic Walking","H. Duan; A. Malik; J. Dao; A. Saxena; K. Green; J. Siekmann; A. Fern; J. Hurst","Collaborative Robotics and Intelligent Systems Institute, Oregon State University, Corvallis, Oregon, USA; Collaborative Robotics and Intelligent Systems Institute, Oregon State University, Corvallis, Oregon, USA; Collaborative Robotics and Intelligent Systems Institute, Oregon State University, Corvallis, Oregon, USA; Collaborative Robotics and Intelligent Systems Institute, Oregon State University, Corvallis, Oregon, USA; Collaborative Robotics and Intelligent Systems Institute, Oregon State University, Corvallis, Oregon, USA; Collaborative Robotics and Intelligent Systems Institute, Oregon State University, Corvallis, Oregon, USA; Collaborative Robotics and Intelligent Systems Institute, Oregon State University, Corvallis, Oregon, USA; Collaborative Robotics and Intelligent Systems Institute, Oregon State University, Corvallis, Oregon, USA",2022 International Conference on Robotics and Automation (ICRA),"12 Jul 2022","2022","","","10428","10434","Recently, work on reinforcement learning (RL) for bipedal robots has successfully learned controllers for a variety of dynamic gaits with robust sim-to-real demonstrations. In order to maintain balance, the learned controllers have full freedom of where to place the feet, resulting in highly robust gaits. In the real world however, the environment will often impose constraints on the feasible footstep locations, typically identified by perception systems. Unfortunately, most demonstrated RL controllers on bipedal robots do not allow for specifying and responding to such constraints. This missing control interface greatly limits the real-world application of current RL controllers. In this paper, we aim to maintain the robust and dynamic nature of learned gaits while also respecting footstep constraints imposed externally. We develop an RL formulation for training dynamic gait controllers that can respond to specified touchdown locations. We then successfully demonstrate simulation and sim-to-real performance on the bipedal robot Cassie. In addition, we use supervised learning to induce a transition model for accurately predicting the next touchdown locations that the controller can achieve given the robot's proprioceptive observations. This model paves the way for integrating the learned controller into a full-order robot locomotion planner that robustly satisfies both balance and environmental constraints.","","978-1-7281-9681-7","10.1109/ICRA46639.2022.9812015","NSF(grant numbers:IIS-1849343,DGE-1314109); DARPA(grant numbers:W911NF-16-1-0002); ","https://ieeexplore.ieee.org/stamp/stamp.jsp?arnumber=9812015","","Legged locomotion;Training;Three-dimensional displays;Supervised learning;Predictive models;Stairs;Planning","","33","","29","IEEE","12 Jul 2022","23-27 May 2022","23-27 May 2022","IEEE","IEEE Conferences"
"Sim-to-Real Learning for Bipedal Locomotion Under Unsensed Dynamic Loads","J. Dao; K. Green; H. Duan; A. Fern; J. Hurst","Collaborative Robotics and Intelligent Systems Institute, Oregon State University, Corvallis, Oregon, USA; Collaborative Robotics and Intelligent Systems Institute, Oregon State University, Corvallis, Oregon, USA; Collaborative Robotics and Intelligent Systems Institute, Oregon State University, Corvallis, Oregon, USA; Collaborative Robotics and Intelligent Systems Institute, Oregon State University, Corvallis, Oregon, USA; Collaborative Robotics and Intelligent Systems Institute, Oregon State University, Corvallis, Oregon, USA",2022 International Conference on Robotics and Automation (ICRA),"12 Jul 2022","2022","","","10449","10455","Recent work on sim-to-real learning for bipedal locomotion has demonstrated new levels of robustness and agility over a variety of terrains. However, that work, and most prior bipedal locomotion work, have not considered locomotion under a variety of external loads that can significantly influence the overall system dynamics. In many applications, robots will need to maintain robust locomotion under a wide range of potential dynamic loads, such as pulling a cart or carrying a large container of sloshing liquid, ideally without requiring additional load-sensing capabilities. In this work, we explore the capabilities of reinforcement learning (RL) and sim-to-real transfer for bipedal locomotion under dynamic loads using only proprioceptive feedback. We show that prior RL policies trained for unloaded locomotion fail for some loads and that simply training in the context of loads is enough to result in successful and improved policies. We also compare training specialized policies for each load versus a single policy for all considered loads and analyze how the resulting gaits change to accommodate different loads. Finally, we demonstrate sim-to-real transfer, which is successful but shows a wider sim-to-real gap than prior unloaded work, which points to interesting future research.","","978-1-7281-9681-7","10.1109/ICRA46639.2022.9811783","NSF(grant numbers:IIS-1849343,DGE-1314109); DARPA(grant numbers:W911NF-16-1-0002); ","https://ieeexplore.ieee.org/stamp/stamp.jsp?arnumber=9811783","","Legged locomotion;Training;System dynamics;Reinforcement learning;Robot sensing systems;Hardware;Robustness","","33","","24","IEEE","12 Jul 2022","23-27 May 2022","23-27 May 2022","IEEE","IEEE Conferences"
"A Benchmark Comparison of Learned Control Policies for Agile Quadrotor Flight","E. Kaufmann; L. Bauersfeld; D. Scaramuzza","Robotics and Perception Group, Dep. of Informatics, University of Zurich, Switzerland; Robotics and Perception Group, Dep. of Informatics, University of Zurich, Switzerland; Robotics and Perception Group, Dep. of Informatics, University of Zurich, Switzerland",2022 International Conference on Robotics and Automation (ICRA),"12 Jul 2022","2022","","","10504","10510","Quadrotors are highly nonlinear dynamical systems that require carefully tuned controllers to be pushed to their physical limits. Recently, learning-based control policies have been proposed for quadrotors, as they would potentially allow learning direct mappings from high-dimensional raw sensory observations to actions. Due to sample inefficiency, training such learned controllers on the real platform is impractical or even impossible. Training in simulation is attractive but requires to transfer policies between domains, which demands trained policies to be robust to such domain gap. In this work, we make two contributions: (i) we perform the first benchmark comparison of existing learned control policies for agile quadrotor flight and show that training a control policy that commands body-rates and thrust results in more robust sim-to-real transfer compared to a policy that directly specifies individual rotor thrusts, (ii) we demonstrate for the first time that such a control policy trained via deep reinforcement learning can control a quadrotor in real-world experiments at speeds over 45 km/h.","","978-1-7281-9681-7","10.1109/ICRA46639.2022.9811564","Swiss National Science Foundation (SNSF); European Research Council (ERC)(grant numbers:864042); ","https://ieeexplore.ieee.org/stamp/stamp.jsp?arnumber=9811564","","Training;Automation;Rotors;Reinforcement learning;Benchmark testing;Robot sensing systems;Robustness","","80","","30","IEEE","12 Jul 2022","23-27 May 2022","23-27 May 2022","IEEE","IEEE Conferences"
"Integrating Deep Reinforcement and Supervised Learning to Expedite Indoor Mapping","E. Zwecher; E. Iceland; S. R. Levy; S. Y. Hayoun; O. Gal; A. Barel","Computer Science Department, Hebrew University of Jerusalem, Jerusalem, Israel; Computer Science Department, Hebrew University of Jerusalem, Jerusalem, Israel; Faculty of Aerospace Engineering, Technion - Israel Institute of Technology, Haifa, Israel; Faculty of Aerospace Engineering, Technion - Israel Institute of Technology, Haifa, Israel; Geo-information Department, Technion - Israel Institute of Technology, Haifa, Israel; Ariel Barel is an academic visitor at the Computer Science Department, Technion - Israel Institute of Technology, Haifa, Israel",2022 International Conference on Robotics and Automation (ICRA),"12 Jul 2022","2022","","","10542","10548","The challenge of mapping indoor environments is addressed. Typical heuristic algorithms for solving the motion planning problem are frontier-based methods, that are especially effective when the environment is completely unknown. However, in cases where prior statistical data on the environment's architectonic features is available, such algorithms can be far from optimal. Furthermore, their calculation time may increase substantially as more areas are exposed. In this paper we propose two means by which to overcome these shortcomings. One is the use of deep reinforcement learning to train the motion planner. The second is the inclusion of a pre-trained generative deep neural network, acting as a map predictor. Each one helps to improve the decision making through use of the learned structural statistics of the environment, and both, being realized as neural networks, ensure a constant calculation time. We show that combining the two methods can shorten the duration of the mapping process by up to 4 times, compared to frontier-based motion planning.","","978-1-7281-9681-7","10.1109/ICRA46639.2022.9811861","","https://ieeexplore.ieee.org/stamp/stamp.jsp?arnumber=9811861","","Training;Neural networks;Decision making;Supervised learning;Reinforcement learning;System recovery;Predictive models","","10","","16","IEEE","12 Jul 2022","23-27 May 2022","23-27 May 2022","IEEE","IEEE Conferences"
"Learning to Optimize in Model Predictive Control","J. Sacks; B. Boots","University of Washington, Seattle, WA, USA; University of Washington, Seattle, WA, USA",2022 International Conference on Robotics and Automation (ICRA),"12 Jul 2022","2022","","","10549","10556","Sampling-based Model Predictive Control (MPC) is a flexible control framework that can reason about non-smooth dynamics and cost functions. Recently, significant work has focused on the use of machine learning to improve the performance of MPC, often through learning or fine-tuning the dynamics or cost function. In contrast, we focus on learning to optimize more effectively. In other words, to improve the update rule within MPC. We show that this can be particularly useful in sampling-based MPC, where we often wish to minimize the number of samples for computational reasons. Unfortunately, the cost of computational efficiency is a reduction in performance; fewer samples results in noisier updates. We show that we can contend with this noise by learning how to update the control distribution more effectively and make better use of the few samples that we have. Our learned controllers are trained via imitation learning to mimic an expert which has access to substantially more samples. We test the efficacy of our approach on multiple simulated robotics tasks in sample-constrained regimes and demonstrate that our approach can outperform a MPC controller with the same number of samples.","","978-1-7281-9681-7","10.1109/ICRA46639.2022.9812369","","https://ieeexplore.ieee.org/stamp/stamp.jsp?arnumber=9812369","","Costs;Heuristic algorithms;Reinforcement learning;Cost function;Prediction algorithms;Noise measurement;Task analysis","","16","","59","IEEE","12 Jul 2022","23-27 May 2022","23-27 May 2022","IEEE","IEEE Conferences"
"GPU-Accelerated Policy Optimization via Batch Automatic Differentiation of Gaussian Processes for Real-World Control","A. Taheri; J. Pajarinen; R. Ghabcheloo","Faculty of Engineering and Natural Sciences, Tampere University, Finland; Department of Electrical Engineering and Automation, Aalto University, Finland; Faculty of Engineering and Natural Sciences, Tampere University, Finland",2022 International Conference on Robotics and Automation (ICRA),"12 Jul 2022","2022","","","10557","10563","The ability of Gaussian processes (GPs) to predict the behavior of dynamical systems as a more sample-efficient alternative to parametric models seems promising for real-world robotics research. However, the computational complexity of GPs has made policy search a highly time and memory consuming process that has not been able to scale to larger problems. In this work, we develop a policy optimization method by leveraging fast predictive sampling methods to process batches of trajectories in every forward pass, and compute gradient updates over policy parameters by automatic differentiation of Monte Carlo evaluations, all on GPU. We demonstrate the effectiveness of our approach in training policies on a set of reference-tracking control experiments with a heavy-duty machine. Benchmark results show a significant speedup over exact methods and showcase the scalability of our method to larger policy networks, longer horizons, and up to thousands of trajectories with a sublinear drop in speed.","","978-1-7281-9681-7","10.1109/ICRA46639.2022.9811876","","https://ieeexplore.ieee.org/stamp/stamp.jsp?arnumber=9811876","","Training;Monte Carlo methods;Scalability;Optimization methods;Gaussian processes;Search problems;Sampling methods","","4","","44","IEEE","12 Jul 2022","23-27 May 2022","23-27 May 2022","IEEE","IEEE Conferences"
"Targeted Attack on Deep RL-based Autonomous Driving with Learned Visual Patterns","P. Buddareddygari; T. Zhang; Y. Yang; Y. Ren","Active Perception Group at the School of Computing and Augmented Intelligence, Arizona State University, Tempe, AZ, USA; College of Engineering, Cornell University, Ithaca, NY, USA; Active Perception Group at the School of Computing and Augmented Intelligence, Arizona State University, Tempe, AZ, USA; School for Engineering of Matter, Transport, and Energy, Arizona State University, Tempe",2022 International Conference on Robotics and Automation (ICRA),"12 Jul 2022","2022","","","10571","10577","Recent studies demonstrated the vulnerability of control policies learned through deep reinforcement learning against adversarial attacks, raising concerns about the application of such models to risk-sensitive tasks such as autonomous driving. Threat models for these demonstrations are limited to (1) targeted attacks through real-time manipulation of the agent's observation, and (2) untargeted attacks through manipulation of the physical environment. The former assumes full access to the agent's states/observations at all times, while the latter has no control over attack outcomes. This paper investigates the feasibility of targeted attacks through visually learned patterns placed on physical objects in the environment, a threat model that combines the practicality and effectiveness of the existing ones. Through analysis, we demonstrate that a pre-trained policy can be hijacked within a time window, e.g., performing an unintended self-parking, when an adversarial object is present. To enable the attack, we adopt an assumption that the dynamics of both the environment and the agent can be learned by the attacker. Lastly, we empirically show the effectiveness of the proposed attack on different driving scenarios, perform a location robustness test, and study the tradeoff between the attack strength and its effectiveness Code is available at https://github.com/ASU-APG/ Targeted-Physical-Adversarial-Attacks-on-AD","","978-1-7281-9681-7","10.1109/ICRA46639.2022.9811574","National Science Foundation(grant numbers:1925403,2038666,2101052); ","https://ieeexplore.ieee.org/stamp/stamp.jsp?arnumber=9811574","","Visualization;Three-dimensional displays;Perturbation methods;Heuristic algorithms;Reinforcement learning;Robustness;Real-time systems","","7","","38","IEEE","12 Jul 2022","23-27 May 2022","23-27 May 2022","IEEE","IEEE Conferences"
"Multi-Agent Path Finding with Prioritized Communication Learning","W. Li; H. Chen; B. Jin; W. Tan; H. Zha; X. Wang","School of Computer Science and Technology, East China Normal University, Shanghai, China; School of Computer Science and Technology, East China Normal University, Shanghai, China; School of Computer Science and Technology, East China Normal University, Shanghai, China; School of Computer Science and Technology, East China Normal University, Shanghai, China; School of Computer Science and Technology, East China Normal University, Shanghai, China; School of Computer Science and Technology, East China Normal University, Shanghai, China",2022 International Conference on Robotics and Automation (ICRA),"12 Jul 2022","2022","","","10695","10701","Multi-agent pathfinding (MAPF) has been widely used to solve large-scale real-world problems, e.g., automation warehouses. The learning-based, fully decentralized framework has been introduced to alleviate real-time problems and simultaneously pursue optimal planning policy. However, existing methods might generate significantly more vertex conflicts (or collisions), which lead to a low success rate or more makespan. In this paper, we propose a PrIoritized COmmunication learning method (PICO), which incorporates the implicit planning priorities into the communication topology within the decentralized multi-agent reinforcement learning framework. Assembling with the classic coupled planners, the implicit priority learning module can be utilized to form the dynamic communication topology, which also builds an effective collision-avoiding mechanism. PICO performs significantly better in large-scale MAPF tasks in success rates and collision rates than state-of-the-art learning-based planners.","","978-1-7281-9681-7","10.1109/ICRA46639.2022.9811643","National Key Research and Development Program of China(grant numbers:2020AAA0107400); NSFC(grant numbers:12071145); STCSM(grant numbers:19ZR141420); Fundamental Research Funds for the Central Universities; ","https://ieeexplore.ieee.org/stamp/stamp.jsp?arnumber=9811643","","Learning systems;Automation;Reinforcement learning;Real-time systems;Path planning;Planning;Topology","","57","","45","IEEE","12 Jul 2022","23-27 May 2022","23-27 May 2022","IEEE","IEEE Conferences"
"KinoJGM: A framework for efficient and accurate quadrotor trajectory generation and tracking in dynamic environments","Y. Wang; J. O'Keeffe; Q. Qian; D. Boyle","Dyson School of Design Engineering, Imperial College, London, United Kingdom; Dyson School of Design Engineering, Imperial College, London, United Kingdom; Dyson School of Design Engineering, Imperial College, London, United Kingdom; Dyson School of Design Engineering, Imperial College, London, United Kingdom",2022 International Conference on Robotics and Automation (ICRA),"12 Jul 2022","2022","","","11036","11043","Unmapped areas and aerodynamic disturbances render autonomous navigation with quadrotors extremely challenging. To fly safely and efficiently, trajectory planners and trackers must be able to navigate unknown environments with unpredictable aerodynamic effects in real-time. When encountering aerodynamic effects such as strong winds, most current approaches to quadrotor trajectory planning and tracking will not attempt to deviate from a determined plan, even if it is risky, in the hope that any aerodynamic disturbances can be resisted by a robust controller. This paper presents a novel systematic trajectory planning and tracking framework for autonomous quadrotors. We propose a Kinodynamic Jump Space Search (Kino-JSS) to generate a safe and efficient route in unknown environments with aerodynamic disturbances. A real-time Gaussian Process is employed to model the errors caused by aerodynamic disturbances, which we then integrate with a Model Predictive Controller to achieve efficient and accurate trajectory optimization and tracking. We demonstrate our system to improve the efficiency of trajectory generation in unknown environments by up to 75% in the cases tested, compared with recent state-of-the-art. We also show that our system improves the accuracy of tracking in selected environments with unpredictable aerodynamic effects. Our implementation is available in an open source package11https://github.com/Alex-yanranwang/Imperial-KinoJGM.","","978-1-7281-9681-7","10.1109/ICRA46639.2022.9812352","","https://ieeexplore.ieee.org/stamp/stamp.jsp?arnumber=9812352","","Systematics;Trajectory planning;Navigation;Heuristic algorithms;Reinforcement learning;Predictive models;Aerodynamics","","6","","46","IEEE","12 Jul 2022","23-27 May 2022","23-27 May 2022","IEEE","IEEE Conferences"
"I Know You Can't See Me: Dynamic Occlusion-Aware Safety Validation of Strategic Planners for Autonomous Vehicles Using Hypergames","M. Kahn; A. Sarkar; K. Czarnecki","University of Waterloo, Waterloo, ON; University of Waterloo, Waterloo, ON; University of Waterloo, Waterloo, ON",2022 International Conference on Robotics and Automation (ICRA),"12 Jul 2022","2022","","","11202","11208","A particular challenge for both autonomous and human driving is dealing with risk associated with dynamic occlusion, i.e., occlusion caused by other vehicles in traffic. Based on the theory of hypergames, we develop a novel multi-agent dynamic occlusion risk (DOR) measure for assessing situational risk in dynamic occlusion scenarios. Furthermore, we present a white-box, scenario-based, accelerated safety validation framework for assessing safety of strategic planners in AV. Based on evaluation over a large naturalistic database, our proposed validation method achieves a 4000% speedup compared to direct validation on naturalistic data, a more diverse coverage, and ability to generalize beyond the dataset and generate commonly observed dynamic occlusion crashes in traffic in an automated manner.","","978-1-7281-9681-7","10.1109/ICRA46639.2022.9812041","","https://ieeexplore.ieee.org/stamp/stamp.jsp?arnumber=9812041","","Automation;Databases;Pipelines;Fitting;Safety;Vehicle dynamics;Autonomous vehicles","","10","","43","IEEE","12 Jul 2022","23-27 May 2022","23-27 May 2022","IEEE","IEEE Conferences"
"Safety Assurances for Human-Robot Interaction via Confidence-aware Game-theoretic Human Models","R. Tian; L. Sun; A. Bajcsy; M. Tomizuka; A. D. Dragan",UC Berkeley; UC Berkeley; UC Berkeley; UC Berkeley; UC Berkeley,2022 International Conference on Robotics and Automation (ICRA),"12 Jul 2022","2022","","","11229","11235","An outstanding challenge with safety methods for human-robot interaction is reducing their conservatism while maintaining robustness to variations in human behavior. In this work, we propose that robots use confidence-aware game-theoretic models of human behavior when assessing the safety of a human-robot interaction. By treating the influence between the human and robot as well as the human's rationality as unobserved latent states, we succinctly infer the degree to which a human is following the game-theoretic interaction model. We leverage this model to restrict the set of feasible human controls during safety verification, enabling the robot to confidently modulate the conservatism of its safety monitor online. Evaluations in simulated human-robot scenarios and ablation studies demonstrate that imbuing safety monitors with confidence-aware game-theoretic models enables both safe and efficient human-robot interaction. Moreover, evaluations with real traffic data show that our safety monitor is less conservative than traditional safety methods in real human driving scenarios.","","978-1-7281-9681-7","10.1109/ICRA46639.2022.9812048","","https://ieeexplore.ieee.org/stamp/stamp.jsp?arnumber=9812048","","Automation;Human-robot interaction;Robustness;Safety;Behavioral sciences;Robots;Monitoring","","35","","43","IEEE","12 Jul 2022","23-27 May 2022","23-27 May 2022","IEEE","IEEE Conferences"
"Object Memory Transformer for Object Goal Navigation","R. Fukushima; K. Ota; A. Kanezaki; Y. Sasaki; Y. Yoshiyasu","National Institute of Advanced Industrial Science and Technology (AIST), Japan; Tokyo Institute of Technology, Tokyo, Japan; Tokyo Institute of Technology, Tokyo, Japan; National Institute of Advanced Industrial Science and Technology (AIST), Japan; National Institute of Advanced Industrial Science and Technology (AIST), Japan",2022 International Conference on Robotics and Automation (ICRA),"12 Jul 2022","2022","","","11288","11294","This paper presents a reinforcement learning method for object goal navigation (ObjNav) where an agent navigates in 3D indoor environments to reach a target object based on long-term observations of objects and scenes. To this end, we propose Object Memory Transformer (OMT) that consists of two key ideas: 1) Object-Scene Memory (OSM) that enables to store long-term scenes and object semantics, and 2) Transformer that attends to salient objects in the sequence of previously observed scenes and objects stored in OSM. This mechanism allows the agent to efficiently navigate in the indoor environment without prior knowledge about the environments, such as topological maps or 3D meshes. To the best of our knowledge, this is the first work that uses a long-term memory of object semantics in a goal-oriented navigation task. Experimental results conducted on the AI2-THOR dataset show that OMT outperforms previous approaches in navigating in unknown environments. In particular, we show that utilizing the long-term object semantics information improves the efficiency of navigation.","","978-1-7281-9681-7","10.1109/ICRA46639.2022.9812027","New Energy and Industrial Technology Development Organization(grant numbers:JPNP20006); ","https://ieeexplore.ieee.org/stamp/stamp.jsp?arnumber=9812027","","Three-dimensional displays;Navigation;Semantics;Reinforcement learning;Benchmark testing;Transformers;Encoding","","35","","31","IEEE","12 Jul 2022","23-27 May 2022","23-27 May 2022","IEEE","IEEE Conferences"
"Visual Representation Learning for Preference-Aware Path Planning","K. S. Sikand; S. Rabiee; A. Uccello; X. Xiao; G. Warnell; J. Biswas","Department of Computer Science, The University of Texas at Austin, Austin, TX; Department of Computer Science, The University of Texas at Austin, Austin, TX; Department of Computer Science, The University of Texas at Austin, Austin, TX; Department of Computer Science, The University of Texas at Austin, Austin, TX; Department of Computer Science, The University of Texas at Austin, Austin, TX; Department of Computer Science, The University of Texas at Austin, Austin, TX",2022 International Conference on Robotics and Automation (ICRA),"12 Jul 2022","2022","","","11303","11309","Autonomous mobile robots deployed in outdoor environments must reason about different types of terrain for both safety (e.g., prefer dirt over mud) and deployer preferences (e.g., prefer dirt path over flower beds). Most existing solutions to this preference-aware path planning problem use semantic segmentation to classify terrain types from camera images, and then ascribe costs to each type. Unfortunately, there are three key limitations of such approaches - they 1) require preenumeration of the discrete terrain types, 2) are unable to handle hybrid terrain types (e.g., grassy dirt), and 3) require expensive labelled data to train visual semantic segmentation. We introduce Visual Representation Learning for Preference-Aware Path Planning (VRL-PAP), an alternative approach that overcomes all three limitations: VRL-PAP leverages un-labelled human demonstrations of navigation to autonomously generate triplets for learning visual representations of terrain that are viewpoint invariant and encode terrain types in a continuous representation space. The learned representations are then used along with the same unlabelled human navigation demonstrations to learn a mapping from the representation space to terrain costs. At run time, VRL-PAP maps from images to representations and then representations to costs to perform preference-aware path planning. We present empirical results from challenging outdoor settings that demonstrate VRL-PAP 1) is successfully able to pick paths that reflect demonstrated preferences, 2) is comparable in execution to geometric navigation with a highly detailed manually annotated map (without requiring such annotations), 3) is able to generalize to novel terrain types with minimal additional unlabeled demonstrations.","","978-1-7281-9681-7","10.1109/ICRA46639.2022.9811828","UT Austin; NSF(grant numbers:CAREER-2046955,IIS-1954778,SHF-2006404); ARO(grant numbers:W911NF-19-2-0333); DARPA(grant numbers:HR001120C0031); ","https://ieeexplore.ieee.org/stamp/stamp.jsp?arnumber=9811828","","Representation learning;Visualization;Image segmentation;Costs;Navigation;Annotations;Semantics","","18","","22","IEEE","12 Jul 2022","23-27 May 2022","23-27 May 2022","IEEE","IEEE Conferences"
"RE:BT-Espresso: Improving Interpretability and Expressivity of Behavior Trees Learned from Robot Demonstrations","A. Wathieu; T. R. Groechel; H. J. Lee; C. Kuo; M. J. Matarić","Department of Computer Science, Northwestern University, Evanston, IL, USA; Department of Computer Science, Interaction Lab, University of Southern California, Los Angeles, CA, USA; Department of Computer Science, Interaction Lab, University of Southern California, Los Angeles, CA, USA; Department of Computer Science, Interaction Lab, University of Southern California, Los Angeles, CA, USA; Department of Computer Science, Interaction Lab, University of Southern California, Los Angeles, CA, USA",2022 International Conference on Robotics and Automation (ICRA),"12 Jul 2022","2022","","","11518","11524","Behavior trees (BTs) are hierarchical agent control architectures popular for robot task-level planning that can be autonomously learned from robot demonstrations via decision tree (DT) intermediaries, making them accessible to non-expert users. Conversion algorithms from DTs to BTs, such as the BT-Espresso algorithm, focus on replicating DT logic in a BT format but do not exploit the strengths of the BT architecture. We introduce the Representation Exploitation of BT-Espresso (RE:BT-Espresso) algorithm, which builds on BT-Espresso and improves the learned BT's interpretability and expressivity. RE:BT-Espresso improves interpretability by removing logical redundancies in the generated BTs and improves expressivity by exploiting desired BT structures, such as adding Inverter nodes, Repeater sequences, and Parallel Selector Action nodes that gives the user a choice of actions for state spaces that did not resolve to a concise action in the DT. The RE:BT-Espresso algorithm was evaluated against BT-Espresso using demonstration data synthesized by BTs. When compared to the synthesized BTs using graph edit distance (GED), RE:BT-Espresso outscored BT-Espresso on 54 subtrees, tied on 178, and lost on 2. Further, the proposed reduction strategies reduced the number of nodes in a generated tree by a median of 7.82%. The results validate improved interpretability and expressivity of learned RE:BT-Espresso task-level BT policies from robot demonstration.","","978-1-7281-9681-7","10.1109/ICRA46639.2022.9812046","NSF(grant numbers:IIS-1925083); ","https://ieeexplore.ieee.org/stamp/stamp.jsp?arnumber=9812046","","Automation;Redundancy;Repeaters;Inverters;Behavioral sciences;Planning;Decision trees","","12","","26","IEEE","12 Jul 2022","23-27 May 2022","23-27 May 2022","IEEE","IEEE Conferences"
"Reinforcement Learning as a Method for Tuning CPG Controllers for Underwater Multi-Fin Propulsion","A. Drago; G. Carryon; J. Tangorra",NA; NA; NA,2022 International Conference on Robotics and Automation (ICRA),"12 Jul 2022","2022","","","11533","11539","CPG-Based oscillator networks are increasingly being used to drive multi-limbed robots. To produce effective gaits with these networks, the relationship between the CPG parameters and the characteristics of the gait must be determined. However, due to the nonlinear nature of the oscillators, this relationship is challenging to ascertain. In this work a reinforcement learning algorithm is used to determine the CPG parameters that produce propulsively beneficial kinematics in a multi-fin underwater robot. Due to the high computational cost in creating high fidelity simulations of underwater systems, an alternate method using a low fidelity simulation is explored. To better simulate the dynamics of a two-finned swimming robot a thorough force sweep is conducted on the subject robot in a controlled environment. The resulting force data is used as the dynamic information in a simple simulation. This method allows for the learning of CPG weight settings that produce desired kinematic operating conditions and their resulting forces in simulation. Using this method, when the learned CPG parameters were applied directly to the physical robot, the robot executed the same desired kinematics and forces as expected from simulation with no additional learning needed.","","978-1-7281-9681-7","10.1109/ICRA46639.2022.9812128","","https://ieeexplore.ieee.org/stamp/stamp.jsp?arnumber=9812128","","Computational modeling;Heuristic algorithms;Force;Dynamics;Kinematics;Reinforcement learning;Propulsion","","3","","26","IEEE","12 Jul 2022","23-27 May 2022","23-27 May 2022","IEEE","IEEE Conferences"
