"Document Title",Authors,"Author Affiliations","Publication Title",Date Added To Xplore,"Publication Year","Volume","Issue","Start Page","End Page","Abstract","ISSN",ISBNs,"DOI",Funding Information,PDF Link,"Author Keywords","IEEE Terms","Mesh_Terms",Article Citation Count,Patent Citation Count,"Reference Count","License",Online Date,Issue Date,"Meeting Date","Publisher",Document Identifier
"Risk-Conditioned Distributional Soft Actor-Critic for Risk-Sensitive Navigation","J. Choi; C. Dance; J. -E. Kim; S. Hwang; K. -S. Park","Naver Labs, Gyeonggi-do, South Korea; Naver Labs Europe, Meylan, France; Naver Labs, Gyeonggi-do, South Korea; Naver Labs, Gyeonggi-do, South Korea; Naver Labs, Gyeonggi-do, South Korea",2021 IEEE International Conference on Robotics and Automation (ICRA),"18 Oct 2021","2021","","","8337","8344","Modern navigation algorithms based on deep reinforcement learning (RL) show promising efficiency and robustness. However, most deep RL algorithms operate in a risk-neutral manner, making no special attempt to shield users from relatively rare but serious outcomes, even if such shielding might cause little loss of performance. Furthermore, such algorithms typically make no provisions to ensure safety in the presence of inaccuracies in the models on which they were trained, beyond adding a cost-of-collision and some domain randomization while training, in spite of the formidable complexity of the environments in which they operate. In this paper, we present a novel distributional RL algorithm that not only learns an uncertainty-aware policy, but can also change its risk measure without expensive fine-tuning or retraining. Our method shows superior performance and safety over baselines in partially- observed navigation tasks. We also demonstrate that agents trained using our method can adapt their policies to a wide range of risk measures at run-time.","2577-087X","978-1-7281-9077-8","10.1109/ICRA48506.2021.9560962","","https://ieeexplore.ieee.org/stamp/stamp.jsp?arnumber=9560962","","Training;Navigation;Conferences;Measurement uncertainty;Reinforcement learning;Robustness;Safety","","23","","46","IEEE","18 Oct 2021","30 May-5 June 2021","30 May-5 June 2021","IEEE","IEEE Conferences"
"Sim-to-Real Visual Grasping via State Representation Learning Based on Combining Pixel-Level and Feature-Level Domain Adaptation","Y. Park; S. H. Lee; I. H. Suh","Department of Electronics and Computer Engineering, Hanyang University, Korea; Innovative Smart Manufacturing R&D Department, Korea Institute of Industrial Technology; CogAplex Co., Ltd",2021 IEEE International Conference on Robotics and Automation (ICRA),"18 Oct 2021","2021","","","6300","6307","In this study, we present a method to grasp diverse unseen real-world objects using an off-policy actor-critic deep reinforcement learning (RL) with the help of a simulation and the use of as little real-world data as possible. Actor-critic deep RL is unstable and difficult to tune when a raw image is given as an input. Therefore, we use state representation learning (SRL) to make actor-critic RL feasible for visual grasping tasks. Meanwhile, to reduce visual reality gap between simulation and reality, we also employ a typical pixel-level domain adaptation that can map simulated images to realistic ones. In our method, as the SRL model is a common preprocessing module for simulated and real-world data, we perform SRL using real and adapted images. This pixel-level domain adaptation enables the robot to learn grasping skills in a real environment using small amounts of real-world data. However, the controller trained in the simulation should adapt to the real world efficiently. Hence, we propose a method combining a typical pixel-level domain adaptation and the proposed SRL model, where we perform SRL based on a feature-level domain adaptation. In evaluations of vision-based robotics grasping tasks, we show that the proposed method achieves a substantial improvement over a method that only employs a pixel-level or domain adaptation.","2577-087X","978-1-7281-9077-8","10.1109/ICRA48506.2021.9561302","","https://ieeexplore.ieee.org/stamp/stamp.jsp?arnumber=9561302","","Adaptation models;Visualization;Automation;Conferences;Grasping;Reinforcement learning;Data models","","10","","38","IEEE","18 Oct 2021","30 May-5 June 2021","30 May-5 June 2021","IEEE","IEEE Conferences"
"Dexterous Manoeuvre through Touch in a Cluttered Scene","W. Liang; Q. Ren; X. Chen; J. Gao; Y. Wu","Institute for Infocomm Research (I2R), A*STAR, Singapore; College of Control Science and Engineering, Zhejiang University, Hangzhou, China; College of Control Science and Engineering, Zhejiang University, Hangzhou, China; School of Automation, Guangdong University of Technology, Guangzhou, China; Institute for Infocomm Research (I2R), A*STAR, Singapore",2021 IEEE International Conference on Robotics and Automation (ICRA),"18 Oct 2021","2021","","","6308","6314","Manipulation in a densely cluttered environment creates complex challenges in perception to close the control loop, many of which are due to the sophisticated physical interaction between the environment and the manipulator. Drawing from biological sensory-motor control, to handle the task in such a scenario, tactile sensing can be used to provide an additional dimension of the rich contact information from the interaction for decision making and action selection to manoeuvre towards a target. In this paper, a new tactile-based motion planning and control framework based on bioinspiration is proposed and developed for a robot manipulator to manoeuvre in a cluttered environment. An iterative two-stage machine learning approach is used in this framework: an autoencoder is used to extract important cues from tactile sensory readings while a reinforcement learning technique is used to generate optimal motion sequence to efficiently reach the given target. The framework is implemented on a KUKA LBR iiwa robot mounted with a SynTouch BioTac tactile sensor and tested with real-life experiments. The results show that the system is able to move the end-effector through the cluttered environment to reach the target effectively.","2577-087X","978-1-7281-9077-8","10.1109/ICRA48506.2021.9562061","","https://ieeexplore.ieee.org/stamp/stamp.jsp?arnumber=9562061","","Decision making;Tactile sensors;Reinforcement learning;Feature extraction;End effectors;Robustness;Planning","","9","","34","IEEE","18 Oct 2021","30 May-5 June 2021","30 May-5 June 2021","IEEE","IEEE Conferences"
"Reducing the Deployment-Time Inference Control Costs of Deep Reinforcement Learning Agents via an Asymmetric Architecture","C. -J. Chang; Y. -W. Chu; C. -H. Ting; H. -K. Liu; Z. -W. Hong; C. -Y. Lee","Department of Computer Science, Elsa Lab, National Tsing Hua University, Hsinchu, Taiwan; Department of Computer Science, Elsa Lab, National Tsing Hua University, Hsinchu, Taiwan; Department of Computer Science, Elsa Lab, National Tsing Hua University, Hsinchu, Taiwan; Department of Computer Science, Elsa Lab, National Tsing Hua University, Hsinchu, Taiwan; Department of Computer Science, Elsa Lab, National Tsing Hua University, Hsinchu, Taiwan; Department of Computer Science, Elsa Lab, National Tsing Hua University, Hsinchu, Taiwan",2021 IEEE International Conference on Robotics and Automation (ICRA),"18 Oct 2021","2021","","","4762","4768","Deep reinforcement learning (DRL) has been demonstrated to provide promising results in several challenging decision making and control tasks. However, the required inference costs of deep neural networks (DNNs) could prevent DRL from being applied to mobile robots which cannot afford high energy-consuming computations. To enable DRL methods to be affordable in such energy-limited platforms, we propose an asymmetric architecture that reduces the overall inference costs via switching between a computationally expensive policy and an economic one. The experimental results evaluated on a number of representative benchmark suites for robotic control tasks demonstrate that our method is able to reduce the inference costs while retaining the agent’s overall performance.","2577-087X","978-1-7281-9077-8","10.1109/ICRA48506.2021.9562026","Ministry of Science and Technology; ","https://ieeexplore.ieee.org/stamp/stamp.jsp?arnumber=9562026","","Deep learning;Costs;Conferences;Decision making;Training data;Computer architecture;Reinforcement learning","","1","","30","IEEE","18 Oct 2021","30 May-5 June 2021","30 May-5 June 2021","IEEE","IEEE Conferences"
"Sample Efficient Reinforcement Learning via Model-Ensemble Exploration and Exploitation","Y. Yao; L. Xiao; Z. An; W. Zhang; D. Luo","TBSI, Tsinghua Shenzhen International Graduate School, Tsinghua University, Shenzhen, China; TBSI, Tsinghua Shenzhen International Graduate School, Tsinghua University, Shenzhen, China; TBSI, Tsinghua Shenzhen International Graduate School, Tsinghua University, Shenzhen, China; TBSI, Tsinghua Shenzhen International Graduate School, Tsinghua University, Shenzhen, China; Tencent AI Lab, Shenzhen, China",2021 IEEE International Conference on Robotics and Automation (ICRA),"18 Oct 2021","2021","","","4202","4208","Model-based deep reinforcement learning has achieved success in various domains that require high sample efficiencies, such as Go and robotics. However, there are some remaining issues, such as planning efficient explorations to learn more accurate dynamic models, evaluating the uncertainty of the learned models, and more rational utilization of models. To mitigate these issues, we present MEEE, a model-ensemble method that consists of optimistic exploration and weighted exploitation. During exploration, unlike prior methods directly selecting the optimal action that maximizes the expected accumulative return, our agent first generates a set of action candidates and then seeks out the optimal action that takes both expected return and future observation novelty into account. During exploitation, different discounted weights are assigned to imagined transition tuples according to their model uncertainty respectively, which will prevent model predictive error propagation in agent training. Experiments on several challenging continuous control benchmark tasks demonstrated that our approach outperforms other model-free and model-based state-of-the-art methods, especially in sample complexity.","2577-087X","978-1-7281-9077-8","10.1109/ICRA48506.2021.9561842","","https://ieeexplore.ieee.org/stamp/stamp.jsp?arnumber=9561842","","Training;Uncertainty;Conferences;Estimation;Reinforcement learning;Predictive models;Benchmark testing","","15","","46","IEEE","18 Oct 2021","30 May-5 June 2021","30 May-5 June 2021","IEEE","IEEE Conferences"
"Dreaming: Model-based Reinforcement Learning by Latent Imagination without Reconstruction","M. Okada; T. Taniguchi","Digitan & AI Technology Center, Technology Division, Panasonic Corporation, Japan; Digitan & AI Technology Center, Technology Division, Panasonic Corporation, Japan",2021 IEEE International Conference on Robotics and Automation (ICRA),"18 Oct 2021","2021","","","4209","4215","In the present paper, we propose a decoder-free extension of Dreamer, a leading model-based reinforcement learning (MBRL) method from pixels. Dreamer is a sample- and cost-efficient solution to robot learning, as it is used to train latent state-space models based on a variational autoencoder and to conduct policy optimization by latent trajectory imagination. However, this autoencoding based approach often causes object vanishing, in which the autoencoder fails to perceives key objects for solving control tasks, and thus significantly limiting Dreamer's potential. This work aims to relieve this Dreamer's bottleneck and enhance its performance by means of removing the decoder. For this purpose, we firstly derive a likelihood- free and InfoMax objective of contrastive learning from the evidence lower bound of Dreamer. Secondly, we incorporate two components, (i) independent linear dynamics and (ii) the random crop data augmentation, to the learning scheme so as to improve the training performance. In comparison to Dreamer and other recent model-free reinforcement learning methods, our newly devised Dreamer with InfoMax and without generative decoder (Dreaming) achieves the best scores on 5 difficult simulated robotics tasks, in which Dreamer suffers from object vanishing.","2577-087X","978-1-7281-9077-8","10.1109/ICRA48506.2021.9560734","","https://ieeexplore.ieee.org/stamp/stamp.jsp?arnumber=9560734","","Training;Service robots;Crops;Reinforcement learning;Robot learning;Decoding;Trajectory","","44","","37","IEEE","18 Oct 2021","30 May-5 June 2021","30 May-5 June 2021","IEEE","IEEE Conferences"
"Model-based Domain Randomization of Dynamics System with Deep Bayesian Locally Linear Embedding","J. H. Park; S. Park; H. J. Kim","Department of Mechanical and Aerospace Engineering, Seoul National University, Seoul, Korea; Department of Mechanical and Aerospace Engineering, Seoul National University, Seoul, Korea; Department of Mechanical and Aerospace Engineering, Seoul National University, Seoul, Korea",2021 IEEE International Conference on Robotics and Automation (ICRA),"18 Oct 2021","2021","","","4223","4229","Domain randomization (DR) is a powerful tool to make a policy robust to the uncertainty of dynamics caused by unobservable environmental parameters. Conventional DR has adopted model-free reinforcement learning as a policy optimizer. However, the model-free methods in DR demand high time-complexity due to the randomization process where the environment is extremely changed. In this paper, we introduce model-based dynamics and policy learning for efficient DR. A Bayesian model of locally linear embedding is designed to fit the stochastic dynamics in DR. By virtue of locally linear dynamics, model-based optimal control is substituted for the policy optimization. Unlike previous works, our proposed Bayesian model with a MNIW prior allows the locally linear embedding to capture the dynamics in DR as a stochastic model. We show that a training method that combines variational and adversarial approaches is adequate for Bayesian embedding. Finally, a model-based controller is designed on our Bayesian locally linear embedding, and it shows better performance in DR environments compared with the non-Bayesian model of locally linear embedding.","2577-087X","978-1-7281-9077-8","10.1109/ICRA48506.2021.9561942","Agency for Defense Development; ","https://ieeexplore.ieee.org/stamp/stamp.jsp?arnumber=9561942","","Training;Adaptation models;Uncertainty;Stochastic processes;Optimal control;Reinforcement learning;Tools","","1","","22","IEEE","18 Oct 2021","30 May-5 June 2021","30 May-5 June 2021","IEEE","IEEE Conferences"
"Deep Imitation Learning for Autonomous Navigation in Dynamic Pedestrian Environments","L. Qin; Z. Huang; C. Zhang; H. Guo; M. Ang; D. Rus","Singapore-MIT Alliance for Research and Technology, Singapore; Singapore-MIT Alliance for Research and Technology, Singapore; National University of Singapore, Singapore; Singapore-MIT Alliance for Research and Technology, Singapore; National University of Singapore, Singapore; Computer Science and Artificial Intelligence Laboratory, Massachusetts Institute of Technology, Cambridge, MA, USA",2021 IEEE International Conference on Robotics and Automation (ICRA),"18 Oct 2021","2021","","","4108","4115","Navigation through dynamic pedestrian environments in a socially compliant manner is still a challenging task for autonomous vehicles. Classical methods usually lead to unnatural vehicle behaviours for pedestrian navigation due to the difficulty in modeling social conventions mathematically. This paper presents an end-to-end path planning system that achieves autonomous navigation in dynamic environments through imitation learning. The proposed system is based on a fully convolutional neural network that maps the raw sensory data into a confidence map for path extraction. Additionally, a classification network is introduced to reduce the unnecessary re-plannings and ensures that the vehicle goes back to the global path when re-planning is not needed. The imitation learning based path planner is implemented on an autonomous wheelchair and tested in a new real-world dynamic pedestrian environment. Experimental results show that the proposed system is able to generate paths for different driving tasks, such as pedestrian following, static and dynamic obstacles avoidance, etc. In comparison to the state-of-the-art method, our system is superior in terms of generating human-like trajectories.","2577-087X","978-1-7281-9077-8","10.1109/ICRA48506.2021.9561220","","https://ieeexplore.ieee.org/stamp/stamp.jsp?arnumber=9561220","","Navigation;Wheelchairs;Robot sensing systems;Mathematical models;Trajectory;Data mining;Convolutional neural networks","","14","","43","IEEE","18 Oct 2021","30 May-5 June 2021","30 May-5 June 2021","IEEE","IEEE Conferences"
"Learning from Demonstration without Demonstrations","T. Blau; P. Morere; G. Francis","School of Computer Science, The University of Sydney, Australia; School of Computer Science, The University of Sydney, Australia; School of Computer Science, The University of Sydney, Australia",2021 IEEE International Conference on Robotics and Automation (ICRA),"18 Oct 2021","2021","","","4116","4122","State-of-the-art reinforcement learning (RL) algorithms suffer from high sample complexity, particularly in the sparse reward case. A popular strategy for mitigating this problem is to learn control policies by imitating a set of expert demonstrations. The drawback of such approaches is that an expert needs to produce demonstrations, which may be costly in practice. To address this shortcoming, we propose Probabilistic Planning for Demonstration Discovery (P2D2), a technique for automatically discovering demonstrations without access to an expert. We formulate discovering demonstrations as a search problem and leverage widely-used planning algorithms such as Rapidly-exploring Random Tree to find demonstration trajectories. These demonstrations are used to initialize a policy, then refined by a generic RL algorithm. We provide theoretical guarantees of P2D2 finding successful trajectories, as well as bounds for its sampling complexity. We experimentally demonstrate the method outperforms classic and intrinsic exploration RL techniques in a range of classic control and robotics tasks, requiring only a fraction of exploration samples and achieving better asymptotic performance.","2577-087X","978-1-7281-9077-8","10.1109/ICRA48506.2021.9561119","","https://ieeexplore.ieee.org/stamp/stamp.jsp?arnumber=9561119","","Planing;Reinforcement learning;Games;Probabilistic logic;Search problems;Planning;Complexity theory","","2","","48","IEEE","18 Oct 2021","30 May-5 June 2021","30 May-5 June 2021","IEEE","IEEE Conferences"
"A Peg-in-hole Task Strategy for Holes in Concrete","A. Yuji Yasutomi; H. Mori; T. Ogata","Robotics Research Department, Center for Technology Innovation, R&D Group, Hitachi, Ltd.; Department of Intermedia Art and Science, Graduate School of Fundamental Science and Engineering, Waseda University; Artificial Intelligence Research Center, AIST",2021 IEEE International Conference on Robotics and Automation (ICRA),"18 Oct 2021","2021","","","2205","2211","A method that enables an industrial robot to accomplish the peg-in-hole task for holes in concrete is proposed. The proposed method involves slightly detaching the peg from the wall, when moving between search positions, to avoid the negative influence of the concrete’s high friction coefficient. It uses a deep neural network (DNN), trained via reinforcement learning, to effectively find holes with variable shape and surface finish (due to the brittle nature of concrete) without analytical modeling or control parameter tuning. The method uses displacement of the peg toward the wall surface, in addition to force and torque, as one of the inputs of the DNN. Since the displacement increases as the peg gets closer to the hole (due to the chamfered shape of holes in concrete), it is a useful parameter for inputting in the DNN. The proposed method was evaluated by training the DNN on a hole 500 times and attempting to find 12 unknown holes. The results of the evaluation show the DNN enabled a robot to find the unknown holes with average success rate of 96.1% and average execution time of 12.5 seconds. Additional evaluations with random initial positions and a different type of peg demonstrate the trained DNN can generalize well to different conditions. Analyses of the influence of the peg displacement input showed the success rate of the DNN is increased by utilizing this parameter. These results validate the proposed method in terms of its effectiveness and applicability to the construction industry.","2577-087X","978-1-7281-9077-8","10.1109/ICRA48506.2021.9561370","","https://ieeexplore.ieee.org/stamp/stamp.jsp?arnumber=9561370","","Training;Torque;Service robots;Shape;Fasteners;Concrete;Task analysis","","13","","23","IEEE","18 Oct 2021","30 May-5 June 2021","30 May-5 June 2021","IEEE","IEEE Conferences"
"Observation Space Matters: Benchmark and Optimization Algorithm","J. T. Kim; S. Ha","Lawrence Livermore National Laboratory, Livermore, CA, USA; Georgia Institute of Technology, Atlanta, GA, USA",2021 IEEE International Conference on Robotics and Automation (ICRA),"18 Oct 2021","2021","","","1527","1534","Recent advances in deep reinforcement learning (deep RL) enable researchers to solve challenging control problems, from simulated environments to real-world robotic tasks. However, deep RL algorithms are known to be sensitive to the problem formulation, including observation spaces, action spaces, and reward functions. There exist numerous choices for observation spaces but they are often designed solely based on prior knowledge due to the lack of established principles. In this work, we conduct benchmark experiments to verify common design choices for observation spaces, such as Cartesian transformation, binary contact flags, a short history, or global positions. Then we propose a search algorithm to find the optimal observation spaces, which examines various candidate observation spaces and removes unnecessary observation channels with a Dropout-Permutation test. We demonstrate that our algorithm significantly improves learning speed compared to manually designed observation spaces. We also analyze the proposed algorithm by evaluating different hyperparameters.","2577-087X","978-1-7281-9077-8","10.1109/ICRA48506.2021.9561019","","https://ieeexplore.ieee.org/stamp/stamp.jsp?arnumber=9561019","","Costs;Automation;Conferences;Reinforcement learning;Benchmark testing;Aerospace electronics;Robot sensing systems","","9","","57","IEEE","18 Oct 2021","30 May-5 June 2021","30 May-5 June 2021","IEEE","IEEE Conferences"
"Interleaving Fast and Slow Decision Making","A. Gulati; S. Soni; S. Rao","International Institute of Information Technology, Bangalore, India; International Institute of Information Technology, Bangalore, India; International Institute of Information Technology, Bangalore, India",2021 IEEE International Conference on Robotics and Automation (ICRA),"18 Oct 2021","2021","","","1535","1541","The ""Thinking, Fast and Slow"" paradigm of Kahneman proposes that we use two different styles of thinking—a fast and intuitive System 1 for certain tasks, along with a slower but more analytical System 2 for others. While the idea of using this two-system style of thinking is gaining popularity in AI and robotics, our work considers how to interleave the two styles of decision-making, i.e., how System 1 and System 2 should be used together. For this, we propose a novel and general framework which includes a new System 0 to oversee Systems 1 and 2. At every point when a decision needs to be made, System 0 evaluates the situation and quickly hands over the decision-making process to either System 1 or System 2. We evaluate such a framework on a modified version of the classic Pac-Man game, with an already-trained RL algorithm for System 1, a Monte-Carlo tree search for System 2, and several different possible strategies for System 0. As expected, arbitrary switches between Systems 1 and 2 do not work, but certain strategies do well. With System 0, an agent is able to perform better than one that uses only System 1 or System 2.","2577-087X","978-1-7281-9077-8","10.1109/ICRA48506.2021.9561562","","https://ieeexplore.ieee.org/stamp/stamp.jsp?arnumber=9561562","","Monte Carlo methods;Automation;Conferences;Decision making;Games;Switches;History","","5","","25","IEEE","18 Oct 2021","30 May-5 June 2021","30 May-5 June 2021","IEEE","IEEE Conferences"
"Learning World Transition Model for Socially Aware Robot Navigation","Y. Cui; H. Zhang; Y. Wang; R. Xiong","State Key Laboratory of Industrial Control and Technology, Zhejiang University, Hangzhou, P.R. China; State Key Laboratory of Industrial Control and Technology, Zhejiang University, Hangzhou, P.R. China; State Key Laboratory of Industrial Control and Technology, Zhejiang University, Hangzhou, P.R. China; State Key Laboratory of Industrial Control and Technology, Zhejiang University, Hangzhou, P.R. China",2021 IEEE International Conference on Robotics and Automation (ICRA),"18 Oct 2021","2021","","","9262","9268","Moving in dynamic pedestrian environments is one of the important requirements for autonomous mobile robots. We present a model-based reinforcement learning approach for robots to navigate through crowded environments. The navigation policy is trained with both real interaction data from multi-agent simulation and virtual data from a deep transition model that predicts the evolution of surrounding dynamics of mobile robots. A reward function considering social conventions is designed to guide the training of the policy. Specifically, the policy model takes laser scan sequence and robot’s own state as input and outputs steering command. The laser sequence is further transformed into stacked local obstacle maps disentangled from robot’s ego motion to separate the static and dynamic obstacles, simplifying the model training. We observe that the policy using our method can be trained with significantly less real interaction data in simulator but achieve similar level of success rate in social navigation tasks compared with other methods. Experiments are conducted in multiple social scenarios both in simulation and on real robots, the learned policy can guide the robots to the final targets successfully in a socially compliant manner. Code is available at https://github.com/YuxiangCui/model-based-social-navigation.","2577-087X","978-1-7281-9077-8","10.1109/ICRA48506.2021.9561973","Nature; ","https://ieeexplore.ieee.org/stamp/stamp.jsp?arnumber=9561973","","Training;Navigation;Dynamics;Reinforcement learning;Predictive models;Laser modes;Data models","","23","","24","IEEE","18 Oct 2021","30 May-5 June 2021","30 May-5 June 2021","IEEE","IEEE Conferences"
"Deep reinforcement learning of event-triggered communication and control for multi-agent cooperative transport","K. Shibata; T. Jimbo; T. Matsubara","Autonomous Distributed Cooperative Control Program, Data Analytics Research-Domain, Toyota Central R&D Labs., Inc., Japan; Autonomous Distributed Cooperative Control Program, Data Analytics Research-Domain, Toyota Central R&D Labs., Inc., Japan; Graduate School of Science and Technology, Division of Information Science, Nara Institute of Science and Technology, Nara, Japan",2021 IEEE International Conference on Robotics and Automation (ICRA),"18 Oct 2021","2021","","","8671","8677","In this paper, we explore a multi-agent reinforcement learning approach to address the design problem of communication and control strategies for multi-agent cooperative transport. Typical end-to-end deep neural network policies may be insufficient for covering communication and control; these methods cannot decide the timing of communication and can only work with fixed-rate communications. Therefore, our framework exploits event-triggered architecture, namely, a feedback controller that computes the communication input and a triggering mechanism that determines when the input has to be updated again. Such event-triggered control policies are efficiently optimized using a multi-agent deep deterministic policy gradient. We confirmed that our approach could balance the transport performance and communication savings through numerical simulations.","2577-087X","978-1-7281-9077-8","10.1109/ICRA48506.2021.9561274","","https://ieeexplore.ieee.org/stamp/stamp.jsp?arnumber=9561274","","Deep learning;Automation;Conferences;Reinforcement learning;Computer architecture;Numerical simulation;Timing","","21","","28","IEEE","18 Oct 2021","30 May-5 June 2021","30 May-5 June 2021","IEEE","IEEE Conferences"
"Proximal Policy Optimization with Relative Pearson Divergence","T. Kobayashi","Division of Information Science, Nara Institute of Science and Technology, Nara, Japan",2021 IEEE International Conference on Robotics and Automation (ICRA),"18 Oct 2021","2021","","","8416","8421","The recent remarkable progress of deep reinforcement learning (DRL) stands on regularization of policy for stable and efficient learning. A popular method, named proximal policy optimization (PPO), has been introduced for this purpose. PPO clips density ratio of the latest and baseline policies with a threshold, while its minimization target is unclear. As another problem of PPO, the symmetric threshold is given numerically while the density ratio itself is in asymmetric domain, thereby causing unbalanced regularization of the policy. This paper therefore proposes a new variant of PPO by considering a regularization problem of relative Pearson (RPE) divergence, so-called PPO-RPE. This regularization yields the clear minimization target, which constrains the latest policy to the baseline one. Through its analysis, the intuitive threshold-based design consistent with the asymmetry of the threshold and the domain of density ratio can be derived. Through four benchmark tasks, PPO-RPE performed as well as or better than the conventional methods in terms of the task performance by the learned policy.","2577-087X","978-1-7281-9077-8","10.1109/ICRA48506.2021.9560856","","https://ieeexplore.ieee.org/stamp/stamp.jsp?arnumber=9560856","Reinforcement Learning;Machine Learning for Robot Control;Deep Learning Methods","Learning systems;Automation;Conferences;Reinforcement learning;Benchmark testing;Minimization;Task analysis","","8","","27","IEEE","18 Oct 2021","30 May-5 June 2021","30 May-5 June 2021","IEEE","IEEE Conferences"
"Proactive Interaction Framework for Intelligent Social Receptionist Robots","Y. Xue; F. Wang; H. Tian; M. Zhao; J. Li; H. Pan; Y. Dong",Baidu Natural Language Processing Department; Baidu Natural Language Processing Department; Baidu Research; Baidu AI Interaction Design Lab; Baidu Natural Language Processing Department; Baidu AI Interaction Design Lab; Baidu Natural Language Processing Department,2021 IEEE International Conference on Robotics and Automation (ICRA),"18 Oct 2021","2021","","","3403","3409","Proactive human-robot interaction (HRI) allows the receptionist robots to actively greet people and offer services based on vision, which has been found to improve acceptability and customer satisfaction. Existing approaches are either based on multi-stage decision processes or based on end-to-end decision models. However, the rule-based approaches require sedulous expert efforts and only handle minimal pre-defined scenarios. On the other hand, existing works with end-to-end models are limited to very general greetings or few behavior patterns (typically less than 10). To address those challenges, we propose a new end-to-end framework, the TransFormer with Visual Tokens for Human-Robot Interaction (TFVT-HRI)1. The proposed framework extracts visual tokens of relative objects from an RGB camera first. To ensure the correct interpretation of the scenario, a transformer decision model is then employed to process the visual tokens, which is augmented with the temporal and spatial information. It predicts the appropriate action to take in each scenario and identifies the right target. Our data is collected from an in-service receptionist robot in an office building, which is then annotated by experts for appropriate proactive behavior. The action set includes 1000+ diverse patterns by combining language, emoji expression, and body motions. We compare our model with other SOTA end-to-end models on both offline test sets and online user experiments in realistic office building environments to validate this framework. It is demonstrated that the decision model achieves SOTA performance in action triggering and selection, resulting in more humanness and intelligence when compared with the previous reactive reception policies.","2577-087X","978-1-7281-9077-8","10.1109/ICRA48506.2021.9562115","","https://ieeexplore.ieee.org/stamp/stamp.jsp?arnumber=9562115","","Visualization;Computational modeling;Buildings;Semantics;Diversity reception;Human-robot interaction;Reinforcement learning","","13","","28","IEEE","18 Oct 2021","30 May-5 June 2021","30 May-5 June 2021","IEEE","IEEE Conferences"
"Circus ANYmal: A Quadruped Learning Dexterous Manipulation with Its Limbs","F. Shi; T. Homberger; J. Lee; T. Miki; M. Zhao; F. Farshidian; K. Okada; M. Inaba; M. Hutter","The University of Tokyo, Tokyo, Japan; ETH Zürich, Zürich, Switzerland; ETH Zürich, Zürich, Switzerland; ETH Zürich, Zürich, Switzerland; The University of Tokyo, Tokyo, Japan; ETH Zürich, Zürich, Switzerland; The University of Tokyo, Tokyo, Japan; The University of Tokyo, Tokyo, Japan; ETH Zürich, Zürich, Switzerland",2021 IEEE International Conference on Robotics and Automation (ICRA),"18 Oct 2021","2021","","","2316","2323","Quadrupedal robots are skillful at locomotion tasks while lacking manipulation skills, not to mention dexterous manipulation abilities. Inspired by the animal behavior and the duality between multi-legged locomotion and multi-fingered manipulation, we showcase a circus ball challenge on a quadrupedal robot, ANYmal. We employ a model-free reinforcement learning approach to train a deep policy that enables the robot to balance and manipulate a light-weight ball robustly using its limbs without any contact measurement sensor. The policy is trained in the simulation, in which we randomize many physical properties with additive noise and inject random disturbance force during manipulation, and achieves zero-shot deployment on the real robot without any adjustment. In the hardware experiments, dynamic performance is achieved with a maximum rotation speed of 15 °/s, and robust recovery is showcased under external poking. To our best knowledge, it is the first work that demonstrates the dexterous dynamic manipulation on a real quadrupedal robot.","2577-087X","978-1-7281-9077-8","10.1109/ICRA48506.2021.9561926","National Science Foundation; ","https://ieeexplore.ieee.org/stamp/stamp.jsp?arnumber=9561926","","Automation;Conferences;Force;Dynamics;Reinforcement learning;Robot sensing systems;Hardware","","45","","51","IEEE","18 Oct 2021","30 May-5 June 2021","30 May-5 June 2021","IEEE","IEEE Conferences"
"LEAF: Latent Exploration Along the Frontier","H. Bharadhwaj; A. Garg; F. Shkurti","Department of Computer Science, University of Toronto, Canada; Department of Computer Science, University of Toronto, Canada; Department of Computer Science, University of Toronto, Canada",2021 IEEE International Conference on Robotics and Automation (ICRA),"18 Oct 2021","2021","","","677","684","Self-supervised goal proposal and reaching is a key component for exploration and efficient policy learning algorithms. Such a self-supervised approach without access to any oracle goal sampling distribution requires deep exploration and commitment so that long horizon plans can be efficiently discovered. In this paper, we propose an exploration framework, which learns a dynamics-aware manifold of reachable states. For a goal, our proposed method deterministically visits a state at the current frontier of reachable states (commit- ment/reaching) and then stochastically explores to reach the goal (exploration). This allocates exploration budget near the frontier of the reachable region instead of its interior. We target the challenging problem of policy learning from initial and goal states specified as images, and do not assume any access to the underlying ground-truth states of the robot and the environment. To keep track of reachable latent states, we propose a distance-conditioned reachability network that is trained to infer whether one state is reachable from another within the specified latent space distance. Given an initial state, we obtain a frontier of reachable states from that state. By incorporating a curriculum for sampling easier goals (closer to the start state) before more difficult goals, we demonstrate that the proposed self-supervised exploration algorithm, superior performance compared to existing baselines on a set of challenging robotic environments. https://sites.google.com/view/leaf-exploration","2577-087X","978-1-7281-9077-8","10.1109/ICRA48506.2021.9560922","","https://ieeexplore.ieee.org/stamp/stamp.jsp?arnumber=9560922","","Training;Manifolds;Target tracking;Automation;Heuristic algorithms;Conferences;Complexity theory","","7","","48","IEEE","18 Oct 2021","30 May-5 June 2021","30 May-5 June 2021","IEEE","IEEE Conferences"
"Distributed Heuristic Multi-Agent Path Finding with Communication","Z. Ma; Y. Luo; H. Ma","School of Computing Science, Simon Fraser University, Canada; School of Computing Science, Simon Fraser University, Canada; School of Computing Science, Simon Fraser University, Canada",2021 IEEE International Conference on Robotics and Automation (ICRA),"18 Oct 2021","2021","","","8699","8705","Multi-Agent Path Finding (MAPF) is essential to large-scale robotic systems. Recent methods have applied reinforcement learning (RL) to learn decentralized polices in partially observable environments. A fundamental challenge of obtaining collision-free policy is that agents need to learn co-operation to handle congested situations. This paper combines communication with deep Q-learning to provide a novel learning based method for MAPF, where agents achieve cooperation via graph convolution. To guide RL algorithm on long-horizon goal-oriented tasks, we embed the potential choices of shortest paths from single source as heuristic guidance instead of using a specific path as in most existing works. Our method treats each agent independently and trains the model from a single agent’s perspective. The final trained policy is applied to each agent for decentralized execution. The whole system is distributed during training and is trained under a curriculum learning strategy. Empirical evaluation in obstacle-rich environment indicates the high success rate with low average step of our method.","2577-087X","978-1-7281-9077-8","10.1109/ICRA48506.2021.9560748","","https://ieeexplore.ieee.org/stamp/stamp.jsp?arnumber=9560748","","Training;Learning systems;Convolution;Law enforcement;Scalability;Robot kinematics;Heuristic algorithms","","109","","39","IEEE","18 Oct 2021","30 May-5 June 2021","30 May-5 June 2021","IEEE","IEEE Conferences"
"Dynamic Window Approach with Human Imitating Collision Avoidance","S. Matsuzaki; S. Aonuma; Y. Hasegawa","Honda R&D Co., LTD.; Honda R&D Co., LTD.; Honda R&D Co., LTD.",2021 IEEE International Conference on Robotics and Automation (ICRA),"18 Oct 2021","2021","","","8180","8186","The autonomous navigation in the crowded environment is a challenging task due to the sensor occlusion and the complex nature of the abstract social interactions. And yet, humans are capable of navigating in such complex environment. In this paper, we propose an effective navigation method that combines the learning-based and model-based methods in a way that a cost function that includes human imitation factor learned via deep learning is integrated into the dynamic window approach (DWA) [1]. The experiments conducted on simulations show that by training the robot to imitate the human trajectory, our navigation method is safer and more efficient than the state-of-the-art methods. Additionally, we successfully deployed a physical robot in an actual environment, and we validate that our navigation quality shares similar tendency with human in the path length, travel time, and the collision avoidance.","2577-087X","978-1-7281-9077-8","10.1109/ICRA48506.2021.9561703","","https://ieeexplore.ieee.org/stamp/stamp.jsp?arnumber=9561703","","Training;Deep learning;Navigation;Heuristic algorithms;Cost function;Robot sensing systems;Trajectory","","12","","28","IEEE","18 Oct 2021","30 May-5 June 2021","30 May-5 June 2021","IEEE","IEEE Conferences"
"TRANS-AM: Transfer Learning by Aggregating Dynamics Models for Soft Robotic Assembly","K. Tanaka; R. Yonetani; M. Hamaya; R. Lee; F. v. Drigalski; Y. Ijiri","OMRON SINIC X Corporation, Tokyo, Japan; OMRON SINIC X Corporation, Tokyo, Japan; OMRON SINIC X Corporation, Tokyo, Japan; OMRON SINIC X Corporation, Tokyo, Japan; OMRON SINIC X Corporation, Tokyo, Japan; OMRON SINIC X Corporation, Tokyo, Japan",2021 IEEE International Conference on Robotics and Automation (ICRA),"18 Oct 2021","2021","","","4627","4633","Practical industrial assembly scenarios often require robotic agents to adapt their skills to unseen tasks quickly. While transfer reinforcement learning (RL) could enable such quick adaptation, much prior work has to collect many samples from source environments to learn target tasks in a model-free fashion, which still lacks sample efficiency on a practical level. In this work, we develop a novel transfer RL method named TRANSfer learning by Aggregating dynamics Models (TRANS-AM). TRANS-AM is based on model-based RL (MBRL) for its high-level sample efficiency, and only requires dynamics models to be collected from source environments. Specifically, it learns to aggregate source dynamics models adaptively in an MBRL loop to better fit the state-transition dynamics of target environments and execute optimal actions there. As a case study to show the effectiveness of this proposed approach, we address a challenging contact-rich peg-in-hole task with variable hole orientations using a soft robot. Our evaluations with both simulation and real-robot experiments demonstrate that TRANS-AM enables the soft robot to accomplish target tasks with fewer episodes compared when learning the tasks from scratch.","2577-087X","978-1-7281-9077-8","10.1109/ICRA48506.2021.9561081","","https://ieeexplore.ieee.org/stamp/stamp.jsp?arnumber=9561081","","Adaptation models;Automation;Service robots;Aggregates;Conferences;Transfer learning;Reinforcement learning","","19","","46","IEEE","18 Oct 2021","30 May-5 June 2021","30 May-5 June 2021","IEEE","IEEE Conferences"
"Multi-Modal Mutual Information (MuMMI) Training for Robust Self-Supervised Deep Reinforcement Learning","K. Chen; Y. Lee; H. Soh","Dept. of Computer Science, National University of Singapore; Dept. of Computer Science, National University of Singapore; Dept. of Computer Science, National University of Singapore",2021 IEEE International Conference on Robotics and Automation (ICRA),"18 Oct 2021","2021","","","4274","4280","This work focuses on learning useful and robust deep world models using multiple, possibly unreliable, sensors. We find that current methods do not sufficiently encourage a shared representation between modalities; this can cause poor performance on downstream tasks and over-reliance on specific sensors. As a solution, we contribute a new multi-modal deep latent state-space model, trained using a mutual information lower-bound. The key innovation is a specially-designed density ratio estimator that encourages consistency between the latent codes of each modality. We tasked our method to learn policies (in a self-supervised manner) on multi-modal Natural MuJoCo benchmarks and a challenging Table Wiping task. Experiments show our method significantly outperforms state-of-the-art deep reinforcement learning methods, particularly in the presence of missing observations.","2577-087X","978-1-7281-9077-8","10.1109/ICRA48506.2021.9561187","Science and Engineering Research Council; ","https://ieeexplore.ieee.org/stamp/stamp.jsp?arnumber=9561187","","Training;Technological innovation;Conferences;Reinforcement learning;Robot sensing systems;Sensors;State-space methods","","21","","22","IEEE","18 Oct 2021","30 May-5 June 2021","30 May-5 June 2021","IEEE","IEEE Conferences"
"Linguistic Descriptions of Human Motion with Generative Adversarial Seq2Seq Learning","Y. Goutsu; T. Inamura","Institute of Industrial Science, The University of Tokyo, Tokyo, Japan; National Institute of Informatics, Tokyo, Japan",2021 IEEE International Conference on Robotics and Automation (ICRA),"18 Oct 2021","2021","","","4281","4287","In this paper, we propose a generative model that learns a sequence-to-sequence (Seq2Seq) translation between human whole-body motions and linguistic descriptions by natural language. Our model merges the Seq2Seq model with the training strategy of sequence generative adversarial nets (SeqGAN), which extends a GAN framework to solve the problem that the gradient cannot pass back to the generator network. This model considers a generator, trained using a policy gradient method, as a stochastic parameterized policy. In the policy gradient, we employ a Monte Carlo (MC) search to receive the final reinforcement learning (RL) reward from the discriminator. The proposed generative network is trained on the KIT Motion-Language Dataset, which is one of the few large-scale datasets available and includes 3,911 human motions and 6,278 natural language descriptions. During the experiments, we evaluated the effectiveness of our model by comparing its various configurations and parameter settings. Finally, our model achieves a remarkably high performance, outperforming an existing state-of-the-art method under the same dataset split for fair comparison. In addition, the qualitative results of the motion-to-language translation demonstrate that our model can generate semantically and grammatically correct sentences with detailed linguistic descriptions from human motions.","2577-087X","978-1-7281-9077-8","10.1109/ICRA48506.2021.9561519","","https://ieeexplore.ieee.org/stamp/stamp.jsp?arnumber=9561519","","Training;Learning systems;Gradient methods;Monte Carlo methods;Stochastic processes;Reinforcement learning;Linguistics","","9","","21","IEEE","18 Oct 2021","30 May-5 June 2021","30 May-5 June 2021","IEEE","IEEE Conferences"
"Evolvable Motion-planning Method using Deep Reinforcement Learning","K. Nishi; N. Nakasu","Production Systems Research Department, Center for Technology Innovation - Production Engineering, Hitachi, Ltd. Research and Development Group, Yokohama, Japan; Production Systems Research Department, Center for Technology Innovation - Production Engineering, Hitachi, Ltd. Research and Development Group, Yokohama, Japan",2021 IEEE International Conference on Robotics and Automation (ICRA),"18 Oct 2021","2021","","","4079","4085","A motion-planning method that can adapt to changes in the surrounding environment is proposed and evaluated. Automation of work is progressing in factories and distribution warehouses due to labor shortages. However, utilizing robots for transport operations in a distribution warehouse faces a problem; that is, tasks for setting up a robot, such as adjustment of acceleration for stabilization of the transportation operation, are time consuming. To solve that problem, we developed an ""evolvable robot motion-planning method."" The aim of this method is to reduce the preparation cost by allowing the robot to automatically learn the optimized acceleration according to the weight and center of gravity of the objects to be transported. It was experimentally demonstrated that the proposed method can learn the optimized acceleration control from time-series data such as sensor information. The proposed method was evaluated in a simulator environment, and the results of the evaluation demonstrate that the learned model reduced the inertial force due to the acceleration of robot motion and shortened the transport time by 35% compared with the conventional method of manual adjustment. The proposed method was also evaluated in a real machine environment, and the evaluation results demonstrate that the method can be applied to a real robot. Since the speed of the robot does not need to be adjusted in the case of the proposed method, the adjustment man-hours can be reduced.","2577-087X","978-1-7281-9077-8","10.1109/ICRA48506.2021.9561602","","https://ieeexplore.ieee.org/stamp/stamp.jsp?arnumber=9561602","","Robot motion;Automation;Transportation;Reinforcement learning;Robot sensing systems;Manipulators;Production facilities","","2","","32","IEEE","18 Oct 2021","30 May-5 June 2021","30 May-5 June 2021","IEEE","IEEE Conferences"
"Learning Sequences of Manipulation Primitives for Robotic Assembly","N. Vuong; H. Pham; Q. -C. Pham","Singapore Centre for 3D Printing (SC3DP), School of Mechanical and Aerospace Engineering, NTU, Singapore; Eureka Robotics, Singapore; Singapore Centre for 3D Printing (SC3DP), School of Mechanical and Aerospace Engineering, NTU, Singapore",2021 IEEE International Conference on Robotics and Automation (ICRA),"18 Oct 2021","2021","","","4086","4092","This paper explores the idea that skillful assembly is best represented as dynamic sequences of Manipulation Primitives, and that such sequences can be automatically discovered by Reinforcement Learning. Manipulation Primitives, such as ""Move down until contact"", ""Slide along x while maintaining contact with the surface"", have enough complexity to keep the search tree shallow, yet are generic enough to generalize across a wide range of assembly tasks. Moreover, the additional ""semantics"" of the Manipulation Primitives make them more robust in sim2real and against model/environment variations and uncertainties, as compared to more elementary actions. Policies are learned in simulation, and then transferred onto a physical platform. Direct sim2real transfer (without retraining in real) achieves excellent success rates on challenging assembly tasks, such as round peg insertion with 0.04mm clearance or square peg insertion with large hole position/orientation estimation errors.","2577-087X","978-1-7281-9077-8","10.1109/ICRA48506.2021.9561029","","https://ieeexplore.ieee.org/stamp/stamp.jsp?arnumber=9561029","","Robust control;Robotic assembly;Visualization;Uncertainty;System performance;Semantics;Reinforcement learning","","17","","20","IEEE","18 Oct 2021","30 May-5 June 2021","30 May-5 June 2021","IEEE","IEEE Conferences"
"Adversarial Skill Learning for Robust Manipulation","P. Jian; C. Yang; D. Guo; H. Liu; F. Sun","the Department of Computer Science and Technology, Beijing National Research Center for Information Science and Technology, Institute for Artificial Intelligence, Tsinghua University, Beijing, China; the Department of Computer Science and Technology, Beijing National Research Center for Information Science and Technology, Institute for Artificial Intelligence, Tsinghua University, Beijing, China; the Department of Computer Science and Technology, Beijing National Research Center for Information Science and Technology, Institute for Artificial Intelligence, Tsinghua University, Beijing, China; the Department of Computer Science and Technology, Beijing National Research Center for Information Science and Technology, Institute for Artificial Intelligence, Tsinghua University, Beijing, China; the Department of Computer Science and Technology, Beijing National Research Center for Information Science and Technology, Institute for Artificial Intelligence, Tsinghua University, Beijing, China",2021 IEEE International Conference on Robotics and Automation (ICRA),"18 Oct 2021","2021","","","2555","2561","Deep reinforcement learning has made significant progress in robotic manipulation tasks and it works well in the ideal disturbance-free environment. However, in a real-world environment, both internal and external disturbances are inevitable, thus the performance of the trained policy will dramatically drop. To improve the robustness of the policy, we introduce the adversarial training mechanism to the robotic manipulation tasks in this paper, and an adversarial skill learning algorithm based on soft actor-critic (SAC) is proposed for robust manipulation. Extensive experiments are conducted to demonstrate that the learned policy is robust to internal and external disturbances. Additionally, the proposed algorithm is evaluated in both the simulation environment and on the real robotic platform.","2577-087X","978-1-7281-9077-8","10.1109/ICRA48506.2021.9561379","State Key Laboratory of Robotics; ","https://ieeexplore.ieee.org/stamp/stamp.jsp?arnumber=9561379","","Training;Automation;Conferences;Reinforcement learning;Robustness;Task analysis;Robots","","5","","32","IEEE","18 Oct 2021","30 May-5 June 2021","30 May-5 June 2021","IEEE","IEEE Conferences"
"Learning Visual Affordances with Target-Orientated Deep Q-Network to Grasp Objects by Harnessing Environmental Fixtures","H. Liang; X. Lou; Y. Yang; C. Choi","University of Minnesota, Minneapolis, MN, USA; University of Minnesota, Minneapolis, MN, USA; University of Minnesota, Minneapolis, MN, USA; University of Minnesota, Minneapolis, MN, USA",2021 IEEE International Conference on Robotics and Automation (ICRA),"18 Oct 2021","2021","","","2562","2568","This paper introduces a challenging object grasping task and proposes a self-supervised learning approach. The goal of the task is to grasp an object which is not feasible with a single parallel gripper, but only with harnessing environment fixtures (e.g., walls, furniture, heavy objects). This Slide-to-Wall grasping task assumes no prior knowledge except the partial observation of a target object. Hence the robot should learn an effective policy given a scene observation that may include the target object, environmental fixtures, and any other disturbing objects. We formulate the problem as visual affordances learning for which Target-Oriented Deep Q-Network (TO-DQN) is proposed to efficiently learn visual affordance maps (i.e., Q-maps) to guide robot actions. Since the training necessitates robot's exploration and collision with the fixtures, TO-DQN is first trained safely with a simulated robot manipulator and then applied to a real robot. We empirically show that TO-DQN can learn to solve the task in different environment settings in simulation and outperforms a standard and a variant of Deep Q-Network (DQN) in terms of training efficiency and robustness. The testing performance in both simulation and real-robot experiments shows that the policy trained by TO-DQN achieves comparable performance to humans.","2577-087X","978-1-7281-9077-8","10.1109/ICRA48506.2021.9561737","","https://ieeexplore.ieee.org/stamp/stamp.jsp?arnumber=9561737","Grasping;Perception for Grasping and Manipulation;Deep Learning in Grasping and Manipulation","Training;Visualization;Affordances;Fixtures;Grasping;Robustness;Task analysis","","23","","43","IEEE","18 Oct 2021","30 May-5 June 2021","30 May-5 June 2021","IEEE","IEEE Conferences"
"D-ACC: Dynamic Adaptive Cruise Control for Highways with Ramps Based on Deep Q-Learning","L. Das; M. Won","Department of Computer Science, University of Memphis, Memphis, TN, United States; Department of Computer Science, University of Memphis, Memphis, TN, United States",2021 IEEE International Conference on Robotics and Automation (ICRA),"18 Oct 2021","2021","","","1572","1578","An Adaptive Cruise Control (ACC) system allows vehicles to maintain a desired headway distance to a preceding vehicle automatically. It is increasingly adopted by commercial vehicles. Recent research demonstrates that the effective use of ACC can improve the traffic flow through the adaptation of the headway distance in response to the current traffic conditions. In this paper, we demonstrate that a state-of-the- art intelligent ACC system performs poorly on highways with ramps due to the limitation of the model-based approaches that do not take into account appropriately the traffic dynamics on ramps in determining the optimal headway distance. We then propose a dynamic adaptive cruise control system (D- ACC) based on deep reinforcement learning that adapts the headway distance effectively according to dynamically changing traffic conditions for both the main road and ramp to optimize the traffic flow. Extensive simulations are performed with a combination of a traffic simulator (SUMO) and vehicle-to- everything communication (V2X) network simulator (Veins) under numerous traffic scenarios. We demonstrate that D-ACC improves the traffic flow by up to 70% compared with a state- of-the-art intelligent ACC system in a highway segment with a ramp.","2577-087X","978-1-7281-9077-8","10.1109/ICRA48506.2021.9561021","","https://ieeexplore.ieee.org/stamp/stamp.jsp?arnumber=9561021","","Crowdsourcing;Adaptation models;Adaptive systems;Veins;Roads;Reinforcement learning;Real-time systems","","10","","34","IEEE","18 Oct 2021","30 May-5 June 2021","30 May-5 June 2021","IEEE","IEEE Conferences"
"NavRep: Unsupervised Representations for Reinforcement Learning of Robot Navigation in Dynamic Human Environments","D. Dugas; J. Nieto; R. Siegwart; J. J. Chung","Autonomous Systems Lab, ETH Zurich, Zurich, Switzerland; Autonomous Systems Lab, ETH Zurich, Zurich, Switzerland; Autonomous Systems Lab, ETH Zurich, Zurich, Switzerland; Autonomous Systems Lab, ETH Zurich, Zurich, Switzerland",2021 IEEE International Conference on Robotics and Automation (ICRA),"18 Oct 2021","2021","","","7829","7835","Robot navigation is a task where reinforcement learning approaches are still unable to compete with traditional path planning. State-of-the-art methods differ in small ways, and do not all provide reproducible, openly available implementations. This makes comparing methods a challenge. Recent research has shown that unsupervised learning methods can scale impressively, and be leveraged to solve difficult problems. In this work, we design ways in which unsupervised learning can be used to assist reinforcement learning for robot navigation. We train two end-to-end, and 18 unsupervised-learning-based architectures, and compare them, along with existing approaches, in unseen test cases. We demonstrate our approach working on a real life robot. Our results show that unsupervised learning methods are competitive with end-to-end methods. We also highlight the importance of various components such as input representation, predictive unsupervised learning, and latent features. We make all our models publicly available, as well as training and testing environments, and tools 1. This release also includes OpenAI-gym-compatible environments designed to emulate the training conditions described by other papers, with as much fidelity as possible. Our hope is that this helps in bringing together the field of RL for robot navigation, and allows meaningful comparisons across state-of-the-art methods.","2577-087X","978-1-7281-9077-8","10.1109/ICRA48506.2021.9560951","","https://ieeexplore.ieee.org/stamp/stamp.jsp?arnumber=9560951","","Training;Navigation;Computational modeling;Reinforcement learning;Tools;Robot sensing systems;Safety","","48","","20","IEEE","18 Oct 2021","30 May-5 June 2021","30 May-5 June 2021","IEEE","IEEE Conferences"
"Representation Matters: Improving Perception and Exploration for Robotics","M. Wulfmeier; A. Byravan; T. Hertweck; I. Higgins; A. Gupta; T. Kulkarni; M. Reynolds; D. Teplyashin; R. Hafner; T. Lampe; M. Riedmiller","DeepMind, London, United Kingdom; DeepMind, London, United Kingdom; DeepMind, London, United Kingdom; DeepMind, London, United Kingdom; DeepMind, London, United Kingdom; DeepMind, London, United Kingdom; DeepMind, London, United Kingdom; DeepMind, London, United Kingdom; DeepMind, London, United Kingdom; DeepMind, London, United Kingdom; DeepMind, London, United Kingdom",2021 IEEE International Conference on Robotics and Automation (ICRA),"18 Oct 2021","2021","","","6512","6519","Projecting high-dimensional environment observations into lower-dimensional structured representations can considerably improve data-efficiency for reinforcement learning in domains with limited data such as robotics. Can a single generally useful representation be found? In order to answer this question, it is important to understand how the representation will be used by the agent and what properties such a good representation should have. In this paper we systematically evaluate a number of common learnt and hand-engineered representations in the context of three robotics tasks: lifting, stacking and pushing of 3D blocks. The representations are evaluated in two use-cases: as input to the agent, or as a source of auxiliary tasks. Furthermore, the value of each representation is evaluated in terms of three properties: dimensionality, observability and disentanglement. We can significantly improve performance in both use-cases and demonstrate that some representations can perform commensurate to simulator states as agent inputs. Finally, our results challenge common intuitions by demonstrating that: 1) dimensionality strongly matters for task generation, but is negligible for inputs, 2) observability of task-relevant aspects mostly affects the input representation use-case, and 3) disentanglement leads to better auxiliary tasks, but has only limited benefits for input representations. This work serves as a step towards a more systematic understanding of what makes a good representation for control in robotics, enabling practitioners to make more informed choices for developing new learned or hand-engineered representations.","2577-087X","978-1-7281-9077-8","10.1109/ICRA48506.2021.9560733","","https://ieeexplore.ieee.org/stamp/stamp.jsp?arnumber=9560733","","Three-dimensional displays;Systematics;Automation;Conferences;Stacking;Reinforcement learning;Task analysis","","4","","62","IEEE","18 Oct 2021","30 May-5 June 2021","30 May-5 June 2021","IEEE","IEEE Conferences"
"ReForm: A Robot Learning Sandbox for Deformable Linear Object Manipulation","R. Laezza; R. Gieselmann; F. T. Pokorny; Y. Karayiannidis","Department of Electrical Engineering, Division of Systems and Control, Chalmers University of Technology, Sweden; Department of Electrical Engineering and Computer Science, Division of of Robotics, Perception and Learning, KTH Royal Institute of Technology, Sweden; Department of Electrical Engineering and Computer Science, Division of of Robotics, Perception and Learning, KTH Royal Institute of Technology, Sweden; Department of Electrical Engineering, Division of Systems and Control, Chalmers University of Technology, Sweden",2021 IEEE International Conference on Robotics and Automation (ICRA),"18 Oct 2021","2021","","","4717","4723","Recent advances in machine learning have triggered an enormous interest in using learning-based approaches for robot control and object manipulation. While the majority of existing algorithms are evaluated under the assumption that the involved bodies are rigid, a large number of practical applications contain deformable objects. In this work we focus on Deformable Linear Objects (DLOs) which can be used to model cables, tubes or wires. They are present in many applications such as manufacturing, agriculture and medicine. New methods in robotic manipulation research are often demonstrated in custom environments impeding reproducibility and comparisons of algorithms. We introduce ReForm, a simulation sandbox and a tool for benchmarking manipulation of DLOs. We offer six distinct environments representing important characteristics of deformable objects such as elasticity, plasticity or self-collisions and occlusions. A modular framework is used, enabling design parameters such as the end-effector degrees of freedom, reward function and type of observation. ReForm is a novel robot learning sandbox with which we intend to facilitate testing and reproducibility in manipulation research for DLOs.","2577-087X","978-1-7281-9077-8","10.1109/ICRA48506.2021.9561766","","https://ieeexplore.ieee.org/stamp/stamp.jsp?arnumber=9561766","","Conferences;Wires;Robot control;Natural languages;Benchmark testing;Tools;Rendering (computer graphics)","","23","","39","IEEE","18 Oct 2021","30 May-5 June 2021","30 May-5 June 2021","IEEE","IEEE Conferences"
"Adversarial Imitation Learning with Trajectorial Augmentation and Correction","D. Antotsiou; C. Ciliberto; T. -K. Kim","EEE Department, Imperial College London, UK; EEE Department, Imperial College London, UK; EEE Department, Imperial College London, UK",2021 IEEE International Conference on Robotics and Automation (ICRA),"18 Oct 2021","2021","","","4724","4730","Deep Imitation Learning requires a large number of expert demonstrations, which are not always easy to obtain, especially for complex tasks. A way to overcome this shortage of labels is through data augmentation. However, this cannot be easily applied to control tasks due to the sequential nature of the problem. In this work, we introduce a novel augmentation method which preserves the success of the augmented trajectories. To achieve this, we introduce a semi-supervised correction network that aims to correct distorted expert actions. To adequately test the abilities of the correction network, we develop an adversarial data augmented imitation architecture to train an imitation agent using synthetic experts. Additionally, we introduce a metric to measure diversity in trajectory datasets. Experiments show that our data augmentation strategy can improve accuracy and convergence time of adversarial imitation while preserving the diversity between the generated and real trajectories.","2577-087X","978-1-7281-9077-8","10.1109/ICRA48506.2021.9561915","","https://ieeexplore.ieee.org/stamp/stamp.jsp?arnumber=9561915","","Training;Automation;Conferences;Turning;Distortion;Control systems;Trajectory","","12","","46","IEEE","18 Oct 2021","30 May-5 June 2021","30 May-5 June 2021","IEEE","IEEE Conferences"
"Leveraging Forward Model Prediction Error for Learning Control","S. Bechtle; B. Hammoud; A. Rai; F. Meier; L. Righetti","Max Planck Institute for Intelligent Systems, Tübingen, Germany; Max Planck Institute for Intelligent Systems, Tübingen, Germany; Facebook AI Research, Menlo Park, CA; Facebook AI Research, Menlo Park, CA; Max Planck Institute for Intelligent Systems, Tübingen, Germany",2021 IEEE International Conference on Robotics and Automation (ICRA),"18 Oct 2021","2021","","","4445","4451","Learning for model based control can be sample-efficient and generalize well, however successfully learning models and controllers that represent the problem at hand can be challenging for complex tasks. Using inaccurate models for learning can lead to sub-optimal solutions that are unlikely to perform well in practice. In this work, we present a learning approach which iterates between model learning and data collection and leverages forward model prediction error for learning control. We show how using the controller’s prediction as input to a forward model can create a differentiable connection between the controller and the model, allowing us to formulate a loss in the state space. This lets us include forward model prediction error during controller learning and we show that this creates a loss objective that significantly improves learning on different motor control tasks. We provide empirical and theoretical results that show the benefits of our method and present evaluations in simulation for learning control on a 7 DoF manipulator and an underactuated 12 DoF quadruped. We show that our approach successfully learns controllers for challenging motor control tasks involving contact switching.","2577-087X","978-1-7281-9077-8","10.1109/ICRA48506.2021.9561396","European Research Council; National Science Foundation; ","https://ieeexplore.ieee.org/stamp/stamp.jsp?arnumber=9561396","","Motor drives;Automation;Conferences;Switches;Predictive models;Data collection;Manipulators","","4","","40","IEEE","18 Oct 2021","30 May-5 June 2021","30 May-5 June 2021","IEEE","IEEE Conferences"
"Distilling a Hierarchical Policy for Planning and Control via Representation and Reinforcement Learning","J. -S. Ha; Y. -J. Park; H. -J. Chae; S. -S. Park; H. -L. Choi","TU Berlin; NAVER CLOVA, NAVER Corp.; KAIST; KAIST; KAIST",2021 IEEE International Conference on Robotics and Automation (ICRA),"18 Oct 2021","2021","","","4459","4466","We present a hierarchical planning and control framework that enables an agent to perform various tasks and adapt to a new task flexibly. Rather than learning an individual policy for each particular task, the proposed framework, DISH, distills a hierarchical policy from a set of tasks by representation and reinforcement learning. The framework is based on the idea of latent variable models that represent high-dimensional observations using low-dimensional latent variables. The resulting policy consists of two levels of hierarchy: (i) a planning module that reasons a sequence of latent intentions that would lead to an optimistic future and (ii) a feedback control policy, shared across the tasks, that executes the inferred intention. Because the planning is performed in low-dimensional latent space, the learned policy can immediately be used to solve or adapt to new tasks without additional training. We demonstrate the proposed framework can learn compact representations (3- and 1-dimensional latent states and commands for a humanoid with 197- and 36-dimensional state features and actions) while solving a small number of imitation tasks, and the resulting policy is directly applicable to other types of tasks, i.e., navigation in cluttered environments.","2577-087X","978-1-7281-9077-8","10.1109/ICRA48506.2021.9561017","","https://ieeexplore.ieee.org/stamp/stamp.jsp?arnumber=9561017","","Training;State feedback;Navigation;Conferences;Humanoid robots;Reinforcement learning;Data models","","2","","49","IEEE","18 Oct 2021","30 May-5 June 2021","30 May-5 June 2021","IEEE","IEEE Conferences"
"Differentiable Physics Models for Real-world Offline Model-based Reinforcement Learning","M. Lutter; J. Silberbauer; J. Watson; J. Peters","Computer Science Department, Technical University of Darmstadt; Computer Science Department, Technical University of Darmstadt; Computer Science Department, Technical University of Darmstadt; Computer Science Department, Technical University of Darmstadt",2021 IEEE International Conference on Robotics and Automation (ICRA),"18 Oct 2021","2021","","","4163","4170","A limitation of model-based reinforcement learning (MBRL) is the exploitation of errors in the learned models. Blackbox models can fit complex dynamics with high fidelity, but their behavior is undefined outside of the data distribution. Physics-based models are better at extrapolating, due to the general validity of their informed structure, but underfit in the real world due to the presence of unmodeled phenomena. In this work, we demonstrate experimentally that for the offline model-based reinforcement learning setting, physics-based models can be beneficial compared to high-capacity function approximators if the mechanical structure is known. Physics-based models can learn to perform the ball in a cup (BiC) task on a physical manipulator using only 4 minutes of sampled data using offline MBRL. We find that black-box models consistently produce unviable policies for BiC as all predicted trajectories diverge to physically impossible state, despite having access to more data than the physics-based model. In addition, we generalize the approach of physics parameter identification from modeling holonomic multi-body systems to systems with nonholonomic dynamics using end-to-end automatic differentiation.Videos: https://sites.google.com/view/ball-in-a-cup-in-4-minutes/","2577-087X","978-1-7281-9077-8","10.1109/ICRA48506.2021.9561805","","https://ieeexplore.ieee.org/stamp/stamp.jsp?arnumber=9561805","","Parameter estimation;Automation;Conferences;Reinforcement learning;Predictive models;Manipulators;Data models","","28","","51","IEEE","18 Oct 2021","30 May-5 June 2021","30 May-5 June 2021","IEEE","IEEE Conferences"
"Learning to Robustly Negotiate Bi-Directional Lane Usage in High-Conflict Driving Scenarios","C. Killing; A. Villaflor; J. M. Dolan","Technical University of Munich; The Robotics Institute, Carnegie Mellon University; The Robotics Institute, Carnegie Mellon University",2021 IEEE International Conference on Robotics and Automation (ICRA),"18 Oct 2021","2021","","","8090","8096","Recently, autonomous driving has made substantial progress in addressing the most common traffic scenarios like intersection navigation and lane changing. However, most of these successes have been limited to scenarios with well-defined traffic rules and require minimal negotiation with other vehicles. In this paper, we introduce a previously unconsidered, yet everyday, high-conflict driving scenario requiring negotiations between agents of equal rights and priorities. There exists no centralized control structure and we do not allow communications. Therefore, it is unknown if other drivers are willing to cooperate, and if so to what extent. We train policies to robustly negotiate with opposing vehicles of an unobservable degree of cooperativeness using multi-agent reinforcement learning (MARL). We propose Discrete Asymmetric Soft Actor-Critic (DASAC), a maximum- entropy off-policy MARL algorithm allowing for centralized training with decentralized execution. We show that using DASAC we are able to successfully negotiate and traverse the scenario considered over 99% of the time. Our agents are robust to an unknown timing of opponent decisions, an unobservable degree of cooperativeness of the opposing vehicle, and previously unencountered policies. Furthermore, they learn to exhibit human-like behaviors such as defensive driving, anticipating solution options and interpreting the behavior of other agents.","2577-087X","978-1-7281-9077-8","10.1109/ICRA48506.2021.9561071","","https://ieeexplore.ieee.org/stamp/stamp.jsp?arnumber=9561071","Autonomous agents;reinforcement learning","Training;Navigation;Conferences;Reinforcement learning;Bidirectional control;Entropy;Timing","","6","","28","IEEE","18 Oct 2021","30 May-5 June 2021","30 May-5 June 2021","IEEE","IEEE Conferences"
"Efficient Multi-scale POMDPs for Robotic Object Search and Delivery","L. Holzherr; J. Förster; M. Breyer; J. Nieto; R. Siegwart; J. J. Chung","Autonomous Systems Lab, ETH Zurich, Zürich, Switzerland; Autonomous Systems Lab, ETH Zurich, Zürich, Switzerland; Autonomous Systems Lab, ETH Zurich, Zürich, Switzerland; Autonomous Systems Lab, ETH Zurich, Zürich, Switzerland; Autonomous Systems Lab, ETH Zurich, Zürich, Switzerland; Autonomous Systems Lab, ETH Zurich, Zürich, Switzerland",2021 IEEE International Conference on Robotics and Automation (ICRA),"18 Oct 2021","2021","","","6585","6591","We present a novel hierarchical POMDP framework to solve an object search and delivery task where the agent is given a prior belief about the possible item locations. Solving POMDPs is computationally demanding and, as such, applications have typically been limited to small environments. The proposed hierarchical POMDP framework performs reasoning on multiple spatial scales in order to reduce computation time. The problem is first solved in the top layer of the hierarchy with a coarsely discretized state space. Its solution is refined in the lower layers with increasing resolution. Three different methods for propagating information down the spatial hierarchy are discussed and validated in simulation. We show that a two-layer multi-scale POMDP decreases computation time by an order of magnitude allowing for real-time applications while maintaining high solution quality. For large problems that require three layers to reach the desired resolution, computation time speedups by two orders of magnitude are achieved.","2577-087X","978-1-7281-9077-8","10.1109/ICRA48506.2021.9561047","ABB Corporate Research; ","https://ieeexplore.ieee.org/stamp/stamp.jsp?arnumber=9561047","","Adaptation models;Decision making;Reinforcement learning;Search problems;Cognition;Real-time systems;Computational efficiency","","6","","21","IEEE","18 Oct 2021","30 May-5 June 2021","30 May-5 June 2021","IEEE","IEEE Conferences"
"Learning Robot Trajectories subject to Kinematic Joint Constraints","J. C. Kiemel; T. Kröger","Institute for Anthropomatics and Robotics – Intelligent Process Automation and Robotics (IAR-IPR), Karlsruhe Institute of Technology (KIT); Institute for Anthropomatics and Robotics – Intelligent Process Automation and Robotics (IAR-IPR), Karlsruhe Institute of Technology (KIT)",2021 IEEE International Conference on Robotics and Automation (ICRA),"18 Oct 2021","2021","","","4799","4805","We present an approach to learn fast and dynamic robot motions without exceeding limits on the position θ, velocity $\dot \theta $ , acceleration $\ddot \theta $ and jerk $\dddot \theta $ of each robot joint. Movements are generated by mapping the predictions of a neural network to safely executable joint accelerations. The neural network is invoked periodically and trained via reinforcement learning. Our main contribution is an analytical procedure for calculating safe joint accelerations, which considers the prediction frequency fN of the neural network. As a result, the frequency fN can be freely chosen and treated as a hyperparameter. We show that our approach is preferable to penalizing constraint violations as it provides explicit guarantees and does not distort the desired optimization target. In addition, the influence of the selected prediction frequency on the learning performance and on the computing effort is highlighted by various experiments.","2577-087X","978-1-7281-9077-8","10.1109/ICRA48506.2021.9561159","Ministry of Education; ","https://ieeexplore.ieee.org/stamp/stamp.jsp?arnumber=9561159","","Robot motion;Automation;Conferences;Neural networks;Dynamics;Reinforcement learning;Kinematics","","6","","29","IEEE","18 Oct 2021","30 May-5 June 2021","30 May-5 June 2021","IEEE","IEEE Conferences"
"Self-Imitation Learning by Planning","S. Luo; H. Kasaei; L. Schomaker","Department of Artificial Intelligence, University of Groningen, the Netherlands; Department of Artificial Intelligence, University of Groningen, the Netherlands; Department of Artificial Intelligence, University of Groningen, the Netherlands",2021 IEEE International Conference on Robotics and Automation (ICRA),"18 Oct 2021","2021","","","4823","4829","Imitation learning (IL) enables robots to acquire skills quickly by transferring expert knowledge, which is widely adopted in reinforcement learning (RL) to initialize exploration. However, in long-horizon motion planning tasks, a challenging problem in deploying IL and RL methods is how to generate and collect massive, broadly distributed data such that these methods can generalize effectively. In this work, we solve this problem using our proposed approach called self-imitation learning by planning (SILP), where demonstration data are collected automatically by planning on the visited states from the current policy. SILP is inspired by the observation that successfully visited states in the early reinforcement learning stage are collision-free nodes in the graph-search based motion planner, so we can plan and relabel robot's own trials as demonstrations for policy learning. Due to these self-generated demonstrations, we relieve the human operator from the laborious data preparation process required by IL and RL methods in solving complex motion planning tasks. The evaluation results show that our SILP method achieves higher success rates and enhances sample efficiency compared to selected baselines, and the policy learned in simulation performs well in a real-world placement task with changing goals and obstacles.","2577-087X","978-1-7281-9077-8","10.1109/ICRA48506.2021.9561411","","https://ieeexplore.ieee.org/stamp/stamp.jsp?arnumber=9561411","","Automation;Conferences;Distributed databases;Reinforcement learning;Planning;Task analysis;Collision avoidance","","15","","36","IEEE","18 Oct 2021","30 May-5 June 2021","30 May-5 June 2021","IEEE","IEEE Conferences"
"Sample-efficient Reinforcement Learning in Robotic Table Tennis","J. Tebbe; L. Krauch; Y. Gao; A. Zell","Computer Science Department, Cognitive Systems Group, University of Tuebingen, Tuebingen, Germany; Computer Science Department, Cognitive Systems Group, University of Tuebingen, Tuebingen, Germany; Computer Science Department, Cognitive Systems Group, University of Tuebingen, Tuebingen, Germany; Computer Science Department, Cognitive Systems Group, University of Tuebingen, Tuebingen, Germany",2021 IEEE International Conference on Robotics and Automation (ICRA),"18 Oct 2021","2021","","","4171","4178","Reinforcement learning (RL) has achieved some impressive recent successes in various computer games and simulations. Most of these successes are based on having large numbers of episodes from which the agent can learn. In typical robotic applications, however, the number of feasible attempts is very limited. In this paper we present a sample-efficient RL algorithm applied to the example of a table tennis robot. In table tennis every stroke is different, with varying placement, speed and spin. An accurate return therefore has to be found depending on a high-dimensional continuous state space. To make learning in few trials possible the method is embedded into our robot system. In this way we can use a one-step environment. The state space depends on the ball at hitting time (position, velocity, spin) and the action is the racket state (orientation, velocity) at hitting. An actor-critic based deterministic policy gradient algorithm was developed for accelerated learning. Our approach performs competitively both in a simulation and on the real robot in a number of challenging scenarios. Accurate results are obtained without pre-training in under 200 episodes of training. The video presenting our experiments is available at https://youtu.be/uRAtdoL6Wpw.","2577-087X","978-1-7281-9077-8","10.1109/ICRA48506.2021.9560764","","https://ieeexplore.ieee.org/stamp/stamp.jsp?arnumber=9560764","","Training;Automation;Conferences;Computational modeling;Reinforcement learning;Games;Robots","","29","","51","IEEE","18 Oct 2021","30 May-5 June 2021","30 May-5 June 2021","IEEE","IEEE Conferences"
"Online velocity fluctuation of off-road wheeled mobile robots: A reinforcement learning approach","F. Gauthier-Clerc; A. Hill; J. Laneurit; R. Lenain; É. Lucet","Université Paris-Saclay, CEA, Palaiseau, France; Université Paris-Saclay, CEA, Palaiseau, France; Inrae, UR TSCF, Centre de Clermont-Ferrand, Université Clermont Auvergne, Aubière, France; Inrae, UR TSCF, Centre de Clermont-Ferrand, Université Clermont Auvergne, Aubière, France; Université Paris-Saclay, CEA, Palaiseau, France",2021 IEEE International Conference on Robotics and Automation (ICRA),"18 Oct 2021","2021","","","2421","2427","During the off-road path following of a wheeled mobile robot in presence of poor grip conditions, the longitudinal velocity should be limited in order to maintain safe navigation with limited tracking errors, while at the same time being high enough to minimize travel time. Thus, this paper presents a new approach of online speed fluctuation, capable of limiting the lateral error below a given threshold, while maximizing the longitudinal velocity. This is accomplished using a neural network trained with a reinforcement learning method. This speed modulation is done side-by-side with an existing model-based predictive steering control, using a state estimator and dynamic observers. Simulated and experimental results show a decrease in tracking error, while maintaining a consistent travel time when compared to a classical constant speed method and to a kinematic speed fluctuation method.","2577-087X","978-1-7281-9077-8","10.1109/ICRA48506.2021.9560816","","https://ieeexplore.ieee.org/stamp/stamp.jsp?arnumber=9560816","","Fluctuations;Limiting;Navigation;Neural networks;Modulation;Reinforcement learning;Kinematics","","3","","33","IEEE","18 Oct 2021","30 May-5 June 2021","30 May-5 June 2021","IEEE","IEEE Conferences"
"Learning Behavior Trees with Genetic Programming in Unpredictable Environments","M. Iovino; J. Styrud; P. Falco; C. Smith","ABB Corporate Research, Vsters, Sweden; ABB Robotics, Vsters, Sweden; ABB Corporate Research, Vsters, Sweden; Division of Robotics, Perception and Learning, KTH - Royal Institute of Technology, Stockholm, Sweden",2021 IEEE International Conference on Robotics and Automation (ICRA),"18 Oct 2021","2021","","","4591","4597","Modern industrial applications require robots to operate in unpredictable environments, and programs to be created with a minimal effort, to accommodate frequent changes to the task. Here, we show that genetic programming can be effectively used to learn the structure of a behavior tree (BT) to solve a robotic task in an unpredictable environment. We propose to use a simple simulator for learning, and demonstrate that the learned BTs can solve the same task in a realistic simulator, converging without the need for task specific heuristics, making our method appealing for real robotic applications.","2577-087X","978-1-7281-9077-8","10.1109/ICRA48506.2021.9562088","","https://ieeexplore.ieee.org/stamp/stamp.jsp?arnumber=9562088","Behavior Trees;Genetic Programming;Mobile Manipulation","Automation;Service robots;Conferences;Genetic programming;Task analysis","","36","","20","IEEE","18 Oct 2021","30 May-5 June 2021","30 May-5 June 2021","IEEE","IEEE Conferences"
"Learning Stable Normalizing-Flow Control for Robotic Manipulation","S. A. Khader; H. Yin; P. Falco; D. Kragic","Robotics, Perception, and Learning lab, KTH Royal Institute of Technology, Stockholm, Sweden; Robotics, Perception, and Learning lab, KTH Royal Institute of Technology, Stockholm, Sweden; ABB Corporate Research, Vasteras, Sweden; Robotics, Perception, and Learning lab, KTH Royal Institute of Technology, Stockholm, Sweden",2021 IEEE International Conference on Robotics and Automation (ICRA),"18 Oct 2021","2021","","","1644","1650","Reinforcement Learning (RL) of robotic manipulation skills, despite its impressive successes, stands to benefit from incorporating domain knowledge from control theory. One of the most important properties that is of interest is control stability. Ideally, one would like to achieve stability guarantees while staying within the framework of state-of-the-art deep RL algorithms. Such a solution does not exist in general, especially one that scales to complex manipulation tasks. We contribute towards closing this gap by introducing normalizing-flow control structure, that can be deployed in any latest deep RL algorithms. While stable exploration is not guaranteed, our method is designed to ultimately produce deterministic controllers with provable stability. In addition to demonstrating our method on challenging contact-rich manipulation tasks, we also show that it is possible to achieve considerable exploration efficiency–reduced state space coverage and actuation efforts– without losing learning efficiency.","2577-087X","978-1-7281-9077-8","10.1109/ICRA48506.2021.9562071","European Research Council; ","https://ieeexplore.ieee.org/stamp/stamp.jsp?arnumber=9562071","","Automation;Conferences;Reinforcement learning;Aerospace electronics;Space exploration;Control theory;Task analysis","","9","","27","IEEE","18 Oct 2021","30 May-5 June 2021","30 May-5 June 2021","IEEE","IEEE Conferences"
"Surgical Gesture Recognition Based on Bidirectional Multi-Layer Independently RNN with Explainable Spatial Feature Extraction","D. Zhang; R. Wang; B. Lo","The Hamlyn Centre for Robotic Surgery, Imperial College London, London, United Kingdom; The Hamlyn Centre for Robotic Surgery, Imperial College London, London, United Kingdom; The Hamlyn Centre for Robotic Surgery, Imperial College London, London, United Kingdom",2021 IEEE International Conference on Robotics and Automation (ICRA),"18 Oct 2021","2021","","","1350","1356","Minimally invasive surgery mainly consists of a series of sub-tasks, which can be decomposed into basic gestures or contexts. As a prerequisite of autonomic operation, surgical gesture recognition can assist motion planning and decision-making, and build up context-aware knowledge to improve the surgical robot control quality. In this work, we aim to develop an effective surgical gesture recognition approach with an explainable feature extraction process.A Bidirectional Multi-Layer independently RNN (BMLindRNN) model is proposed in this paper, while spatial feature extraction is implemented via fine-tuning of a Deep Convolutional Neural Network (DCNN) model constructed based on the VGG architecture. To eliminate the black-box effects of DCNN, Gradient-weighted Class Activation Mapping (Grad-CAM) is employed. It can provide explainable results by showing the regions of the surgical images that have a strong relationship with the surgical gesture classification results.The proposed method was evaluated based on the suturing task with data obtained from the public available JIGSAWS database. Comparative studies were conducted to verify the proposed framework. Results indicated that the testing accuracy for the suturing task based on our proposed method is 87.13%, which outperforms most of the state-of-the-art algorithms.","2577-087X","978-1-7281-9077-8","10.1109/ICRA48506.2021.9561803","","https://ieeexplore.ieee.org/stamp/stamp.jsp?arnumber=9561803","","Recurrent neural networks;Minimally invasive surgery;Medical robotics;Databases;Decision making;Gesture recognition;Feature extraction","","14","","42","IEEE","18 Oct 2021","30 May-5 June 2021","30 May-5 June 2021","IEEE","IEEE Conferences"
"Model-Free Reinforcement Learning for Stochastic Games with Linear Temporal Logic Objectives","A. K. Bozkurt; Y. Wang; M. M. Zavlanos; M. Pajic","Duke University, Durham, NC, USA; Duke University, Durham, NC, USA; Duke University, Durham, NC, USA; Duke University, Durham, NC, USA",2021 IEEE International Conference on Robotics and Automation (ICRA),"18 Oct 2021","2021","","","10649","10655","We study synthesis of control strategies from linear temporal logic (LTL) objectives in unknown environments. We model this problem as a turn-based zero-sum stochastic game between the controller and the environment, where the transition probabilities and the model topology are fully unknown. The winning condition for the controller in this game is the satisfaction of the given LTL specification, which can be captured by the acceptance condition of a deterministic Rabin automaton (DRA) directly derived from the LTL specification. We introduce a model-free reinforcement learning (RL) methodology to find a strategy that maximizes the probability of satisfying a given LTL specification when the Rabin condition of the derived DRA has a single accepting pair. We then generalize this approach to any LTL formulas, for which the Rabin accepting condition may have more than one pairs, providing a lower bound on the satisfaction probability. Finally, we show applicability of our RL method on two planning case studies.","2577-087X","978-1-7281-9077-8","10.1109/ICRA48506.2021.9561989","","https://ieeexplore.ieee.org/stamp/stamp.jsp?arnumber=9561989","","Automation;Learning automata;Conferences;Stochastic processes;Games;Reinforcement learning;Transforms","","11","","38","IEEE","18 Oct 2021","30 May-5 June 2021","30 May-5 June 2021","IEEE","IEEE Conferences"
"Secure Planning Against Stealthy Attacks via Model-Free Reinforcement Learning","A. K. Bozkurt; Y. Wang; M. Pajic","Duke University, Durham, NC, USA; Duke University, Durham, NC, USA; Duke University, Durham, NC, USA",2021 IEEE International Conference on Robotics and Automation (ICRA),"18 Oct 2021","2021","","","10656","10662","We consider the problem of security-aware planning in an unknown stochastic environment, in the presence of attacks on control signals (i.e., actuators) of the robot. We model the attacker as an agent who has the full knowledge of the controller as well as the employed intrusion-detection system and who wants to prevent the controller from performing tasks while staying stealthy. We formulate the problem as a stochastic game between the attacker and the controller and present an approach to express the objective of such an agent and the controller as a combined linear temporal logic (LTL) formula. We then show that the planning problem, described formally as the problem of satisfying an LTL formula in a stochastic game, can be solved via model-free reinforcement learning when the environment is completely unknown. Finally, we illustrate and evaluate our methods on two robotic planning case studies.","2577-087X","978-1-7281-9077-8","10.1109/ICRA48506.2021.9560940","","https://ieeexplore.ieee.org/stamp/stamp.jsp?arnumber=9560940","","Actuators;Automation;Conferences;Stochastic processes;Intrusion detection;Reinforcement learning;Games","","17","","42","IEEE","18 Oct 2021","30 May-5 June 2021","30 May-5 June 2021","IEEE","IEEE Conferences"
"Hierarchies of Planning and Reinforcement Learning for Robot Navigation","J. Wöhlke; F. Schmitt; H. van Hoof","Bosch Center for Artificial Intelligence, Renningen, Germany; Bosch Center for Artificial Intelligence, Renningen, Germany; UvA-Bosch Delta Lab, University of Amsterdam, Amsterdam, Netherlands",2021 IEEE International Conference on Robotics and Automation (ICRA),"18 Oct 2021","2021","","","10682","10688","Solving robotic navigation tasks via reinforcement learning (RL) is challenging due to their sparse reward and long decision horizon nature. However, in many navigation tasks, high-level (HL) task representations, like a rough floor plan, are available. Previous work has demonstrated efficient learning by hierarchal approaches consisting of path planning in the HL representation and using sub-goals derived from the plan to guide the RL policy in the source task. However, these approaches usually neglect the complex dynamics and sub-optimal sub-goal-reaching capabilities of the robot during planning. This work overcomes these limitations by proposing a novel hierarchical framework that utilizes a trainable planning policy for the HL representation. Thereby robot capabilities and environment conditions can be learned utilizing collected rollout data. We specifically introduce a planning policy based on value iteration with a learned transition model (VI-RL). In simulated robotic navigation tasks, VI-RL results in consistent strong improvement over vanilla RL, is on par with vanilla hierarchal RL on single layouts but more broadly applicable to multiple layouts, and is on par with trainable HL path planning baselines except for a parking task with difficult non-holonomic dynamics where it shows marked improvements.","2577-087X","978-1-7281-9077-8","10.1109/ICRA48506.2021.9561151","","https://ieeexplore.ieee.org/stamp/stamp.jsp?arnumber=9561151","","Navigation;Layout;Reinforcement learning;Path planning;Data models;Planning;Task analysis","","19","","48","IEEE","18 Oct 2021","30 May-5 June 2021","30 May-5 June 2021","IEEE","IEEE Conferences"
"Learning from Simulation, Racing in Reality","E. Chisari; A. Liniger; A. Rupenyan; L. Van Gool; J. Lygeros","Automatic Control Lab, ETH Zurich, Switzerland; Computer Vision Lab, ETH Zurich, Switzerland; Automatic Control Lab, ETH Zurich, Switzerland; Computer Vision Lab, ETH Zurich, Switzerland; Automatic Control Lab, ETH Zurich, Switzerland",2021 IEEE International Conference on Robotics and Automation (ICRA),"18 Oct 2021","2021","","","8046","8052","We present a reinforcement learning-based solution to autonomously race on a miniature race car platform. We show that a policy that is trained purely in simulation using a relatively simple vehicle model, including model randomization, can be successfully transferred to the real robotic setup. We achieve this by using a novel policy output regularization approach and a lifted action space which enables smooth actions but still aggressive race car driving. We show that this regularized policy does outperform the Soft Actor Critic (SAC) baseline method, both in simulation and on the real car, but it is still outperformed by a Model Predictive Controller (MPC) state-of-the-art method. The refinement of the policy with three hours of real-world interaction data allows the reinforcement learning policy to achieve lap times similar to the MPC controller while reducing track constraint violations by 50%.","2577-087X","978-1-7281-9077-8","10.1109/ICRA48506.2021.9562079","","https://ieeexplore.ieee.org/stamp/stamp.jsp?arnumber=9562079","","Training;Smoothing methods;Automation;Conferences;Reinforcement learning;Predictive models;Trajectory","","27","","41","IEEE","18 Oct 2021","30 May-5 June 2021","30 May-5 June 2021","IEEE","IEEE Conferences"
"Robot in a China Shop: Using Reinforcement Learning for Location-Specific Navigation Behaviour","B. Xihan; O. Mendez; S. Hadfield",NA; NA; NA,2021 IEEE International Conference on Robotics and Automation (ICRA),"18 Oct 2021","2021","","","5959","5965","Robots need to be able to work in multiple different environments. Even when performing similar tasks, different behaviour should be deployed to best fit the current environment. In this paper, We propose a new approach to navigation, where it is treated as a multi-task learning problem. This enables the robot to learn to behave differently in visual navigation tasks for different environments while also learning shared expertise across environments. We evaluated our approach in both simulated environments as well as real-world data. Our method allows our system to converge with a 26% reduction in training time, while also increasing accuracy.","2577-087X","978-1-7281-9077-8","10.1109/ICRA48506.2021.9561545","Engineering and Physical Sciences Research Council; Innovate UK; ","https://ieeexplore.ieee.org/stamp/stamp.jsp?arnumber=9561545","","Training;Visualization;Automation;Navigation;Conferences;Reinforcement learning;Resource management","","3","","22","IEEE","18 Oct 2021","30 May-5 June 2021","30 May-5 June 2021","IEEE","IEEE Conferences"
"Real-Time Trajectory Adaptation for Quadrupedal Locomotion using Deep Reinforcement Learning","S. Gangapurwala; M. Geisert; R. Orsolino; M. Fallon; I. Havoutis","Dynamic Robots Systems (DRS) Group, Oxford Robotics Institute, University of Oxford, UK; Dynamic Robots Systems (DRS) Group, Oxford Robotics Institute, University of Oxford, UK; Dynamic Robots Systems (DRS) Group, Oxford Robotics Institute, University of Oxford, UK; Dynamic Robots Systems (DRS) Group, Oxford Robotics Institute, University of Oxford, UK; Dynamic Robots Systems (DRS) Group, Oxford Robotics Institute, University of Oxford, UK",2021 IEEE International Conference on Robotics and Automation (ICRA),"18 Oct 2021","2021","","","5973","5979","We present a control architecture for real-time adaptation and tracking of trajectories generated using a terrain-aware trajectory optimization solver. This approach enables us to circumvent the computationally exhaustive task of online trajectory optimization, and further introduces a control solution robust to systems modeled with approximated dynamics. We train a policy using deep reinforcement learning (RL) to introduce additive deviations to a reference trajectory in order to generate a feedback-based trajectory tracking system for a quadrupedal robot. We train this policy across a multitude of simulated terrains and ensure its generality by introducing training methods that avoid overfitting and convergence towards local optima. Additionally, in order to capture terrain information, we include a latent representation of the height maps in the observation space of the RL environment as a form of exteroceptive feedback. We test the performance of our trained policy by tracking the corrected set points using a model-based whole-body controller and compare it with the tracking behavior obtained without the corrective feedback in several simulation environments, and show that introducing the corrective feedback results in increase of the success rate from 72.7% to 92.4% for tracking precomputed dynamic long horizon trajectories on flat terrain and from 47.5% to 80.3% on a complex modular uneven terrain. We also show successful transfer of our training approach to the real physical system and further present cogent arguments in support of our framework.","2577-087X","978-1-7281-9077-8","10.1109/ICRA48506.2021.9561639","","https://ieeexplore.ieee.org/stamp/stamp.jsp?arnumber=9561639","","Training;Trajectory tracking;Conferences;Computational modeling;Reinforcement learning;Computer architecture;Real-time systems","","24","","34","IEEE","18 Oct 2021","30 May-5 June 2021","30 May-5 June 2021","IEEE","IEEE Conferences"
"Imitation Learning from MPC for Quadrupedal Multi-Gait Control","A. Reske; J. Carius; Y. Ma; F. Farshidian; M. Hutter","Robotic Systems Lab, ETH Zürich, Switzerland; Robotic Systems Lab, ETH Zürich, Switzerland; Robotic Systems Lab, ETH Zürich, Switzerland; Robotic Systems Lab, ETH Zürich, Switzerland; Robotic Systems Lab, ETH Zürich, Switzerland",2021 IEEE International Conference on Robotics and Automation (ICRA),"18 Oct 2021","2021","","","5014","5020","We present a learning algorithm for training a single policy that imitates multiple gaits of a walking robot. To achieve this, we use and extend MPC-Net, which is an Imitation Learning approach guided by Model Predictive Control (MPC). The strategy of MPC-Net differs from many other approaches since its objective is to minimize the control Hamiltonian, which derives from the principle of optimality. To represent the policies, we employ a mixture-of-experts network (MEN) and observe that the performance of a policy improves if each expert of a MEN specializes in controlling exactly one mode of a hybrid system, such as a walking robot. We introduce new loss functions for single- and multi-gait policies to achieve this kind of expert selection behavior. Moreover, we benchmark our algorithm against Behavioral Cloning and the original MPC implementation on various rough terrain scenarios. We validate our approach on hardware and show that a single learned policy can replace its teacher to control multiple gaits.","2577-087X","978-1-7281-9077-8","10.1109/ICRA48506.2021.9561444","National Science Foundation; National Centre of Competence in Research Robotics; ","https://ieeexplore.ieee.org/stamp/stamp.jsp?arnumber=9561444","","Legged locomotion;Training;Location awareness;Conferences;Cloning;Benchmark testing;Prediction algorithms","","34","","31","IEEE","18 Oct 2021","30 May-5 June 2021","30 May-5 June 2021","IEEE","IEEE Conferences"
"Efficient Self-Supervised Data Collection for Offline Robot Learning","S. Endrawis; G. Leibovich; G. Jacob; G. Novik; A. Tamar",Technion – Israel Institute of Technology; Intel Labs; Intel Labs; Intel Labs; Technion – Israel Institute of Technology,2021 IEEE International Conference on Robotics and Automation (ICRA),"18 Oct 2021","2021","","","4650","4656","A practical approach to robot reinforcement learning is to first collect a large batch of real or simulated robot interaction data, using some data collection policy, and then learn from this data to perform various tasks, using offline learning algorithms. Previous work focused on manually designing the data collection policy, and on tasks where suitable policies can easily be designed, such as random picking policies for collecting data about object grasping. For more complex tasks, however, it may be difficult to find a data collection policy that explores the environment effectively, and produces data that is diverse enough for the downstream task. In this work, we propose that data collection policies should actively explore the environment to collect diverse data. In particular, we develop a simple-yet-effective goal-conditioned reinforcement-learning method that actively focuses data collection on novel observations, thereby collecting a diverse data-set. We evaluate our method on simulated robot manipulation tasks with visual inputs and show that the improved diversity of active data collection leads to significant improvements in the downstream learning tasks.","2577-087X","978-1-7281-9077-8","10.1109/ICRA48506.2021.9561097","Israel Science Foundation; ","https://ieeexplore.ieee.org/stamp/stamp.jsp?arnumber=9561097","","Visualization;Automation;Conferences;Reinforcement learning;Grasping;Data collection;Robot learning","","4","","27","IEEE","18 Oct 2021","30 May-5 June 2021","30 May-5 June 2021","IEEE","IEEE Conferences"
"Learning to steer a locomotion contact planner","J. Chemin; P. Fernbach; D. Song; G. Saurel; N. Mansard; S. Tonneau","LAAS-CNRS, Univ. Toulouse, CNRS, France; Toward, Toulouse, France; Dept. of CSE, Ewha Womans University, Korea; LAAS-CNRS, Univ. Toulouse, CNRS, France; LAAS-CNRS, Univ. Toulouse, CNRS, France; IPAB, The University of Edinburgh, Scotland",2021 IEEE International Conference on Robotics and Automation (ICRA),"18 Oct 2021","2021","","","4430","4437","The combinatorics inherent to the issue of planning legged locomotion can be addressed by decomposing the problem: first, select a guide path abstracting the contacts with a heuristic model; then compute the contact sequence to balance the robot gait along the guide path. While several models have been proposed to compute such a path, none have yet managed to efficiently capture the complexity of legged locomotion on arbitrary terrain. In this paper, we present a novel method to automatically build a local controller, or steering method, to generate a guide path along which a feasible contact sequence can be built. Our reinforcement learning approach is coupled with a geometric condition for feasibility during the training, which improves the convergence rate without incurring a loss in generality. We have designed a dedicated environment along with an associated reward function to run a classical reinforcement learning algorithm that computes the steering method. The policy takes a target velocity and a local heightmap of the terrain around the robot as inputs, and steers the path where new contacts should be created. It is then coupled with a contact generator that creates the contacts to support the robot movement. We show that the trained policy has an improved generalization and higher success rate at generating feasible contact plans than previous approaches. As a result, this policy can be used with a path planning algorithm to navigate complex environments.","2577-087X","978-1-7281-9077-8","10.1109/ICRA48506.2021.9561160","","https://ieeexplore.ieee.org/stamp/stamp.jsp?arnumber=9561160","","Legged locomotion;Training;Navigation;Computational modeling;Reinforcement learning;Robot sensing systems;Generators","","2","","49","IEEE","18 Oct 2021","30 May-5 June 2021","30 May-5 June 2021","IEEE","IEEE Conferences"
"Learning Shape Control of Elastoplastic Deformable Linear Objects","R. Laezza; Y. Karayiannidis","Department of Electrical Engineering, Division of Systems and Control, Chalmers University of Technology, Sweden; Department of Electrical Engineering, Division of Systems and Control, Chalmers University of Technology, Sweden",2021 IEEE International Conference on Robotics and Automation (ICRA),"18 Oct 2021","2021","","","4438","4444","Deformable object manipulation tasks have long been regarded as challenging robotic problems. However, until recently very little work has been done on the subject, with most robotic manipulation methods being developed for rigid objects. Deformable objects are more difficult to model and simulate, which has limited the use of model-free Reinforcement Learning (RL) strategies, due to their need for large amounts of data that can only be satisfied in simulation. This paper proposes a new shape control task for Deformable Linear Objects (DLOs). More notably, we present the first study on the effects of elastoplastic properties on this type of problem. Objects with elastoplasticity such as metal wires, are found in various applications and are challenging to manipulate due to their nonlinear behavior. We first highlight the challenges of solving such a manipulation task from an RL perspective, particularly in defining the reward. Then, based on concepts from differential geometry, we propose an intrinsic shape representation using discrete curvature and torsion. Finally, we show through an empirical study that in order to successfully solve the proposed task using Deep Deterministic Policy Gradient (DDPG), the reward needs to include intrinsic information about the shape of the DLO.","2577-087X","978-1-7281-9077-8","10.1109/ICRA48506.2021.9561984","","https://ieeexplore.ieee.org/stamp/stamp.jsp?arnumber=9561984","","Deformable models;Geometry;Shape control;Shape;Wires;Metals;Reinforcement learning","","27","","30","IEEE","18 Oct 2021","30 May-5 June 2021","30 May-5 June 2021","IEEE","IEEE Conferences"
"DeepWalk: Omnidirectional Bipedal Gait by Deep Reinforcement Learning","D. Rodriguez; S. Behnke","Autonomous Intelligent Systems (AIS) Group, Computer Science Institute VI, University of Bonn, Germany; Autonomous Intelligent Systems (AIS) Group, Computer Science Institute VI, University of Bonn, Germany",2021 IEEE International Conference on Robotics and Automation (ICRA),"18 Oct 2021","2021","","","3033","3039","Bipedal walking is one of the most difficult but exciting challenges in robotics. The difficulties arise from the complexity of high-dimensional dynamics, sensing and actuation limitations combined with real-time and computational constraints. Deep Reinforcement Learning (DRL) holds the promise to address these issues by fully exploiting the robot dynamics with minimal craftsmanship. In this paper, we propose a novel DRL approach that enables an agent to learn omnidirectional locomotion for humanoid (bipedal) robots. Notably, the locomotion behaviors are accomplished by a single control policy (a single neural network). We achieve this by introducing a new curriculum learning method that gradually increases the task difficulty by scheduling target velocities. In addition, our method does not require reference motions which facilities its application to robots with different kinematics, and reduces the overall complexity. Finally, different strategies for sim-to-real transfer are presented which allow us to transfer the learned policy to a real humanoid robot.","2577-087X","978-1-7281-9077-8","10.1109/ICRA48506.2021.9561717","","https://ieeexplore.ieee.org/stamp/stamp.jsp?arnumber=9561717","","Legged locomotion;Three-dimensional displays;Neural networks;Humanoid robots;Reinforcement learning;Robot sensing systems;Real-time systems","","57","","22","IEEE","18 Oct 2021","30 May-5 June 2021","30 May-5 June 2021","IEEE","IEEE Conferences"
"Ergodic imitation: Learning from what to do and what not to do","A. Kalinowska; A. Prabhakar; K. Fitzsimons; T. Murphey","Mechanical Engineering, Northwestern University, Evanston, IL; Mechanical Engineering, Northwestern University, Evanston, IL; Mechanical Engineering, Northwestern University, Evanston, IL; Mechanical Engineering, Northwestern University, Evanston, IL",2021 IEEE International Conference on Robotics and Automation (ICRA),"18 Oct 2021","2021","","","3648","3654","With growing access to versatile robotics, it is beneficial for end users to be able to teach robots tasks without needing to code a control policy. One possibility is to teach the robot through successful task executions. However, near-optimal demonstrations of a task can be difficult to provide and even successful demonstrations can fail to capture task aspects key to robust skill replication. Here, we propose a learning from demonstration (LfD) approach that enables learning of robust task definitions without the need for near-optimal demonstrations. We present a novel algorithmic framework for learning tasks based on the ergodic metric—a measure of information content in motion. Moreover, we make use of negative demonstrations—demonstrations of what not to do—and show that they can help compensate for imperfect demonstrations, reduce the number of demonstrations needed, and highlight crucial task elements improving robot performance. In a proof-of-concept example of cart-pole inversion, we show that negative demonstrations alone can be sufficient to successfully learn and recreate a skill. Through a human subject study with 24 participants, we show that consistently more information about a task can be captured from combined positive and negative (posneg) demonstrations than from the same amount of just positive demonstrations. Finally, we demonstrate our learning approach on simulated tasks of target reaching and table cleaning with a 7-DoF Franka arm. Our results point towards a future with robust, data-efficient LfD for novice users.","2577-087X","978-1-7281-9077-8","10.1109/ICRA48506.2021.9561746","","https://ieeexplore.ieee.org/stamp/stamp.jsp?arnumber=9561746","","Codes;Automation;Conferences;Cleaning;Motion measurement;Task analysis;Robots","","14","","43","IEEE","18 Oct 2021","30 May-5 June 2021","30 May-5 June 2021","IEEE","IEEE Conferences"
"Neural Network Controller for Autonomous Pile Loading Revised","W. Yang; N. Strokina; N. Serbenyuk; J. Pajarinen; R. Ghabcheloo; J. Vihonen; M. M. Aref; J. -K. Kämäräinen","Computing Sciences, Tampere University, Finland; Computing Sciences, Tampere University, Finland; Automation Technology and Mechanical Engineering, Tampere University; Department of Electrical Engineering and Automation, Aalto University; Automation Technology and Mechanical Engineering, Tampere University; Cargotec Oyj; Cargotec Oyj; Computing Sciences, Tampere University, Finland",2021 IEEE International Conference on Robotics and Automation (ICRA),"18 Oct 2021","2021","","","2198","2204","We have recently proposed two pile loading controllers that learn from human demonstrations: a neural network (NNet) [1] and a random forest (RF) controller [2]. In the field experiments the RF controller obtained clearly better success rates. In this work, the previous findings are drastically revised by experimenting summer time trained controllers in winter conditions. The winter experiments revealed a need for additional sensors, more training data, and a controller that can take advantage of these. Therefore, we propose a revised neural controller (NNetV2) which has a more expressive structure and uses a neural attention mechanism to focus on important parts of the sensor and control signals. Using the same data and sensors to train and test the three controllers, NNetV2 achieves better robustness against drastically changing conditions and superior success rate. To the best of our knowledge, this is the first work testing a learning-based controller for a heavy-duty machine in drastically varying outdoor conditions and delivering high success rate in winter, being trained in summer.","2577-087X","978-1-7281-9077-8","10.1109/ICRA48506.2021.9561804","","https://ieeexplore.ieee.org/stamp/stamp.jsp?arnumber=9561804","","Radio frequency;Training;Loading;Training data;Artificial neural networks;Sensors;Task analysis","","8","","20","IEEE","18 Oct 2021","30 May-5 June 2021","30 May-5 June 2021","IEEE","IEEE Conferences"
"Deep Reinforcement Learning for Concentric Tube Robot Control with a Goal-Based Curriculum","K. Iyengar; D. Stoyanov","Wellcome/ EPSRC Centre for Interventional and Surgical Sciences (WEISS), University College London, London, UK; Wellcome/ EPSRC Centre for Interventional and Surgical Sciences (WEISS), University College London, London, UK",2021 IEEE International Conference on Robotics and Automation (ICRA),"18 Oct 2021","2021","","","1459","1465","Concentric Tube Robots (CTRs), a type of continuum robot, are a collection of concentric, pre-curved tubes composed of super elastic nickel titanium alloy. CTRs can bend and twist from the interactions between neighboring tubes causing the kinematics and therefore control of the end-effector to be very challenging to model. In this paper, we develop a control scheme for a CTR end-effector in Cartesian space with no prior kinematic model using a deep reinforcement learning (DRL) approach with a goal-based curriculum reward strategy. We explore the use of curricula by changing the goal tolerance through training with constant, linear and exponential decay functions. Also, relative and absolute joint representations as a way of improving training convergence are explored. Quantitative comparisons for combinations of curricula and joint representations are performed and the exponential decay relative approach is used for training a robust policy in a noise-induced simulation environment. Compared to a previous DRL approach, our new method reduces training time and employs a more complex simulation environment. We report mean Cartesian errors of 1.29 mm and a success rate of 0.93 with a relative decay curriculum. In path following, we report mean errors of 1.37 mm in a noise-induced path following task. Albeit in simulation, these results indicate the promise of using DRL in model free control of continuum robots and CTRs in particular.","2577-087X","978-1-7281-9077-8","10.1109/ICRA48506.2021.9561620","Royal Academy of Engineering; ","https://ieeexplore.ieee.org/stamp/stamp.jsp?arnumber=9561620","","Training;Titanium alloys;Shape;Reinforcement learning;Kinematics;End effectors;Robustness","","9","","26","IEEE","18 Oct 2021","30 May-5 June 2021","30 May-5 June 2021","IEEE","IEEE Conferences"
"Amortized Q-learning with Model-based Action Proposals for Autonomous Driving on Highways","B. Mirchevska; M. Hügle; G. Kalweit; M. Werling; J. Boedecker","Dept. of Computer Science, University of Freiburg, Germany; Dept. of Computer Science, University of Freiburg, Germany; Dept. of Computer Science, University of Freiburg, Germany; BMW Group, Unterschleissheim, Germany; Dept. of Computer Science, University of Freiburg, Germany",2021 IEEE International Conference on Robotics and Automation (ICRA),"18 Oct 2021","2021","","","1028","1035","Well-established optimization-based methods can guarantee an optimal trajectory for a short optimization horizon, typically no longer than a few seconds. As a result, choosing the optimal trajectory for this short horizon may still result in a sub-optimal long-term solution. At the same time, the resulting short-term trajectories allow for effective, comfortable and provable safe maneuvers in a dynamic traffic environment. In this work, we address the question of how to ensure an optimal long-term driving strategy, while keeping the benefits of classical trajectory planning. We introduce a Reinforcement Learning based approach that coupled with a trajectory planner, learns an optimal long-term decision-making strategy for driving on highways. By online generating locally optimal maneuvers as actions, we balance between the infinite low-level continuous action space, and the limited flexibility of a fixed number of predefined standard lane-change actions. We evaluated our method on realistic scenarios in the open-source traffic simulator SUMO and were able to achieve better performance than the 4 benchmark approaches we compared against, including a random action selecting agent, greedy agent, high-level, discrete actions agent and an IDM-based SUMO-controlled agent.","2577-087X","978-1-7281-9077-8","10.1109/ICRA48506.2021.9560777","","https://ieeexplore.ieee.org/stamp/stamp.jsp?arnumber=9560777","","Road transportation;Trajectory planning;Decision making;Optimal control;Reinforcement learning;Benchmark testing;Trajectory","","10","","32","IEEE","18 Oct 2021","30 May-5 June 2021","30 May-5 June 2021","IEEE","IEEE Conferences"
"Decision Making for Autonomous Driving via Augmented Adversarial Inverse Reinforcement Learning","P. Wang; D. Liu; J. Chen; H. Li; C. -Y. Chan","University of California, Berkeley; Zenseact, Chalmers University of Technology; Peking University; Google Research; University of California, Berkeley",2021 IEEE International Conference on Robotics and Automation (ICRA),"18 Oct 2021","2021","","","1036","1042","Making decisions in complex driving environments is a challenging task for autonomous agents. Imitation learning methods have great potentials for achieving such a goal. Adversarial Inverse Reinforcement Learning (AIRL) is one of the state-of-art imitation learning methods that can learn both a behavioral policy and a reward function simultaneously, yet it is only demonstrated in simple and static environments where no interactions are introduced. In this paper, we improve and stabilize AIRL’s performance by augmenting it with semantic rewards in the learning framework. Additionally, we adapt the augmented AIRL to a more practical and challenging decision-making task in a highly interactive environment in autonomous driving. The proposed method is compared with four baselines and evaluated by four performance metrics. Simulation results show that the augmented AIRL outperforms all the baseline methods, and its performance is comparable with that of the experts on all of the four metrics.","2577-087X","978-1-7281-9077-8","10.1109/ICRA48506.2021.9560907","","https://ieeexplore.ieee.org/stamp/stamp.jsp?arnumber=9560907","Inverse Reinforcement Learning;Decision Making;Lane Change;Autonomous Driving","Measurement;Learning systems;Simulation;Conferences;Decision making;Semantics;Reinforcement learning","","43","","24","IEEE","18 Oct 2021","30 May-5 June 2021","30 May-5 June 2021","IEEE","IEEE Conferences"
"ReLMoGen: Integrating Motion Generation in Reinforcement Learning for Mobile Manipulation","F. Xia; C. Li; R. Martín-Martín; O. Litany; A. Toshev; S. Savarese",Stanford University; Stanford University; Stanford University; Nvidia; Robotics at Google; Stanford University,2021 IEEE International Conference on Robotics and Automation (ICRA),"18 Oct 2021","2021","","","4583","4590","Many Reinforcement Learning (RL) approaches use joint control signals (positions, velocities, torques) as action space for continuous control tasks. We propose to lift the action space to a higher level in the form of subgoals for a motion generator (a combination of motion planner and trajectory executor). We argue that, by lifting the action space and by leveraging sampling-based motion planners, we can efficiently use RL to solve complex, long-horizon tasks that could not be solved with existing RL methods in the original action space. We propose ReLMoGen – a framework that combines a learned policy to predict subgoals and a motion generator to plan and execute the motion needed to reach these subgoals. To validate our method, we apply ReLMoGen to two types of tasks: 1) Interactive Navigation tasks, navigation problems where interactions with the environment are required to reach the destination, and 2) Mobile Manipulation tasks, manipulation tasks that require moving the robot base. These problems are challenging because they are usually long-horizon, hard to explore during training, and comprise alternating phases of navigation and interaction. Our method is benchmarked on a diverse set of seven robotics tasks in photo-realistic simulation environments. In all settings, ReLMoGen outperforms state-of-the-art RL and Hierarchical RL baselines. ReLMoGen also shows outstanding transferability between different motion generators at test time, indicating a great potential to transfer to real robots. For more information, please visit project website: http://svl.stanford.edu/projects/relmogen.","2577-087X","978-1-7281-9077-8","10.1109/ICRA48506.2021.9561315","","https://ieeexplore.ieee.org/stamp/stamp.jsp?arnumber=9561315","","Training;Navigation;Conferences;Reinforcement learning;Aerospace electronics;Benchmark testing;Generators","","82","","50","IEEE","18 Oct 2021","30 May-5 June 2021","30 May-5 June 2021","IEEE","IEEE Conferences"
"Can a Robot Trust You? : A DRL-Based Approach to Trust-Driven Human-Guided Navigation","V. S. Dorbala; A. Srinivasan; A. Bera","University of Maryland, College Park, USA; University of Maryland, College Park, USA; University of Maryland, College Park, USA",2021 IEEE International Conference on Robotics and Automation (ICRA),"18 Oct 2021","2021","","","3538","3545","Humans are known to construct cognitive maps of their everyday surroundings using a variety of perceptual inputs. As such, when a human is asked for directions to a particular location, their wayfinding capability in converting this cognitive map into directional instructions is challenged. Owing to spatial anxiety, the language used in the spoken instructions can be vague and often unclear. To account for this unreliability in navigational guidance, we propose a novel Deep Reinforcement Learning (DRL) based trust-driven robot navigation algorithm that learns humans’ trustworthiness to perform a language guided navigation task.Our approach seeks to answer the question as to whether a robot can trust a human’s navigational guidance or not. To this end, we look at training a policy that learns to navigate towards a goal location using only trustworthy human guidance, driven by its own robot trust metric. We look at quantifying various affective features from language-based instructions and incorporate them into our policy’s observation space in the form of a human trust metric. We utilize both these trust metrics into an optimal cognitive reasoning scheme that decides when and when not to trust the given guidance. Our results show that the learned policy can navigate the environment in an optimal, time-efficient manner as opposed to an explorative approach that performs the same task. We showcase the efficacy of our results both in simulation and a real world environment.","2577-087X","978-1-7281-9077-8","10.1109/ICRA48506.2021.9561983","","https://ieeexplore.ieee.org/stamp/stamp.jsp?arnumber=9561983","","Training;Emotion recognition;Navigation;Computational modeling;Conferences;Reinforcement learning;Cognition","","9","","82","IEEE","18 Oct 2021","30 May-5 June 2021","30 May-5 June 2021","IEEE","IEEE Conferences"
"Mesh Based Analysis of Low Fractal Dimension Reinforcement Learning Policies","S. Gillen; K. Byl","Electrical and Computer Engineering Department, University of California, Santa Barbara, CA; Electrical and Computer Engineering Department, University of California, Santa Barbara, CA",2021 IEEE International Conference on Robotics and Automation (ICRA),"18 Oct 2021","2021","","","3546","3552","In previous work, using a process we call meshing, the reachable state spaces for various continuous and hybrid systems were approximated as a discrete set of states which can then be synthesized into a Markov chain. One of the applications for this approach has been to analyze locomotion policies obtained by reinforcement learning, in a step towards making empirical guarantees about the stability properties of the resulting system. In a separate line of research, we introduced a modified reward function for on-policy reinforcement learning algorithms that utilizes a ""fractal dimension"" of rollout trajectories. This reward was shown to encourage policies that induce individual trajectories which can be more compactly represented as a discrete mesh. In this work, we combine these two threads of research by building meshes of the reachable state space of a system subject to disturbances and controlled by policies obtained with the modified reward. Our analysis shows that the modified policies do produce much smaller reachable meshes. This shows that agents trained with the fractal dimension reward transfer their desirable quality of having a more compact state space to a setting with external disturbances. The results also suggest that the previous work using mesh based tools to analyze RL policies may be extended to higher dimensional systems or to higher resolution meshes than would have otherwise been possible.","2577-087X","978-1-7281-9077-8","10.1109/ICRA48506.2021.9561874","","https://ieeexplore.ieee.org/stamp/stamp.jsp?arnumber=9561874","","Training;Visualization;Monte Carlo methods;Reinforcement learning;Tools;Aerospace electronics;Fractals","","1","","13","IEEE","18 Oct 2021","30 May-5 June 2021","30 May-5 June 2021","IEEE","IEEE Conferences"
"Risk-Aware Decision Making for Service Robots to Minimize Risk of Patient Falls in Hospitals","R. S. Novin; A. Yazdani; A. Merryweather; T. Hermans","Department of Mechanical Engineering and Utah Robotics Center, University of Utah, Salt Lake City, Utah, USA; Department of Mechanical Engineering and Utah Robotics Center, University of Utah, Salt Lake City, Utah, USA; Department of Mechanical Engineering and Utah Robotics Center, University of Utah, Salt Lake City, Utah, USA; School of Computing and Utah Robotics Center, University of Utah, Salt Lake City, Utah, USA",2021 IEEE International Conference on Robotics and Automation (ICRA),"18 Oct 2021","2021","","","3299","3305","Planning under uncertainty is a crucial capability for autonomous systems to operate reliably in uncertain and dynamic environments. The concern of safety becomes even more critical in healthcare settings where robots interact with human patients. In this paper, we propose a novel risk-aware planning framework to minimize the risk of falls by providing a patient with an assistive device. Our approach combines learning-based prediction with model-based control to plan for the fall prevention task. This provides advantages compared to end-to-end learning methods in which the robot's performance is limited to specific scenarios, or purely model-based approaches that use relatively simple function approximators and are prone to high modeling errors. We compare various risk metrics and the results from simulated scenarios show that using the proposed cost function, the robot can plan interventions to avoid high fall score events.","2577-087X","978-1-7281-9077-8","10.1109/ICRA48506.2021.9560871","","https://ieeexplore.ieee.org/stamp/stamp.jsp?arnumber=9560871","","Uncertainty;Hospitals;Service robots;Predictive models;Cost function;Planning;Safety","","6","","42","IEEE","18 Oct 2021","30 May-5 June 2021","30 May-5 June 2021","IEEE","IEEE Conferences"
"DeepQ Stepper: A framework for reactive dynamic walking on uneven terrain","A. Meduri; M. Khadiv; L. Righetti","Tandon School of Engineering, New York University (NYU), USA; Max-Planck Institute for Intelligent Systems, Tuebingen, Germany; Tandon School of Engineering, New York University (NYU), USA",2021 IEEE International Conference on Robotics and Automation (ICRA),"18 Oct 2021","2021","","","2099","2105","Reactive stepping and push recovery for biped robots is often restricted to flat terrains because of the difficulty in computing capture regions for nonlinear dynamic models. In this paper, we address this limitation by proposing a novel 3D reactive stepper, the DeepQ stepper, that can approximately learn the 3D capture regions of both simplified and full robot dynamic models using reinforcement learning, which can then be used to find optimal steps. The stepper can take into account the entire dynamics of the robot, ignored in most reactive steppers, leading to a significant improvement in performance. The DeepQ stepper can handle nonconvex terrain with obstacles, walk on restricted surfaces like stepping stones while tracking different velocities, and recover from external disturbances for a constant low computational cost.","2577-087X","978-1-7281-9077-8","10.1109/ICRA48506.2021.9562093","York University; European Research Council; National Science Foundation; ","https://ieeexplore.ieee.org/stamp/stamp.jsp?arnumber=9562093","","Legged locomotion;Solid modeling;Three-dimensional displays;Costs;Computational modeling;Friction;Reinforcement learning","","9","","22","IEEE","18 Oct 2021","30 May-5 June 2021","30 May-5 June 2021","IEEE","IEEE Conferences"
"IKEA Furniture Assembly Environment for Long-Horizon Complex Manipulation Tasks","Y. Lee; E. S. Hu; J. J. Lim","Department of Computer Science, University of Southern California, Los Angeles, CA; Department of Computer and Information Science, University of Pennsylvania, Philadelphia, PA; Department of Computer Science, University of Southern California, Los Angeles, CA",2021 IEEE International Conference on Robotics and Automation (ICRA),"18 Oct 2021","2021","","","6343","6349","The IKEA Furniture Assembly Environment is one of the first benchmarks for testing and accelerating the automation of long-horizon and hierarchical manipulation tasks. The environment is designed to advance reinforcement learning and imitation learning from simple toy tasks to complex tasks requiring both long-term planning and sophisticated low-level control. Our environment features 60 furniture models, 6 robots, photorealistic rendering, and domain randomization. We evaluate reinforcement learning and imitation learning methods on the proposed environment. Our experiments show furniture assembly is a challenging task due to its long horizon and sophisticated manipulation requirements, which provides ample opportunities for future research. The environment is publicly available at https://clvrai.com/furniture.","2577-087X","978-1-7281-9077-8","10.1109/ICRA48506.2021.9560986","","https://ieeexplore.ieee.org/stamp/stamp.jsp?arnumber=9560986","","Three-dimensional displays;Automation;Toy manufacturing industry;Reinforcement learning;Benchmark testing;Rendering (computer graphics);Robot learning","","65","","40","IEEE","18 Oct 2021","30 May-5 June 2021","30 May-5 June 2021","IEEE","IEEE Conferences"
"Learning Dexterous Grasping with Object-Centric Visual Affordances","P. Mandikal; K. Grauman","Department of Computer Science, The University of Texas, Austin; Department of Computer Science, The University of Texas, Austin",2021 IEEE International Conference on Robotics and Automation (ICRA),"18 Oct 2021","2021","","","6169","6176","Dexterous robotic hands are appealing for their agility and human-like morphology, yet their high degree of freedom makes learning to manipulate challenging. We introduce an approach for learning dexterous grasping. Our key idea is to embed an object-centric visual affordance model within a deep reinforcement learning loop to learn grasping policies that favor the same object regions favored by people. Unlike traditional approaches that learn from human demonstration trajectories (e.g., hand joint sequences captured with a glove), the proposed prior is object-centric and image-based, allowing the agent to anticipate useful affordance regions for objects unseen during policy learning. We demonstrate our idea with a 30-DoF five-fingered robotic hand simulator on 40 objects from two datasets, where it successfully and efficiently learns policies for stable functional grasps. Our affordance-guided policies are significantly more effective, generalize better to novel objects, train 3× faster than the baselines, and are more robust to noisy sensor readings and actuation. Our work offers a step towards manipulation agents that learn by watching how people use objects, without requiring state and action information about the human body. Project website with videos: http://vision.cs.utexas.edu/projects/graff-dexterous-affordance-grasp.","2577-087X","978-1-7281-9077-8","10.1109/ICRA48506.2021.9561802","","https://ieeexplore.ieee.org/stamp/stamp.jsp?arnumber=9561802","","Visualization;Affordances;Conferences;Biological system modeling;Morphology;Grasping;Reinforcement learning","","107","","58","IEEE","18 Oct 2021","30 May-5 June 2021","30 May-5 June 2021","IEEE","IEEE Conferences"
"Learning Collaborative Pushing and Grasping Policies in Dense Clutter","B. Tang; M. Corsaro; G. Konidaris; S. Nikolaidis; S. Tellex",NA; NA; NA; NA; NA,2021 IEEE International Conference on Robotics and Automation (ICRA),"18 Oct 2021","2021","","","6177","6184","Robots must reason about pushing and grasping in order to engage in flexible manipulation in cluttered environments. Earlier works on learning pushing and grasping only consider each operation in isolation or are limited to top-down grasping and bin-picking. We train a robot to learn joint planar pushing and 6-degree-of-freedom (6-DoF) grasping policies by self-supervision. Two separate deep neural networks are trained to map from 3D visual observations to actions with a Q-learning framework. With collaborative pushes and expanded grasping action space, our system can deal with cluttered scenes with a wide variety of objects (e.g. grasping a plate from the side after pushing away surrounding obstacles). We compare our system to the state-of-the-art baseline model VPG [1] in simulation and outperform it with 10% higher action efficiency and 20% higher grasp success rate. We then demonstrate our system on a KUKA LBR iiwa arm with a Robotiq 3-finger gripper.","2577-087X","978-1-7281-9077-8","10.1109/ICRA48506.2021.9561828","","https://ieeexplore.ieee.org/stamp/stamp.jsp?arnumber=9561828","","Deep learning;Visualization;Three-dimensional displays;Automation;Conferences;Collaboration;Grasping","","32","","53","IEEE","18 Oct 2021","30 May-5 June 2021","30 May-5 June 2021","IEEE","IEEE Conferences"
"Learning Task-Oriented Dexterous Grasping from Human Knowledge","H. Li; Y. Zhang; Y. Li; H. He","Department of Electrical Engineering and Computer Science, Wichita State University, USA; State Key Laboratory of Robotics, Shenyang Institute of Automation, Chinese Academy of Sciences, Shenyang, China; Department of Engineering and Design, University of Sussex, UK; Department of Electrical Engineering and Computer Science, Wichita State University, USA",2021 IEEE International Conference on Robotics and Automation (ICRA),"18 Oct 2021","2021","","","6192","6198","Industrial automation requires robot dexterity to automate many processes such as product assembling, packaging, and material handling. The existing robotic systems lack the capability to determining proper grasp strategies in the context of object affordances and task designations. In this paper, a framework of task-oriented dexterous grasping is proposed to learn grasp knowledge from human experience and to deploy the grasp strategies while adapting to grasp context. Grasp topology is defined and grasp strategies are learned from an established dataset for task-oriented dexterous manipulation. To adapt to various grasp context, a reinforcement-learning based grasping policy was implemented to deploy different task-oriented strategies. The performance of the system was evaluated in a simulated grasping environment by using an AR10 anthropomorphic hand installed in a Sawyer robotic arm. The proposed framework achieved a hit rate of 100% for grasp strategies and an overall top-3 match rate of 95.6%. The success rate of grasping was 85.6% during 2700 grasping experiments for manipulation tasks given in natural-language instructions.","2577-087X","978-1-7281-9077-8","10.1109/ICRA48506.2021.9562073","","https://ieeexplore.ieee.org/stamp/stamp.jsp?arnumber=9562073","Dexterous Grasping;Task-Oriented Grasping;Grasp Topology;Reinforcement Learning","Automation;Service robots;Network topology;Affordances;Grasping;Reinforcement learning;Prediction algorithms","","9","","20","IEEE","18 Oct 2021","30 May-5 June 2021","30 May-5 June 2021","IEEE","IEEE Conferences"
"High-Speed Robot Navigation using Predicted Occupancy Maps","K. D. Katyal; A. Polevoy; J. Moore; C. Knuth; K. M. Popek","Johns Hopkins University Applied Physics Lab, Laurel, MD, USA; Johns Hopkins University Applied Physics Lab, Laurel, MD, USA; Johns Hopkins University Applied Physics Lab, Laurel, MD, USA; Johns Hopkins University Applied Physics Lab, Laurel, MD, USA; Johns Hopkins University Applied Physics Lab, Laurel, MD, USA",2021 IEEE International Conference on Robotics and Automation (ICRA),"18 Oct 2021","2021","","","5476","5482","Safe and high-speed navigation is a key enabling capability for real world deployment of robotic systems. A significant limitation of existing approaches is the computational bottleneck associated with explicit mapping and the limited field of view (FOV) of existing sensor technologies. In this paper, we study algorithmic approaches that allow the robot to predict spaces extending beyond the sensor horizon for robust planning at high speeds. We accomplish this using a generative neural network trained from real-world data without requiring human annotated labels. Further, we extend our existing control algorithms to support leveraging the predicted spaces to improve collision-free planning and navigation at high speeds. Our experiments are conducted on a physical robot based on the MIT race car using an RGBD sensor where were able to demonstrate improved performance at 4 m/s compared to a controller not operating on predicted regions of the map.","2577-087X","978-1-7281-9077-8","10.1109/ICRA48506.2021.9561034","","https://ieeexplore.ieee.org/stamp/stamp.jsp?arnumber=9561034","","Automation;Navigation;Conferences;Neural networks;Aerospace electronics;Robot sensing systems;Prediction algorithms","","21","","36","IEEE","18 Oct 2021","30 May-5 June 2021","30 May-5 June 2021","IEEE","IEEE Conferences"
"Dynamics Randomization Revisited: A Case Study for Quadrupedal Locomotion","Z. Xie; X. Da; M. van de Panne; B. Babich; A. Garg",NVIDIA; NVIDIA; University of British Columbia; NVIDIA; NVIDIA,2021 IEEE International Conference on Robotics and Automation (ICRA),"18 Oct 2021","2021","","","4955","4961","Understanding the gap between simulation and reality is critical for reinforcement learning with legged robots, which are largely trained in simulation. However, recent work has resulted in sometimes conflicting conclusions with regard to which factors are important for success, including the role of dynamics randomization. In this paper, we aim to provide clarity and understanding on the role of dynamics randomization in learning robust locomotion policies for the Laikago quadruped robot. Surprisingly, in contrast to prior work with the same robot model, we find that direct sim-to-real transfer is possible without dynamics randomization or on-robot adaptation schemes. We conduct extensive ablation studies in a sim-to-sim setting to understand the key issues underlying successful policy transfer, including other design decisions that can impact policy robustness. We further ground our conclusions via sim-to-real experiments with various gaits, speeds, and stepping frequencies. Additional Details: pair.toronto.edu/understanding-dr/","2577-087X","978-1-7281-9077-8","10.1109/ICRA48506.2021.9560837","","https://ieeexplore.ieee.org/stamp/stamp.jsp?arnumber=9560837","","Legged locomotion;Adaptation models;Automation;Conferences;Reinforcement learning;Robustness","","65","","32","IEEE","18 Oct 2021","30 May-5 June 2021","30 May-5 June 2021","IEEE","IEEE Conferences"
"Learning Multimodal Contact-Rich Skills from Demonstrations Without Reward Engineering","M. V. Balakuntala; U. Kaur; X. Ma; J. Wachs; R. M. Voyles","School of Engineering Technology; School of Engineering Technology; School of Engineering Technology; School of Industrial Engineering, Purdue University, IN, USA; School of Engineering Technology",2021 IEEE International Conference on Robotics and Automation (ICRA),"18 Oct 2021","2021","","","4679","4685","Everyday contact-rich tasks, such as peeling, cleaning, and writing, demand multimodal perception for effective and precise task execution. However, these present a novel challenge to robots as they lack the ability to combine these multimodal stimuli for performing contact-rich tasks. Learning-based methods have attempted to model multi-modal contact-rich tasks, but they often require extensive training examples and task-specific reward functions which limits their practicality and scope. Hence, we propose a generalizable model-free learning-from-demonstration framework for robots to learn contact-rich skills without explicit reward engineering. We present a novel multi-modal sensor data representation which improves the learning performance for contact-rich skills. We performed training and experiments using the real-life Sawyer robot for three everyday contact-rich skills – cleaning, writing, and peeling. Notably, the framework achieves a success rate of 100% for the peeling and writing skill, and 80% for the cleaning skill. Hence, this skill learning framework can be extended for learning other physical manipulation skills.","2577-087X","978-1-7281-9077-8","10.1109/ICRA48506.2021.9561734","Health; ","https://ieeexplore.ieee.org/stamp/stamp.jsp?arnumber=9561734","","Training;Learning systems;Automation;Multimodal sensors;Conferences;Writing;Robot sensing systems","","6","","32","IEEE","18 Oct 2021","30 May-5 June 2021","30 May-5 June 2021","IEEE","IEEE Conferences"
"Order Matters: Generating Progressive Explanations for Planning Tasks in Human-Robot Teaming","M. Zakershahrak; S. R. Marpally; A. Sharma; Z. Gong; Y. Zhang","School of Computing, Informatics and Decision Systems Engineering, Arizona State University, Tempe, AZ; School of Computing, Informatics and Decision Systems Engineering, Arizona State University, Tempe, AZ; School of Computing, Informatics and Decision Systems Engineering, Arizona State University, Tempe, AZ; School of Computing, Informatics and Decision Systems Engineering, Arizona State University, Tempe, AZ; School of Computing, Informatics and Decision Systems Engineering, Arizona State University, Tempe, AZ",2021 IEEE International Conference on Robotics and Automation (ICRA),"18 Oct 2021","2021","","","3751","3757","Prior work on generating explanations in a planning context has focused on providing the rationale behind an AI agent’s decision-making. While these methods offer the right explanations, they fail to heed the cognitive requirement of understanding an explanation from the explainee or human’s perspective. In this work, we set out to address this issue by considering the order for communicating information in an explanation, or the progressiveness of making explanations. Progression is the notion of building complex concepts on simpler ones, which is known to benefit learning. In this work, we investigate a similar effect when an explanation is composed of multiple parts that are communicated sequentially. The challenge here lies in determining the order for receiving different parts of an explanation that would assist in understanding. Given the sequential nature, a formulation based on goal-based MDP is presented. The reward function of this MDP is learned via inverse reinforcement learning based on training data. We evaluated our approach in an escape-room domain to demonstrate its effectiveness. Upon analyzing the results, it revealed that the desired order arises strongly from both domain-dependent and independence features. This result confirmed our expectation that the process of understanding an explanation for planning tasks was progressive and context dependent. We also showed that the explanations generated using the learned rewards achieved better task performance and simultaneously reduced cognitive load. These results shed light on designing explainable robots across various domains.","2577-087X","978-1-7281-9077-8","10.1109/ICRA48506.2021.9561762","","https://ieeexplore.ieee.org/stamp/stamp.jsp?arnumber=9561762","","Automation;Conferences;Decision making;Buildings;Training data;Reinforcement learning;Planning","","9","","30","IEEE","18 Oct 2021","30 May-5 June 2021","30 May-5 June 2021","IEEE","IEEE Conferences"
"Learning from Demonstration for Real-Time User Goal Prediction and Shared Assistive Control","C. Z. Qiao; M. Sakr; K. Muelling; H. Admoni","Department of Mechanical Engineering, The University of British Columbia; Department of Mechanical Engineering, The University of British Columbia; Department of Mechanical Engineering, The University of British Columbia; Robotics Institute, Carnegie Mellon University",2021 IEEE International Conference on Robotics and Automation (ICRA),"18 Oct 2021","2021","","","3270","3275","In shared autonomy, the user input is blended with the assistive motion to accomplish a task where the user goal is typically unknown to the robot. Transparency between the human and robot is essential for effective collaboration. Prior works have provided methods for the robot to infer the user goal; however, they are usually dependent on the distance between the robot and object, which may not be directly associated with the real-time user control intention and thus cause low control feelings. Here, we propose a real-time goal prediction method driven by assistive motion generated by learning from demonstration (LfD) allowing more reactive assistive behaviors. This LfD-generated assistive motion is blended with the user input based on goal predictions to achieve targeted tasks. The LfD policy was learned offline and used with different users. To evaluate our proposed method, we compared it with a state-of-the-art Partially Observable Markov Decision Process (POMDP) based method using a distance cost, and a direct control method (i.e., joystick). A pilot study (N = 6) was conducted to control a 6-DoF Kinova Mico robotic arm to carry out three tasks: (1) reaching-and-grasping, (2) pouring, and (3) object-returning with the three control methods. We used both objective and subjective measures in the comparative study. Results show that our method has the shortest task completion time, the lowest amount of joystick control inputs among all three control methods, as well as a significantly lower angular difference between the user input and assistive motion compared to the POMDP-based method. Besides, it obtains the highest subjective score in the user preference and perceived speed ratings, and the second-highest in the control feeling and the robot did what I wanted ratings.","2577-087X","978-1-7281-9077-8","10.1109/ICRA48506.2021.9560758","","https://ieeexplore.ieee.org/stamp/stamp.jsp?arnumber=9560758","","Costs;Conferences;Process control;Prediction methods;Markov processes;Manipulators;Real-time systems","","23","","24","IEEE","18 Oct 2021","30 May-5 June 2021","30 May-5 June 2021","IEEE","IEEE Conferences"
"Reaching Pruning Locations in a Vine Using a Deep Reinforcement Learning Policy","F. Yandun; T. Parhar; A. Silwal; D. Clifford; Z. Yuan; G. Levine; S. Yaroshenko; G. Kantor","Robotics Institute, Carnegie Mellon University, Pittsburgh, PA, USA; Robotics Institute, Carnegie Mellon University, Pittsburgh, PA, USA; Robotics Institute, Carnegie Mellon University, Pittsburgh, PA, USA; Mineral, X - The Moonshot Factory, Mountain View, CA, USA; Mineral, X - The Moonshot Factory, Mountain View, CA, USA; Mineral, X - The Moonshot Factory, Mountain View, CA, USA; Mineral, X - The Moonshot Factory, Mountain View, CA, USA; Robotics Institute, Carnegie Mellon University, Pittsburgh, PA, USA",2021 IEEE International Conference on Robotics and Automation (ICRA),"18 Oct 2021","2021","","","2400","2406","We outline a neural network-based pipeline for perception, control and planning of a 7 DoF robot for tasks that involve reaching into a dormant grapevine canopy. The proposed system consists of a 6 DoF industrial robot arm and a linear slider that can actuate on an entire grape vine. Our approach uses Convolutional Neural Networks to detect buds in dormant grape vines and a Reinforcement Learning based control strategy to reach desired cut-point locations for pruning tasks. Within this framework, three methodologies are developed and compared to reach the desired locations: the learned policy-based approach (RL), a hybrid method that uses the learned policy and an inverse kinematics solver (RL+IK), and lastly a classical approach commonly used in robotics. We first tested and validated the suitability of the proposed learning methodology in a simulated environment that resembled laboratory conditions. A reaching accuracy of up to 61.90% and 85.71% for the RL and RL+IK approaches respectively was obtained for a vine that the agent observed while learning. When testing in a new vine, the accuracy was up to 66.66% and 76.19% for RL and RL+IK, respectively. The same methods were then deployed on a real system in an end to end procedure: autonomously scan the vine using a vision system, create its model and finally use the learned policy to reach cutting points. The reaching accuracy obtained in these tests was 73.08%.","2577-087X","978-1-7281-9077-8","10.1109/ICRA48506.2021.9562075","","https://ieeexplore.ieee.org/stamp/stamp.jsp?arnumber=9562075","","Training;Service robots;Pipelines;Laboratories;Reinforcement learning;Robot sensing systems;End effectors","","14","","38","IEEE","18 Oct 2021","30 May-5 June 2021","30 May-5 June 2021","IEEE","IEEE Conferences"
"Detect, Reject, Correct: Crossmodal Compensation of Corrupted Sensors","M. A. Lee; M. Tan; Y. Zhu; J. Bohg","Stanford University; Stanford University; The University of Texas, Austin; Stanford University",2021 IEEE International Conference on Robotics and Automation (ICRA),"18 Oct 2021","2021","","","909","916","Using sensor data from multiple modalities presents an opportunity to encode redundant and complementary features that can be useful when one modality is corrupted or noisy. Humans do this everyday, relying on touch and proprioceptive feedback in visually-challenging environments. However, robots might not always know when their sensors are corrupted, as even broken sensors can return valid values. In this work, we introduce the Crossmodal Compensation Model (CCM), which can detect corrupted sensor modalities and compensate for them. CMM is a representation model learned with self-supervision that leverages unimodal reconstruction loss for corruption detection. CCM then discards the corrupted modality and compensates for it with information from the remaining sensors. We show that CCM learns rich state representations that can be used for manipulation policies learned with reinforcement learning, even when input modalities are corrupted during policy rollout in ways not seen during training.","2577-087X","978-1-7281-9077-8","10.1109/ICRA48506.2021.9561847","","https://ieeexplore.ieee.org/stamp/stamp.jsp?arnumber=9561847","","Training;Analytical models;Automation;Conferences;Reinforcement learning;Robot sensing systems;Hardware","","19","","40","IEEE","18 Oct 2021","30 May-5 June 2021","30 May-5 June 2021","IEEE","IEEE Conferences"
"Robotic Grasping of Fully-Occluded Objects using RF Perception","T. Boroushaki; J. Leng; I. Clester; A. Rodriguez; F. Adib",Massachusetts Institute of Technology; Massachusetts Institute of Technology; Massachusetts Institute of Technology; Massachusetts Institute of Technology; Massachusetts Institute of Technology,2021 IEEE International Conference on Robotics and Automation (ICRA),"18 Oct 2021","2021","","","923","929","We present the design, implementation, and evaluation of RF-Grasp, a robotic system that can grasp fully-occluded objects in unknown and unstructured environments. Unlike prior systems that are constrained by the line-of-sight perception of vision and infrared sensors, RF-Grasp employs RF (Radio Frequency) perception to identify and locate target objects through occlusions, and perform efficient exploration and complex manipulation tasks in non-line-of-sight settings.RF-Grasp relies on an eye-in-hand camera and batteryless RFID tags attached to objects of interest. It introduces two main innovations: (1) an RF-visual servoing controller that uses the RFID’s location to selectively explore the environment and plan an efficient trajectory toward an occluded target, and (2) an RF-visual deep reinforcement learning network that can learn and execute efficient, complex policies for decluttering and grasping.We implemented and evaluated an end-to-end physical prototype of RF-Grasp. We demonstrate it improves success rate and efficiency by up to 40-50% over a state-of-the-art baseline. We also demonstrate RF-Grasp in novel tasks such mechanical search of fully-occluded objects behind obstacles, opening up new possibilities for robotic manipulation. Qualitative results (videos) available at rfgrasp.media.mit.edu","2577-087X","978-1-7281-9077-8","10.1109/ICRA48506.2021.9560956","","https://ieeexplore.ieee.org/stamp/stamp.jsp?arnumber=9560956","","Radio frequency;Technological innovation;Prototypes;Reinforcement learning;Search problems;Robot sensing systems;Trajectory","","30","","47","IEEE","18 Oct 2021","30 May-5 June 2021","30 May-5 June 2021","IEEE","IEEE Conferences"
"Adaptive Failure Search Using Critical States from Domain Experts","P. Du; K. Driggs-Campbell","Department of Electrical and Computer Engineering, University of Illinois, Urbana-Champaign; Department of Electrical and Computer Engineering, University of Illinois, Urbana-Champaign",2021 IEEE International Conference on Robotics and Automation (ICRA),"18 Oct 2021","2021","","","38","44","Uncovering potential failure cases is a crucial step in the validation of safety critical systems such as autonomous vehicles. Failure search may be done through logging substantial vehicle miles in either simulation or real world testing. Due to the sparsity of failure events, naive random search approaches require significant amounts of vehicle operation hours to find potential system weaknesses. As a result, adaptive searching techniques have been proposed to efficiently explore and uncover failure trajectories of an autonomous policy in simulation. Adaptive Stress Testing (AST) is one such method that poses the problem of failure search as a Markov decision process and uses reinforcement learning techniques to find high probability failures. However, this formulation requires a probability model for the actions of all agents in the environment. In systems where the environment actions are discrete and dependencies among agents exist, it may be infeasible to fully characterize the distribution or find a suitable proxy. This work proposes the use of a data driven approach to learn a suitable classifier that tries to model how humans identify critical states and use this to guide failure search in AST. We show that the incorporation of critical states into the AST framework generates failure scenarios with increased safety violations in an autonomous driving policy with a discrete action space.","2577-087X","978-1-7281-9077-8","10.1109/ICRA48506.2021.9561477","","https://ieeexplore.ieee.org/stamp/stamp.jsp?arnumber=9561477","","Adaptation models;Neural networks;Reinforcement learning;Search problems;Trajectory;Safety;Task analysis","","3","","23","IEEE","18 Oct 2021","30 May-5 June 2021","30 May-5 June 2021","IEEE","IEEE Conferences"
"Policy Transfer via Kinematic Domain Randomization and Adaptation","I. Exarchos; Y. Jiang; W. Yu; C. Karen Liu","Department of Computer Science, Stanford University, Stanford, CA; Department of Computer Science, Stanford University, Stanford, CA; Robotics at Google, Mountain View, CA; Department of Computer Science, Stanford University, Stanford, CA",2021 IEEE International Conference on Robotics and Automation (ICRA),"18 Oct 2021","2021","","","45","51","Transferring reinforcement learning policies trained in physics simulation to the real hardware remains a challenge, known as the ""sim-to-real"" gap. Domain randomization is a simple yet effective technique to address dynamics discrepancies across source and target domains, but its success generally depends on heuristics and trial-and-error. In this work we investigate the impact of randomized parameter selection on policy transferability across different types of domain discrepancies. Contrary to common practice in which kinematic parameters are carefully measured while dynamic parameters are randomized, we found that virtually randomizing kinematic parameters (e.g., link lengths) during training in simulation generally outperforms dynamic randomization. Based on this finding, we introduce a new domain adaptation algorithm that utilizes simulated kinematic parameters variation. Our algorithm, Multi-Policy Bayesian Optimization, trains an ensemble of universal policies conditioned on virtual kinematic parameters and efficiently adapts to the target environment using a limited number of target domain rollouts. We showcase our findings on a simulated quadruped robot in five different target environments covering different aspects of domain discrepancies.","2577-087X","978-1-7281-9077-8","10.1109/ICRA48506.2021.9561982","","https://ieeexplore.ieee.org/stamp/stamp.jsp?arnumber=9561982","","Training;Heuristic algorithms;Conferences;Kinematics;Reinforcement learning;Length measurement;Hardware","","25","","25","IEEE","18 Oct 2021","30 May-5 June 2021","30 May-5 June 2021","IEEE","IEEE Conferences"
"Shaping Rewards for Reinforcement Learning with Imperfect Demonstrations using Generative Models","Y. Wu; M. Mozifian; F. Shkurti","Division of Engineering Science, University of Toronto Robotics Institute; Montreal Institute of Learning Algorithms (MILA); Division of Engineering Science, University of Toronto Robotics Institute",2021 IEEE International Conference on Robotics and Automation (ICRA),"18 Oct 2021","2021","","","6628","6634","The potential benefits of model-free reinforcement learning to real robotics systems are limited by its uninformed exploration that leads to slow convergence, lack of data-efficiency, and unnecessary interactions with the environment. To address these drawbacks we propose a method that combines reinforcement and imitation learning by shaping the reward function with a state-and-action-dependent potential that is trained from demonstration data, using a generative model. We show that this accelerates policy learning by specifying high-value areas of the state and action space that are worth exploring first. Unlike the majority of existing methods that assume optimal demonstrations and incorporate the demonstration data as hard constraints on policy optimization, we instead incorporate demonstration data as advice in the form of a reward shaping potential trained as a generative model of states and actions. In particular, we examine both normalizing flows and Generative Adversarial Networks to represent these potentials. We show that, unlike many existing approaches that incorporate demonstrations as hard constraints, our approach is unbiased even in the case of suboptimal and noisy demonstrations. We present an extensive range of simulations, as well as experiments on the Franka Emika 7DOF arm, to demonstrate the practicality of our method.","2577-087X","978-1-7281-9077-8","10.1109/ICRA48506.2021.9561333","","https://ieeexplore.ieee.org/stamp/stamp.jsp?arnumber=9561333","","Automation;Conferences;Cloning;Reinforcement learning;Generative adversarial networks;Manipulators;Data models","","11","","43","IEEE","18 Oct 2021","30 May-5 June 2021","30 May-5 June 2021","IEEE","IEEE Conferences"
"DisCo RL: Distribution-Conditioned Reinforcement Learning for General-Purpose Policies","S. Nasiriany; V. H. Pong; A. Nair; A. Khazatsky; G. Berseth; S. Levine","University of California, Berkeley; University of California, Berkeley; University of California, Berkeley; University of California, Berkeley; University of California, Berkeley; University of California, Berkeley",2021 IEEE International Conference on Robotics and Automation (ICRA),"18 Oct 2021","2021","","","6635","6641","Can we use reinforcement learning to learn general-purpose policies that can perform a wide range of different tasks, resulting in flexible and reusable skills? Contextual policies provide this capability in principle, but the representation of the context determines the degree of generalization and expressivity. Categorical contexts preclude generalization to entirely new tasks. Goal-conditioned policies may enable some generalization, but cannot capture all tasks that might be desired. In this paper, we propose goal distributions as a general and broadly applicable task representation suitable for contextual policies. Goal distributions are general in the sense that they can represent any state-based reward function when equipped with an appropriate distribution class, while the particular choice of distribution class allows us to trade off expressivity and learnability. We develop an off-policy algorithm called distribution-conditioned reinforcement learning (DisCo RL) to efficiently learn these policies. We evaluate DisCo RL on a variety of robot manipulation tasks and find that it significantly outperforms prior methods on tasks that require generalization to new goal distributions.","2577-087X","978-1-7281-9077-8","10.1109/ICRA48506.2021.9561402","Office of Naval Research; National Science Foundation; ","https://ieeexplore.ieee.org/stamp/stamp.jsp?arnumber=9561402","","Automation;Conferences;Reinforcement learning;Task analysis;Robots","","4","","45","IEEE","18 Oct 2021","30 May-5 June 2021","30 May-5 June 2021","IEEE","IEEE Conferences"
"LASER: Learning a Latent Action Space for Efficient Reinforcement Learning","A. Allshire; R. Martín-Martín; C. Lin; S. Manuel; S. Savarese; A. Garg","Vector Institute, University of Toronto; Stanford University; Stanford University; Stanford University; Stanford University; Vector Institute, University of Toronto",2021 IEEE International Conference on Robotics and Automation (ICRA),"18 Oct 2021","2021","","","6650","6656","The process of learning a manipulation task depends strongly on the action space used for exploration: posed in the incorrect action space, solving a task with reinforcement learning can be drastically inefficient. Additionally, similar tasks or instances of the same task family impose latent manifold constraints on the most effective action space: the task family can be best solved with actions in a manifold of the entire action space of the robot. Combining these insights we present LASER, a method to learn latent action spaces for efficient reinforcement learning. LASER factorizes the learning problem into two sub-problems, namely action space learning and policy learning in the new action space. It leverages data from similar manipulation task instances, either from an offline expert or online during policy learning, and learns from these trajectories a mapping from the original to a latent action space. LASER is trained as a variational encoder-decoder model to map raw actions into a disentangled latent action space while maintaining action reconstruction and latent space dynamic consistency. We evaluate LASER on two contact-rich robotic tasks in simulation, and analyze the benefit of policy learning in the generated latent action space. We show improved sample efficiency compared to the original action space from better alignment of the action space to the task space, as we observe with visualizations of the learned action space manifold. Additional details: pair.toronto.edu/laser","2577-087X","978-1-7281-9077-8","10.1109/ICRA48506.2021.9561232","","https://ieeexplore.ieee.org/stamp/stamp.jsp?arnumber=9561232","","Manifolds;Training;Reinforcement learning;Transforms;Laser modes;Laser ablation;Space exploration","","37","","36","IEEE","18 Oct 2021","30 May-5 June 2021","30 May-5 June 2021","IEEE","IEEE Conferences"
"Deep Affordance Foresight: Planning Through What Can Be Done in the Future","D. Xu; A. Mandlekar; R. Martín-Martín; Y. Zhu; S. Savarese; L. Fei-Fei","Stanford Vision and Learning Lab; Stanford Vision and Learning Lab; Stanford Vision and Learning Lab; The University of Texas, Austin; Stanford Vision and Learning Lab; Stanford Vision and Learning Lab",2021 IEEE International Conference on Robotics and Automation (ICRA),"18 Oct 2021","2021","","","6206","6213","Planning in realistic environments requires searching in large planning spaces. Affordances are a powerful concept to simplify this search, because they model what actions can be successful in a given situation. However, the classical notion of affordance is not suitable for long horizon planning because it only informs the robot about the immediate outcome of actions instead of what actions are best for achieving a long-term goal. In this paper, we introduce a new affordance representation that enables the robot to reason about the longterm effects of actions through modeling what actions are afforded in the future. Based on the new representation, we develop a learning-to-plan method, Deep Affordance Foresight (DAF), that learns partial environment models of affordances of parameterized motor skills through trial-and-error. We evaluate DAF on two challenging manipulation domains and show that it can effectively learn to carry out multi-step tasks, share learned affordance representations among different tasks, and learn to plan with high-dimensional image inputs.","2577-087X","978-1-7281-9077-8","10.1109/ICRA48506.2021.9560841","","https://ieeexplore.ieee.org/stamp/stamp.jsp?arnumber=9560841","","Adaptation models;Automation;Affordances;Conferences;Planning;Task analysis;Robots","","37","","50","IEEE","18 Oct 2021","30 May-5 June 2021","30 May-5 June 2021","IEEE","IEEE Conferences"
"Learning Dense Rewards for Contact-Rich Manipulation Tasks","Z. Wu; W. Lian; V. Unhelkar; M. Tomizuka; S. Schaal","X, the Moonshot Factory, Mountain View, CA, USA; X, the Moonshot Factory, Mountain View, CA, USA; Rice University, Houston, TX, USA; University of California, Berkeley, Berkeley, CA, USA; X, the Moonshot Factory, Mountain View, CA, USA",2021 IEEE International Conference on Robotics and Automation (ICRA),"18 Oct 2021","2021","","","6214","6221","Rewards play a crucial role in reinforcement learning. To arrive at the desired policy, the design of a suitable reward function often requires significant domain expertise as well as trial-and-error. Here, we aim to minimize the effort involved in designing reward functions for contact-rich manipulation tasks. In particular, we provide an approach capable of extracting dense reward functions algorithmically from robots’ high-dimensional observations, such as images and tactile feedback. In contrast to state-of-the-art high-dimensional reward learning methodologies, our approach does not leverage adversarial training, and is thus less prone to the associated training instabilities. Instead, our approach learns rewards by estimating task progress in a self-supervised manner. We demonstrate the effectiveness and efficiency of our approach on two contact-rich manipulation tasks, namely, peg-in-hole and USB insertion. The experimental results indicate that the policies trained with the learned reward function achieves better performance and faster convergence compared to the baselines.","2577-087X","978-1-7281-9077-8","10.1109/ICRA48506.2021.9561891","","https://ieeexplore.ieee.org/stamp/stamp.jsp?arnumber=9561891","","Training;Automation;Conferences;Tactile sensors;Reinforcement learning;Universal Serial Bus;Task analysis","","21","","49","IEEE","18 Oct 2021","30 May-5 June 2021","30 May-5 June 2021","IEEE","IEEE Conferences"
"DWA-RL: Dynamically Feasible Deep Reinforcement Learning Policy for Robot Navigation among Mobile Obstacles","U. Patel; N. K. S. Kumar; A. J. Sathyamoorthy; D. Manocha","Dept. of Computer Science, University of Maryland, College Park, MD, USA; Dept. of Computer Science, University of Maryland, College Park, MD, USA; Dept. of Electrical and Computer Engineering, University of Maryland, College Park, MD, USA; Dept. of Computer Science, University of Maryland, College Park, MD, USA",2021 IEEE International Conference on Robotics and Automation (ICRA),"18 Oct 2021","2021","","","6057","6063","We present a novel Deep Reinforcement Learning (DRL) based policy to compute dynamically feasible and spatially aware velocities for a robot navigating among mobile obstacles. Our approach combines the benefits of the Dynamic Window Approach (DWA) in terms of satisfying the robot’s dynamics constraints with state-of-the-art DRL-based navigation methods that can handle moving obstacles and pedestrians well. Our formulation achieves these goals by embedding the environmental obstacles’ motions in a novel low-dimensional observation space. It also uses a novel reward function to positively reinforce velocities that move the robot away from the obstacle’s heading direction leading to significantly lower number of collisions. We evaluate our method in realistic 3-D simulated environments and on a real differential drive robot in challenging dense indoor scenarios with several walking pedestrians. We compare our method with state-of-the-art collision avoidance methods and observe significant improvements in terms of success rate (up to 33% increase), number of dynamics constraint violations (up to 61% decrease), and smoothness. We also conduct ablation studies to highlight the advantages of our observation space formulation, and reward structure.","2577-087X","978-1-7281-9077-8","10.1109/ICRA48506.2021.9561462","","https://ieeexplore.ieee.org/stamp/stamp.jsp?arnumber=9561462","","Legged locomotion;Automation;Navigation;Conferences;Dynamics;Reinforcement learning;Collision avoidance","","81","","27","IEEE","18 Oct 2021","30 May-5 June 2021","30 May-5 June 2021","IEEE","IEEE Conferences"
"Reinforcement Learning for Autonomous Driving with Latent State Inference and Spatial-Temporal Relationships","X. Ma; J. Li; M. J. Kochenderfer; D. Isele; K. Fujimura","Honda Research Institute, US; Honda Research Institute, US; Stanford University; Honda Research Institute, US; Honda Research Institute, US",2021 IEEE International Conference on Robotics and Automation (ICRA),"18 Oct 2021","2021","","","6064","6071","Deep reinforcement learning (DRL) provides a promising way for learning navigation in complex autonomous driving scenarios. However, identifying the subtle cues that can indicate drastically different outcomes remains an open problem with designing autonomous systems that operate in human environments. In this work, we show that explicitly inferring the latent state and encoding spatial-temporal relationships in a reinforcement learning framework can help address this difficulty. We encode prior knowledge on the latent states of other drivers through a framework that combines the reinforcement learner with a supervised learner. In addition, we model the influence passing between different vehicles through graph neural networks (GNNs). The proposed framework significantly improves performance in the context of navigating T-intersections compared with state-of-the-art baseline approaches.","2577-087X","978-1-7281-9077-8","10.1109/ICRA48506.2021.9562006","","https://ieeexplore.ieee.org/stamp/stamp.jsp?arnumber=9562006","","Training;Space vehicles;Couplings;Navigation;Supervised learning;Reinforcement learning;Graph neural networks","","56","","42","IEEE","18 Oct 2021","30 May-5 June 2021","30 May-5 June 2021","IEEE","IEEE Conferences"
"Zero-Shot Reinforcement Learning on Graphs for Autonomous Exploration Under Uncertainty","F. Chen; P. Szenher; Y. Huang; J. Wang; T. Shan; S. Bai; B. Englot","Department of Mechanical Engineering, Stevens Institute of Technology, USA; Department of Mechanical Engineering, Stevens Institute of Technology, USA; Department of Mechanical Engineering, Stevens Institute of Technology, USA; Department of Mechanical Engineering, Stevens Institute of Technology, USA; Computer Science & Artificial Intelligence Laboratory, Massachusetts Institute of Technology, USA; Wing, Alphabet Inc.; Department of Mechanical Engineering, Stevens Institute of Technology, USA",2021 IEEE International Conference on Robotics and Automation (ICRA),"18 Oct 2021","2021","","","5193","5199","This paper studies the problem of autonomous exploration under localization uncertainty for a mobile robot with 3D range sensing. We present a framework for self-learning a high-performance exploration policy in a single simulation environment, and transferring it to other environments, which may be physical or virtual. Recent work in transfer learning achieves encouraging performance by domain adaptation and domain randomization to expose an agent to scenarios that fill the inherent gaps in sim2sim and sim2real approaches. However, it is inefficient to train an agent in environments with randomized conditions to learn the important features of its current state. An agent can use domain knowledge provided by human experts to learn efficiently. We propose a novel approach that uses graph neural networks in conjunction with deep reinforcement learning, enabling decision-making over graphs containing relevant exploration information provided by human experts to predict a robot's optimal sensing action in belief space. The policy, which is trained only in a single simulation environment, offers a real-time, scalable, and transferable decision-making strategy, resulting in zero-shot transfer to other simulation environments and even real-world environments.","2577-087X","978-1-7281-9077-8","10.1109/ICRA48506.2021.9561917","National Science Foundation; ","https://ieeexplore.ieee.org/stamp/stamp.jsp?arnumber=9561917","","Training;Uncertainty;Three-dimensional displays;Transfer learning;Decision making;Virtual environments;Reinforcement learning","","18","","34","IEEE","18 Oct 2021","30 May-5 June 2021","30 May-5 June 2021","IEEE","IEEE Conferences"
"Learning Human Objectives from Sequences of Physical Corrections","M. Li; A. Canberk; D. P. Losey; D. Sadigh","Dept of Computer Science, Intelligent and Interactive Autonomous Systems Group (ILIAD), Stanford University, Stanford, CA; Dept of Computer Science, Intelligent and Interactive Autonomous Systems Group (ILIAD), Stanford University, Stanford, CA; Collaborative Robotics Lab (Collab), Virginia Tech; Dept of Computer Science, Intelligent and Interactive Autonomous Systems Group (ILIAD), Stanford University, Stanford, CA",2021 IEEE International Conference on Robotics and Automation (ICRA),"18 Oct 2021","2021","","","2877","2883","When personal, assistive, and interactive robots make mistakes, humans naturally and intuitively correct those mistakes through physical interaction. In simple situations, one correction is sufficient to convey what the human wants. But when humans are working with multiple robots or the robot is performing an intricate task often the human must make several corrections to fix the robot’s behavior. Prior research assumes each of these physical corrections are independent events, and learns from them one-at-a-time. However, this misses out on crucial information: each of these interactions are interconnected, and may only make sense if viewed together. Alternatively, other work reasons over the final trajectory produced by all of the human’s corrections. But this method must wait until the end of the task to learn from corrections, as opposed to inferring from the corrections in an online fashion. In this paper we formalize an approach for learning from sequences of physical corrections during the current task. To do this we introduce an auxiliary reward that captures the human’s trade-off between making corrections which improve the robot’s immediate reward and long-term performance. We evaluate the resulting algorithm in remote and in-person human-robot experiments, and compare to both independent and final baselines. Our results indicate that users are best able to convey their objective when the robot reasons over their sequence of corrections.","2577-087X","978-1-7281-9077-8","10.1109/ICRA48506.2021.9560829","","https://ieeexplore.ieee.org/stamp/stamp.jsp?arnumber=9560829","","Automation;Conferences;Human-robot interaction;Programming;Robot sensing systems;Trajectory;Task analysis","","21","","28","IEEE","18 Oct 2021","30 May-5 June 2021","30 May-5 June 2021","IEEE","IEEE Conferences"
"SimGAN: Hybrid Simulator Identification for Domain Adaptation via Adversarial Reinforcement Learning","Y. Jiang; T. Zhang; D. Ho; Y. Bai; C. K. Liu; S. Levine; J. Tan","Robotics at Google, Mountain View, CA, USA; Robotics at Google, Mountain View, CA, USA; Everyday Robots, X The Moonshot Factory, Mountain View, CA, USA; Everyday Robots, X The Moonshot Factory, Mountain View, CA, USA; Computer Science Department, Stanford University, Stanford, CA, USA; Robotics at Google, Mountain View, CA, USA; Robotics at Google, Mountain View, CA, USA",2021 IEEE International Conference on Robotics and Automation (ICRA),"18 Oct 2021","2021","","","2884","2890","As learning-based approaches progress towards automating robot controllers design, transferring learned policies to new domains with different dynamics (e.g. sim-to-real transfer) still demands manual effort. This paper introduces SimGAN, a framework to tackle domain adaptation by identifying a hybrid physics simulator to match the simulated trajectories to the ones from the target domain, using a learned discriminative loss to address the limitations associated with manual loss design. Our hybrid simulator combines neural networks and traditional physics simulation to balance expressiveness and generalizability, and alleviates the need for a carefully selected parameter set in System ID. Once the hybrid simulator is identified via adversarial reinforcement learning, it can be used to refine policies for the target domain, without the need to interleave data collection and policy refinement. We show that our approach outperforms multiple strong baselines on six robotic locomotion tasks for domain adaptation.","2577-087X","978-1-7281-9077-8","10.1109/ICRA48506.2021.9561731","","https://ieeexplore.ieee.org/stamp/stamp.jsp?arnumber=9561731","","Conferences;Neural networks;Reinforcement learning;Manuals;Data collection;Data models;Trajectory","","42","","46","IEEE","18 Oct 2021","30 May-5 June 2021","30 May-5 June 2021","IEEE","IEEE Conferences"
"ARC-LfD: Using Augmented Reality for Interactive Long-Term Robot Skill Maintenance via Constrained Learning from Demonstration","M. B. Luebbers; C. Brooks; C. L. Mueller; D. Szafir; B. Hayes","Computer Science Department, College of Engineering and Applied Science, University of Colorado Boulder, Boulder, Colorado, USA; Computer Science Department, College of Engineering and Applied Science, University of Colorado Boulder, Boulder, Colorado, USA; Computer Science Department, College of Engineering and Applied Science, University of Colorado Boulder, Boulder, Colorado, USA; Computer Science Department, College of Engineering and Applied Science, University of Colorado Boulder, Boulder, Colorado, USA; Computer Science Department, College of Engineering and Applied Science, University of Colorado Boulder, Boulder, Colorado, USA",2021 IEEE International Conference on Robotics and Automation (ICRA),"18 Oct 2021","2021","","","3794","3800","Learning from Demonstration (LfD) enables novice users to teach robots new skills. However, many LfD methods do not facilitate skill maintenance and adaptation. Changes in task requirements or in the environment often reveal the lack of resiliency and adaptability in the skill model. To overcome these limitations, we introduce ARC-LfD: an Augmented Reality (AR) interface for constrained Learning from Demonstration that allows users to maintain, update, and adapt learned skills. This is accomplished through in-situ visualizations of learned skills and constraint-based editing of existing skills without requiring further demonstration. We describe the existing algorithmic basis for this system as well as our Augmented Reality interface and the novel capabilities it provides. Finally, we provide three case studies that demonstrate how ARC-LfD enables users to adapt to changes in the environment or task which require a skill to be altered after initial teaching has taken place.","2577-087X","978-1-7281-9077-8","10.1109/ICRA48506.2021.9561844","","https://ieeexplore.ieee.org/stamp/stamp.jsp?arnumber=9561844","","Training;Visualization;Automation;Conferences;Maintenance engineering;Trajectory;Task analysis","","37","","30","IEEE","18 Oct 2021","30 May-5 June 2021","30 May-5 June 2021","IEEE","IEEE Conferences"
"Decentralized Structural-RNN for Robot Crowd Navigation with Deep Reinforcement Learning","S. Liu; P. Chang; W. Liang; N. Chakraborty; K. Driggs-Campbell","Department of Electrical and Computer Engineering, University of Illinois, Urbana-Champaign; Department of Electrical and Computer Engineering, University of Illinois, Urbana-Champaign; Department of Electrical and Computer Engineering, University of Illinois, Urbana-Champaign; Department of Electrical and Computer Engineering, University of Illinois, Urbana-Champaign; Department of Electrical and Computer Engineering, University of Illinois, Urbana-Champaign",2021 IEEE International Conference on Robotics and Automation (ICRA),"18 Oct 2021","2021","","","3517","3524","Safe and efficient navigation through human crowds is an essential capability for mobile robots. Previous work on robot crowd navigation assumes that the dynamics of all agents are known and well-defined. In addition, the performance of previous methods deteriorates in partially observable environments and environments with dense crowds. To tackle these problems, we propose decentralized structural-Recurrent Neural Network (DS-RNN), a novel network that reasons about spatial and temporal relationships for robot decision making in crowd navigation. We train our network with model-free deep reinforcement learning without any expert supervision. We demonstrate that our model outperforms previous methods in challenging crowd navigation scenarios. We successfully transfer the policy learned in the simulator to a real-world TurtleBot 2i.","2577-087X","978-1-7281-9077-8","10.1109/ICRA48506.2021.9561595","","https://ieeexplore.ieee.org/stamp/stamp.jsp?arnumber=9561595","","Automation;Navigation;Conferences;Neural networks;Decision making;Reinforcement learning;Mobile robots","","121","","49","IEEE","18 Oct 2021","30 May-5 June 2021","30 May-5 June 2021","IEEE","IEEE Conferences"
"LBGP: Learning Based Goal Planning for Autonomous Following in Front","P. Nikdel; R. Vaughan; M. Chen","School of Computing Science, Simon Fraser University, Canada; School of Computing Science, Simon Fraser University, Canada; School of Computing Science, Simon Fraser University, Canada",2021 IEEE International Conference on Robotics and Automation (ICRA),"18 Oct 2021","2021","","","3140","3146","This paper investigates a hybrid solution which combines deep reinforcement learning (RL) and classical trajectory planning for the ""following in front"" application. Here, an autonomous robot aims to stay ahead of a person as the person freely walks around. Following in front is a challenging problem as the user’s intended trajectory is unknown and needs to be estimated, explicitly or implicitly, by the robot. In addition, the robot needs to find a feasible way to safely navigate ahead of human trajectory. Our deep RL module makes decisions at a high level by implicitly estimates the human trajectory and produces short-term navigational goals to guide the robot. These goals are used by a trajectory planner, which is responsible for low-level execution, to smoothly navigate the robot to the short-term goals, and eventually in front of the user. We employ curriculum learning in the deep RL module to efficiently achieve a high return. Our system outperforms the state-of-the-art in following ahead and is more reliable compared to end-to-end alternatives in both the simulation and real world experiments. In contrast to a pure deep RL approach, we demonstrate zero-shot transfer of the trained policy from simulation to the real world.","2577-087X","978-1-7281-9077-8","10.1109/ICRA48506.2021.9560914","","https://ieeexplore.ieee.org/stamp/stamp.jsp?arnumber=9560914","","Automation;Navigation;Trajectory planning;Conferences;Reinforcement learning;Trajectory;Planning","","15","","27","IEEE","18 Oct 2021","30 May-5 June 2021","30 May-5 June 2021","IEEE","IEEE Conferences"
"I Know What You Meant: Learning Human Objectives by (Under)estimating Their Choice Set","A. Jonnavittula; D. P. Losey","Dept. of Mechanical Engineering, Collaborative Robotics Lab (Collab), Virginia Tech, Blacksburg, VA; Dept. of Mechanical Engineering, Collaborative Robotics Lab (Collab), Virginia Tech, Blacksburg, VA",2021 IEEE International Conference on Robotics and Automation (ICRA),"18 Oct 2021","2021","","","2747","2753","Assistive robots have the potential to help people perform everyday tasks. However, these robots first need to learn what it is their user wants them to do. Teaching assistive robots is hard for inexperienced users, elderly users, and users living with physical disabilities, since often these individuals are unable to show the robot their desired behavior. We know that inclusive learners should give human teachers credit for what they cannot demonstrate. But today’s robots do the opposite: they assume every user is capable of providing any demonstration. As a result, these robots learn to mimic the demonstrated behavior, even when that behavior is not what the human really meant! Here we propose a different approach to reward learning: robots that reason about the user’s demonstrations in the context of similar or simpler alternatives. Unlike prior works — which err towards overestimating the human’s capabilities — here we err towards underestimating what the human can input (i.e., their choice set). Our theoretical analysis proves that underestimating the human’s choice set is riskaverse, with better worst-case performance than overestimating. We formalize three properties to generate similar and simpler alternatives. Across simulations and a user study, our resulting algorithm better extrapolates the human’s objective. See the user study here: https://youtu.be/RgbH2YULVRo.","2577-087X","978-1-7281-9077-8","10.1109/ICRA48506.2021.9562048","","https://ieeexplore.ieee.org/stamp/stamp.jsp?arnumber=9562048","","Automation;Conferences;Senior citizens;Education;Task analysis;Robots;Tuning","","13","","34","IEEE","18 Oct 2021","30 May-5 June 2021","30 May-5 June 2021","IEEE","IEEE Conferences"
"When Shall I Be Empathetic? The Utility of Empathetic Parameter Estimation in Multi-Agent Interactions","Y. Chen; L. Zhang; T. Merry; S. Amatya; W. Zhang; Y. Ren","Department of Mechanical and Aerospace Engineering, Arizona State University, Tempe, AZ, USA; Department of Mechanical and Aerospace Engineering, Arizona State University, Tempe, AZ, USA; Department of Mechanical and Aerospace Engineering, Arizona State University, Tempe, AZ, USA; The Polytechnic School, Ira A. Fulton Schools of Engineering, Arizona State University, Mesa, AZ, USA; The Polytechnic School, Ira A. Fulton Schools of Engineering, Arizona State University, Mesa, AZ, USA; Department of Mechanical and Aerospace Engineering, Arizona State University, Tempe, AZ, USA",2021 IEEE International Conference on Robotics and Automation (ICRA),"18 Oct 2021","2021","","","2761","2767","Human-robot interactions (HRI) can be modeled as differential games with incomplete information, where each agent holds private reward parameters. Due to the open challenge in finding perfect Bayesian equilibria of such games, existing studies often decouple the belief and physical dynamics by iterating between belief update and motion planning. Importantly, the robot’s reward parameters are often assumed to be known to the humans, in order to simplify the computation. We show in this paper that under this simplification, the robot performs non-empathetic belief update about the humans’ parameters, which causes high safety risks in uncontrolled intersection scenarios. In contrast, we propose a model for empathetic belief update, where the agent updates the joint probabilities of all agents’ parameter combinations. The update uses a neural network that approximates the Nash equilibrial action-values of agents. We compare empathetic and non-empathetic belief update methods on a two-vehicle uncontrolled intersection case with short reaction time. Results show that when both agents are unknowingly aggressive (or non-aggressive), empathy is necessary for avoiding collisions when agents have false believes about each others’ parameters. This paper demonstrates the importance of acknowledging the incomplete-information nature of HRI.","2577-087X","978-1-7281-9077-8","10.1109/ICRA48506.2021.9561079","National Science Foundation; ","https://ieeexplore.ieee.org/stamp/stamp.jsp?arnumber=9561079","","Uncertainty;Parameter estimation;System dynamics;Neural networks;Human-robot interaction;Differential games;Planning","","8","","19","IEEE","18 Oct 2021","30 May-5 June 2021","30 May-5 June 2021","IEEE","IEEE Conferences"
"Stabilizing Neural Control Using Self-Learned Almost Lyapunov Critics","Y. -C. Chang; S. Gao","Department of Computer Science and Engineering, UC, San Diego, USA; Department of Computer Science and Engineering, UC, San Diego, USA",2021 IEEE International Conference on Robotics and Automation (ICRA),"18 Oct 2021","2021","","","1803","1809","The lack of stability guarantee restricts the practical use of learning-based methods in core control problems in robotics. We develop new methods for learning neural control policies and neural Lyapunov critic functions in the modelfree reinforcement learning (RL) setting. We use sample-based approaches and the Almost Lyapunov function conditions to estimate the region of attraction and invariance properties through the learned Lyapunov critic functions. The methods enhance stability of neural controllers for various nonlinear systems including automobile and quadrotor control.","2577-087X","978-1-7281-9077-8","10.1109/ICRA48506.2021.9560886","United States Air Force; ","https://ieeexplore.ieee.org/stamp/stamp.jsp?arnumber=9560886","","Training;Learning systems;Conferences;Reinforcement learning;Stability analysis;Complexity theory;Automobiles","","36","","29","IEEE","18 Oct 2021","30 May-5 June 2021","30 May-5 June 2021","IEEE","IEEE Conferences"
"Regularizing Action Policies for Smooth Control with Reinforcement Learning","S. Mysore; B. Mabsout; R. Mancuso; K. Saenko","Department of Computer Science, Boston University, Boston, MA; Department of Computer Science, Boston University, Boston, MA; Department of Computer Science, Boston University, Boston, MA; Department of Computer Science, Boston University, Boston, MA",2021 IEEE International Conference on Robotics and Automation (ICRA),"18 Oct 2021","2021","","","1810","1816","A critical problem with the practical utility of controllers trained with deep Reinforcement Learning (RL) is the notable lack of smoothness in the actions learned by the RL policies. This trend often presents itself in the form of control signal oscillation and can result in poor control, high power consumption, and undue system wear. We introduce Conditioning for Action Policy Smoothness (CAPS), an effective yet intuitive regularization on action policies, which offers consistent improvement in the smoothness of the learned state-to-action mappings of neural network controllers, reflected in the elimination of high-frequency components in the control signal. Tested on a real system, improvements in controller smoothness on a quadrotor drone resulted in an almost 80% reduction in power consumption while consistently training flight-worthy controllers. Project website: http://ai.bu.edu/caps","2577-087X","978-1-7281-9077-8","10.1109/ICRA48506.2021.9561138","","https://ieeexplore.ieee.org/stamp/stamp.jsp?arnumber=9561138","","Training;Heating systems;Power demand;Neural networks;Reinforcement learning;System improvement;Market research","","86","","37","IEEE","18 Oct 2021","30 May-5 June 2021","30 May-5 June 2021","IEEE","IEEE Conferences"
"Deep Reinforcement Learning for Active Target Tracking","H. Jeong; H. Hassani; M. Morari; D. D. Lee; G. J. Pappas","Electrical and Systems Engineering, University of Pennsylvania, Philadelphia, PA, USA; Electrical and Systems Engineering, University of Pennsylvania, Philadelphia, PA, USA; Electrical and Systems Engineering, University of Pennsylvania, Philadelphia, PA, USA; Department of Electrical and Computer Engineering, Cornell University, Ithaca, NY, USA; Electrical and Systems Engineering, University of Pennsylvania, Philadelphia, PA, USA",2021 IEEE International Conference on Robotics and Automation (ICRA),"18 Oct 2021","2021","","","1825","1831","We solve active target tracking, one of the essential tasks in autonomous systems, using a deep reinforcement learning (RL) approach. In this problem, an autonomous agent is tasked with acquiring information about targets of interests using its on-board sensors. The classical challenges in this problem are system model dependence and the difficulty of computing information-theoretic cost functions for a long planning horizon. RL provides solutions for these challenges as the length of its effective planning horizon does not affect the computational complexity, and it drops the strong dependency of an algorithm on system models. In particular, we introduce Active Tracking Target Network (ATTN), a unified deep RL policy that is capable of solving major sub-tasks of active target tracking – in-sight tracking, navigation, and exploration. The policy shows robust behavior for tracking agile and anomalous targets with a partially known target model. Additionally, the same policy is able to navigate in obstacle environments to reach distant targets as well as explore the environment when targets are positioned in unexpected locations.","2577-087X","978-1-7281-9077-8","10.1109/ICRA48506.2021.9561258","","https://ieeexplore.ieee.org/stamp/stamp.jsp?arnumber=9561258","","Target tracking;Navigation;Computational modeling;Conferences;Reinforcement learning;Cost function;Planning","","10","","30","IEEE","18 Oct 2021","30 May-5 June 2021","30 May-5 June 2021","IEEE","IEEE Conferences"
"Deep Reinforcement Learning for Mapless Navigation of a Hybrid Aerial Underwater Vehicle with Medium Transition","R. B. Grando; J. C. de Jesus; V. A. Kich; A. H. Kolling; N. P. Bortoluzzi; P. M. Pinheiro; A. A. Neto; P. L. J. Drews","NAUTEC, Centro de Ciencias Computacionais, Univ. Fed. do Rio Grande - FURG, RS, Brazil; NAUTEC, Centro de Ciencias Computacionais, Univ. Fed. do Rio Grande - FURG, RS, Brazil; Universidade Federal de Santa Maria - UFSM, RS, Brazil; Universidade Federal de Santa Maria - UFSM, RS, Brazil; NAUTEC, Centro de Ciencias Computacionais, Univ. Fed. do Rio Grande - FURG, RS, Brazil; NAUTEC, Centro de Ciencias Computacionais, Univ. Fed. do Rio Grande - FURG, RS, Brazil; Electronic Engineering Dep, Univ. Fed. de Minas Gerais, MG, Brazil; NAUTEC, Centro de Ciencias Computacionais, Univ. Fed. do Rio Grande - FURG, RS, Brazil",2021 IEEE International Conference on Robotics and Automation (ICRA),"18 Oct 2021","2021","","","1088","1094","Since the application of Deep Q-Learning to the continuous action domain in Atari-like games, Deep Reinforcement Learning (Deep-RL) techniques for motion control have been qualitatively enhanced. Nowadays, modern Deep-RL can be successfully applied to solve a wide range of complex decision-making tasks for many types of vehicles. Based on this context, in this paper, we propose the use of Deep-RL to perform autonomous mapless navigation for Hybrid Unmanned Aerial Underwater Vehicles (HUAUVs), robots that can operate in both, air or water media. We developed two approaches, one deterministic and the other stochastic. Our system uses the relative localization of the vehicle and simple sparse range data to train the network. We compared our approaches with an adapted version of the BUG2 algorithm for mapless navigation of aerial vehicles. Based on experimental results, we can conclude that Deep-RL-based approaches can be successfully used to perform mapless navigation and obstacle avoidance for HUAUVs. Our vehicle accomplished the navigation in two scenarios, being capable to achieve the desired target through both environments, and even outperforming the behavior-based algorithm on the obstacle-avoidance capability.","2577-087X","978-1-7281-9077-8","10.1109/ICRA48506.2021.9561188","","https://ieeexplore.ieee.org/stamp/stamp.jsp?arnumber=9561188","","Location awareness;Navigation;Reinforcement learning;Games;Media;Robot sensing systems;Sensors","","48","","37","IEEE","18 Oct 2021","30 May-5 June 2021","30 May-5 June 2021","IEEE","IEEE Conferences"
"Model-based Reinforcement Learning with Provable Safety Guarantees via Control Barrier Functions","H. Zhang; Z. Li; A. Clark","Department of Electrical and Computer Engineering, Worcester Polytechnic Inistitute, Worcester, MA, USA; Department of Electrical and Computer Engineering, Worcester Polytechnic Inistitute, Worcester, MA, USA; Department of Electrical and Computer Engineering, Worcester Polytechnic Inistitute, Worcester, MA, USA",2021 IEEE International Conference on Robotics and Automation (ICRA),"18 Oct 2021","2021","","","792","798","Safety is a critical property in applications including robotics, transportation, and energy. Safety is especially challenging in reinforcement learning (RL) settings, in which uncertainty of the system dynamics may cause safety violations during exploration. Control Barrier Functions (CBFs), which enforce safety by constraining the control actions at each time step, are a promising approach for safety-critical control. This technique has been applied to ensure the safety of model-free RL, however, it has not been integrated into model-based RL. In this paper, we propose Uncertainty-Tolerant Control Barrier Functions (UTCBFs), a new class of CBFs to incorporate model uncertainty and provide provable safety guarantees with desired probability. Furthermore, we introduce an algorithm for model-based RL to guarantee safety by integrating CBFs with gradient-based policy search. Our approach is verified through a numerical study of a cart-pole system and an inverted pendulum system with comparison to state-of-the-art RL algorithms.","2577-087X","978-1-7281-9077-8","10.1109/ICRA48506.2021.9561253","","https://ieeexplore.ieee.org/stamp/stamp.jsp?arnumber=9561253","","Uncertainty;System dynamics;Transportation;Reinforcement learning;Stability analysis;Safety;Numerical models","","10","","43","IEEE","18 Oct 2021","30 May-5 June 2021","30 May-5 June 2021","IEEE","IEEE Conferences"
"Continual Model-Based Reinforcement Learning with Hypernetworks","Y. Huang; K. Xie; H. Bharadhwaj; F. Shkurti","Division of Engineering Science, University of Toronto, Canada; Department of Computer Science, University of Toronto, Canada; Department of Computer Science, University of Toronto, Canada; Department of Computer Science, University of Toronto, Canada",2021 IEEE International Conference on Robotics and Automation (ICRA),"18 Oct 2021","2021","","","799","805","Effective planning in model-based reinforcement learning (MBRL) and model-predictive control (MPC) relies on the accuracy of the learned dynamics model. In many instances of MBRL and MPC, this model is assumed to be stationary and is periodically re-trained from scratch on state transition experience collected from the beginning of environment interactions. This implies that the time required to train the dynamics model - and the pause required between plan executions - grows linearly with the size of the collected experience. We argue that this is too slow for lifelong robot learning and propose HyperCRL, a method that continually learns the encountered dynamics in a sequence of tasks using task-conditional hypernetworks. Our method has three main attributes: first, it includes dynamics learning sessions that do not revisit training data from previous tasks, so it only needs to store the most recent fixed-size portion of the state transition experience; second, it uses fixed-capacity hypernetworks to represent non-stationary and task-aware dynamics; third, it outperforms existing continual learning alternatives that rely on fixed-capacity networks, and does competitively with baselines that remember an ever increasing coreset of past experience. We show that HyperCRL is effective in continual model-based reinforcement learning in robot locomotion and manipulation scenarios, such as tasks involving pushing and door opening. Our project website with videos is at this link http://rvl.cs.toronto.edu/blog/2020/hypercrl/","2577-087X","978-1-7281-9077-8","10.1109/ICRA48506.2021.9560793","","https://ieeexplore.ieee.org/stamp/stamp.jsp?arnumber=9560793","","Training;Conferences;Training data;Reinforcement learning;Switches;Robot learning;Planning","","19","","44","IEEE","18 Oct 2021","30 May-5 June 2021","30 May-5 June 2021","IEEE","IEEE Conferences"
"Reinforcement Learning Based Temporal Logic Control with Maximum Probabilistic Satisfaction","M. Cai; S. Xiao; B. Li; Z. Li; Z. Kan","Department of Mechanical Engineering, The University of Iowa, Iowa City, IA, USA; Department of Mechanical Engineering, The University of Iowa, Iowa City, IA, USA; Department of Automation, University of Science and Technology of China, Hefei, China; Department of Automation, University of Science and Technology of China, Hefei, China; Department of Automation, University of Science and Technology of China, Hefei, China",2021 IEEE International Conference on Robotics and Automation (ICRA),"18 Oct 2021","2021","","","806","812","This paper presents a model-free reinforcement learning (RL) algorithm to synthesize a control policy that maximizes the satisfaction probability of complex tasks, which are expressed by linear temporal logic (LTL) specifications. Due to the consideration of environment and motion uncertainties, we model the robot motion as a probabilistic labeled Markov decision process (PL-MDP) with unknown transition probabilities and probabilistic labeling functions. The LTL task specification is converted to a limit deterministic generalized Büchi automaton (LDGBA) with several accepting sets to maintain dense rewards during learning. The novelty of applying LDGBA is to construct an embedded LDGBA (E-LDGBA) by designing a synchronous tracking-frontier function, which enables the record of non-visited accepting sets of LDGBA at each round of the repeated visiting pattern, to overcome the difficulties of directly applying conventional LDGBA. With appropriate dependent reward and discount functions, rigorous analysis shows that any method, which optimizes the expected discount return of the RL-based approach, is guaranteed to find the optimal policy to maximize the satisfaction probability of the LTL specifications. A model-free RL-based motion planning strategy is developed to generate the optimal policy in this paper. The effectiveness of the RL-based control synthesis is demonstrated via simulation and experimental results.","2577-087X","978-1-7281-9077-8","10.1109/ICRA48506.2021.9561903","National Natural Science Foundation of China; ","https://ieeexplore.ieee.org/stamp/stamp.jsp?arnumber=9561903","","Robot motion;Uncertainty;Learning automata;Conferences;Reinforcement learning;Markov processes;Probabilistic logic","","17","","27","IEEE","18 Oct 2021","30 May-5 June 2021","30 May-5 June 2021","IEEE","IEEE Conferences"
"Reset-Free Reinforcement Learning via Multi-Task Learning: Learning Dexterous Manipulation Behaviors without Human Intervention","A. Gupta; J. Yu; T. Z. Zhao; V. Kumar; A. Rovinsky; K. Xu; T. Devlin; S. Levine",UC Berkeley; UC Berkeley; UC Berkeley; University of Washington; UC Berkeley; UC Berkeley; UC Berkeley; UC Berkeley,2021 IEEE International Conference on Robotics and Automation (ICRA),"18 Oct 2021","2021","","","6664","6671","Reinforcement Learning (RL) algorithms can in principle acquire complex robotic skills by learning from large amounts of data in the real world, collected via trial and error. However, most RL algorithms use a carefully engineered setup in order to collect data, requiring human supervision and intervention to provide episodic resets. This is particularly evident in challenging robotics problems, such as dexterous manipulation. To make data collection scalable, such applications require reset-free algorithms that are able to learn autonomously, without explicit instrumentation or human intervention. Most prior work in this area handles single-task learning. However, we might also want robots that can perform large repertoires of skills. At first, this would appear to only make the problem harder. However, the key observation we make in this work is that an appropriately chosen multi-task RL setting actually alleviates the reset-free learning challenge, with minimal additional machinery required. In effect, solving a multi-task problem can directly solve the reset-free problem since different combinations of tasks can serve to perform resets for other tasks. By learning multiple tasks together and appropriately sequencing them, we can effectively learn all of the tasks together reset-free. This type of multi-task learning can effectively scale reset-free learning schemes to much more complex problems, as we demonstrate in our experiments. We propose a simple scheme for multi-task learning that tackles the reset-free learning problem, and show its effectiveness at learning to solve complex dexterous manipulation tasks in both hardware and simulation without any explicit resets. This work shows the ability to learn in-hand manipulation behaviors in the real world with RL without any human intervention.","2577-087X","978-1-7281-9077-8","10.1109/ICRA48506.2021.9561384","Office of Naval Research; National Science Foundation; ","https://ieeexplore.ieee.org/stamp/stamp.jsp?arnumber=9561384","","Sequential analysis;Automation;Instruments;Conferences;Reinforcement learning;Data collection;Hardware","","63","","62","IEEE","18 Oct 2021","30 May-5 June 2021","30 May-5 June 2021","IEEE","IEEE Conferences"
"Model Predictive Actor-Critic: Accelerating Robot Skill Acquisition with Deep Reinforcement Learning","A. S. Morgan; D. Nandha; G. Chalvatzaki; C. D’Eramo; A. M. Dollar; J. Peters","Department of Mechanical Engineering & Materials Science, Yale University, USA; Intelligent Autonomous Systems, Technische Universität, Darmstadt, Germany; Intelligent Autonomous Systems, Technische Universität, Darmstadt, Germany; Intelligent Autonomous Systems, Technische Universität, Darmstadt, Germany; Department of Mechanical Engineering & Materials Science, Yale University, USA; Intelligent Autonomous Systems, Technische Universität, Darmstadt, Germany",2021 IEEE International Conference on Robotics and Automation (ICRA),"18 Oct 2021","2021","","","6672","6678","Substantial advancements to model-based reinforcement learning algorithms have been impeded by the model-bias induced by the collected data, which generally hurts performance. Meanwhile, their inherent sample efficiency warrants utility for most robot applications, limiting potential damage to the robot and its environment during training. Inspired by information theoretic model predictive control and advances in deep reinforcement learning, we introduce Model Predictive Actor-Critic (MoPAC)†, a hybrid model-based/model-free method that combines model predictive rollouts with policy optimization as to mitigate model bias. MoPAC leverages optimal trajectories to guide policy learning, but explores via its model-free method, allowing the algorithm to learn more expressive dynamics models. This combination guarantees optimal skill learning up to an approximation error and reduces necessary physical interaction with the environment, making it suitable for real-robot training. We provide extensive results showcasing how our proposed method generally outperforms current state-of-the-art and conclude by evaluating MoPAC for learning on a physical robotic hand performing valve rotation and finger gaiting–a task that requires grasping, manipulation, and then regrasping of an object.","2577-087X","978-1-7281-9077-8","10.1109/ICRA48506.2021.9561298","","https://ieeexplore.ieee.org/stamp/stamp.jsp?arnumber=9561298","","Training;Heuristic algorithms;Reinforcement learning;Predictive models;Prediction algorithms;Valves;Data models","","27","","45","IEEE","18 Oct 2021","30 May-5 June 2021","30 May-5 June 2021","IEEE","IEEE Conferences"
"Tactile-RL for Insertion: Generalization to Objects of Unknown Geometry","S. Dong; D. K. Jha; D. Romeres; S. Kim; D. Nikovski; A. Rodriguez",Massachusetts Institute of Technology; Mitsubishi Electric Research Laboratories; Mitsubishi Electric Research Laboratories; Massachusetts Institute of Technology; Mitsubishi Electric Research Laboratories; Massachusetts Institute of Technology,2021 IEEE International Conference on Robotics and Automation (ICRA),"18 Oct 2021","2021","","","6437","6443","Object insertion is a classic contact-rich manipulation task. The task remains challenging, especially when considering general objects of unknown geometry, which significantly limits the ability to understand the contact configuration between the object and the environment. We study the problem of aligning the object and environment with a tactile-based feedback insertion policy. The insertion process is modeled as an episodic policy that iterates between insertion attempts followed by pose corrections. We explore different mechanisms to learn such a policy based on Reinforcement Learning. The key contribution of this paper is to demonstrate that it is possible to learn a tactile insertion policy that generalizes across different object geometries, and an ablation study of the key design choices for the learning agent: 1) the type of learning scheme: supervised vs. reinforcement learning; 2) the type of learning schedule: unguided vs. curriculum learning ; 3) the type of sensing modality: force/torque vs. tactile; and 4) the type of tactile representation: tactile RGB vs. tactile flow. We show that the optimal configuration of the learning agent (RL + curriculum + tactile flow) exposed to 4 training objects yields an closed-loop insertion policy that inserts 4 novel objects with over 85.0% success rate and within 3~4 consecutive attempts. Comparisons between F/T and tactile sensing, shows that while an F/T-based policy learns more efficiently, a tactile-based policy provides better generalization. See supplementary video and results at https://sites.google.com/view/tactileinsertion.","2577-087X","978-1-7281-9077-8","10.1109/ICRA48506.2021.9561646","Mitsubishi Electric Research Laboratories; Innovation and Technology Fund; ","https://ieeexplore.ieee.org/stamp/stamp.jsp?arnumber=9561646","","Geometry;Training;Schedules;Automation;Conferences;Supervised learning;Tactile sensors","","98","","21","IEEE","18 Oct 2021","30 May-5 June 2021","30 May-5 June 2021","IEEE","IEEE Conferences"
"APPLR: Adaptive Planner Parameter Learning from Reinforcement","Z. Xu; G. Dhamankar; A. Nair; X. Xiao; G. Warnell; B. Liu; Z. Wang; P. Stone","Department of Physics, University of Texas at Austin, Austin, Texas; Department of Computer Science, University of Texas at Austin, Austin, Texas; Mathematics, University of Texas at Austin, Austin, Texas; Department of Computer Science, University of Texas at Austin, Austin, Texas; Department of Computer Science, University of Texas at Austin, Austin, Texas; Department of Computer Science, University of Texas at Austin, Austin, Texas; Electrical and Computer Engineering, University of Texas at Austin, Austin, Texas; Department of Computer Science, University of Texas at Austin, Austin, Texas",2021 IEEE International Conference on Robotics and Automation (ICRA),"18 Oct 2021","2021","","","6086","6092","Classical navigation systems typically operate using a fixed set of hand-picked parameters (e.g. maximum speed, sampling rate, inflation radius, etc.) and require heavy expert re-tuning in order to work in new environments. To mitigate this requirement, it has been proposed to learn parameters for different contexts in a new environment using human demonstrations collected via teleoperation. However, learning from human demonstration limits deployment to the training environment, and limits overall performance to that of a potentially-suboptimal demonstrator. In this paper, we introduce APPLR, Adaptive Planner Parameter Learning from Reinforcement, which allows existing navigation systems to adapt to new scenarios by using a parameter selection scheme discovered via reinforcement learning (RL) in a wide variety of simulation environments. We evaluate APPLR on a robot in both simulated and physical experiments, and show that it can outperform both a fixed set of hand-tuned parameters and also a dynamic parameter tuning scheme learned from human demonstration.","2577-087X","978-1-7281-9077-8","10.1109/ICRA48506.2021.9561647","","https://ieeexplore.ieee.org/stamp/stamp.jsp?arnumber=9561647","","Training;Visualization;Costs;Navigation;Velocity control;Semantics;Switches","","35","","21","IEEE","18 Oct 2021","30 May-5 June 2021","30 May-5 June 2021","IEEE","IEEE Conferences"
"Reinforced iLQR: A Sample-Efficient Robot Locomotion Learning","T. Zong; L. Sun; Y. Liu","Electrical and Computer Engineering Department, Tandon School of Engineering, New York University, Brooklyn, NY, USA; Electrical and Computer Engineering Department, Tandon School of Engineering, New York University, Brooklyn, NY, USA; Electrical and Computer Engineering Department, Tandon School of Engineering, New York University, Brooklyn, NY, USA",2021 IEEE International Conference on Robotics and Automation (ICRA),"18 Oct 2021","2021","","","5906","5913","Robot locomotion is a major challenge in robotics. Model-based approaches are vulnerable to model errors, and incur high computation overhead resulted from long control horizon. Model-free approaches are trained with a large number of training samples, which are expensive to obtain. In this paper, we develop a hybrid control and learning framework, called Reinforced iLQR (RiLQR), which combines the advantages of model-based iLQR control with model-free RL policy learning to simultaneously achieve high sample efficiency, low computation overhead, and high robustness against model errors in robot locomotion. Through extensive evaluation on the Mujoco platform, we demonstrate that RiLQR outperforms the state-of-the-art model-based and model-free baselines by big margins in a set of tasks with different complexities.","2577-087X","978-1-7281-9077-8","10.1109/ICRA48506.2021.9561223","","https://ieeexplore.ieee.org/stamp/stamp.jsp?arnumber=9561223","","Training;Robust control;Computational modeling;Conferences;Cost function;Robustness;Complexity theory","","10","","48","IEEE","18 Oct 2021","30 May-5 June 2021","30 May-5 June 2021","IEEE","IEEE Conferences"
"Learning Multi-Arm Manipulation Through Collaborative Teleoperation","A. Tung; J. Wong; A. Mandlekar; R. Martín-Martín; Y. Zhu; L. Fei-Fei; S. Savarese",Stanford Vision & Learning Lab; Stanford Vision & Learning Lab; Stanford Vision & Learning Lab; Stanford Vision & Learning Lab; The University of Texas at Austin; Stanford Vision & Learning Lab; Stanford Vision & Learning Lab,2021 IEEE International Conference on Robotics and Automation (ICRA),"18 Oct 2021","2021","","","9212","9219","Imitation Learning (IL) is a powerful paradigm to teach robots to perform manipulation tasks by allowing them to learn from human demonstrations collected via teleoperation, but has mostly been limited to single-arm manipulation. However, many real-world tasks require multiple arms, such as lifting a heavy object or assembling a desk. Unfortunately, applying IL to multi-arm manipulation tasks has been challenging –asking a human to control more than one robotic arm can impose significant cognitive burden and is often only possible for a maximum of two robot arms. To address these challenges, we present MULTI-ARM ROBOTURK (MART), a multi-user data collection platform that allows multiple remote users to simultaneously teleoperate a set of robotic arms and collect demonstrations for multi-arm tasks. Using MART, we collected demonstrations for five novel two and three-arm tasks from several geographically separated users. From our data we arrived at a critical insight: most multi-arm tasks do not require global coordination throughout its full duration, but only during specific moments. We show that learning from such data consequently presents challenges for centralized agents that directly attempt to model all robot actions simultaneously, and perform a comprehensive study of different policy architectures with varying levels of centralization on our tasks. Finally, we propose and evaluate a base-residual policy framework that allows trained policies to better adapt to the mixed coordination setting common in multi-arm manipulation, and show that a centralized policy augmented with a decentralized residual model outperforms all other models on our set of benchmark tasks. Additional results and videos at https://roboturk.stanford.edu/multiarm","2577-087X","978-1-7281-9077-8","10.1109/ICRA48506.2021.9561491","","https://ieeexplore.ieee.org/stamp/stamp.jsp?arnumber=9561491","","Adaptation models;Robot kinematics;Conferences;Collaboration;Data collection;Manipulators;Real-time systems","","32","","43","IEEE","18 Oct 2021","30 May-5 June 2021","30 May-5 June 2021","IEEE","IEEE Conferences"
"OmniHang: Learning to Hang Arbitrary Objects using Contact Point Correspondences and Neural Collision Estimation","Y. You; L. Shao; T. Migimatsu; J. Bohg","Department of Computer Science, University of California, Los Angeles, CA, USA; Stanford Artificial Intelligence Lab (SAIL), Stanford University, CA, USA; Stanford Artificial Intelligence Lab (SAIL), Stanford University, CA, USA; Stanford Artificial Intelligence Lab (SAIL), Stanford University, CA, USA",2021 IEEE International Conference on Robotics and Automation (ICRA),"18 Oct 2021","2021","","","5921","5927","In this paper, we explore whether a robot can learn to hang arbitrary objects onto a diverse set of supporting items such as racks or hooks. Endowing robots with such an ability has applications in many domains such as domestic services, logistics, or manufacturing. Yet, it is a challenging manipulation task due to the large diversity of geometry and topology of everyday objects. In this paper, we propose a system that takes partial point clouds of an object and a supporting item as input and learns to decide where and how to hang the object stably. Our system learns to estimate the contact point correspondences between the object and supporting item to get an estimated stable pose. We then run a deep reinforcement learning algorithm to refine the predicted stable pose. Then, the robot needs to find a collision-free path to move the object from its initial pose to stable hanging pose. To this end, we train a neural network based collision estimator that takes as input partial point clouds of the object and supporting item. We generate a new and challenging, large-scale, synthetic dataset annotated with stable poses of objects hung on various supporting items and their contact point correspondences. In this dataset, we show that our system is able to achieve a 68.3% success rate of predicting stable object poses and has a 52.1% F1 score in terms of finding feasible paths. Supplemental material and videos are available on our project webpage https://sites.google.com/view/hangingobject.","2577-087X","978-1-7281-9077-8","10.1109/ICRA48506.2021.9560971","Toyota Research Institute; ","https://ieeexplore.ieee.org/stamp/stamp.jsp?arnumber=9560971","","Neural networks;Estimation;Reinforcement learning;Prediction algorithms;Topology;Manufacturing;Task analysis","","11","","23","IEEE","18 Oct 2021","30 May-5 June 2021","30 May-5 June 2021","IEEE","IEEE Conferences"
"SimNet: Learning Reactive Self-driving Simulations from Real-world Observations","L. Bergamini; Y. Ye; O. Scheel; L. Chen; C. Hu; L. Del Pero; B. Osiński; H. Grimmett; P. Ondruska",NA; NA; NA; NA; NA; NA; NA; NA; NA,2021 IEEE International Conference on Robotics and Automation (ICRA),"18 Oct 2021","2021","","","5119","5125","In this work we present a simple end-to-end trainable machine learning system capable of realistically simulating driving experiences. This can be used for verification of self-driving system performance without relying on expensive and time-consuming road testing. In particular, we frame the simulation problem as a Markov Process, leveraging deep neural networks to model both state distribution and transition function. These are trainable directly from the existing raw observations without the need of any handcrafting in the form of plant or kinematic models. All that is needed is a dataset of historical traffic episodes. Our formulation allows the system to construct never seen scenes that unfold realistically reacting to the self-driving car’s behaviour. We train our system directly from 1,000 hours of driving logs and measure both realism, reactivity of the simulation as the two key properties of the simulation. At the same time we apply the method to evaluate performance of a recently proposed state-of-the-art ML planning system [1] trained from human driving logs. We discover this planning system is prone to previously unreported causal confusion issues that are difficult to test by non-reactive simulation. To the best of our knowledge, this is the first work that directly merges highly realistic data-driven simulations with a closed loop evaluation for self-driving vehicles. We make the data, code, and pre-trained models publicly available to further stimulate simulation development.","2577-087X","978-1-7281-9077-8","10.1109/ICRA48506.2021.9561666","","https://ieeexplore.ieee.org/stamp/stamp.jsp?arnumber=9561666","","Deep learning;Codes;System performance;Roads;Conferences;Kinematics;Markov processes","","91","","41","IEEE","18 Oct 2021","30 May-5 June 2021","30 May-5 June 2021","IEEE","IEEE Conferences"
"Learning Bipedal Robot Locomotion from Human Movement","M. Taylor; S. Bashkirov; J. F. Rico; I. Toriyama; N. Miyada; H. Yanagisawa; K. Ishizuka",Sony Interactive Entertainment; Sony Interactive Entertainment; Sony Interactive Entertainment; Sony Interactive Entertainment; Sony Interactive Entertainment; Sony Interactive Entertainment; Sony Interactive Entertainment,2021 IEEE International Conference on Robotics and Automation (ICRA),"18 Oct 2021","2021","","","2797","2803","Teaching an anthropomorphic robot from human example offers the opportunity to impart humanlike qualities on its movement. In this work we present a reinforcement learning based method for teaching a real world bipedal robot to perform movements directly from human motion capture data. Our method seamlessly transitions from training in a simulation environment to executing on a physical robot without requiring any real world training iterations or offline steps. To overcome the disparity in joint configurations between the robot and the motion capture actor, our method incorporates motion re-targeting into the training process. Domain randomization techniques are used to compensate for the differences between the simulated and physical systems. We demonstrate our method on an internally developed humanoid robot with movements ranging from a dynamic walk cycle to complex balancing and waving. Our controller preserves the style imparted by the motion capture data and exhibits graceful failure modes resulting in safe operation for the robot. This work was performed for research purposes only.","2577-087X","978-1-7281-9077-8","10.1109/ICRA48506.2021.9561591","","https://ieeexplore.ieee.org/stamp/stamp.jsp?arnumber=9561591","","Training;Automation;Conferences;Dynamics;Humanoid robots;Reinforcement learning;Control systems","","28","","24","IEEE","18 Oct 2021","30 May-5 June 2021","30 May-5 June 2021","IEEE","IEEE Conferences"
"Learning Task Space Actions for Bipedal Locomotion","H. Duan; J. Dao; K. Green; T. Apgar; A. Fern; J. Hurst","Collaborative Robotics and Intelligent Systems Institute, Oregon State University, Corvallis, Oregon, USA; Collaborative Robotics and Intelligent Systems Institute, Oregon State University, Corvallis, Oregon, USA; Collaborative Robotics and Intelligent Systems Institute, Oregon State University, Corvallis, Oregon, USA; Agility Robotics, Albany, Oregon, USA; Collaborative Robotics and Intelligent Systems Institute, Oregon State University, Corvallis, Oregon, USA; Collaborative Robotics and Intelligent Systems Institute, Oregon State University, Corvallis, Oregon, USA",2021 IEEE International Conference on Robotics and Automation (ICRA),"18 Oct 2021","2021","","","1276","1282","Recent work has demonstrated the success of reinforcement learning (RL) for training bipedal locomotion policies for real robots. This prior work, however, has focused on learning joint-coordination controllers based on an objective of following joint trajectories produced by already available controllers. As such, it is difficult to train these approaches to achieve higher-level goals of legged locomotion, such as simply specifying the desired end-effector foot movement or ground reaction forces. In this work, we propose an approach for integrating knowledge of the robot system into RL to allow for learning at the level of task space actions in terms of feet setpoints. In particular, we integrate learning a task space policy with a model-based inverse dynamics controller, which translates task space actions into joint-level controls. With this natural action space for learning locomotion, the approach is more sample efficient and produces desired task space dynamics compared to learning purely joint space actions. We demonstrate the approach in simulation and also show that the learned policies are able to transfer to the real bipedal robot Cassie. This result encourages further research towards incorporating bipedal control techniques into the structure of the learning process to enable dynamic behaviors.","2577-087X","978-1-7281-9077-8","10.1109/ICRA48506.2021.9561705","","https://ieeexplore.ieee.org/stamp/stamp.jsp?arnumber=9561705","","Training;Robot kinematics;Reinforcement learning;Aerospace electronics;Trajectory;Space exploration;Steady-state","","44","","20","IEEE","18 Oct 2021","30 May-5 June 2021","30 May-5 June 2021","IEEE","IEEE Conferences"
"Reinforcement Learning for Robust Parameterized Locomotion Control of Bipedal Robots","Z. Li; X. Cheng; X. B. Peng; P. Abbeel; S. Levine; G. Berseth; K. Sreenath","University of California, Berkeley, CA, USA; University of California, Berkeley, CA, USA; University of California, Berkeley, CA, USA; University of California, Berkeley, CA, USA; University of California, Berkeley, CA, USA; University of California, Berkeley, CA, USA; University of California, Berkeley, CA, USA",2021 IEEE International Conference on Robotics and Automation (ICRA),"18 Oct 2021","2021","","","2811","2817","Developing robust walking controllers for bipedal robots is a challenging endeavor. Traditional model-based locomotion controllers require simplifying assumptions and careful modelling; any small errors can result in unstable control. To address these challenges for bipedal locomotion, we present a model-free reinforcement learning framework for training robust locomotion policies in simulation, which can then be transferred to a real bipedal Cassie robot. To facilitate sim-to-real transfer, domain randomization is used to encourage the policies to learn behaviors that are robust across variations in system dynamics. The learned policies enable Cassie to perform a set of diverse and dynamic behaviors, while also being more robust than traditional controllers and prior learning-based methods that use residual control. We demonstrate this on versatile walking behaviors such as tracking a target walking velocity, walking height, and turning yaw. (Video1)","2577-087X","978-1-7281-9077-8","10.1109/ICRA48506.2021.9560769","National Science Foundation; ","https://ieeexplore.ieee.org/stamp/stamp.jsp?arnumber=9560769","","Legged locomotion;Training;Learning systems;Target tracking;Automation;System dynamics;Conferences","","202","","39","IEEE","18 Oct 2021","30 May-5 June 2021","30 May-5 June 2021","IEEE","IEEE Conferences"
"End-to-end grasping policies for human-in-the-loop robots via deep reinforcement learning","M. Sharif; D. Erdogmus; C. Amato; T. Padir","Electrical and Computer Engineering Department, Northeastern University, Boston, MA, USA; Electrical and Computer Engineering Department, Northeastern University, Boston, MA, USA; Khoury College of Computer Sciences, Northeastern University, Boston, MA, USA; Electrical and Computer Engineering Department, Northeastern University, Boston, MA, USA",2021 IEEE International Conference on Robotics and Automation (ICRA),"18 Oct 2021","2021","","","2768","2774","State-of-the-art human-in-the-loop robot grasping is hugely suffered by Electromyography (EMG) inference robustness issues. As a workaround, researchers have been looking into integrating EMG with other signals, often in an ad hoc manner. In this paper, we are presenting a method for end-to-end training of a policy for human-in-the-loop robot grasping on real reaching trajectories. For this purpose we use Reinforcement Learning (RL) and Imitation Learning (IL) in DEXTRON (DEXTerity enviRONment), a stochastic simulation environment with real human trajectories that are augmented and selected using a Monte Carlo (MC) simulation method. We also offer a success model which once trained on the expert policy data and the RL policy roll-out transitions, can provide transparency to how the deep policy works and when it is probably going to fail.","2577-087X","978-1-7281-9077-8","10.1109/ICRA48506.2021.9561937","","https://ieeexplore.ieee.org/stamp/stamp.jsp?arnumber=9561937","","Training;Monte Carlo methods;Stochastic processes;Grasping;Reinforcement learning;Electromyography;Robustness","","4","","40","IEEE","18 Oct 2021","30 May-5 June 2021","30 May-5 June 2021","IEEE","IEEE Conferences"
"Situational Confidence Assistance for Lifelong Shared Autonomy","M. Zurek; A. Bobu; D. S. Brown; A. D. Dragan","EECS, UC Berkeley; EECS, UC Berkeley; EECS, UC Berkeley; EECS, UC Berkeley",2021 IEEE International Conference on Robotics and Automation (ICRA),"18 Oct 2021","2021","","","2783","2789","Shared autonomy enables robots to infer user intent and assist in accomplishing it. But when the user wants to do a new task that the robot does not know about, shared autonomy will hinder their performance by attempting to assist them with something that is not their intent. Our key idea is that the robot can detect when its repertoire of intents is insufficient to explain the user's input, and give them back control. This then enables the robot to observe unhindered task execution, learn the new intent behind it, and add it to this repertoire. We demonstrate with both a case study and a user study that our proposed method maintains good performance when the human's intent is in the robot's repertoire, outperforms prior shared autonomy approaches when it isn't, and successfully learns new skills, enabling efficient lifelong learning for confidence-based shared autonomy.","2577-087X","978-1-7281-9077-8","10.1109/ICRA48506.2021.9561839","","https://ieeexplore.ieee.org/stamp/stamp.jsp?arnumber=9561839","","COVID-19;Automation;Conferences;Manipulators;Noise measurement;Task analysis;Robots","","24","","28","IEEE","18 Oct 2021","30 May-5 June 2021","30 May-5 June 2021","IEEE","IEEE Conferences"
"Recognizing Orientation Slip in Human Demonstrations","M. Hagenow; B. Zhang; B. Mutlu; M. Zinn; M. Gleicher","Department of Mechanical Engineering, University of Wisconsin–Madison, Madison, USA; Department of Mechanical Engineering, University of Wisconsin–Madison, Madison, USA; Department of Computer Sciences, University of Wisconsin–Madison, Madison, USA; Department of Mechanical Engineering, University of Wisconsin–Madison, Madison, USA; Department of Computer Sciences, University of Wisconsin–Madison, Madison, USA",2021 IEEE International Conference on Robotics and Automation (ICRA),"18 Oct 2021","2021","","","2790","2797","Manipulations of a constrained object often use a non-rigid grasp that allows the object to rotate relative to the end effector. This orientation slip strategy is often present in natural human demonstrations, yet it is generally overlooked in methods to identify constraints from such demonstrations. In this paper, we present a method to model and recognize prehensile orientation slip in human demonstrations of constrained interactions. Using only observations of an end effector, we can detect the type of constraint, parameters of the constraint, and orientation slip properties. Our method uses a novel hierarchical model selection method that is informed by multiple origins of physics-based evidence. A study with eight participants shows that orientation slip occurs in natural demonstrations and confirms that it can be detected by our method.","2577-087X","978-1-7281-9077-8","10.1109/ICRA48506.2021.9561856","University of Wisconsin-Madison; Wisconsin Alumni Research Foundation; ","https://ieeexplore.ieee.org/stamp/stamp.jsp?arnumber=9561856","","Automation;Conferences;End effectors","","","","24","IEEE","18 Oct 2021","30 May-5 June 2021","30 May-5 June 2021","IEEE","IEEE Conferences"
"A Safe Hierarchical Planning Framework for Complex Driving Scenarios based on Reinforcement Learning","J. Li; L. Sun; J. Chen; M. Tomizuka; W. Zhan","Department of Mechanical Engineering, University of California, Berkeley, CA, USA; Department of Mechanical Engineering, University of California, Berkeley, CA, USA; Department of Mechanical Engineering, University of California, Berkeley, CA, USA; Department of Mechanical Engineering, University of California, Berkeley, CA, USA; Department of Mechanical Engineering, University of California, Berkeley, CA, USA",2021 IEEE International Conference on Robotics and Automation (ICRA),"18 Oct 2021","2021","","","2660","2666","Autonomous vehicles need to handle various traffic conditions and make safe and efficient decisions and maneuvers. However, on the one hand, a single optimization/sampling-based motion planner cannot efficiently generate safe trajectories in real time, particularly when there are many interactive vehicles near by. On the other hand, end-to-end learning methods cannot assure the safety of the outcomes. To address this challenge, we propose a hierarchical behavior planning framework with a set of low-level safe controllers and a high-level reinforcement learning algorithm (H-CtRL) as a coordinator for the low-level controllers. Safety is guaranteed by the low-level optimization/sampling-based controllers, while the high-level reinforcement learning algorithm makes H-CtRL an adaptive and efficient behavior planner. To train and test our proposed algorithm, we built a simulator that can reproduce traffic scenes using real-world datasets. The proposed HCtRL is proved to be effective in various realistic simulation scenarios, with satisfying performance in terms of both safety and efficiency.","2577-087X","978-1-7281-9077-8","10.1109/ICRA48506.2021.9561195","","https://ieeexplore.ieee.org/stamp/stamp.jsp?arnumber=9561195","","Learning systems;Adaptation models;Automation;Conferences;Reinforcement learning;Real-time systems;Safety","","39","","27","IEEE","18 Oct 2021","30 May-5 June 2021","30 May-5 June 2021","IEEE","IEEE Conferences"
"Behavior Planning at Urban Intersections through Hierarchical Reinforcement Learning","Z. Qiao; J. Schneider; J. M. Dolan","Electrical and Computer Engineering, Carnegie Mellon University, Pittsburgh, USA; The Robotics Institute, Carnegie Mellon University; The Robotics Institute, Carnegie Mellon University",2021 IEEE International Conference on Robotics and Automation (ICRA),"18 Oct 2021","2021","","","2667","2673","For autonomous vehicles, effective behavior planning is crucial to ensure safety of the ego car. In many urban scenarios, it is hard to create sufficiently general heuristic rules, especially for challenging scenarios that some new human drivers find difficult. In this work, we propose a behavior planning structure based on reinforcement learning (RL) which is capable of performing autonomous vehicle behavior planning with a hierarchical structure in simulated urban environments. Application of the hierarchical structure [1] allows the various layers of the behavior planning system to be satisfied. Our algorithms can perform better than heuristic-rule-based methods for elective decisions such as when to turn left between vehicles approaching from the opposite direction or possible lane-change when approaching an intersection due to lane blockage or delay in front of the ego car. Such behavior is hard to evaluate as correct or incorrect, but some aggressive expert human drivers handle such scenarios effectively and quickly. On the other hand, compared to traditional RL methods, our algorithm is more sample-efficient, due to the use of a hybrid reward mechanism and heuristic exploration during the training process. The results also show that the proposed method converges to an optimal policy faster than traditional RL methods.","2577-087X","978-1-7281-9077-8","10.1109/ICRA48506.2021.9561095","","https://ieeexplore.ieee.org/stamp/stamp.jsp?arnumber=9561095","","Training;Visualization;Heuristic algorithms;Urban areas;Reinforcement learning;Planning;Safety","","25","","28","IEEE","18 Oct 2021","30 May-5 June 2021","30 May-5 June 2021","IEEE","IEEE Conferences"
"No-frills Dynamic Planning using Static Planners","M. Levy; V. Ayyagari; A. Shrivastava","University of Maryland, College Park; University of Maryland, College Park; University of Maryland, College Park",2021 IEEE International Conference on Robotics and Automation (ICRA),"18 Oct 2021","2021","","","2005","2011","In this paper, we address the task of interacting with dynamic environments where the changes in the environment are independent of the agent. We study this through the context of trapping a moving ball with a UR5 robotic arm. Our key contribution is an approach to utilize a static planner for dynamic tasks using a Dynamic Planning add-on; that is, if we can successfully solve a task with a static target, then our approach can solve the same task when the target is moving. Our approach has three key components: an off-the-shelf static planner, a trajectory forecasting network, and a network to predict robot’s estimated time of arrival at any location. We demonstrate the generalization of our approach across environments. More information and videos at https://mlevy2525.github.io/DynamicAddOn/.","2577-087X","978-1-7281-9077-8","10.1109/ICRA48506.2021.9560762","","https://ieeexplore.ieee.org/stamp/stamp.jsp?arnumber=9560762","","Automation;Conferences;Manipulators;Planning;Trajectory;Synchronization;Noise measurement","","","","24","IEEE","18 Oct 2021","30 May-5 June 2021","30 May-5 June 2021","IEEE","IEEE Conferences"
"Learning Agile Locomotion Skills with a Mentor","A. Iscen; G. Yu; A. Escontrela; D. Jain; J. Tan; K. Caluwaerts",Robotics at Google; Robotics at Google; Robotics at Google; Robotics at Google; Robotics at Google; Robotics at Google,2021 IEEE International Conference on Robotics and Automation (ICRA),"18 Oct 2021","2021","","","2019","2025","Developing agile behaviors for legged robots re-mains a challenging problem. While deep reinforcement learning is a promising approach, learning truly agile behaviors typically requires tedious reward shaping and careful curriculum design. We formulate agile locomotion as a multi-stage learning problem in which a mentor guides the agent throughout the training. The mentor is optimized to place a checkpoint to guide the movement of the robot’s center of mass while the student (i.e. the robot) learns to reach these checkpoints. Once the student can solve the task, we teach the student to perform the task without the mentor. We evaluate our proposed learning system with a simulated quadruped robot on a course consisting of randomly generated gaps and hurdles. Our method significantly outperforms a single-stage RL baseline without a mentor, and the quadruped robot can agilely run and jump across gaps and obstacles. Finally, we present a detailed analysis of the learned behaviors’ feasibility and efficiency.","2577-087X","978-1-7281-9077-8","10.1109/ICRA48506.2021.9561567","","https://ieeexplore.ieee.org/stamp/stamp.jsp?arnumber=9561567","","Legged locomotion;Training;Learning systems;Power demand;Automation;Simulation;Conferences","","13","","32","IEEE","18 Oct 2021","30 May-5 June 2021","30 May-5 June 2021","IEEE","IEEE Conferences"
"Automating Behavior Selection for Affective Telepresence Robot","Y. Vasylkiv; Z. Ma; G. Li; E. Sandry; H. Brock; K. Nakamura; I. Pourang; R. Gomez","University of Manitoba; Ocean University of China; Ocean University of China; Curtin University; Honda Research Institute Japan Co., Ltd.; Honda Research Institute Japan Co., Ltd.; University of Manitoba; Honda Research Institute Japan Co., Ltd.",2021 IEEE International Conference on Robotics and Automation (ICRA),"18 Oct 2021","2021","","","2026","2032","The tabletop robot Haru, used for affective telepresence research, enables a teleoperator to communicate affects from a distance. The robot’s expressiveness offers myriad ways of communicating affects through the execution of emotive routines. The teleoperator reacts to input modalities such as the user’s facial expression, gestures and speech-based intent as perceived by the robot’s perception system. However, due to the sheer number of routines to select from, the task of choosing the appropriate or the most preferred routine is becoming cumbersome. In this paper, we propose a human-in-the-loop reinforcement learning mechanism in which an agent learns the teleoperator’s selection preference as a function of the input modalities and aids the routine selection process by narrowing it to n-best optimal choices. Our experimental results show that with only a few number of interactions from the teleoperator, the system can learn to recommend optimal routine behaviors for all perceived modalities, which greatly reduces the workload of the teleoperator.","2577-087X","978-1-7281-9077-8","10.1109/ICRA48506.2021.9560755","","https://ieeexplore.ieee.org/stamp/stamp.jsp?arnumber=9560755","","Learning systems;Teleoperators;Telepresence;Automation;Conferences;Reinforcement learning;Task analysis","","9","","28","IEEE","18 Oct 2021","30 May-5 June 2021","30 May-5 June 2021","IEEE","IEEE Conferences"
"Robot Navigation in Constrained Pedestrian Environments using Reinforcement Learning","C. Pérez-D’Arpino; C. Liu; P. Goebel; R. Martín-Martín; S. Savarese","Department of Computer Science, Stanford University; Department of Computer Science, Stanford University; Department of Computer Science, Stanford University; Department of Computer Science, Stanford University; Department of Computer Science, Stanford University",2021 IEEE International Conference on Robotics and Automation (ICRA),"18 Oct 2021","2021","","","1140","1146","Navigating fluently around pedestrians is a necessary capability for mobile robots deployed in human environments, such as buildings and homes. While research on social navigation has focused mainly on the scalability with the number of pedestrians in open spaces, typical indoor environments present the additional challenge of constrained spaces such as corridors and doorways that limit maneuverability and influence patterns of pedestrian interaction. We present an approach based on reinforcement learning (RL) to learn policies capable of dynamic adaptation to the presence of moving pedestrians while navigating between desired locations in constrained environments. The policy network receives guidance from a motion planner that provides waypoints to follow a globally planned trajectory, whereas RL handles the local interactions. We explore a compositional principle for multi-layout training and find that policies trained in a small set of geometrically simple layouts successfully generalize to more complex unseen layouts that exhibit composition of the structural elements available during training. Going beyond walls-world like domains, we show transfer of the learned policy to unseen 3D reconstructions of two real environments. These results support the applicability of the compositional principle to navigation in real-world buildings and indicate promising usage of multi-agent simulation within reconstructed environments for tasks that involve interaction. https://ai.stanford.edu/∼cdarpino/socialnavconstrained/","2577-087X","978-1-7281-9077-8","10.1109/ICRA48506.2021.9560893","","https://ieeexplore.ieee.org/stamp/stamp.jsp?arnumber=9560893","","Training;Solid modeling;Three-dimensional displays;Navigation;Scalability;Layout;Buildings","","71","","37","IEEE","18 Oct 2021","30 May-5 June 2021","30 May-5 June 2021","IEEE","IEEE Conferences"
"DIMSAN: Fast Exploration with the Synergy between Density-based Intrinsic Motivation and Self-adaptive Action Noise","J. Li; B. Li; T. Lu; N. Lu; Y. Cai; S. Wang","School of Artificial Intelligence, University of Chinese Academy of Sciences, Beijing, China; Research and Development Department, China Academy of Launch Vehicle Technology, Beijing, China; State Key Laboratory of Management and Control for Complex Systems, Institute of Automation, Chinese Academy of Sciences, Beijing, China; School of Artificial Intelligence, University of Chinese Academy of Sciences, Beijing, China; State Key Laboratory of Management and Control for Complex Systems, Institute of Automation, Chinese Academy of Sciences, Beijing, China; School of Artificial Intelligence, University of Chinese Academy of Sciences, Beijing, China",2021 IEEE International Conference on Robotics and Automation (ICRA),"18 Oct 2021","2021","","","6422","6428","Exploration in environments with sparse rewards remains a challenging problem in Deep Reinforcement Learning (DRL). For the off-policy method, it usually needs a large number of training samples. With the growing dimensions of state and action space, this method becomes more and more sample-inefficient. In this paper, we propose a novel fast exploration method for off-policy reinforcement learning, called Density-based Intrinsic Motivation and Self-adaptive Action Noise (DIMSAN). Our main contribution is twofold: (1) We propose a Density-based Intrinsic Motivation (DIM) method. It introduces a new intrinsic-reward generation mechanism based on samples’ density estimation during experience replay and encourages the agent to seek novel and unfamiliar states. (2) We propose a Self-adaptive Action Noise (SAN) to deal with the exploration-exploitation tradeoffs, which could automatically change the exploration step through adding adaptive action space noise. The synergy between DIM and SAN could guide the agent to search the state and action space with high efficiency. We evaluate our method on the benchmark manipulation tasks and the designed challenging ones. Empirical results show that our method outperforms the existing methods in terms of convergence speed and sample efficiency, especially in challenging tasks.","2577-087X","978-1-7281-9077-8","10.1109/ICRA48506.2021.9561740","Chinese Academy of Sciences; National Natural Science Foundation of China; ","https://ieeexplore.ieee.org/stamp/stamp.jsp?arnumber=9561740","","Training;Automation;Conferences;Estimation;Reinforcement learning;Benchmark testing;Task analysis","","1","","53","IEEE","18 Oct 2021","30 May-5 June 2021","30 May-5 June 2021","IEEE","IEEE Conferences"
"Hierarchical Learning from Demonstrations for Long-Horizon Tasks","B. Li; J. Li; T. Lu; Y. Cai; S. Wang","Research and Development Department, China Academy of Launch Vehicle Technology, Beijing, China; State Key Laboratory for Management and Control of Complex Systems, Institute of Automation, Chinese Academy of Sciences, Beijing, China; State Key Laboratory for Management and Control of Complex Systems, Institute of Automation, Chinese Academy of Sciences, Beijing, China; State Key Laboratory for Management and Control of Complex Systems, Institute of Automation, Chinese Academy of Sciences, Beijing, China; State Key Laboratory for Management and Control of Complex Systems, Institute of Automation, Chinese Academy of Sciences, Beijing, China",2021 IEEE International Conference on Robotics and Automation (ICRA),"18 Oct 2021","2021","","","4545","4551","Although reinforcement learning (RL) has achieved great success in robotic manipulation skills learning, it is still challenging for long-horizon tasks. Combining RL with demonstrations is an effective solution. In this paper, we propose a novel hierarchical learning from demonstrations method for long-horizon tasks, which leverages (i) object-centered segmentation of demonstrations to automatically segment the teaching trajectories into episodes. (ii) a bi-level hierarchical imitation learning method with a parallel training mechanism to train the two-level policies simultaneously. Experimental results on three challenging long-horizon tasks with sparse rewards show that our proposed method significantly outperforms state-of-art approaches in terms of both sample-efficiency and success rate. Moreover, our method is the only one which achieves satisfactory performance in tasks of multi-object stack and multi-object push&stack.","2577-087X","978-1-7281-9077-8","10.1109/ICRA48506.2021.9561408","Chinese Academy of Sciences; ","https://ieeexplore.ieee.org/stamp/stamp.jsp?arnumber=9561408","","Deep learning;Training;Learning systems;Automation;Conferences;Reinforcement learning;Trajectory","","12","","41","IEEE","18 Oct 2021","30 May-5 June 2021","30 May-5 June 2021","IEEE","IEEE Conferences"
"Pylot: A Modular Platform for Exploring Latency-Accuracy Tradeoffs in Autonomous Vehicles","I. Gog; S. Kalra; P. Schafhalter; M. A. Wright; J. E. Gonzalez; I. Stoica",UC Berkeley; UC Berkeley; UC Berkeley; UC Berkeley; UC Berkeley; UC Berkeley,2021 IEEE International Conference on Robotics and Automation (ICRA),"18 Oct 2021","2021","","","8806","8813","We present Pylot, a platform for autonomous vehicle (AV) research and development, built with the goal to allow researchers to study the effects of the latency and accuracy of their models and algorithms on the end-to-end driving behavior of an AV. This is achieved through a modular structure enabled by our high-performance dataflow system that represents AV software pipeline components (object detectors, motion planners, etc.) as a dataflow graph of operators which communicate on data streams using timestamped messages. Pylot readily interfaces with popular AV simulators like CARLA, and is easily deployable to real-world vehicles with minimal code changes.To reduce the burden of developing an entire pipeline for evaluating a single component, Pylot provides several state-of-the-art reference implementations for the various components of an AV pipeline. Using these reference implementations, a Pylot-based AV pipeline is able to drive a real vehicle, and attains a high score on the CARLA Autonomous Driving Challenge. We also present several case studies enabled by Pylot, including evidence of a need for context-dependent components, and per-component time allocation. Pylot is open source, with the code available at https://github.com/erdos-project/pylot.","2577-087X","978-1-7281-9077-8","10.1109/ICRA48506.2021.9561747","","https://ieeexplore.ieee.org/stamp/stamp.jsp?arnumber=9561747","","Codes;Runtime;Pipelines;Software algorithms;Reinforcement learning;Detectors;Resource management","","68","","66","IEEE","18 Oct 2021","30 May-5 June 2021","30 May-5 June 2021","IEEE","IEEE Conferences"
"Decentralized Circle Formation Control for Fish-like Robots in the Real-world via Reinforcement Learning","T. Zhang; Y. Li; S. Li; Q. Ye; C. Wang; G. Xie","The State Key Laboratory of Turbulence and Complex Systems, Intelligent Biomimetic Design Lab, College of Engineering, Peking University, Beijing, China; The State Key Laboratory of Turbulence and Complex Systems, Intelligent Biomimetic Design Lab, College of Engineering, Peking University, Beijing, China; The State Key Laboratory of Turbulence and Complex Systems, Intelligent Biomimetic Design Lab, College of Engineering, Peking University, Beijing, China; Microsoft Research Asia, Beijing, China; The State Key Laboratory of Turbulence and Complex Systems, Intelligent Biomimetic Design Lab, College of Engineering, Peking University, Beijing, China; The State Key Laboratory of Turbulence and Complex Systems, Intelligent Biomimetic Design Lab, College of Engineering, Peking University, Beijing, China",2021 IEEE International Conference on Robotics and Automation (ICRA),"18 Oct 2021","2021","","","8814","8820","In this paper, the circle formation control problem is addressed for a group of cooperative underactuated fish-like robots involving unknown nonlinear dynamics and disturbances. Based on the reinforcement learning and cognitive consistency theory, we propose a decentralized controller without the knowledge of the dynamics of the fish-like robots. The proposed controller can be transferred from simulation to reality. It is only trained in our established simulation environment, and the trained controller can be deployed to real robots without any manual tuning. Simulation results confirm that the proposed model-free robust formation control method is scalable with respect to the group size of the robots and outperforms other representative RL algorithms. Several experiments in the real world verify the effectiveness of our RL-based approach for circle formation control.","2577-087X","978-1-7281-9077-8","10.1109/ICRA48506.2021.9562019","","https://ieeexplore.ieee.org/stamp/stamp.jsp?arnumber=9562019","","Solid modeling;Automation;Simulation;Conferences;Reinforcement learning;Manuals;Aerospace electronics","","23","","28","IEEE","18 Oct 2021","30 May-5 June 2021","30 May-5 June 2021","IEEE","IEEE Conferences"
"Autonomous Multi-View Navigation via Deep Reinforcement Learning","X. Huang; W. Chen; W. Zhang; R. Song; J. Cheng; Y. Li","School of Control Science and Engineering, Shandong University, China; School of Control Science and Engineering, Shandong University, China; School of Control Science and Engineering, Shandong University, China; School of Control Science and Engineering, Shandong University, China; School of Control Science and Engineering, Shandong University, China; School of Control Science and Engineering, Shandong University, China",2021 IEEE International Conference on Robotics and Automation (ICRA),"18 Oct 2021","2021","","","13798","13804","In this paper, we propose a novel deep reinforcement learning (DRL) system for the autonomous navigation of mobile robots that consists of three modules: map navigation, multi-view perception and multi-branch control. Our DRL system takes as the input a routed map provided by a global planner and three RGB images captured by a multi-camera setup to gather global and local information, respectively. In particular, we present a multi-view perception module based on an attention mechanism to filter out redundant information caused by multi-camera sensing. We also replace raw RGB images with low-dimensional representations via a specifically designed network, which benefits a more robust sim2real transfer learning. Extensive experiments in both simulated and real-world scenarios demonstrate that our system outperforms state-of-the-art approaches.","2577-087X","978-1-7281-9077-8","10.1109/ICRA48506.2021.9561631","Research and Development; National Natural Science Foundation of China; Natural Science Foundation of Shandong Province; ","https://ieeexplore.ieee.org/stamp/stamp.jsp?arnumber=9561631","","Navigation;Transfer learning;Reinforcement learning;Robot sensing systems;Information filters;Robustness;Path planning","","11","","35","IEEE","18 Oct 2021","30 May-5 June 2021","30 May-5 June 2021","IEEE","IEEE Conferences"
"Multi-target Coverage with Connectivity Maintenance using Knowledge-incorporated Policy Framework","S. Wu; Z. Pu; Z. Liu; T. Qiu; J. Yi; T. Zhang","Institute of Automation, Chinese Academy of Sciences, Beijing, China; Institute of Automation, Chinese Academy of Sciences, Beijing, China; Institute of Automation, Chinese Academy of Sciences, Beijing, China; Institute of Automation, Chinese Academy of Sciences, Beijing, China; Institute of Automation, Chinese Academy of Sciences, Beijing, China; Institute of Automation, Chinese Academy of Sciences, Beijing, China",2021 IEEE International Conference on Robotics and Automation (ICRA),"18 Oct 2021","2021","","","8772","8778","This paper considers a multi-target coverage problem where a robot team aims to efficiently cover multi-targets while maintaining connectivity in a distributed manner. A novel knowledge-incorporated policy framework is proposed to derive a distributed, efficient, and connectivity guaranteed coverage policy. In particular, a knowledge-guided policy network (KGPnet) is designed, which consists of observation attention representation, interaction attention representation, and knowledge-guided policy learning. Giving credit to the KGPnet, the connectivity guaranteed coverage policy can be applied to different number targets. Moreover, based on the knowledge of the algebraic connectivity and coverage rate, a comprehensive reward is designed to guide the training of the behavior of multi-target coverage with connectivity maintenance. Furthermore, since the policy learned through deep reinforcement learning (DRL) can not guarantee the connectivity of the robot team, a knowledge-nested policy filtering is designed to filter dis-connectivity policies to satisfy the connectivity constraint based on the knowledge model of connectivity maintenance. Various simulations are conducted to verify the effectiveness of the proposed method. Besides, numerous real-world experiments with three-wheel omnidirectional cars and a motion capture system are presented to demonstrate the practicability of the proposed method.","2577-087X","978-1-7281-9077-8","10.1109/ICRA48506.2021.9562017","Research and Development; National Natural Science Foundation of China; Chinese Academy of Sciences; Chinese Academy of Sciences; ","https://ieeexplore.ieee.org/stamp/stamp.jsp?arnumber=9562017","","Training;Automation;Filtering;Conferences;Reinforcement learning;Maintenance engineering;Automobiles","","12","","20","IEEE","18 Oct 2021","30 May-5 June 2021","30 May-5 June 2021","IEEE","IEEE Conferences"
"Remote-Center-of-Motion Recommendation toward Brain Needle Intervention Using Deep Reinforcement Learning","H. Gao; X. Xiao; L. Qiu; M. Q. . -H. Meng; N. K. K. King; H. Ren","Department of Biomedical Engineering, National University of Singapore, Singapore; Department of Electrical and Electronic Engineering, Southern University of Science and Technology, Shenzhen, China; Department of Biomedical Engineering, National University of Singapore, Singapore; Department of Electrical and Electronic Engineering, Southern University of Science and Technology, Shenzhen, China; Department of Surgery, National University of Singapore, Singapore; Department of Electronic Engineering, The Chinese University of Hong Kong",2021 IEEE International Conference on Robotics and Automation (ICRA),"18 Oct 2021","2021","","","8295","8301","Brain needle intervention is a specific diagnosis and therapy procedure in brain disorders, such as brain tumors and Parkinson’s disease. Preoperative needle path planning is a vital step to guarantee the patient’s safety and reduce lesions. For positioning accuracy in the CT/MRI environment, we have developed a novel needle intervention robot in our previous work. Because the robot is currently designed for the rigid needle, the task of preoperative path-planning is to search for an optimal Remote Center of Motion (RCM) for needle insertion. Therefore, this work proposes an RCM recommendation system using deep reinforcement learning. Considering the robot kinematics, this system takes the following criteria/constraints into consideration: clinical obstacle (blood vessels, tissues) avoidance (COA), mechanically inverse kinematics (MIK) and mechanically less motion (MLM) for the robot. We design a reward function to combine the above three criteria based on their corresponding importance level and utilize proximal policy optimization (PPO) as the main agent of reinforcement learning (RL). RL methods are proved to be competent in searching the RCM, which satisfies the above criteria simultaneously. On the one hand, the results present that RL agents obtain the success rate of finishing the designed task at 93%, which has reached the human level in the tests. On the other hand, the RL agents have the remarkable capability of combining more complex criteria/constraints in future work.","2577-087X","978-1-7281-9077-8","10.1109/ICRA48506.2021.9560747","","https://ieeexplore.ieee.org/stamp/stamp.jsp?arnumber=9560747","Remote Center of Motion (RCM);recommendation system;rigid needle;path planning;intervention robot;criteria (COA;MIK;MLM);deep reinforcement learning","Robot kinematics;Medical treatment;Reinforcement learning;Kinematics;Needles;Path planning;Safety","","19","","24","IEEE","18 Oct 2021","30 May-5 June 2021","30 May-5 June 2021","IEEE","IEEE Conferences"
"Autonomous Navigation of an Ultrasound Probe Towards Standard Scan Planes with Deep Reinforcement Learning","K. Li; J. Wang; Y. Xu; H. Qin; D. Liu; L. Liu; M. Q. . -H. Meng","Department of Electronic Engineering, The Chinese University of Hong Kong, Hong Kong, China; School of Biomedical Engineering, Shenzhen University, Shenzhen, China; Department of Electronic Engineering, The Chinese University of Hong Kong, Hong Kong, China; Sonoscape Medical Corp, Shenzhen, China; Department of Pain, Peking University Shenzhen Hospital, Shenzhen, China; Department of Electronic Engineering, The Chinese University of Hong Kong, Hong Kong, China; Department of Electronic and Electrical Engineering of the Southern University of Science and Technology in Shenzhen, China",2021 IEEE International Conference on Robotics and Automation (ICRA),"18 Oct 2021","2021","","","8302","8308","Autonomous ultrasound (US) acquisition is an important yet challenging task, as it involves interpretation of the highly complex and variable images and their spatial relationships. In this work, we propose a deep reinforcement learning framework to autonomously control the 6-D pose of a virtual US probe based on real-time image feedback to navigate towards the standard scan planes under the restrictions in real-world US scans. Furthermore, we propose a confidence-based approach to encode the optimization of image quality in the learning process. We validate our method in a simulation environment built with real-world data collected in the US imaging of the spine. Experimental results demonstrate that our method can perform reproducible US probe navigation towards the standard scan plane with an accuracy of 4.91mm/4.65° in the intra-patient setting, and accomplish the task in the intra- and inter-patient settings with a success rate of 92% and 46%, respectively. The results also show that the introduction of image quality optimization in our method can effectively improve the navigation performance.","2577-087X","978-1-7281-9077-8","10.1109/ICRA48506.2021.9561295","","https://ieeexplore.ieee.org/stamp/stamp.jsp?arnumber=9561295","Autonomous Ultrasound Acquisition;Deep Reinforcement Learning;Image Quality Optimization","Image quality;Ultrasonic imaging;Navigation;Magnetic resonance imaging;Reinforcement learning;Real-time systems;Probes","","66","","30","IEEE","18 Oct 2021","30 May-5 June 2021","30 May-5 June 2021","IEEE","IEEE Conferences"
"Continuous Transition: Improving Sample Efficiency for Continuous Control Problems via MixUp","J. Lin; Z. Huang; K. Wang; X. Liang; W. Chen; L. Lin","Sun Yat-sen University, Guangzhou, China; Dark Matter AI Inc.; Dark Matter AI Inc.; Shenzhen Campus of Sun Yat-sen University, Shenzhen, China; Dark Matter AI Inc.; Sun Yat-sen University, Guangzhou, China",2021 IEEE International Conference on Robotics and Automation (ICRA),"18 Oct 2021","2021","","","9490","9497","Although deep reinforcement learning (RL) has been successfully applied to a variety of robotic control tasks, it’s still challenging to apply it to real-world tasks, due to the poor sample efficiency. Attempting to overcome this shortcoming, several works focus on reusing the collected trajectory data during the training by decomposing them into a set of policy-irrelevant discrete transitions. However, their improvements are somewhat marginal since i) the amount of the transitions is usually small, and ii) the value assignment only happens in the joint states. To address these issues, this paper introduces a concise yet powerful method to construct Continuous Transition, which exploits the trajectory information by exploiting the potential transitions along the trajectory. Specifically, we propose to synthesize new transitions for training by linearly interpolating the consecutive transitions. To keep the constructed transitions authentic, we also develop a discriminator to guide the construction process automatically. Extensive experiments demonstrate that our proposed method achieves a significant improvement in sample efficiency on various complex continuous robotic control problems in MuJoCo and outperforms the advanced model-based / model-free RL methods. The source code is available1.","2577-087X","978-1-7281-9077-8","10.1109/ICRA48506.2021.9561137","National Natural Science Foundation of China; ","https://ieeexplore.ieee.org/stamp/stamp.jsp?arnumber=9561137","","Training;Interpolation;Temperature distribution;Codes;Automation;Conferences;Reinforcement learning","","6","","58","IEEE","18 Oct 2021","30 May-5 June 2021","30 May-5 June 2021","IEEE","IEEE Conferences"
"Prediction-Based Reachability for Collision Avoidance in Autonomous Driving","A. Li; L. Sun; W. Zhan; M. Tomizuka; M. Chen","School of Computing Science, Simon Fraser University, Burnaby, BC, Canada; Department of Mechanical Engineering, University of California, Berkeley, CA, USA; Department of Mechanical Engineering, University of California, Berkeley, CA, USA; Department of Mechanical Engineering, University of California, Berkeley, CA, USA; School of Computing Science, Simon Fraser University, Burnaby, BC, Canada",2021 IEEE International Conference on Robotics and Automation (ICRA),"18 Oct 2021","2021","","","7908","7914","Safety is an important topic in autonomous driving since any collision may cause serious injury to people and damage to property. Hamilton-Jacobi (HJ) Reachability is a formal method that verifies safety in multi-agent interaction and provides a safety controller for collision avoidance. However, due to the worst-case assumption on the car’s future behaviours, reachability might result in too much conservatism such that the normal operation of the vehicle is badly hindered. In this paper, we leverage the power of trajectory prediction and propose a prediction-based reachability framework to compute safety controllers. Instead of always assuming the worst case, we cluster the car’s behaviors into multiple driving modes, e.g. left turn or right turn. Under each mode, a reachability-based safety controller is designed based on a less conservative action set. For online implementation, we first utilize the trajectory prediction and our proposed mode classifier to predict the possible modes, and then deploy the corresponding safety controller. Through simulations in a T-intersection and an 8-way roundabout, we demonstrate that our prediction-based reachability method largely avoids collision between two interacting cars and reduces the conservatism that the safety controller brings to the car’s original operation.","2577-087X","978-1-7281-9077-8","10.1109/ICRA48506.2021.9560790","","https://ieeexplore.ieee.org/stamp/stamp.jsp?arnumber=9560790","","Switches;Predictive models;Safety;Trajectory;Planning;Automobiles;Collision avoidance","","31","","39","IEEE","18 Oct 2021","30 May-5 June 2021","30 May-5 June 2021","IEEE","IEEE Conferences"
"Reinforcement Learning Control of A Novel Magnetic Actuated Flexible-joint Robotic Camera System for Single Incision Laparoscopic Surgery","D. Xu; Y. Zhang; W. Tan; H. Wei","School of Automation Science and Electrical Engineering, Beihang University, Beijing, China; School of Automation Science and Electrical Engineering, Beihang University, Beijing, China; School of Mechanical Engineering and Automation, Beihang University, Beijing, China; School of Mechanical Engineering and Automation, Beihang University, Beijing, China",2021 IEEE International Conference on Robotics and Automation (ICRA),"18 Oct 2021","2021","","","1236","1241","This paper describes the control of a novel Magnetic Actuated Flexible-joint Robotic Surgical (MAFRS) camera system with four degrees of freedom (4-DOF) for single incision laparoscopic surgery. Based on the idea of motion decoupling, we designed a novel MAFRS system which is consists of an external driving device and a motor-free insertable wireless robotic device with a hollow flexible joint. Due to the problems of abdominal wall obstruction and variability in abdominal wall thickness during the actual application of the MAFRS system, as well as the existence of multiple permanent magnets and magnetically conductive media, high- precision position and attitude control of the insertable device without onboard motors has always been a challenge. We use the external driving device to generate a magnetic field to control the position and attitude of the internal robotic device. Aiming at the automatic precise tilt motion control of the novel MAFRS camera system, we have developed a closed-loop control scheme using the Deep Deterministic Policy Gradient (DDPG) algorithm. By referring to the damping characteristics of human muscles, a virtual-muscle method is proposed to eliminate the chattering problem of the MAFRS camera at specific angles. The experimental investigations indicate that the internal robotic device can be effectively controlled under different abdominal wall thicknesses. The tilt motion control accuracy is within 0.5°, and it has good adaptability and antiinterference performance.","2577-087X","978-1-7281-9077-8","10.1109/ICRA48506.2021.9560927","Nature; ","https://ieeexplore.ieee.org/stamp/stamp.jsp?arnumber=9560927","","Motion planning;Wireless communication;Minimally invasive surgery;Attitude control;Magnetomechanical effects;Robot vision systems;Reinforcement learning","","5","","17","IEEE","18 Oct 2021","30 May-5 June 2021","30 May-5 June 2021","IEEE","IEEE Conferences"
"Proactive Action Visual Residual Reinforcement Learning for Contact-Rich Tasks Using a Torque-Controlled Robot","Y. Shi; Z. Chen; H. Liu; S. Riedel; C. Gao; Q. Feng; J. Deng; J. Zhang","Department of Informatics, TAMS (Technical Aspects of Multimodal Systems), Universität Hamburg; Agile Robots AG; Technische Universität München; Agile Robots AG; Agile Robots AG; Technische Universität München; Agile Robots AG; Department of Informatics, TAMS (Technical Aspects of Multimodal Systems), Universität Hamburg",2021 IEEE International Conference on Robotics and Automation (ICRA),"18 Oct 2021","2021","","","765","771","Contact-rich manipulation tasks are commonly found in modern manufacturing settings. However, manually designing a robot controller is considered hard for traditional control methods as the controller requires an effective combination of modalities and vastly different characteristics. In this paper, we first consider incorporating operational space visual and haptic information into a reinforcement learning (RL) method to solve the target uncertainty problems in unstructured environments. Moreover, we propose a novel idea of introducing a proactive action to solve a partially observable Markov decision process (POMDP) problem. With these two ideas, our method can either adapt to reasonable variations in unstructured environments or improve the sample efficiency of policy learning. We evaluated our method on a task that involved inserting a random-access memory (RAM) using a torque-controlled robot and tested the success rates of different baselines used in the traditional methods. We proved that our method is robust and can tolerate environmental variations.","2577-087X","978-1-7281-9077-8","10.1109/ICRA48506.2021.9561162","National Science Foundation; ","https://ieeexplore.ieee.org/stamp/stamp.jsp?arnumber=9561162","","Visualization;Uncertainty;Conferences;Random access memory;Reinforcement learning;Markov processes;Manufacturing","","16","","35","IEEE","18 Oct 2021","30 May-5 June 2021","30 May-5 June 2021","IEEE","IEEE Conferences"
"Modeling Affect-based Intrinsic Rewards for Exploration and Learning","D. Zadok; D. McDuff; A. Kapoor","Computer Science Department, Technion, Haifa, Israel; Microsoft Research, Redmond, WA, USA; Microsoft Research, Redmond, WA, USA",2021 IEEE International Conference on Robotics and Automation (ICRA),"18 Oct 2021","2021","","","13078","13084","Positive affect has been linked to increased interest, curiosity and satisfaction in human learning. In reinforcement learning, extrinsic rewards are often sparse and difficult to define, intrinsically motivated learning can help address these challenges. We argue that positive affect is an important intrinsic reward that effectively helps drive exploration that is useful in gathering experiences. We present a novel approach leveraging a task-independent reward function trained on spontaneous smile behavior that reflects the intrinsic reward of positive affect. To evaluate our approach we trained several downstream computer vision tasks on data collected with our policy and several baseline methods. We show that the policy based on our affective rewards successfully increases the duration of episodes, the area explored and reduces collisions. The impact is the increased speed of learning for several downstream computer vision tasks.","2577-087X","978-1-7281-9077-8","10.1109/ICRA48506.2021.9562098","","https://ieeexplore.ieee.org/stamp/stamp.jsp?arnumber=9562098","","Computer vision;Automation;Conferences;Computational modeling;Reinforcement learning;Task analysis","","4","","44","IEEE","18 Oct 2021","30 May-5 June 2021","30 May-5 June 2021","IEEE","IEEE Conferences"
"Two-stream 2D/3D Residual Networks for Learning Robot Manipulations from Human Demonstration Videos","X. Xu; K. Qian; B. Zhou; S. Chen; Y. Li","School of Automation, Southeast University and the Key Laboratory of Measurement and Control of CSE, Ministry of Education, Nanjing, China; School of Automation, Southeast University and the Key Laboratory of Measurement and Control of CSE, Ministry of Education, Nanjing, China; School of Automation, Southeast University and the Key Laboratory of Measurement and Control of CSE, Ministry of Education, Nanjing, China; School of Automation, Southeast University and the Key Laboratory of Measurement and Control of CSE, Ministry of Education, Nanjing, China; School of Automation, Southeast University and the Key Laboratory of Measurement and Control of CSE, Ministry of Education, Nanjing, China",2021 IEEE International Conference on Robotics and Automation (ICRA),"18 Oct 2021","2021","","","3353","3358","Learning manipulation skills from observing human demonstration videos is a promising aspect for intelligent robotic systems. Recent advances in video to command provide an end-to-end approach to translate a video into robot plans. However, the general video captioning methods focus more on the understanding of the full frame, while they lack the consideration of the spatio-temporal features in videos. In this paper, we proposed the two-stream 2D/3D residual networks for robots to learn manipulation tasks from human demonstration videos. We integrate spatial features with 2D residual network and temporal features with 3D residual network as inputs for RNN layers. An encoder-decoder architecture is then used to encode the spatio-temporal features and sequentially generate the command words. Experimental results on an extended manipulation dataset show that our approach outperforms the state-of-the-art methods. Real-world experiments results on a Baxter robotic arm indicate that our method could produce more accurate commands from video demonstrations.","2577-087X","978-1-7281-9077-8","10.1109/ICRA48506.2021.9561308","Natural Science Foundation of Jiangsu Province; National Natural Science Foundation of China; Fundamental Research Funds for the Central Universities; ","https://ieeexplore.ieee.org/stamp/stamp.jsp?arnumber=9561308","","Training;Three-dimensional displays;Natural languages;Feature extraction;Manipulators;Spatiotemporal phenomena;Task analysis","","8","","28","IEEE","18 Oct 2021","30 May-5 June 2021","30 May-5 June 2021","IEEE","IEEE Conferences"
"Autonomous Overtaking in Gran Turismo Sport Using Curriculum Reinforcement Learning","Y. Song; H. Lin; E. Kaufmann; P. Dürr; D. Scaramuzza","Dep. of Informatics, Robotics and Perception Group, University of Zurich; Sony AI Zurich; Dep. of Informatics, Robotics and Perception Group, University of Zurich; Sony AI Zurich; Dep. of Informatics, Robotics and Perception Group, University of Zurich",2021 IEEE International Conference on Robotics and Automation (ICRA),"18 Oct 2021","2021","","","9403","9409","Professional race-car drivers can execute extreme overtaking maneuvers. However, existing algorithms for autonomous overtaking either rely on simplified assumptions about the vehicle dynamics or try to solve expensive trajectory-optimization problems online. When the vehicle approaches its physical limits, existing model-based controllers struggle to handle highly nonlinear dynamics, and cannot leverage the large volume of data generated by simulation or real-world driving. To circumvent these limitations, we propose a new learning-based method to tackle the autonomous overtaking problem. We evaluate our approach in the popular car racing game Gran Turismo Sport, which is known for its detailed modeling of various cars and tracks. By leveraging curriculum learning, our approach leads to faster convergence as well as increased performance compared to vanilla reinforcement learning. As a result, the trained controller outperforms the built-in model-based game AI and achieves comparable over-taking performance with an experienced human driver.","2577-087X","978-1-7281-9077-8","10.1109/ICRA48506.2021.9561049","","https://ieeexplore.ieee.org/stamp/stamp.jsp?arnumber=9561049","","Solid modeling;Reinforcement learning;Games;Data models;Automobiles;Vehicle dynamics;Task analysis","","67","","27","IEEE","18 Oct 2021","30 May-5 June 2021","30 May-5 June 2021","IEEE","IEEE Conferences"
"Relational Navigation Learning in Continuous Action Space among Crowds","X. Zhang; W. Xi; X. Guo; Y. Fang; B. Wang; W. Liu; J. Hao","Institute of Robotics and Automatic Information System, College of Artificial Intelligence, Nankai University, China; Institute of Robotics and Automatic Information System, College of Artificial Intelligence, Nankai University, China; Institute of Robotics and Automatic Information System, College of Artificial Intelligence, Nankai University, China; Institute of Robotics and Automatic Information System, College of Artificial Intelligence, Nankai University, China; Noah's Ark Lab, Huawei Technologies, China; Noah's Ark Lab, Huawei Technologies, China; Noah's Ark Lab, Huawei Technologies, China",2021 IEEE International Conference on Robotics and Automation (ICRA),"18 Oct 2021","2021","","","3175","3181","In this paper, a novel navigation learning method in continuous action space among crowds based on relational graph is proposed which can be directly deployed on differential-drive mobile robots without any change. More specifically, in order to increase generalization ability in crowd sizes, Graph Convolutional Network (GCN) is at first adopted to extract the relationships between robot and pedestrians. Then the relation features are further utilized as the inputs of the pedestrian state prediction network, the actor network, and the critic network. To efficiently and safely learn the navigation policy, all networks are pretrained through imitating ORCA which is a state-of-the-art algorithm in crowd navigation, and then a model-based reinforcement learning (RL) method which combines the model prediction and the clipped advantage-weighted regression is proposed to finetune the networks. Finally, simulation experiments are performed and it’s verified that the proposed learning method performs significantly better than ORCA and the other state-of-the-art RL methods.","2577-087X","978-1-7281-9077-8","10.1109/ICRA48506.2021.9561884","National Natural Science Foundation of China; ","https://ieeexplore.ieee.org/stamp/stamp.jsp?arnumber=9561884","","Learning systems;Training;Automation;Navigation;Conferences;Reinforcement learning;Predictive models","","8","","22","IEEE","18 Oct 2021","30 May-5 June 2021","30 May-5 June 2021","IEEE","IEEE Conferences"
"Limits of Probabilistic Safety Guarantees when Considering Human Uncertainty","R. Cheng; R. M. Murray; J. W. Burdick","California Institute of Technology, Pasadena, CA, USA; California Institute of Technology, Pasadena, CA, USA; California Institute of Technology, Pasadena, CA, USA",2021 IEEE International Conference on Robotics and Automation (ICRA),"18 Oct 2021","2021","","","3182","3189","When autonomous robots interact with humans, such as during autonomous driving, explicit safety guarantees are crucial in order to avoid potentially life-threatening accidents. Many data-driven methods have explored learning probabilistic bounds over human agents’ trajectories (i.e. confidence tubes that contain trajectories with probability δ), which can then be used to guarantee safety with probability 1− δ. However, almost all existing works consider δ ≥ 0.001. The purpose of this paper is to argue that (1) in safety-critical applications, it is necessary to provide safety guarantees with δ < 10−8, and (2) current learning-based methods are illequipped to compute accurate confidence bounds at such low δ. Using human driving data (from the highD dataset), as well as synthetically generated data, we show that current uncertainty models use inaccurate distributional assumptions to describe human behavior and/or require infeasible amounts of data to accurately learn confidence bounds for δ ≤ 10−8. These two issues result in unreliable confidence bounds, which can have dangerous implications if deployed on safety-critical systems.","2577-087X","978-1-7281-9077-8","10.1109/ICRA48506.2021.9561843","","https://ieeexplore.ieee.org/stamp/stamp.jsp?arnumber=9561843","","Learning systems;Uncertainty;Conferences;Computational modeling;Probabilistic logic;Data models;Safety","","7","","55","IEEE","18 Oct 2021","30 May-5 June 2021","30 May-5 June 2021","IEEE","IEEE Conferences"
"Deep Reinforcement Learning Framework for Underwater Locomotion of Soft Robot","G. Li; J. Shintake; M. Hayashibe","Department of Robotics, Graduate School of Engineering, Neuro-Robotics Lab, Tohoku University, Sendai, Japan; Department of Mechanical and Intelligent Systems Engineering, University of Electro-Communications, Tokyo, Japan; Department of Robotics, Graduate School of Engineering, Neuro-Robotics Lab, Tohoku University, Sendai, Japan",2021 IEEE International Conference on Robotics and Automation (ICRA),"18 Oct 2021","2021","","","12033","12039","Soft robotics is an emerging technology with excellent application prospects. However, due to the inherent compliance of the materials used to build soft robots, it is extremely complicated to control soft robots accurately. In this paper, we introduce a data-based control framework for solving the soft robot underwater locomotion problem using deep reinforcement learning (DRL). We first built a soft robot that can swim based on the dielectric elastomer actuator (DEA). We then modeled it in a simulation for the purpose of training the neural network and tested the performance of the control framework through real experiments on the robot. The framework includes the following: a simulation method for the soft robot that can be used to collect data for training the neural network, the neural network controller of the swimming robot trained in the simulation environment, and the computer vision method to collect the observation space from the real robot using a camera. We confirmed the effectiveness of the learning method for the soft swimming robot in the simulation environment by allowing the robot to learn how to move from a random initial state to a specific direction. After obtaining the trained neural network through the simulation, we deployed it on the real robot and tested the performance of the control framework. The soft robot successfully achieved the goal of moving in a straight line in disturbed water. The experimental results suggest the potential of using deep reinforcement learning to improve the locomotion ability of mobile soft robots.","2577-087X","978-1-7281-9077-8","10.1109/ICRA48506.2021.9561145","","https://ieeexplore.ieee.org/stamp/stamp.jsp?arnumber=9561145","","Training;Learning systems;Aquatic robots;Computational modeling;Neural networks;Robot vision systems;Reinforcement learning","","41","","27","IEEE","18 Oct 2021","30 May-5 June 2021","30 May-5 June 2021","IEEE","IEEE Conferences"
"A Parallelized Iterative Algorithm for Real-Time Simulation of Long Flexible Cable Manipulation","J. Lee; M. Lee; J. Yoon; D. Lee","Department of Mechanical & Aerospace Engineering and IAMD, Seoul National University, Seoul, Republic of Korea; Department of Mechanical & Aerospace Engineering and IAMD, Seoul National University, Seoul, Republic of Korea; Department of Mechanical & Aerospace Engineering and IAMD, Seoul National University, Seoul, Republic of Korea; Department of Mechanical & Aerospace Engineering and IAMD, Seoul National University, Seoul, Republic of Korea",2021 IEEE International Conference on Robotics and Automation (ICRA),"18 Oct 2021","2021","","","12040","12046","We propose a novel real-time physically-accurate simulator for long flexible cable manipulation. We first discretize the cable into multiple rigid link segments, each with complementarity-based contact model and inter-segment compliant coupling; and partition the cable into a number of subsystems, each composed with a number of consecutive links. We then formulate the inter-subsystem consistency constraint as a certain analytical condition among the inter-subsystem coupling and the contact impulses; and solve each subsystem dynamics in parallel with the contact model together with this consistency condition in an iterative manner, achieving both the speed and the accuracy of the simulation. A novel post-regulation scheme is also proposed to further speed up the simulation. Experimental validation/demonstration are also performed to show the theory.","2577-087X","978-1-7281-9077-8","10.1109/ICRA48506.2021.9561905","Technology Development; ","https://ieeexplore.ieee.org/stamp/stamp.jsp?arnumber=9561905","","Couplings;Deformable models;Analytical models;Automation;Conferences;Reinforcement learning;Real-time systems","","3","","30","IEEE","18 Oct 2021","30 May-5 June 2021","30 May-5 June 2021","IEEE","IEEE Conferences"
"Context-Aware Safe Reinforcement Learning for Non-Stationary Environments","B. Chen; Z. Liu; J. Zhu; M. Xu; W. Ding; L. Li; D. Zhao","State Key Laboratory of Automotive Safety and Energy, Tsinghua University, Beijing, China; Department of Mechanical Engineering, Carnegie Mellon University, USA; Department of Mechanical Engineering, Carnegie Mellon University, USA; Department of Mechanical Engineering, Carnegie Mellon University, USA; Department of Mechanical Engineering, Carnegie Mellon University, USA; State Key Laboratory of Automotive Safety and Energy, Tsinghua University, Beijing, China; Department of Mechanical Engineering, Carnegie Mellon University, USA",2021 IEEE International Conference on Robotics and Automation (ICRA),"18 Oct 2021","2021","","","10689","10695","Safety is a critical concern when deploying reinforcement learning agents for realistic tasks. Recently, safe reinforcement learning algorithms have been developed to optimize the agent’s performance while avoiding violations of safety constraints. However, few studies have addressed the nonstationary disturbances in the environments, which may cause catastrophic outcomes. In this paper, we propose the context-aware safe reinforcement learning (CASRL) method, a metal-earning framework to realize safe adaptation in non-stationary environments. We use a probabilistic latent variable model to achieve fast inference of the posterior environment transition distribution given the context data. Safety constraints are then evaluated with uncertainty-aware trajectory sampling. Prior safety constraints are formulated with domain knowledge to improve safety during exploration. The algorithm is evaluated in realistic safety-critical environments with non-stationary disturbances. Results show that the proposed algorithm significantly outperforms existing baselines in terms of safety and robustness.","2577-087X","978-1-7281-9077-8","10.1109/ICRA48506.2021.9561593","","https://ieeexplore.ieee.org/stamp/stamp.jsp?arnumber=9561593","","Adaptation models;Uncertainty;Toy manufacturing industry;Reinforcement learning;Probabilistic logic;Inference algorithms;Robustness","","21","","35","IEEE","18 Oct 2021","30 May-5 June 2021","30 May-5 June 2021","IEEE","IEEE Conferences"
"Quantification of Joint Redundancy considering Dynamic Feasibility using Deep Reinforcement Learning","J. Chai; M. Hayashibe","Department of Robotics, Neuro-Robotics Lab, Graduate School of Engineering, Tohoku University, Sendai, Japan; Department of Robotics, Neuro-Robotics Lab, Graduate School of Engineering, Tohoku University, Sendai, Japan",2021 IEEE International Conference on Robotics and Automation (ICRA),"18 Oct 2021","2021","","","10712","10718","The robotic joint redundancy for executing a task and the optimal usage of robotic joints given the redundant degrees of freedom are crucial for the performance of a robot. It is therefore of interest to quantify the joint redundancy to better understand the robotic dexterity considering the dynamic feasibility. To this end, model-based approaches have been among the most commonly used methods to quantify the joint redundancy of simple robots analytically. However, this classical approach fails when applied to non-conventional complex robots. In this study, we propose a new method based on a deep reinforcement learning-derived metric, the synergy exploration area (SEA) metric, for the quantification of redundancy with a given dynamic environment. We conducted various experiments with different robotic structures for different tasks, ranging from simple robotic arm manipulation to more complex robotic locomotion. The experimental results show that the SEA metric can effectively quantify the relative joint redundancy over different robotic structures with varying degrees of freedom under unknown dynamic situations.","2577-087X","978-1-7281-9077-8","10.1109/ICRA48506.2021.9561048","","https://ieeexplore.ieee.org/stamp/stamp.jsp?arnumber=9561048","","Measurement;Analytical models;Redundancy;Dynamics;Reinforcement learning;Manipulators;Distance measurement","","","","29","IEEE","18 Oct 2021","30 May-5 June 2021","30 May-5 June 2021","IEEE","IEEE Conferences"
"Extendable Navigation Network based Reinforcement Learning for Indoor Robot Exploration","W. -C. Lee; M. C. Lim; H. -L. Choi","Department of Aerospace Engineering, KAIST, Daejeon, Korea; Department of Aerospace Engineering, KAIST, Daejeon, Korea; Department of Aerospace Engineering, KAIST, Daejeon, Korea",2021 IEEE International Conference on Robotics and Automation (ICRA),"18 Oct 2021","2021","","","11508","11514","This paper presents a navigation network based deep reinforcement learning framework for autonomous indoor robot exploration. The presented method features a pattern cognitive non-myopic exploration strategy that can better reflect universal preferences for structure. We propose the Extendable Navigation Network (ENN) to encode the partially observed high-dimensional indoor Euclidean space to a sparse graph representation. The robot’s motion is generated by a learned Q-network whose input is the ENN. The proposed framework is applied to a robot equipped with a 2D LIDAR sensor in the GAZEBO simulation where floor plans of real buildings are implemented. The experiments demonstrate the efficiency of the framework in terms of exploration time.","2577-087X","978-1-7281-9077-8","10.1109/ICRA48506.2021.9561040","Research and Development; ","https://ieeexplore.ieee.org/stamp/stamp.jsp?arnumber=9561040","","Laser radar;Automation;Navigation;Conferences;Buildings;Reinforcement learning;Robot sensing systems","","12","","28","IEEE","18 Oct 2021","30 May-5 June 2021","30 May-5 June 2021","IEEE","IEEE Conferences"
"Robotic Imitation of Human Assembly Skills Using Hybrid Trajectory and Force Learning","Y. Wang; C. C. Beltran-Hernandez; W. Wan; K. Harada","Department of Systems Innovation, Graduate School of Engineering Science, Osaka University, Japan; Department of Systems Innovation, Graduate School of Engineering Science, Osaka University, Japan; Department of Systems Innovation, Graduate School of Engineering Science, Osaka University, Japan; Department of Systems Innovation, Graduate School of Engineering Science, Osaka University, Japan",2021 IEEE International Conference on Robotics and Automation (ICRA),"18 Oct 2021","2021","","","11278","11284","Robotic assembly tasks involve complex and low-clearance insertion trajectories with varying contact forces at different stages. While the nominal motion trajectory can be easily obtained from human demonstrations through kinesthetic teaching, teleoperation, simulation, among other methods, the force profile is harder to obtain especially when a real robot is unavailable. It is difficult to obtain a realistic force profile in simulation even with physics engines. Such simulated force profiles tend to be unsuitable for the actual robotic assembly due to the reality gap and uncertainty in the assembly process. To address this problem, we present a combined learning-based framework to imitate human assembly skills through hybrid trajectory learning and force learning. The main contribution of this work is the development of a framework that combines hierarchical imitation learning, to learn the nominal motion trajectory, with a reinforcement learning-based force control scheme to learn an optimal force control policy. To further improve the imitation learning part, we develop a hierarchical architecture, following the idea of goal-conditioned imitation learning, to generate the trajectory learning policy on the skill level offline. Through experimental validations, we corroborate that the proposed learning-based framework is robust to uncertainty in the assembly task, can generate high-quality trajectories, and can find suitable force control policies, which adapt to the task’s force requirements more efficiently.","2577-087X","978-1-7281-9077-8","10.1109/ICRA48506.2021.9561619","China Scholarship Council; ","https://ieeexplore.ieee.org/stamp/stamp.jsp?arnumber=9561619","","Robotic assembly;Uncertainty;Force;Education;Trajectory;Task analysis;Force control","","23","","37","IEEE","18 Oct 2021","30 May-5 June 2021","30 May-5 June 2021","IEEE","IEEE Conferences"
"Vision-Based Mobile Robotics Obstacle Avoidance With Deep Reinforcement Learning","P. Wenzel; T. Schön; L. Leal-Taixé; D. Cremers","Technical University of Munich, Germany; Technische Hochschule Ingolstadt, Ingolstadt, Germany; Technical University of Munich, Germany; Technical University of Munich, Germany",2021 IEEE International Conference on Robotics and Automation (ICRA),"18 Oct 2021","2021","","","14360","14366","Obstacle avoidance is a fundamental and challenging problem for autonomous navigation of mobile robots. In this paper, we consider the problem of obstacle avoidance in simple 3D environments where the robot has to solely rely on a single monocular camera. In particular, we are interested in solving this problem without relying on localization, mapping, or planning techniques. Most of the existing work consider obstacle avoidance as two separate problems, namely obstacle detection, and control. Inspired by the recent advantages of deep reinforcement learning in Atari games and understanding highly complex situations in Go, we tackle the obstacle avoidance problem as a data-driven end-to-end deep learning approach. Our approach takes raw images as input and generates control commands as output. We show that discrete action spaces are outperforming continuous control commands in terms of expected average reward in maze-like environments. Furthermore, we show how to accelerate the learning and increase the robustness of the policy by incorporating predicted depth maps by a generative adversarial network.","2577-087X","978-1-7281-9077-8","10.1109/ICRA48506.2021.9560787","","https://ieeexplore.ieee.org/stamp/stamp.jsp?arnumber=9560787","","Training;Navigation;Robot vision systems;Reinforcement learning;Gray-scale;Aerospace electronics;Cameras","","54","","27","IEEE","18 Oct 2021","30 May-5 June 2021","30 May-5 June 2021","IEEE","IEEE Conferences"
"Reinforcement Learning for Orientation Estimation Using Inertial Sensors with Performance Guarantee","L. Hu; Y. Tang; Z. Zhou; W. Pan","School of Computer Science and Electronic Engineering, University of Essex, UK; Department of Cognitive Robotics, Delft University of Technology, Netherlands; Department of Cognitive Robotics, Delft University of Technology, Netherlands; Department of Cognitive Robotics, Delft University of Technology, Netherlands",2021 IEEE International Conference on Robotics and Automation (ICRA),"18 Oct 2021","2021","","","10243","10249","This paper presents a deep reinforcement learning (DRL) algorithm for orientation estimation using inertial sensors combined with a magnetometer. Lyapunov’s method in control theory is employed to prove the convergence of orientation estimation errors. The estimator gains and a Lyapunov function are parametrised by deep neural networks and learned from samples based on the theoretical results. The DRL estimator is compared with three well-known orientation estimation methods on both numerical simulations and real dataset collected from commercially available sensors. The results show that the proposed algorithm is superior for arbitrary estimation initialisation and can adapt to a drastic angular velocity profile for which other algorithms can be hardly applicable. To the best of our knowledge, this is the first DRL-based orientation estimation method with an estimation error boundedness guarantee.","2577-087X","978-1-7281-9077-8","10.1109/ICRA48506.2021.9561440","China Scholarship Council; ","https://ieeexplore.ieee.org/stamp/stamp.jsp?arnumber=9561440","","Estimation error;Magnetometers;Inertial sensors;Quaternions;Reinforcement learning;Solids;Numerical simulation","","9","","32","IEEE","18 Oct 2021","30 May-5 June 2021","30 May-5 June 2021","IEEE","IEEE Conferences"
"A Novel Hybrid Approach for Fault-Tolerant Control of UAVs based on Robust Reinforcement Learning","Y. Sohège; M. Quiñones-Grueiro; G. Provan","Insight Centre for Data Analytics, University College Cork, Cork, Ireland; ISIS, Vanderbilt University, Nashville, Tennessee, USA; Insight Centre for Data Analytics, University College Cork, Cork, Ireland",2021 IEEE International Conference on Robotics and Automation (ICRA),"18 Oct 2021","2021","","","10719","10725","The control of complex autonomous systems has significantly improved in recent years and unmanned aerial vehicles (UAVs) have become popular in the research community. Although the use of UAVs is increasing, much work remains to guarantee fault- tolerant control (FTC) properties of these vehicles. Model-based controllers are the standard way to control UAVs, however obtaining models of the system and environment for every possible operating condition a UAV can experience in a real-world scenario is not feasible. Reinforcement Learning has shown promise in controlling complex systems but requires training in a simulator (requiring a model) of the system. Further, stability guarantees do not exist for learning-based controllers, which limits their large scale application in the real-world. We propose a novel hybrid FTC approach that uses a learned supervisory controller (together with low-level PID controllers) with key stability guarantees. We use a robust reinforcement learning approach to learn the supervisory control parameters and prove stability. We empirically validate our framework using trajectory-following experiments (in simulation) for a quadcopter subject to rotor faults, wind disturbances, and severe position and attitude noise.","2577-087X","978-1-7281-9077-8","10.1109/ICRA48506.2021.9562097","","https://ieeexplore.ieee.org/stamp/stamp.jsp?arnumber=9562097","","Training;Fault tolerant systems;Rotors;Reinforcement learning;Aerospace electronics;Supervisory control;Stability analysis","","10","","33","IEEE","18 Oct 2021","30 May-5 June 2021","30 May-5 June 2021","IEEE","IEEE Conferences"
"Using Reinforcement Learning to Create Control Barrier Functions for Explicit Risk Mitigation in Adversarial Environments","E. Scukins; P. Ögren","Aeronautics Division, SAAB, Linköping, Sweden; Robotics, Perception and Learning Lab., School of Electrical Engineering and Computer Science, Royal Institute of Technology (KTH), Stockholm, Sweden",2021 IEEE International Conference on Robotics and Automation (ICRA),"18 Oct 2021","2021","","","10734","10740","Air Combat is a high-risk activity carried out by trained professionals operating sophisticated equipment. During this activity, a number of trade-offs have to be made, such as the balance between risk and efficiency. A policy that minimizes risk could have very low efficiency, and one that maximizes efficiency may involve very high risk.In this study, we use Reinforcement Learning (RL) to create Control Barrier Functions (CBF) that captures the current risk, in terms of worst-case future separation between the aircraft and an enemy missile. CBFs are usually designed manually as closed-form expressions, but for a complex system such as a guided missile, this is not possible. Instead, we solve an RL problem using high fidelity simulation models to find value functions with CBF properties, that can then be used to guarantee safety in real air combat situations. We also provide a theoretical analysis of what family of RL problems result in value functions that can be used as CBFs in this way.The proposed approach allows the pilot in an air combat scenario to set the exposure level deemed acceptable and continuously monitor the risk related to his/her own safety. Given input regarding acceptable risk, the system limits the choices of the pilot to those that guarantee future satisfaction of the provided bound.","2577-087X","978-1-7281-9077-8","10.1109/ICRA48506.2021.9561853","Vinnova; ","https://ieeexplore.ieee.org/stamp/stamp.jsp?arnumber=9561853","Control Barrier Functions;Reinforcement Learning;Safe Exploration","Missiles;Atmospheric modeling;Reinforcement learning;Tools;Mathematical models;Safety;Risk management","","11","","22","IEEE","18 Oct 2021","30 May-5 June 2021","30 May-5 June 2021","IEEE","IEEE Conferences"
"Subsequent Keyframe Generation for Visual Servoing","N. Crombez; J. Buisson; Z. Yan; Y. Ruichek","CIAD Laboratory, Université Bourgogne Franche-Comté, UTBM, Belfort, France; CIAD Laboratory, Université Bourgogne Franche-Comté, UTBM, Belfort, France; CIAD Laboratory, Université Bourgogne Franche-Comté, UTBM, Belfort, France; CIAD Laboratory, Université Bourgogne Franche-Comté, UTBM, Belfort, France",2021 IEEE International Conference on Robotics and Automation (ICRA),"18 Oct 2021","2021","","","14439","14445","In this paper, we study the problem of autonomous and reliable positioning of a camera w.r.t. an object when only this latter is known but not the rest of the scene. We propose to combine the advantages and efficiency of a visual servoing scheme and the generalization ability of a generative adversarial network. The paper describes how to efficiently create a synthetic dataset in order to train a network that predicts an intermediate visual keyframe between two images. Subsequent predictions are used as visual features to autonomously converge towards the desired pose even for large displacements. We show that the proposed method can be used without any prior knowledge on the scene appearance except for the object itself, while being robust to various lighting conditions and specular surfaces. We provide experimental results, both in simulation and using a real service robot platform to validate and evaluate the effectiveness, robustness, and accuracy of our approach.","2577-087X","978-1-7281-9077-8","10.1109/ICRA48506.2021.9561163","","https://ieeexplore.ieee.org/stamp/stamp.jsp?arnumber=9561163","","Visualization;Automation;Service robots;Conferences;Lighting;Generative adversarial networks;Cameras","","1","","26","IEEE","18 Oct 2021","30 May-5 June 2021","30 May-5 June 2021","IEEE","IEEE Conferences"
"Reward Conditioned Neural Movement Primitives for Population-Based Variational Policy Optimization","M. T. Akbulut; U. Bozdogan; A. Tekden; E. Ugur","Department of Computer Engineering, Bogazici University, Turkey; Department of Computer Engineering, Bogazici University, Turkey; Department of Computer Engineering, Bogazici University, Turkey; Department of Computer Engineering, Bogazici University, Turkey",2021 IEEE International Conference on Robotics and Automation (ICRA),"18 Oct 2021","2021","","","10808","10814","This paper aims to study the reward-based policy exploration problem in a supervised learning approach and enable robots to form complex movement trajectories in challenging reward settings and search spaces. For this, the experience of the robot, which can be bootstrapped from demonstrated trajectories, is used to train a novel Neural Processes-based deep network that samples from its latent space and generates the required trajectories given desired rewards. Our framework can generate progressively improved trajectories by sampling them from high reward landscapes, increasing the reward gradually. Variational inference is used to create a stochastic latent space to sample varying trajectories in generating a population of trajectories given target rewards. We benefit from Evolutionary Strategies and propose a novel crossover operation, which is applied in the self-organized latent space of the individual policies, allowing blending of the individuals that might address different factors in the reward function. Using a number of tasks that require sequential reaching to multiple points or passing through gaps between objects, we showed that our method provides stable learning progress and significantly higher sample efficiency compared to a number of state-of-the-art robotic reinforcement learning methods. Finally, we show the real-world suitability of our method through real robot execution involving obstacle avoidance.","2577-087X","978-1-7281-9077-8","10.1109/ICRA48506.2021.9560897","","https://ieeexplore.ieee.org/stamp/stamp.jsp?arnumber=9560897","","Supervised learning;Sociology;Stochastic processes;Reinforcement learning;Search problems;Trajectory;Statistics","","6","","44","IEEE","18 Oct 2021","30 May-5 June 2021","30 May-5 June 2021","IEEE","IEEE Conferences"
"Contextual Latent-Movements Off-Policy Optimization for Robotic Manipulation Skills","S. Tosatto; G. Chalvatzaki; J. Peters","Intelligent Autonomous Systems, Technische Universität Darmstadt, Darmstadt, Germany; Intelligent Autonomous Systems, Technische Universität Darmstadt, Darmstadt, Germany; Intelligent Autonomous Systems, Technische Universität Darmstadt, Darmstadt, Germany",2021 IEEE International Conference on Robotics and Automation (ICRA),"18 Oct 2021","2021","","","10815","10821","Parameterized movement primitives have been extensively used for imitation learning of robotic tasks. However, the high-dimensionality of the parameter space hinders the improvement of such primitives in the reinforcement learning (RL) setting, especially for learning with physical robots. In this paper we propose a novel view on handling the demonstrated trajectories for acquiring low-dimensional, non-linear latent dynamics, using mixtures of probabilistic principal component analyzers (MPPCA) on the movements’ parameter space. Moreover, we introduce a new contextual off-policy RL algorithm, named LAtent-Movements Policy Optimization (LAMPO). LAMPO can provide gradient estimates from previous experience using self-normalized importance sampling, hence, making full use of samples collected in previous learning iterations. These advantages combined provide a complete framework for sample-efficient off-policy optimization of movement primitives for robot learning of high-dimensional manipulation skills. Our experimental results conducted both in simulation and on a real robot show that LAMPO provides sample-efficient policies against common approaches in literature. Code available at https://github.com/SamuelePolimi/lampo.","2577-087X","978-1-7281-9077-8","10.1109/ICRA48506.2021.9561870","","https://ieeexplore.ieee.org/stamp/stamp.jsp?arnumber=9561870","","Monte Carlo methods;Codes;Heuristic algorithms;Conferences;Reinforcement learning;Probabilistic logic;Robot learning","","7","","46","IEEE","18 Oct 2021","30 May-5 June 2021","30 May-5 June 2021","IEEE","IEEE Conferences"
"No Need for Interactions: Robust Model-Based Imitation Learning using Neural ODE","H. Lin; B. Li; X. Zhou; J. Wang; M. Q. . -H. Meng","Baidu Research(USA); Baidu Research(USA); Baidu Research(USA); Department of Electronic and Electrical Engineering, Southern University of Science and Technology, Shenzhen, China; Department of Electronic and Electrical Engineering, Southern University of Science and Technology, Shenzhen, China",2021 IEEE International Conference on Robotics and Automation (ICRA),"18 Oct 2021","2021","","","11088","11094","Interactions with either environments or expert policies during training are needed for most of the current imitation learning (IL) algorithms. For IL problems with no interactions, a typical approach is Behavior Cloning (BC). However, BC-like methods tend to be affected by distribution shift. To mitigate this problem, we come up with a Robust Model-Based Imitation Learning (RMBIL) framework that casts imitation learning as an end-to-end differentiable nonlinear closed-loop tracking problem. RMBIL applies Neural ODE to learn a precise multi-step dynamics and a robust tracking controller via Nonlinear Dynamics Inversion (NDI) algorithm. Then, the learned NDI controller will be combined with a trajectory generator, a conditional VAE, to imitate an expert’s behavior. Theoretical derivation shows that the controller network can approximate an NDI when minimizing the training loss of Neural ODE. Experiments on Mujoco tasks also demonstrate that RMBIL is competitive to the state-of-the-art generative adversarial method (GAIL) and achieves at least 30% performance gain over BC in uneven surfaces.","2577-087X","978-1-7281-9077-8","10.1109/ICRA48506.2021.9561635","","https://ieeexplore.ieee.org/stamp/stamp.jsp?arnumber=9561635","","Training;Heuristic algorithms;Neural networks;Performance gain;Approximation algorithms;Generators;Control theory","","2","","37","IEEE","18 Oct 2021","30 May-5 June 2021","30 May-5 June 2021","IEEE","IEEE Conferences"
"Learning robust driving policies without online exploration","D. Graves; N. M. Nguyen; K. Hassanzadeh; J. Jin; J. Luo","Noah’s Ark Lab, Huawei Technologies Canada; Noah’s Ark Lab, Huawei Technologies Canada; Noah’s Ark Lab, Huawei Technologies Canada; Noah’s Ark Lab, Huawei Technologies Canada; Noah’s Ark Lab, Huawei Technologies Canada",2021 IEEE International Conference on Robotics and Automation (ICRA),"18 Oct 2021","2021","","","13186","13193","We propose a multi-time-scale predictive representation learning method to efficiently learn robust driving policies in an offline manner that generalize well to novel road geometries, and damaged and distracting lane conditions which are not covered in the offline training data. We show that our proposed representation learning method can be applied easily in an offline (batch) reinforcement learning setting demonstrating the ability to generalize well and efficiently under novel conditions compared to standard batch RL methods. Our proposed method utilizes training data collected entirely offline in the real-world which removes the need of intensive online explorations that impede applying deep reinforcement learning on real-world robot training. Various experiments were conducted in both simulator and real-world scenarios for the purpose of evaluation and analysis of our proposed claims.","2577-087X","978-1-7281-9077-8","10.1109/ICRA48506.2021.9561450","","https://ieeexplore.ieee.org/stamp/stamp.jsp?arnumber=9561450","","Training;Geometry;Roads;Conferences;Training data;Reinforcement learning;Robustness","","1","","54","IEEE","18 Oct 2021","30 May-5 June 2021","30 May-5 June 2021","IEEE","IEEE Conferences"
"Contingencies from Observations: Tractable Contingency Planning with Learned Behavior Models","N. Rhinehart; J. He; C. Packer; M. A. Wright; R. McAllister; J. E. Gonzalez; S. Levine",UC Berkeley; UC Berkeley; UC Berkeley; UC Berkeley; UC Berkeley; UC Berkeley; UC Berkeley,2021 IEEE International Conference on Robotics and Automation (ICRA),"18 Oct 2021","2021","","","13663","13669","Humans have a remarkable ability to accurately reason about future events, including the behaviors and states of mind of other agents. Consider driving a car through a busy intersection: it is necessary to reason about the physics of the vehicle, the intentions of other drivers, and their beliefs about your own intentions. For example, if you signal a turn, another driver might yield to you; or if you enter the passing lane, another driver might decelerate to give you room to merge in front. Competent drivers must plan how they can safely react to a variety of potential future behaviors of other agents before they make their next move. This requires contingency planning: explicitly planning a set of conditional actions that depend on the stochastic outcome of future events. In this work, we develop a general-purpose contingency planner that is learned end-to-end using high-dimensional scene observations and low-dimensional behavioral observations. We use a conditional autoregressive flow model for contingency planning. We show how this model can tractably learn contingencies from behavioral observations. We developed a closed-loop control benchmark of realistic multi-agent scenarios in a driving simulator (CARLA), on which we compare our method to various noncontingent methods that reason about multi-agent future behavior, and find that our contingency planning method achieves qualitatively and quantitatively superior performance.","2577-087X","978-1-7281-9077-8","10.1109/ICRA48506.2021.9561683","","https://ieeexplore.ieee.org/stamp/stamp.jsp?arnumber=9561683","","Automation;Conferences;Stochastic processes;Benchmark testing;Planning;Automobiles;Physics","","26","","38","IEEE","18 Oct 2021","30 May-5 June 2021","30 May-5 June 2021","IEEE","IEEE Conferences"
"The Value of Planning for Infinite-Horizon Model Predictive Control","N. Hatch; B. Boots",NA; NA,2021 IEEE International Conference on Robotics and Automation (ICRA),"18 Oct 2021","2021","","","7372","7378","Model Predictive Control (MPC) is a classic tool for optimal control of complex, real-world systems. Although it has been successfully applied to a wide range of challenging tasks in robotics, it is fundamentally limited by the prediction horizon, which, if too short, will result in myopic decisions. Recently, several papers have suggested using a learned value function as the terminal cost for MPC. If the value function is accurate, it effectively allows MPC to reason over an infinite horizon. Unfortunately, Reinforcement Learning (RL) solutions to value function approximation can be difficult to realize for robotics tasks. In this paper, we suggest a more efficient method for value function approximation that applies to goal-directed problems, like reaching and navigation. In these problems, MPC is often formulated to track a path or trajectory returned by a planner. However, this strategy is brittle in that unexpected perturbations to the robot will require replanning, which can be costly at runtime. Instead, we show how the intermediate data structures used by modern planners can be interpreted as an approximate value function. We show that that this value function can be used by MPC directly, resulting in more efficient and resilient behavior at runtime.","2577-087X","978-1-7281-9077-8","10.1109/ICRA48506.2021.9561718","","https://ieeexplore.ieee.org/stamp/stamp.jsp?arnumber=9561718","","Runtime;Perturbation methods;Reinforcement learning;Tools;Planning;Trajectory;Function approximation","","9","","29","USGov","18 Oct 2021","30 May-5 June 2021","30 May-5 June 2021","IEEE","IEEE Conferences"
"Automatic Tuning for Data-driven Model Predictive Control","W. Edwards; G. Tang; G. Mamakoukas; T. Murphey; K. Hauser","Department of Computer Science, University of Illinois at Urbana-Champaign; Department of Computer Science, University of Illinois at Urbana-Champaign; Department of Mechanical Engineering, Northwestern University; Department of Mechanical Engineering, Northwestern University; Department of Computer Science, University of Illinois at Urbana-Champaign",2021 IEEE International Conference on Robotics and Automation (ICRA),"18 Oct 2021","2021","","","7379","7385","Model predictive control (MPC) is a powerful feedback technique that is often used in data-driven robotics. The performance of data-driven MPC depends on the accuracy of the model, which often requires careful tuning. Furthermore, specifying the task with an objective function and synthesizing a feedback policy are not straightforward and typically lead to suboptimal solutions driven by trial and error. To address these challenges, we present a method to jointly optimize the data-driven system identification, task specification, and control synthesis of unknown dynamical systems. We use our method to develop AutoMPC3, a software package designed to automate and optimize data-driven MPC. Empirical evaluation on the pendulum swing-up, cart-pole swing-up, and half-cheetah running demonstrates that our method finds data-driven control policies that outperform offline reinforcement learning, without any hand-tuning.","2577-087X","978-1-7281-9077-8","10.1109/ICRA48506.2021.9562025","","https://ieeexplore.ieee.org/stamp/stamp.jsp?arnumber=9562025","","Software packages;Conferences;Reinforcement learning;Linear programming;System identification;Task analysis;Dynamical systems","","34","","36","IEEE","18 Oct 2021","30 May-5 June 2021","30 May-5 June 2021","IEEE","IEEE Conferences"
"Meta-Adversarial Inverse Reinforcement Learning for Decision-making Tasks","P. Wang; H. Li; C. -Y. Chan","University of California, Berkeley; Google Research; University of California, Berkeley",2021 IEEE International Conference on Robotics and Automation (ICRA),"18 Oct 2021","2021","","","12632","12638","Learning from demonstrations has made great progress over the past few years. However, it is generally data hungry and task specific. In other words, it requires a large amount of data to train a decent model on a particular task, and the model often fails to generalize to new tasks that have a different distribution. In practice, demonstrations from new tasks will be continuously observed and the data might be unlabeled or only partially labeled. Therefore, it is desirable for the trained model to adapt to new tasks that have limited data samples available. In this work, we build an adaptable imitation learning model based on the integration of Meta-learning and Adversarial Inverse Reinforcement Learning (Meta-AIRL). We exploit the adversarial learning and inverse reinforcement learning mechanisms to learn policies and reward functions simultaneously from available training tasks and then adapt them to new tasks with the meta-learning framework. Simulation results show that the adapted policy trained with Meta-AIRL can effectively learn from limited number of demonstrations, and quickly reach the performance comparable to that of the experts on unseen tasks.","2577-087X","978-1-7281-9077-8","10.1109/ICRA48506.2021.9561330","","https://ieeexplore.ieee.org/stamp/stamp.jsp?arnumber=9561330","","Training;Adaptation models;Simulation;Frequency-domain analysis;Conferences;Decision making;Reinforcement learning","","9","","23","IEEE","18 Oct 2021","30 May-5 June 2021","30 May-5 June 2021","IEEE","IEEE Conferences"
"Min-Max Entropy Inverse RL of Multiple Tasks","S. Arora; P. Doshi; B. Banerjee","Dept. of Computer Science, THINC Lab, University of Georgia, Athens, GA, USA; Dept. of Computer Science, THINC Lab, University of Georgia, Athens, GA, USA; School of Computing Sciences and Computer Engineering, University of Southern Mississippi, Hattiesburg, MS, USA",2021 IEEE International Conference on Robotics and Automation (ICRA),"18 Oct 2021","2021","","","12639","12645","Multi-task IRL recognizes that expert(s) could be switching between multiple ways of solving the same problem, or interleaving demonstrations of multiple tasks. The learner aims to learn the reward functions that individually guide these distinct ways. We present a new method for multi-task IRL that generalizes the well-known maximum entropy approach by combining it with a Dirichlet process based minimum entropy clustering of the observed data. This yields a single nonlinear optimization problem, called MinMaxEnt Multi-task IRL (MME-MTIRL), which can be solved using the Lagrangian relaxation and gradient descent methods. We evaluate MME-MTIRL on the robotic task of sorting onions on a processing line where the expert utilizes multiple ways of detecting and removing blemished onions. The method is able to learn the underlying reward functions to a high level of accuracy and it improves on the previous approaches.","2577-087X","978-1-7281-9077-8","10.1109/ICRA48506.2021.9561771","","https://ieeexplore.ieee.org/stamp/stamp.jsp?arnumber=9561771","","Automation;Conferences;Switches;Entropy;Task analysis;Robots;Optimization","","2","","19","IEEE","18 Oct 2021","30 May-5 June 2021","30 May-5 June 2021","IEEE","IEEE Conferences"
"RetinaGAN: An Object-aware Approach to Sim-to-Real Transfer","D. Ho; K. Rao; Z. Xu; E. Jang; M. Khansari; Y. Bai","Everyday Robots, X The Moonshot Factory, Mountain View, CA, USA; Robotics at Google, Mountain View, CA, USA; University of California, Berkeley, Berkeley, CA, USA; Robotics at Google, Mountain View, CA, USA; Everyday Robots, X The Moonshot Factory, Mountain View, CA, USA; Everyday Robots, X The Moonshot Factory, Mountain View, CA, USA",2021 IEEE International Conference on Robotics and Automation (ICRA),"18 Oct 2021","2021","","","10920","10926","The success of deep reinforcement learning (RL) and imitation learning (IL) in vision-based robotic manipulation typically hinges on the expense of large scale data collection. With simulation, data to train a policy can be collected efficiently at scale, but the visual gap between sim and real makes deployment in the real world difficult. We introduce RetinaGAN, a generative adversarial network (GAN) approach to adapt simulated images to realistic ones with object-detection consistency. RetinaGAN is trained in an unsupervised manner without task loss dependencies, and preserves general object structure and texture in adapted images. We evaluate our method on three real world tasks: grasping, pushing, and door opening. RetinaGAN improves upon the performance of prior sim-to-real methods for RL-based object instance grasping and continues to be effective even in the limited data regime. When applied to a pushing task in a similar visual domain, RetinaGAN demonstrates transfer with no additional real data requirements. We also show our method bridges the visual gap for a novel door opening task using imitation learning in a new visual domain. Visit the project website at retinagan.github.io","2577-087X","978-1-7281-9077-8","10.1109/ICRA48506.2021.9561157","","https://ieeexplore.ieee.org/stamp/stamp.jsp?arnumber=9561157","","Training;Visualization;Grasping;Reinforcement learning;Fasteners;Data collection;Generative adversarial networks","","62","","33","IEEE","18 Oct 2021","30 May-5 June 2021","30 May-5 June 2021","IEEE","IEEE Conferences"
"Protective Policy Transfer","W. Yu; C. K. Liu; G. Turk","Georgia Institute of Technology, Atlanta, Georgia, USA; Stanford University, Stanford, California, USA; Georgia Institute of Technology, Atlanta, Georgia, USA",2021 IEEE International Conference on Robotics and Automation (ICRA),"18 Oct 2021","2021","","","10595","10602","Being able to transfer existing skills to new situations is a key capability when training robots to operate in unpredictable real-world environments. A successful transfer algorithm should not only minimize the number of samples that the robot needs to collect in the new environment, but also prevent the robot from damaging itself or the surrounding environment during the transfer process. In this work, we introduce a policy transfer algorithm for adapting robot locomotion skills to novel scenarios while minimizing serious failures. Our algorithm trains two control policies in the training environment: a task policy that is optimized to complete the task of interest, and a protective policy that is dedicated to keep the robot from unsafe events (e.g. falling to the ground). To decide which policy to use during execution, we learn a safety estimator model in the training environment that estimates a continuous safety level of the robot. When used with a set of thresholds, the safety estimator becomes a classifier for switching between the protective policy and the task policy. We evaluate our approach on four simulated robot locomotion problems and show that our method can achieve successful transfer to notably different environments while taking the robot’s safety into consideration.","2577-087X","978-1-7281-9077-8","10.1109/ICRA48506.2021.9562051","","https://ieeexplore.ieee.org/stamp/stamp.jsp?arnumber=9562051","","Training;Automation;Conferences;Switches;Safety;Task analysis;Robots","","1","","43","IEEE","18 Oct 2021","30 May-5 June 2021","30 May-5 June 2021","IEEE","IEEE Conferences"
"A Data-Driven Reinforcement Learning Solution Framework for Optimal and Adaptive Personalization of a Hip Exoskeleton","X. Tu; M. Li; M. Liu; J. Si; H. H. Huang","NCSU/UNC Department of Biomedical Engineering, NC State University, Raleigh, NC; NCSU/UNC Department of Biomedical Engineering, NC State University, Raleigh, NC; NCSU/UNC Department of Biomedical Engineering, NC State University, Raleigh, NC; Department of Electrical, Computer, and Energy Engineering, Arizona State University, Tempe, AZ, USA; NCSU/UNC Department of Biomedical Engineering, NC State University, Raleigh, NC",2021 IEEE International Conference on Robotics and Automation (ICRA),"18 Oct 2021","2021","","","10610","10616","Robotic exoskeletons are exciting technologies for augmenting human mobility. However, designing such a device for seamless integration with the human user and to assist human movement still is a major challenge. This paper aims at developing a novel data-driven solution framework based on reinforcement learning (RL), without first modeling the human-robot dynamics, to provide optimal and adaptive personalized torque assistance for reducing human efforts during walking. Our automatic personalization solution framework includes the assistive torque profile with two control timing parameters (peak and offset timings), the least square policy iteration (LSPI) for learning the parameter tuning policy, and a cost function based on a transferred work ratio. The proposed controller was successfully validated on a healthy human subject to assist unilateral hip extension in walking. The results showed that the optimal and adaptive RL controller as a new approach was feasible for tuning assistive torque profile of the hip exoskeleton that coordinated with human actions and reduced activation level of hip extensor muscle in human.","2577-087X","978-1-7281-9077-8","10.1109/ICRA48506.2021.9562062","National Science Foundation; ","https://ieeexplore.ieee.org/stamp/stamp.jsp?arnumber=9562062","Exoskeleton;reinforcement learning;optimal adaptive control;least square policy iteration;data driven","Legged locomotion;Torque;Robot kinematics;Exoskeletons;Reinforcement learning;Muscles;Cost function","","37","","40","IEEE","18 Oct 2021","30 May-5 June 2021","30 May-5 June 2021","IEEE","IEEE Conferences"
"Shaped Policy Search for Evolutionary Strategies using Waypoints","K. Lekkala; L. Itti","Department of Computer Science, ILab, University of Southern California, USA; Department of Computer Science, Psychology and NGP, ILab, University of Southern California",2021 IEEE International Conference on Robotics and Automation (ICRA),"18 Oct 2021","2021","","","9093","9100","In this paper, we try to improve exploration in Blackbox methods, particularly Evolution strategies (ES), when applied to Reinforcement Learning (RL) problems where intermediate waypoints/subgoals are available. Since Evolutionary strategies are highly parallelizable, instead of extracting just a scalar cumulative reward, we use the state-action pairs from the trajectories obtained during rollouts/evaluations, to learn the dynamics of the agent. The learnt dynamics are then used in the optimization procedure to speed-up training. Lastly, we show how our proposed approach is universally applicable by presenting results from experiments conducted on Carla driving and UR5 robotic arm simulators.","2577-087X","978-1-7281-9077-8","10.1109/ICRA48506.2021.9561607","Arm; ","https://ieeexplore.ieee.org/stamp/stamp.jsp?arnumber=9561607","","Training;Automation;Conferences;Reinforcement learning;Manipulators;Trajectory;Optimization","","","","21","IEEE","18 Oct 2021","30 May-5 June 2021","30 May-5 June 2021","IEEE","IEEE Conferences"
"MIDAS: Multi-agent Interaction-aware Decision-making with Adaptive Strategies for Urban Autonomous Navigation","X. Chen; P. Chaudhari","University of Pennsylvania. Currently at Nuro, Inc; Department of Electrical & Systems Engineering, GRASP Laboratory at the University of Pennsylvania",2021 IEEE International Conference on Robotics and Automation (ICRA),"18 Oct 2021","2021","","","7980","7986","Autonomous navigation in crowded, complex urban environments requires interacting with other agents on the road. A common solution to this problem is to use a prediction model to guess the likely future actions of other agents. While this is reasonable, it leads to overly conservative plans because it does not explicitly model the mutual influence of the actions of interacting agents. This paper builds a reinforcement learning-based method named MIDAS where an Ego agent learns to affect the control actions of other cars in urban driving scenarios. MIDAS uses an attention mechanism to handle an arbitrary number of other agents and includes a ""driver-type"" parameter to learn a single policy that works across different planning objectives. We build a simulation environment that enables diverse interaction experiments with a large number of agents and develop methods for quantitatively studying the safety, efficiency, and interaction among vehicles. MIDAS is validated using extensive experiments and we show that it (i) can work across different road geometries, (ii) results in an adaptive Ego policy that can be tuned easily to satisfy different performance criteria, such as aggressive or cautious driving, (iii) is robust to changes in the driving policies of external agents, and (iv) is safer and more efficient than existing approaches to interaction-aware decision-making. Code available here.","2577-087X","978-1-7281-9077-8","10.1109/ICRA48506.2021.9561148","","https://ieeexplore.ieee.org/stamp/stamp.jsp?arnumber=9561148","interaction-aware driving;urban autonomous navigation;reinforcement learning","Learning systems;Geometry;Navigation;Roads;Decision making;Urban areas;Predictive models","","6","","39","IEEE","18 Oct 2021","30 May-5 June 2021","30 May-5 June 2021","IEEE","IEEE Conferences"
"Bimanual Regrasping for Suture Needles using Reinforcement Learning for Rapid Motion Planning","Z. -Y. Chiu; F. Richter; E. K. Funk; R. K. Orosco; M. C. Yip","Department of Electrical and Computer Engineering, University of California San Diego, La Jolla, CA, USA; Department of Electrical and Computer Engineering, University of California San Diego, La Jolla, CA, USA; Department of Surgery - Division of Head and Neck Surgery, University of California San Diego, La Jolla, CA, USA; Department of Surgery - Division of Head and Neck Surgery, University of California San Diego, La Jolla, CA, USA; Department of Electrical and Computer Engineering, University of California San Diego, La Jolla, CA, USA",2021 IEEE International Conference on Robotics and Automation (ICRA),"18 Oct 2021","2021","","","7737","7743","Regrasping a suture needle is an important yet time-consuming process in suturing. To bring efficiency into regrasping, prior work either designs a task-specific mechanism or guides the gripper toward some specific pick-up point for proper grasping of a needle. Yet, these methods are usually not deployable when the working space is changed. Therefore, in this work, we present rapid trajectory generation for bimanual needle regrasping via reinforcement learning (RL). Demonstrations from a sampling-based motion planning algorithm is incorporated to speed up the learning. In addition, we propose the ego-centric state and action spaces for this bimanual planning problem, where the reference frames are on the end-effectors instead of some fixed frame. Thus, the learned policy can be directly applied to any feasible robot configuration. Our experiments in simulation show that the success rate of a single pass is 97%, and the planning time is 0.0212s on average, which outperforms other widely used motion planning algorithms. For the real-world experiments, the success rate is 73.3% if the needle pose is reconstructed from an RGB image, with a planning time of 0.0846s and a run time of 5.1454s. If the needle pose is known beforehand, the success rate becomes 90.5%, with a planning time of 0.0807s and a run time of 2.8801s.","2577-087X","978-1-7281-9077-8","10.1109/ICRA48506.2021.9561673","Telemedicine and Advanced Technology Research Center; ","https://ieeexplore.ieee.org/stamp/stamp.jsp?arnumber=9561673","","Reinforcement learning;Grasping;Needles;End effectors;Planning;Trajectory;Task analysis","","58","","31","IEEE","18 Oct 2021","30 May-5 June 2021","30 May-5 June 2021","IEEE","IEEE Conferences"
"ViNG: Learning Open-World Navigation with Visual Goals","D. Shah; B. Eysenbach; G. Kahn; N. Rhinehart; S. Levine",UC Berkeley; Carnegie Mellon University; UC Berkeley; UC Berkeley; UC Berkeley,2021 IEEE International Conference on Robotics and Automation (ICRA),"18 Oct 2021","2021","","","13215","13222","We propose a learning-based navigation system for reaching visually indicated goals and demonstrate this system on a real mobile robot platform. Learning provides an appealing alternative to conventional methods for robotic navigation: instead of reasoning about environments in terms of geometry and maps, learning can enable a robot to learn about navigational affordances, understand what types of obstacles are traversable (e.g., tall grass) or not (e.g., walls), and generalize over patterns in the environment. However, unlike conventional planning algorithms, it is harder to change the goal for a learned policy during deployment. We propose a method for learning to navigate towards a goal image of the desired destination. By combining a learned policy with a topological graph constructed out of previously observed data, our system can determine how to reach this visually indicated goal even in the presence of variable appearance and lighting. Three key insights, waypoint proposal, graph pruning and negative mining, enable our method to learn to navigate in real-world environments using only offline data, a setting where prior methods struggle. We instantiate our method on a real outdoor ground robot and show that our system, which we call ViNG, outperforms previously-proposed methods for goal-conditioned reinforcement learning, including other methods that incorporate reinforcement learning and search. We also study how ViNG generalizes to unseen environments and evaluate its ability to adapt to such an environment with growing experience. Finally, we demonstrate ViNG on a number of real-world applications, such as last-mile delivery and warehouse inspection. We encourage the reader to visit the project website for videos of our experiments and demonstrations 1.","2577-087X","978-1-7281-9077-8","10.1109/ICRA48506.2021.9561936","Office of Naval Research; ","https://ieeexplore.ieee.org/stamp/stamp.jsp?arnumber=9561936","","Training;Visualization;Navigation;Urban areas;Reinforcement learning;Inspection;Planning","","75","","44","IEEE","18 Oct 2021","30 May-5 June 2021","30 May-5 June 2021","IEEE","IEEE Conferences"
"MaAST: Map Attention with Semantic Transformers for Efficient Visual Navigation","Z. Seymour; K. Thopalli; N. Mithun; H. -P. Chiu; S. Samarasekera; R. Kumar",SRI International; Arizona State University; SRI International; SRI International; SRI International; SRI International,2021 IEEE International Conference on Robotics and Automation (ICRA),"18 Oct 2021","2021","","","13223","13230","Visual navigation for autonomous agents is a core task in the fields of computer vision and robotics. Learning-based methods, such as deep reinforcement learning, have the potential to outperform the classical solutions developed for this task; however, they come at a significantly increased computational load. Through this work, we design a novel approach that focuses on performing better or comparable to the existing learning-based solutions but under a clear time/computational budget. To this end, we propose a method to encode vital scene semantics such as traversable paths, unexplored areas, and observed scene objects–alongside raw visual streams such as RGB, depth, and semantic segmentation masks—into a semantically informed, top-down egocentric map representation. Further, to enable the effective use of this information, we introduce a novel 2-D map attention mechanism, based on the successful multi-layer Transformer networks. We conduct experiments on 3-D reconstructed indoor PointGoal visual navigation and demonstrate the effectiveness of our approach. We show that by using our novel attention schema and auxiliary rewards to better utilize scene semantics, we outperform multiple baselines trained with only raw inputs or implicit semantic information while operating with an 80% decrease in the agent’s experience.","2577-087X","978-1-7281-9077-8","10.1109/ICRA48506.2021.9561058","","https://ieeexplore.ieee.org/stamp/stamp.jsp?arnumber=9561058","","Training;Visualization;Systematics;Navigation;Semantics;Reinforcement learning;Transformers","","11","","53","IEEE","18 Oct 2021","30 May-5 June 2021","30 May-5 June 2021","IEEE","IEEE Conferences"
"A Few Shot Adaptation of Visual Navigation Skills to New Observations using Meta-Learning","Q. Luo; M. Sorokin; S. Ha","Georgia Institute of Technology, Atlanta, GA, USA; Georgia Institute of Technology, Atlanta, GA, USA; Georgia Institute of Technology, Atlanta, GA, USA",2021 IEEE International Conference on Robotics and Automation (ICRA),"18 Oct 2021","2021","","","13231","13237","Target-driven visual navigation is a challenging problem that requires a robot to find the goal using only visual inputs. Many researchers have demonstrated promising results using deep reinforcement learning (deep RL) on various robotic platforms, but typical end-to-end learning is known for its poor extrapolation capability to new scenarios. Therefore, learning a navigation policy for a new robot with a new sensor configuration or a new target still remains a challenging problem. In this paper, we introduce a learning algorithm that enables rapid adaptation to new sensor configurations or target objects with a few shots. We design a policy architecture with latent features between perception and inference networks and quickly adapt the perception network via meta-learning while freezing the inference network. Our experiments show that our algorithm adapts the learned navigation policy with only three shots for unseen situations with different sensor configurations or different target colors. We also analyze the proposed algorithm by investigating various hyperparameters.","2577-087X","978-1-7281-9077-8","10.1109/ICRA48506.2021.9561056","","https://ieeexplore.ieee.org/stamp/stamp.jsp?arnumber=9561056","","Visualization;Navigation;Image color analysis;Shape;Scalability;Robot vision systems;Cameras","","8","","36","IEEE","18 Oct 2021","30 May-5 June 2021","30 May-5 June 2021","IEEE","IEEE Conferences"
"Reward Machines for Vision-Based Robotic Manipulation","A. Camacho; J. Varley; A. Zeng; D. Jain; A. Iscen; D. Kalashnikov","Robotics at Google, New York; Robotics at Google, New York; Robotics at Google, New York; Robotics at Google, New York; Robotics at Google, New York; Robotics at Google, New York",2021 IEEE International Conference on Robotics and Automation (ICRA),"18 Oct 2021","2021","","","14284","14290","Deep Q learning (DQN) has enabled robot agents to accomplish vision based tasks that seemed out of reach. Despite recent success stories, there are still several sources of computational complexity that challenge the performance of DQN. We place the focus on vision manipulation tasks, where the correct action selection is often predicated on a small number of pixels. We observe that in some of these tasks DQN does not converge to the optimal Q function, and their values do not separate well optimal and suboptimal actions. In consequence, the policies obtained with DQN tend to be brittle and manifest a low success rate, especially in long horizon tasks. In this work we show the benefits of Reward Machines (RMs) for Deep Q learning (DQRM) in vision based robot manipulation tasks. Reward machines decompose the task at an abstract level, inform the agent about their current stage along task completion, and guide them via dense rewards. We show that RMs help DQN learn the optimal Q values in each abstract state. Their policies are more robust, manifest higher success rate, and are learned with fewer training steps compared with DQN. The benefits of RMs are more evident in long-horizon tasks, where we show that DQRM is able to learn good-quality policies with six times times fewer training steps than DQN, even when this is equipped with dense reward shaping.","2577-087X","978-1-7281-9077-8","10.1109/ICRA48506.2021.9561927","","https://ieeexplore.ieee.org/stamp/stamp.jsp?arnumber=9561927","","Training;Costs;Automation;Conferences;Stacking;Reinforcement learning;Task analysis","","14","","37","IEEE","18 Oct 2021","30 May-5 June 2021","30 May-5 June 2021","IEEE","IEEE Conferences"
"FISAR: Forward Invariant Safe Reinforcement Learning with a Deep Neural Network-Based Optimizer","C. Sun; D. -K. Kim; J. P. How","Laboratory for Information & Decision Systems (LIDS), Massachusetts Institute of Technology, Cambridge, MA; Laboratory for Information & Decision Systems (LIDS), Massachusetts Institute of Technology, Cambridge, MA; Laboratory for Information & Decision Systems (LIDS), Massachusetts Institute of Technology, Cambridge, MA",2021 IEEE International Conference on Robotics and Automation (ICRA),"18 Oct 2021","2021","","","10617","10624","This paper investigates reinforcement learning with constraints, which are indispensable in safety-critical environments. To drive the constraint violation to decrease monotonically, we take the constraints as Lyapunov functions and impose new linear constraints on the policy parameters’ updating dynamics. As a result, the original safety set can be forward-invariant. However, because the new guaranteed-feasible constraints are imposed on the updating dynamics instead of the original policy parameters, classic optimization algorithms are no longer applicable. To address this, we propose to learn a generic deep neural network (DNN)-based optimizer to optimize the objective while satisfying the linear constraints. The constraint-satisfaction is achieved via projection onto a polytope formulated by multiple linear inequality constraints, which can be solved analytically with our newly designed metric. To the best of our knowledge, this is the first DNN-based optimizer for constrained optimization with the forward invariance guarantee. We show that our optimizer trains a policy to decrease the constraint violation and maximize the cumulative reward monotonically. Results on numerical constrained optimization and obstacle-avoidance navigation validate the theoretical findings.","2577-087X","978-1-7281-9077-8","10.1109/ICRA48506.2021.9561147","","https://ieeexplore.ieee.org/stamp/stamp.jsp?arnumber=9561147","","Measurement;Deep learning;Navigation;Heuristic algorithms;Conferences;Reinforcement learning;Safety","","3","","36","IEEE","18 Oct 2021","30 May-5 June 2021","30 May-5 June 2021","IEEE","IEEE Conferences"
"Coding for Distributed Multi-Agent Reinforcement Learning","B. Wang; J. Xie; N. Atanasov","Department of Electrical and Computer Engineering, University of California, San Diego; Department of Electrical and Computer Engineering, San Diego State University, San Diego, CA; Department of Electrical and Computer Engineering, University of California San Diego, La Jolla, CA",2021 IEEE International Conference on Robotics and Automation (ICRA),"18 Oct 2021","2021","","","10625","10631","This paper aims to mitigate straggler effects in synchronous distributed learning for multi-agent reinforcement learning (MARL) problems. Stragglers arise frequently in a distributed learning system, due to the existence of various system disturbances such as slow-downs or failures of compute nodes and communication bottlenecks. To resolve this issue, we propose a coded distributed learning framework, which speeds up the training of MARL algorithms in the presence of stragglers, while maintaining the same accuracy as the centralized approach. As an illustration, a coded distributed version of the multi-agent deep deterministic policy gradient (MADDPG) algorithm is developed and evaluated. Different coding schemes, including maximum distance separable (MDS) code, random sparse code, replication-based code, and regular low density parity check (LDPC) code are also investigated. Simulations in several multi-robot problems demonstrate the promising performance of the proposed framework.","2577-087X","978-1-7281-9077-8","10.1109/ICRA48506.2021.9561645","National Science Foundation; ","https://ieeexplore.ieee.org/stamp/stamp.jsp?arnumber=9561645","","Training;Computer aided instruction;Automation;Distance learning;Simulation;Conferences;Reinforcement learning","","2","","45","IEEE","18 Oct 2021","30 May-5 June 2021","30 May-5 June 2021","IEEE","IEEE Conferences"
"Spatial Intention Maps for Multi-Agent Mobile Manipulation","J. Wu; X. Sun; A. Zeng; S. Song; S. Rusinkiewicz; T. Funkhouser",Princeton University; Princeton University; Google; Columbia University; Princeton University; Princeton University,2021 IEEE International Conference on Robotics and Automation (ICRA),"18 Oct 2021","2021","","","8749","8756","The ability to communicate intention enables decentralized multi-agent robots to collaborate while performing physical tasks. In this work, we present spatial intention maps, a new intention representation for multi-agent vision-based deep reinforcement learning that improves coordination between decentralized mobile manipulators. In this representation, each agent’s intention is provided to other agents, and rendered into an overhead 2D map aligned with visual observations. This synergizes with the recently proposed spatial action maps framework, in which state and action representations are spatially aligned, providing inductive biases that encourage emergent cooperative behaviors requiring spatial coordination, such as passing objects to each other or avoiding collisions. Experiments across a variety of multi-agent environments, including heterogeneous robot teams with different abilities (lifting, pushing, or throwing), show that incorporating spatial intention maps improves performance for different mobile manipulation tasks while significantly enhancing cooperative behaviors.","2577-087X","978-1-7281-9077-8","10.1109/ICRA48506.2021.9561359","","https://ieeexplore.ieee.org/stamp/stamp.jsp?arnumber=9561359","","Visualization;Automation;Robot kinematics;Conferences;Collaboration;Reinforcement learning;Manipulators","","22","","51","IEEE","18 Oct 2021","30 May-5 June 2021","30 May-5 June 2021","IEEE","IEEE Conferences"
"A Scavenger Hunt for Service Robots","H. Yedidsion; J. Suriadinata; Z. Xu; S. Debruyn; P. Stone","Department of Computer Science, The University of Texas at Austin; Department of Computer Science, The University of Texas at Austin; Department of Physics, The University of Texas at Austin; Department of Computer Science, The University of Texas at Austin; Department of Computer Science, The University of Texas at Austin",2021 IEEE International Conference on Robotics and Automation (ICRA),"18 Oct 2021","2021","","","7774","7780","Creating robots that can perform general-purpose service tasks in a human-populated environment has been a longstanding grand challenge for AI and Robotics research. One particularly valuable skill that is relevant to a wide variety of tasks is the ability to locate and retrieve objects upon request. This paper models this skill as a Scavenger Hunt (SH) game, which we formulate as a variation of the NP-hard stochastic traveling purchaser problem. In this problem, the goal is to find a set of objects as quickly as possible, given probability distributions of where they may be found. We investigate the performance of several solution algorithms for the SH problem, both in simulation and on a real mobile robot. We use Reinforcement Learning (RL) to train an agent to plan a minimal cost path, and show that the RL agent can outperform a range of heuristic algorithms, achieving near optimal performance. In order to stimulate research on this problem, we introduce a publicly available software stack and associated website that enable users to upload scavenger hunts which robots can download, perform, and learn from to continually improve their performance on future hunts.","2577-087X","978-1-7281-9077-8","10.1109/ICRA48506.2021.9561722","","https://ieeexplore.ieee.org/stamp/stamp.jsp?arnumber=9561722","","Heuristic algorithms;Computational modeling;Stochastic processes;Reinforcement learning;Search problems;Probability distribution;Bayes methods","","2","","20","IEEE","18 Oct 2021","30 May-5 June 2021","30 May-5 June 2021","IEEE","IEEE Conferences"
"Sim-to-Real Learning of All Common Bipedal Gaits via Periodic Reward Composition","J. Siekmann; Y. Godse; A. Fern; J. Hurst","Collaborative Robotics and Intelligent Systems, Institute Oregon State University; Collaborative Robotics and Intelligent Systems, Institute Oregon State University; Collaborative Robotics and Intelligent Systems, Institute Oregon State University; Collaborative Robotics and Intelligent Systems, Institute Oregon State University",2021 IEEE International Conference on Robotics and Automation (ICRA),"18 Oct 2021","2021","","","7309","7315","We study the problem of realizing the full spectrum of bipedal locomotion on a real robot with sim-to-real reinforcement learning (RL). A key challenge of learning legged locomotion is describing different gaits, via reward functions, in a way that is intuitive for the designer and specific enough to reliably learn the gait across different initial random seeds or hyperparameters. A common approach is to use reference motions (e.g. trajectories of joint positions) to guide learning. However, finding high-quality reference motions can be difficult and the trajectories themselves narrowly constrain the space of learned motion. At the other extreme, reference-free reward functions are often underspecified (e.g. move forward) leading to massive variance in policy behavior, or are the product of significant reward-shaping via trial-and-error, making them exclusive to specific gaits. In this work, we propose a reward-specification framework based on composing simple probabilistic periodic costs on basic forces and velocities. We instantiate this framework to define a parametric reward function with intuitive settings for all common bipedal gaits - standing, walking, hopping, running, and skipping. Using this function we demonstrate successful sim-to-real transfer of the learned gaits to the bipedal robot Cassie, as well as a generic policy that can transition between all of the two-beat gaits.","2577-087X","978-1-7281-9077-8","10.1109/ICRA48506.2021.9561814","","https://ieeexplore.ieee.org/stamp/stamp.jsp?arnumber=9561814","","Legged locomotion;Training;Costs;Conferences;Morphology;Reinforcement learning;Probabilistic logic","","167","","28","IEEE","18 Oct 2021","30 May-5 June 2021","30 May-5 June 2021","IEEE","IEEE Conferences"
"Neural fidelity warping for efficient robot morphology design","S. Hu; Z. Yang; G. Mori","School of Computing Science, Simon Fraser University, BC, CA; School of Computing Science, Simon Fraser University, BC, CA; School of Computing Science, Simon Fraser University, BC, CA",2021 IEEE International Conference on Robotics and Automation (ICRA),"18 Oct 2021","2021","","","7079","7086","We consider the problem of optimizing a robot morphology to achieve the best performance for a target task, under computational resource limitations. The evaluation process for each morphological design involves learning a controller for the design, which can consume substantial time and computational resources. To address the challenge of expensive robot morphology evaluation, we present a continuous multi-fidelity Bayesian Optimization framework that efficiently utilizes computational resources via low-fidelity evaluations. We identify the problem of non-stationarity over fidelity space. Our proposed fidelity warping mechanism can learn representations of learning epochs and tasks to model non-stationary covariances between continuous fidelity evaluations which prove challenging for off-the-shelf stationary kernels. Various experiments demonstrate that our method can utilize the low-fidelity evaluations to efficiently search for the optimal robot morphology, outperforming state-of-the-art methods.","2577-087X","978-1-7281-9077-8","10.1109/ICRA48506.2021.9561733","","https://ieeexplore.ieee.org/stamp/stamp.jsp?arnumber=9561733","","Conferences;Morphology;Process control;Computational efficiency;Bayes methods;Task analysis;Kernel","","4","","56","IEEE","18 Oct 2021","30 May-5 June 2021","30 May-5 June 2021","IEEE","IEEE Conferences"
"Learning Dense Visual Correspondences in Simulation to Smooth and Fold Real Fabrics","A. Ganapathi; P. Sundaresan; B. Thananjeyan; A. Balakrishna; D. Seita; J. Grannen; M. Hwang; R. Hoque; J. E. Gonzalez; N. Jamali; K. Yamane; S. Iba; K. Goldberg","AUTOLab at the University of California, Berkeley, USA; AUTOLab at the University of California, Berkeley, USA; AUTOLab at the University of California, Berkeley, USA; AUTOLab at the University of California, Berkeley, USA; AUTOLab at the University of California, Berkeley, USA; AUTOLab at the University of California, Berkeley, USA; AUTOLab at the University of California, Berkeley, USA; AUTOLab at the University of California, Berkeley, USA; AUTOLab at the University of California, Berkeley, USA; Honda Research Institute, USA; Honda Research Institute, USA; Honda Research Institute, USA; AUTOLab at the University of California, Berkeley, USA",2021 IEEE International Conference on Robotics and Automation (ICRA),"18 Oct 2021","2021","","","11515","11522","Robotic fabric manipulation is challenging due to the infinite dimensional configuration space, self-occlusion, and complex dynamics of fabrics. There has been significant prior work on learning policies for specific fabric manipulation tasks, but comparatively less focus on algorithms which can perform many different tasks. We take a step towards this goal by learning point-pair correspondences across different fabric configurations in simulation. Then, given a single demonstration of a new task from an initial fabric configuration, these correspondences can be used to compute geometrically equivalent actions in a new fabric configuration. This makes it possible to define policies to robustly imitate a broad set of multi-step fabric smoothing and folding tasks. The resulting policies achieve 80.3% average task success rate across 10 fabric manipulation tasks on two different physical robotic systems. Results also suggest robustness to fabrics of various colors, sizes, and shapes. See https://tinyurl.com/fabric-descriptors for supplementary material and videos.","2577-087X","978-1-7281-9077-8","10.1109/ICRA48506.2021.9561980","","https://ieeexplore.ieee.org/stamp/stamp.jsp?arnumber=9561980","","Visualization;Smoothing methods;Shape;Heuristic algorithms;Fabrics;Robustness;Task analysis","","52","","49","IEEE","18 Oct 2021","30 May-5 June 2021","30 May-5 June 2021","IEEE","IEEE Conferences"
"Towards Robust One-shot Task Execution using Knowledge Graph Embeddings","A. Daruna; L. Nair; W. Liu; S. Chernova","Georgia Institute of Technology, Atlanta, GA; Georgia Institute of Technology, Atlanta, GA; Georgia Institute of Technology, Atlanta, GA; Georgia Institute of Technology, Atlanta, GA",2021 IEEE International Conference on Robotics and Automation (ICRA),"18 Oct 2021","2021","","","11118","11124","Requiring multiple demonstrations of a task plan presents a burden to end-users of robots. However, robustly executing tasks plans from a single end-user demonstration is an ongoing challenge in robotics. We address the problem of one-shot task execution, in which a robot must generalize a single demonstration or prototypical example of a task plan to a new execution environment. Our approach integrates task plans with domain knowledge to infer task plan constituents for new execution environments. Our experimental evaluations show that our knowledge representation makes more relevant generalizations that result in significantly higher success rates over tested baselines. We validated the approach on a physical platform, which resulted in the successful generalization of initial task plans to 38 of 50 execution environments with errors resulting from autonomous robot operation included.","2577-087X","978-1-7281-9077-8","10.1109/ICRA48506.2021.9561782","","https://ieeexplore.ieee.org/stamp/stamp.jsp?arnumber=9561782","","Automation;Conferences;Knowledge representation;Task analysis;Context modeling;Autonomous robots","","12","","39","IEEE","18 Oct 2021","30 May-5 June 2021","30 May-5 June 2021","IEEE","IEEE Conferences"
"Probabilistic Safety-Assured Adaptive Merging Control for Autonomous Vehicles","Y. Lyu; W. Luo; J. M. Dolan","Department of Electrical and Computer Engineering, Carnegie Mellon University, Pittsburgh, PA, USA; Robotics Institute, Carnegie Mellon University, Pittsburgh, PA, USA; Robotics Institute, Carnegie Mellon University, Pittsburgh, PA, USA",2021 IEEE International Conference on Robotics and Automation (ICRA),"18 Oct 2021","2021","","","10764","10770","Autonomous vehicles face tremendous challenges while interacting with human drivers in different kinds of scenarios. Developing control methods with safety guarantees while performing interactions with uncertainty is an ongoing research goal. In this paper, we present a real-time safe control framework using bi-level optimization with Control Barrier Function (CBF) that enables an autonomous ego vehicle to interact with human-driven cars in ramp merging scenarios with a consistent safety guarantee. In order to explicitly address motion uncertainty, we propose a novel extension of control barrier functions to a probabilistic setting with provable chance-constrained safety and analyze the feasibility of our control design. The formulated bi-level optimization framework entails first choosing the ego vehicle's optimal driving style in terms of safety and primary objective, and then minimally modifying a nominal controller in the context of quadratic programming subject to the probabilistic safety constraints. This allows for adaptation to different driving strategies with a formally provable feasibility guarantee for the ego vehicle's safe controller. Experimental results are provided to demonstrate the effectiveness of our proposed approach.","2577-087X","978-1-7281-9077-8","10.1109/ICRA48506.2021.9561894","","https://ieeexplore.ieee.org/stamp/stamp.jsp?arnumber=9561894","","Road transportation;Uncertainty;Merging;Probabilistic logic;Real-time systems;Safety;Quadratic programming","","31","","23","IEEE","18 Oct 2021","30 May-5 June 2021","30 May-5 June 2021","IEEE","IEEE Conferences"
"Double Meta-Learning for Data Efficient Policy Optimization in Non-Stationary Environments","E. Aghapour; N. Ayanian","Department of Computer Science, University of Southern California, USA; Department of Computer Science, University of Southern California, USA",2021 IEEE International Conference on Robotics and Automation (ICRA),"18 Oct 2021","2021","","","9935","9942","We are interested in learning models of non-stationary environments, which can be framed as a multitask learning problem. Model-free reinforcement learning algorithms can achieve good asymptotic performance in multitask learning at a cost of extensive sampling, due to their approach, which requires learning from scratch. While model-based approaches are among the most data efficient learning algorithms, they still struggle with complex tasks and model uncertainties. Meta-reinforcement learning addresses the efficiency and generalization challenges on multi task learning by quickly leveraging the meta-prior policy for a new task. In this paper, we propose a meta-reinforcement learning approach to learn the dynamic model of a non-stationary environment to be used for meta-policy optimization later. Due to the sample efficiency of model-based learning methods, we are able to simultaneously train both the meta-model of the non-stationary environment and the meta-policy until dynamic model convergence. Then, the meta-learned dynamic model of the environment will generate simulated data for meta-policy optimization. Our experiment demonstrates that our proposed method can meta-learn the policy in a non-stationary environment with the data efficiency of model-based learning approaches while achieving the high asymptotic performance of model-free meta-reinforcement learning.","2577-087X","978-1-7281-9077-8","10.1109/ICRA48506.2021.9561219","","https://ieeexplore.ieee.org/stamp/stamp.jsp?arnumber=9561219","","Learning systems;Adaptation models;Uncertainty;Limiting;Reinforcement learning;Data models;Task analysis","","3","","45","IEEE","18 Oct 2021","30 May-5 June 2021","30 May-5 June 2021","IEEE","IEEE Conferences"
"Generalization in Reinforcement Learning by Soft Data Augmentation","N. Hansen; X. Wang","University of California, San Diego, CA, USA; University of California, San Diego, CA, USA",2021 IEEE International Conference on Robotics and Automation (ICRA),"18 Oct 2021","2021","","","13611","13617","Extensive efforts have been made to improve the generalization ability of Reinforcement Learning (RL) methods via domain randomization and data augmentation. However, as more factors of variation are introduced during training, optimization becomes increasingly challenging, and empirically may result in lower sample efficiency and unstable training. Instead of learning policies directly from augmented data, we propose SOft Data Augmentation (SODA), a method that decouples augmentation from policy learning. Specifically, SODA imposes a soft constraint on the encoder that aims to maximize the mutual information between latent representations of augmented and non-augmented data, while the RL optimization process uses strictly non-augmented data. Empirical evaluations are performed on diverse tasks from DeepMind Control suite as well as a robotic manipulation task, and we find SODA to significantly advance sample efficiency, generalization, and stability in training over state-of-the-art vision-based RL methods.1","2577-087X","978-1-7281-9077-8","10.1109/ICRA48506.2021.9561103","","https://ieeexplore.ieee.org/stamp/stamp.jsp?arnumber=9561103","","Training;Automation;Conferences;Reinforcement learning;Task analysis;Optimization;Robots","","84","","47","IEEE","18 Oct 2021","30 May-5 June 2021","30 May-5 June 2021","IEEE","IEEE Conferences"
"Residual Model Learning for Microrobot Control","J. Gruenstein; T. Chen; N. Doshi; P. Agrawal","Improbable AI Lab, which is part of the Computer Science and Artificial Intelligence Laboratory (CSAIL), Massachusetts Institute of Technology, Cambridge, MA; Improbable AI Lab, which is part of the Computer Science and Artificial Intelligence Laboratory (CSAIL), Massachusetts Institute of Technology, Cambridge, MA; Department of Mechanical Engineering, Massachusetts Institute of Technology, Cambridge, MA; Improbable AI Lab, which is part of the Computer Science and Artificial Intelligence Laboratory (CSAIL), Massachusetts Institute of Technology, Cambridge, MA",2021 IEEE International Conference on Robotics and Automation (ICRA),"18 Oct 2021","2021","","","7219","7226","A majority of microrobots are constructed using compliant materials that are difficult to model analytically, limiting the utility of traditional model-based controllers. Challenges in data collection on microrobots and large errors between simulated models and real robots make current model-based learning and sim-to-real transfer methods difficult to apply. We propose a novel framework residual model learning (RML) that leverages approximate models to substantially reduce the sample complexity associated with learning an accurate robot model. We show that using RML, we can learn a model of the Harvard Ambulatory MicroRobot (HAMR) using just 12 seconds of passively collected interaction data. The learned model is accurate enough to be leveraged as ""proxy-simulator"" for learning walking and turning behaviors using model-free reinforcement learning algorithms. RML provides a general framework for learning from extremely small amounts of interaction data, and our experiments with HAMR clearly demonstrate that RML substantially outperforms existing techniques.","2577-087X","978-1-7281-9077-8","10.1109/ICRA48506.2021.9560862","","https://ieeexplore.ieee.org/stamp/stamp.jsp?arnumber=9560862","","Legged locomotion;Analytical models;Limiting;Trajectory tracking;Reinforcement learning;Data collection;Heat-assisted magnetic recording","","5","","51","IEEE","18 Oct 2021","30 May-5 June 2021","30 May-5 June 2021","IEEE","IEEE Conferences"
"Tiny Robot Learning (tinyRL) for Source Seeking on a Nano Quadcopter","B. P. Duisterhof; S. Krishnan; J. J. Cruz; C. R. Banbury; W. Fu; A. Faust; G. C. H. E. de Croon; V. Janapa Reddi",Harvard University; Harvard University; Harvard University; Harvard University; Harvard University; Robotics at Google; Delft University of Technology; Harvard University,2021 IEEE International Conference on Robotics and Automation (ICRA),"18 Oct 2021","2021","","","7242","7248","We present fully autonomous source seeking onboard a highly constrained nano quadcopter, by contributing application-specific system and observation feature design to enable inference of a deep-RL policy onboard a nano quadcopter. Our deep-RL algorithm finds a high-performance solution to a challenging problem, even in presence of high noise levels and generalizes across real and simulation environments with different obstacle configurations. We verify our approach with simulation and in-field testing on a Bitcraze CrazyFlie using only the cheap and ubiquitous Cortex-M4 microcontroller unit. The results show that by end-to-end application-specific system design, our contribution consumes almost three times less additional power, as compared to a competitive learning-based navigation approach onboard a nano quadcopter. Thanks to our observation space, which we carefully design within the resource constraints, our solution achieves a 94% success rate in cluttered and randomized test environments, as compared to the previously achieved 80%. We also compare our strategy to a simple finite state machine (FSM), geared towards efficient exploration, and demonstrate that our policy is more robust and resilient at obstacle avoidance as well as up to 70% more efficient in source seeking. To this end, we contribute a cheap and lightweight end- to-end tiny robot learning (tinyRL) solution, running onboard a nano quadcopter, that proves to be robust and efficient in a challenging task.","2577-087X","978-1-7281-9077-8","10.1109/ICRA48506.2021.9561590","","https://ieeexplore.ieee.org/stamp/stamp.jsp?arnumber=9561590","Motion and Path Planning;Aerial Systems: Applications;Reinforcement Learning","Automation;Navigation;Microcontrollers;Conferences;Robot learning;Inference algorithms;Task analysis","","27","","23","IEEE","18 Oct 2021","30 May-5 June 2021","30 May-5 June 2021","IEEE","IEEE Conferences"
"Learning the Next Best View for 3D Point Clouds via Topological Features","C. Collander; W. J. Beksi; M. Huber","Department of Computer Science and Engineering, University of Texas at Arlington, Arlington, TX, USA; Department of Computer Science and Engineering, University of Texas at Arlington, Arlington, TX, USA; Department of Computer Science and Engineering, University of Texas at Arlington, Arlington, TX, USA",2021 IEEE International Conference on Robotics and Automation (ICRA),"18 Oct 2021","2021","","","12207","12213","In this paper, we introduce a reinforcement learning approach utilizing a novel topology-based information gain metric for directing the next best view of a noisy 3D sensor. The metric combines the disjoint sections of an observed surface to focus on high-detail features such as holes and concave sections. Experimental results show that our approach can aid in establishing the placement of a robotic sensor to optimize the information provided by its streaming point cloud data. Furthermore, a labeled dataset of 3D objects, a CAD design for a custom robotic manipulator, and software for the transformation, union, and registration of point clouds has been publicly released to the research community.","2577-087X","978-1-7281-9077-8","10.1109/ICRA48506.2021.9561389","National Science Foundation; ","https://ieeexplore.ieee.org/stamp/stamp.jsp?arnumber=9561389","","Solid modeling;Three-dimensional displays;Robot kinematics;Conferences;Reinforcement learning;Robot sensing systems;Manipulators","","13","","33","IEEE","18 Oct 2021","30 May-5 June 2021","30 May-5 June 2021","IEEE","IEEE Conferences"
"Visionary: Vision architecture discovery for robot learning","I. Akinola; A. Angelova; Y. Lu; Y. Chebotar; D. Kalashnikov; J. Varley; J. Ibarz; M. S. Ryoo","Robotics at Google, Mountain View, CA, New York, NY, USA; Robotics at Google, Mountain View, CA, New York, NY, USA; Robotics at Google, Mountain View, CA, New York, NY, USA; Robotics at Google, Mountain View, CA, New York, NY, USA; Robotics at Google, Mountain View, CA, New York, NY, USA; Robotics at Google, Mountain View, CA, New York, NY, USA; Robotics at Google, Mountain View, CA, New York, NY, USA; Robotics at Google, Mountain View, CA, New York, NY, USA",2021 IEEE International Conference on Robotics and Automation (ICRA),"18 Oct 2021","2021","","","10779","10785","We propose a vision-based architecture search algorithm for robot manipulation learning, which discovers interactions between low dimension action inputs and high dimensional visual inputs. Our approach automatically designs architectures while training on the task – discovering novel ways of combining and attending image feature representations with actions as well as features from previous layers. The obtained new architectures demonstrate better task success rates, in some cases with a large margin, compared to a recent high performing baseline. Our real robot experiments also confirm that it improves grasping performance by 6%. This is the first approach to demonstrate a successful neural architecture search and attention connectivity search for a real-robot task.","2577-087X","978-1-7281-9077-8","10.1109/ICRA48506.2021.9561998","","https://ieeexplore.ieee.org/stamp/stamp.jsp?arnumber=9561998","","Training;Visualization;Automation;Conferences;Grasping;Manipulators;Robot learning","","5","","42","IEEE","18 Oct 2021","30 May-5 June 2021","30 May-5 June 2021","IEEE","IEEE Conferences"
"Zero-shot Policy Learning with Spatial Temporal Reward Decomposition on Contingency-aware Observation","H. Xu; B. Chen; Y. Gao; T. Darrell",UC Berkeley; UC Berkeley; Tsinghua University; UC Berkeley,2021 IEEE International Conference on Robotics and Automation (ICRA),"18 Oct 2021","2021","","","10786","10792","It is a long-standing challenge to enable an intelligent agent to learn in one environment and generalize to an unseen environment without further data collection and finetuning. In this paper, we consider a zero shot generalization problem setup that complies with biological intelligent agents’ learning and generalization processes. The agent is first presented with previous experiences in the training environment, along with task description in the form of trajectory-level sparse rewards. Later when it is placed in the new testing environment, it is asked to perform the task without any interaction with the testing environment. We find this setting natural for biological creatures and at the same time, challenging for previous methods. Behavior cloning, state-of-art RL along with other zero-shot learning methods perform poorly on this benchmark. Given a set of experiences in the training environment, our method learns a neural function that decomposes the sparse reward into particular regions in a contingency-aware observation as a per step reward. Based on such decomposed rewards, we further learn a dynamics model and use Model Predictive Control (MPC) to obtain a policy. Since the rewards are decomposed to finer-granularity observations, they are naturally generalizable to new environments that are composed of similar basic elements. We demonstrate our method on a wide range of environments, including a classic video game – Super Mario Bros, as well as a robotic continuous control task. Please refer to the project page for more visualized results.1","2577-087X","978-1-7281-9077-8","10.1109/ICRA48506.2021.9561799","BD; ","https://ieeexplore.ieee.org/stamp/stamp.jsp?arnumber=9561799","","Training;Learning systems;Three-dimensional displays;Games;Predictive models;Biology;Intelligent agents","","","","46","IEEE","18 Oct 2021","30 May-5 June 2021","30 May-5 June 2021","IEEE","IEEE Conferences"
"Approximate Inverse Reinforcement Learning from Vision-based Imitation Learning","K. Lee; B. Vlahov; J. Gibson; J. M. Rehg; E. A. Theodorou","Georgia Institute of Technology, Atlanta, GA, USA; Georgia Institute of Technology, Atlanta, GA, USA; Georgia Institute of Technology, Atlanta, GA, USA; Georgia Institute of Technology, Atlanta, GA, USA; Georgia Institute of Technology, Atlanta, GA, USA",2021 IEEE International Conference on Robotics and Automation (ICRA),"18 Oct 2021","2021","","","10793","10799","In this work, we present a method for obtaining an implicit objective function for vision-based navigation. The proposed methodology relies on Imitation Learning, Model Predictive Control (MPC), and an interpretation technique used in Deep Neural Networks. We use Imitation Learning as a means to do Inverse Reinforcement Learning in order to create an approximate cost function generator for a visual navigation challenge. The resulting cost function, the costmap, is used in conjunction with MPC for real-time control and outperforms other state-of-the-art costmap generators in novel environments. The proposed process allows for simple training and robustness to out-of-sample data. We apply our method to the task of vision-based autonomous driving in multiple real and simulated environments and show its generalizability. Supplementary video: https://youtu.be/WyJfT5lc0aQ","2577-087X","978-1-7281-9077-8","10.1109/ICRA48506.2021.9560916","Langley Research Center; ","https://ieeexplore.ieee.org/stamp/stamp.jsp?arnumber=9560916","","Training;Visualization;Navigation;Reinforcement learning;Streaming media;Cost function;Feature extraction","","8","","29","IEEE","18 Oct 2021","30 May-5 June 2021","30 May-5 June 2021","IEEE","IEEE Conferences"
"An Adaptive Fuzzy Reinforcement Learning Cooperative Approach for the Autonomous Control of Flock Systems","S. Qu; M. Abouheaf; W. Gueaieb; D. Spinello","School of Electrical Engineering & Computer Science, University of Ottawa, Ottawa, Canada; School of Electrical Engineering & Computer Science, University of Ottawa, Ottawa, Canada; School of Electrical Engineering & Computer Science, University of Ottawa, Ottawa, Canada; Department of Mechanical Engineering, University of Ottawa, Ottawa, Canada",2021 IEEE International Conference on Robotics and Automation (ICRA),"18 Oct 2021","2021","","","8927","8933","The flock-guidance problem enjoys a challenging structure where multiple optimization objectives are solved simultaneously. This usually necessitates different control approaches to tackle various objectives, such as guidance, collision avoidance, and cohesion. The guidance schemes, in particular, have long suffered from complex tracking-error dynamics. Furthermore, techniques that are based on linear feedback strategies obtained at equilibrium conditions either may not hold or degrade when applied to uncertain dynamic environments. Pre-tuned fuzzy inference architectures lack robustness under such unmodeled conditions. This work introduces an adaptive distributed technique for the autonomous control of flock systems. Its relatively flexible structure is based on online fuzzy reinforcement learning schemes which simultaneously target a number of objectives; namely, following a leader, avoiding collision, and reaching a flock velocity consensus. In addition to its resilience in the face of dynamic disturbances, the algorithm does not require more than the agent position as a feedback signal. The effectiveness of the proposed method is validated with two simulation scenarios and benchmarked against a similar technique from the literature.","2577-087X","978-1-7281-9077-8","10.1109/ICRA48506.2021.9561204","","https://ieeexplore.ieee.org/stamp/stamp.jsp?arnumber=9561204","","Fuzzy logic;Adaptive systems;Heuristic algorithms;Reinforcement learning;Control systems;Inference algorithms;Robustness","","11","","43","IEEE","18 Oct 2021","30 May-5 June 2021","30 May-5 June 2021","IEEE","IEEE Conferences"
