"Document Title",Authors,"Author Affiliations","Publication Title",Date Added To Xplore,"Publication Year","Volume","Issue","Start Page","End Page","Abstract","ISSN",ISBNs,"DOI",Funding Information,PDF Link,"Author Keywords","IEEE Terms","Mesh_Terms",Article Citation Count,Patent Citation Count,"Reference Count","License",Online Date,Issue Date,"Meeting Date","Publisher",Document Identifier
"Adversarial Motion Priors Make Good Substitutes for Complex Reward Functions","A. Escontrela; X. B. Peng; W. Yu; T. Zhang; A. Iscen; K. Goldberg; P. Abbeel",UC Berkeley; UC Berkeley; Google Brain; Google Brain; Google Brain; UC Berkeley; UC Berkeley,2022 IEEE/RSJ International Conference on Intelligent Robots and Systems (IROS),"26 Dec 2022","2022","","","25","32","Training a high-dimensional simulated agent with an under-specified reward function often leads the agent to learn physically infeasible strategies that are ineffective when deployed in the real world. To mitigate these unnatural behaviors, reinforcement learning practitioners often utilize complex reward functions that encourage physically plausible behaviors. However, a tedious labor-intensive tuning process is often required to create hand-designed rewards which might not easily generalize across platforms and tasks. We propose substituting complex reward functions with “style rewards” learned from a dataset of motion capture demonstrations. A learned style reward can be combined with an arbitrary task reward to train policies that perform tasks using naturalistic strategies. These natural strategies can also facilitate transfer to the real world. We build upon Adversarial Motion Priors - an approach from the computer graphics domain that encodes a style reward from a dataset of reference motions - to demonstrate that an adversarial approach to training policies can produce behaviors that transfer to a real quadrupedal robot without requiring complex reward functions. We also demonstrate that an effective style reward can be learned from a few seconds of motion capture data gathered from a German Shepherd and leads to energy-efficient locomotion strategies with natural gait transitions.","2153-0866","978-1-6654-7927-1","10.1109/IROS47612.2022.9981973","","https://ieeexplore.ieee.org/stamp/stamp.jsp?arnumber=9981973","","Training;Reinforcement learning;Computer graphics;Energy efficiency;Motion capture;Behavioral sciences;Quadrupedal robots","","98","","58","IEEE","26 Dec 2022","23-27 Oct. 2022","23-27 Oct. 2022","IEEE","IEEE Conferences"
"Bio-inspired Reflex System for Learning Visual Information for Resilient Robotic Manipulation","K. Junge; K. Qiu; J. Hughes","CREATE Lab, EPFL, Lausanne, Switzerland; CREATE Lab, EPFL, Lausanne, Switzerland; CREATE Lab, EPFL, Lausanne, Switzerland",2022 IEEE/RSJ International Conference on Intelligent Robots and Systems (IROS),"26 Dec 2022","2022","","","56","62","Humans have an incredible sense of self-preservation that is both instilled, and also learned through experience. One system which contributes to this is the pain and reflex system which both minimizes damage through involuntary reflex actions and also serves as a means of 'negative reinforcement’ to allow learning of poor actions or decision. Equipping robots with a reflex system and parallel learning architecture could help to prolong their useful life and allow for continued learning of safe actions. Focusing on a specific mock-up scenario of cubes on a 'stove’ like setup, we investigate the hardware and learning approaches for a robotic manipulator to learn the presence of 'hot’ objects and its contextual relationship to the environment. By creating a reflex arc using analog electronics that bypasses the 'brain’ of the system we show an increase in the speed of release by at least two-fold. In parallel we have a learning procedure which combines visual information of the scene with this 'pain signal’ to learn and predict when an object may be hot, utilizing an object detection neural network. Finally, we are able to extract the learned contextual information of the environment by introducing a method inspired by 'thought experiments' to generate heatmaps that indicate the probability of the environment being hot.","2153-0866","978-1-6654-7927-1","10.1109/IROS47612.2022.9981310","","https://ieeexplore.ieee.org/stamp/stamp.jsp?arnumber=9981310","","Heating systems;Visualization;Pain;Neural networks;Focusing;Object detection;Robot sensing systems","","1","","17","IEEE","26 Dec 2022","23-27 Oct. 2022","23-27 Oct. 2022","IEEE","IEEE Conferences"
"A Solution to Slosh-free Robot Trajectory Optimization","R. I. C. Muchacho; R. Laha; L. F. C. Figueredo; S. Haddadin","Munich Institute of Robotics & Machine Intelligence, Technische Universität München (TUM), Germany; Munich Institute of Robotics & Machine Intelligence, Technische Universität München (TUM), Germany; Munich Institute of Robotics & Machine Intelligence, Technische Universität München (TUM), Germany; Munich Institute of Robotics & Machine Intelligence, Technische Universität München (TUM), Germany",2022 IEEE/RSJ International Conference on Intelligent Robots and Systems (IROS),"26 Dec 2022","2022","","","223","230","This paper is about fast slosh-free fluid transportation. Existing approaches are either computationally heavy or only suitable for specific robots and container shapes. We model the end effector as a point mass suspended by a spherical pendulum and study the requirements for slosh-free motion and the validity of the point mass model. In this approach, slosh-free trajectories are generated by controlling the pendulum's pivot and simulating the motion of the point mass. We cast the trajectory optimization problem as a quadratic program-this strategy can be used to obtain valid control inputs. Through simulations and experiments on a 7 DoF Franka Emika Panda robot we validate the effectiveness of the proposed approach.","2153-0866","978-1-6654-7927-1","10.1109/IROS47612.2022.9981173","","https://ieeexplore.ieee.org/stamp/stamp.jsp?arnumber=9981173","","Visualization;Torque;Three-dimensional displays;Computational modeling;Transportation;Containers;Robot sensing systems","","26","","47","IEEE","26 Dec 2022","23-27 Oct. 2022","23-27 Oct. 2022","IEEE","IEEE Conferences"
"Virtual Reality Simulator for Fetoscopic Spina Bifida Repair Surgery","P. Korzeniowski; S. Płotka; R. Brawura-Biskupski-Samaha; A. Sitek","Sano Centre for Computational Medicine, Cracow, Poland; Sano Centre for Computational Medicine, Cracow, Poland; II Department of Obstetrics and Gynaecology, The Medical Centre of Postgraduate Education, Warsaw, Poland; Sano Centre for Computational Medicine, Cracow, Poland",2022 IEEE/RSJ International Conference on Intelligent Robots and Systems (IROS),"26 Dec 2022","2022","","","401","406","Spina Bifida (SB) is a birth defect developed during the early stage of pregnancy in which there is incomplete closing of the spine around the spinal cord. The growing interest in fetoscopic Spina-Bifida repair, which is performed in fetuses who are still in the pregnant uterus, prompts the need for appropriate training. The learning curve for such procedures is steep and requires excellent procedural skills. Computer-based virtual reality (VR) simulation systems offer a safe, cost-effective, and configurable training environment free from ethical and patient safety issues. However, to the best of our knowledge, there are currently no commercial or experimental VR training simulation systems available for fetoscopic SB-repair procedures. In this paper, we propose a novel VR simulator for core manual skills training for SB-repair. An initial simulation realism validation study was carried out by obtaining subjective feedback (face and content validity) from 14 clinicians. The overall simulation realism was on average marked 4.07 on a 5-point Likert scale (1 - ‘very unrealistic’, 5 - ‘very realistic’). Its usefulness as a training tool for SB-repair as well as in learning fundamental laparoscopic skills was marked 4.63 and 4.80, respectively. These results indicate that VR simulation of fetoscopic procedures may contribute to surgical training without putting fetuses and their mothers at risk. It could also facilitate wider adaptation of fetoscopic procedures in place of much more invasive open fetal surgeries.","2153-0866","978-1-6654-7927-1","10.1109/IROS47612.2022.9981920","European Regional Development Fund; ","https://ieeexplore.ieee.org/stamp/stamp.jsp?arnumber=9981920","","Training;Pregnancy;Solid modeling;Spinal cord;Computational modeling;Spine;Surgery","","14","","22","IEEE","26 Dec 2022","23-27 Oct. 2022","23-27 Oct. 2022","IEEE","IEEE Conferences"
"Investigation of Factorized Optical Flows as Mid-Level Representations","H. -K. Yang; T. -C. Hsiao; T. -H. Liao; H. -S. Liu; L. -Y. Tsao; T. -W. Wang; S. -Y. Yang; Y. -W. Chen; H. -R. Liao; C. -Y. Lee","Department of Computer Science, Elsa Lab, National Tsing Hua University, Hsinchu City, Taiwan; Department of Computer Science, Elsa Lab, National Tsing Hua University, Hsinchu City, Taiwan; Department of Computer Science, Elsa Lab, National Tsing Hua University, Hsinchu City, Taiwan; Department of Computer Science, Elsa Lab, National Tsing Hua University, Hsinchu City, Taiwan; Department of Computer Science, Elsa Lab, National Tsing Hua University, Hsinchu City, Taiwan; Department of Computer Science, Elsa Lab, National Tsing Hua University, Hsinchu City, Taiwan; Department of Computer Science, Elsa Lab, National Tsing Hua University, Hsinchu City, Taiwan; Department of Computer Science, Elsa Lab, National Tsing Hua University, Hsinchu City, Taiwan; Department of Computer Science, Elsa Lab, National Tsing Hua University, Hsinchu City, Taiwan; Department of Computer Science, Elsa Lab, National Tsing Hua University, Hsinchu City, Taiwan",2022 IEEE/RSJ International Conference on Intelligent Robots and Systems (IROS),"26 Dec 2022","2022","","","746","753","In this paper, we introduce a new concept of incorporating factorized flow maps as mid-level representations, for bridging the perception and the control modules in modular learning based robotic frameworks. To investigate the advantages of factorized flow maps and examine their interplay with the other types of mid-level representations, we further develop a configurable framework, along with four different environments that contain both static and dynamic objects, for analyzing the impacts of factorized optical flow maps on the performance of deep reinforcement learning agents. Based on this framework, we report our experimental results on various scenarios, and offer a set of analyses to justify our hypothesis. Finally, we validate flow factorization in real world scenarios.","2153-0866","978-1-6654-7927-1","10.1109/IROS47612.2022.9981638","Ministry of Science and Technology (MOST) in Taiwan(grant numbers:MOST 111-2628-E-007-010); ","https://ieeexplore.ieee.org/stamp/stamp.jsp?arnumber=9981638","","Deep learning;Image motion analysis;Computer vision;Sensitivity;Reinforcement learning;Behavioral sciences;Optical flow","","1","","34","IEEE","26 Dec 2022","23-27 Oct. 2022","23-27 Oct. 2022","IEEE","IEEE Conferences"
"Task Decoupling in Preference-based Reinforcement Learning for Personalized Human-Robot Interaction","M. Liu; C. Chen","Department of Control and Systems Engineering, School of Management and Engineering, Nanjing University, Nanjing, China; Department of Control and Systems Engineering, School of Management and Engineering, Nanjing University, Nanjing, China",2022 IEEE/RSJ International Conference on Intelligent Robots and Systems (IROS),"26 Dec 2022","2022","","","848","855","Intelligent robots designed to interact with hu-mans in the real world need to adapt to the preferences of different individuals. Preference-based reinforcement learning (RL) has shown great potential for teaching robots to learn personalized behaviors from interacting with humans with-out a meticulous, hand-crafted reward function, replaced by learning reward based on a human's preferences between two robot trajectories. However, poor feedback efficiency and poor exploration in the state and reward spaces make current preference-based RL algorithms perform poorly in complex interactive tasks. To improve the performance of preference-based RL, we incorporate prior knowledge of the task into preference-based RL. Specifically, we decouple the task from preference in human-robot interaction. We utilize a sketchy task reward derived from task priori to instruct robots to conduct more effective task exploration. Then a learned reward from preference-based RL is used to optimize the robot's policy to align with human preferences. In addition, these two parts are combined organically via reward shaping. The experimental results show that our method is a practical and effective solution for personalized human-robot interaction. Code is available at https://github.com/Wenminggong/PbRL_for_PHRI.","2153-0866","978-1-6654-7927-1","10.1109/IROS47612.2022.9981076","National Key Research and Development Program of China(grant numbers:2018AAA0101100); National Natural Science Foundation of China(grant numbers:62073160); ","https://ieeexplore.ieee.org/stamp/stamp.jsp?arnumber=9981076","","Codes;Education;Human-robot interaction;Reinforcement learning;Trajectory;Behavioral sciences;Task analysis","","10","","30","IEEE","26 Dec 2022","23-27 Oct. 2022","23-27 Oct. 2022","IEEE","IEEE Conferences"
"Keeping Humans in the Loop: Teaching via Feedback in Continuous Action Space Environments","I. Sheidlower; A. Moore; E. Short",Tufts University School of Engineering; Tufts University School of Engineering; Tufts University School of Engineering,2022 IEEE/RSJ International Conference on Intelligent Robots and Systems (IROS),"26 Dec 2022","2022","","","863","870","Interactive Reinforcement Learning (IntRL) allows human teachers to accelerate the learning process of Reinforcement Learning (RL) robots. However, IntRL has largely been limited to tasks with discrete-action spaces in which actions are relatively slow. This limits IntRL's application to more complicated and challenging robotic tasks, the very tasks that modern RL is particularly well-suited for. We seek to bridge this gap by presenting Continuous Action-space Interactive Reinforcement learning (CAIR): the first continuous action-space IntRL algorithm that is capable of using teacher feedback to out-perform state-of-the-art RL algorithms in those tasks. CAIR combines policies learned from the environment and the teacher into a single policy that proportionally weights the two policies based on their agreement. This allows a CAIR agent to learn a relatively stable policy despite potentially noisy or coarse teacher feedback. We validate our approach in two simulated robotics tasks with easy-to-design and - understand heuristic oracle teachers. Furthermore, we validate our approach in a human subjects study through Amazon Mechanical Turk and show CAIR out-performs the prior state-of-the-art in Interactive RL.","2153-0866","978-1-6654-7927-1","10.1109/IROS47612.2022.9982282","National Science Foundation(grant numbers:2132887); ","https://ieeexplore.ieee.org/stamp/stamp.jsp?arnumber=9982282","","Bridges;Education;Reinforcement learning;Human in the loop;Noise measurement;Task analysis;Intelligent robots","","7","","37","IEEE","26 Dec 2022","23-27 Oct. 2022","23-27 Oct. 2022","IEEE","IEEE Conferences"
"Evaluating Human-like Explanations for Robot Actions in Reinforcement Learning Scenarios","F. Cruz; C. Young; R. Dazeley; P. Vamplew","School of Computer Science and Engineering, University of New South Wales, Sydney, Australia; School of Engineering, IT and Physical Sciences, Federation University, Ballarat, Australia; School of Information Technology, Deakin University, Geelong, Australia; School of Engineering, IT and Physical Sciences, Federation University, Ballarat, Australia",2022 IEEE/RSJ International Conference on Intelligent Robots and Systems (IROS),"26 Dec 2022","2022","","","894","901","Explainable artificial intelligence is a research field that tries to provide more transparency for autonomous intelligent systems. Explainability has been used, particularly in reinforcement learning and robotic scenarios, to better understand the robot decision-making process. Previous work, however, has been widely focused on providing technical explanations that can be better understood by AI practitioners than non-expert end-users. In this work, we make use of human-like explanations built from the probability of success to complete the goal that an autonomous robot shows after performing an action. These explanations are intended to be understood by people who have no or very little experience with artificial intelligence methods. This paper presents a user trial to study whether these explanations that focus on the probability an action has of succeeding in its goal constitute a suitable explanation for non-expert end-users. The results obtained show that non-expert participants rate robot explanations that focus on the probability of success higher and with less variance than technical explanations generated from Q-values, and also favor counterfactual explanations over standalone explanations.","2153-0866","978-1-6654-7927-1","10.1109/IROS47612.2022.9981334","Deakin University; Federation University Australia; ","https://ieeexplore.ieee.org/stamp/stamp.jsp?arnumber=9981334","","Training;Presses;Scholarships;Reinforcement learning;Planning;Australia;Task analysis","","13","","32","IEEE","26 Dec 2022","23-27 Oct. 2022","23-27 Oct. 2022","IEEE","IEEE Conferences"
"DreamingV2: Reinforcement Learning with Discrete World Models without Reconstruction","M. Okada; T. Taniguchi","Technology Division, Panasonic Corporation, Digital & AI Technology Center, Japan; Technology Division, Panasonic Corporation, Digital & AI Technology Center, Japan",2022 IEEE/RSJ International Conference on Intelligent Robots and Systems (IROS),"26 Dec 2022","2022","","","985","991","The present paper proposes a novel reinforce-ment learning method with world models, DreamingV2, a collaborative extension of DreamerV2 and Dreaming. Dream- erV2 is a cutting-edge model-based reinforcement learning from pixels that uses discrete world models to represent latent states with categorical variables. Dreaming is also a form of reinforcement learning from pixels that attempts to avoid the auto encoding process in general world model training by involving a reconstruction-free contrastive learning objective. The proposed DreamingV2 is a novel approach of adopting both the discrete representation of DreamingV2 and the reconstruction-free objective of Dreaming. Compared to DreamerV2 and other recent model-based methods without reconstruction, DreamingV2 achieves the best scores on five simulated challenging 3D robot arm tasks. We believe that DreamingV2 will be a reliable solution for robot learning since its discrete representation is suitable to describe discontinuous environments, and the reconstruction-free fashion well manages complex vision observations.","2153-0866","978-1-6654-7927-1","10.1109/IROS47612.2022.9981405","","https://ieeexplore.ieee.org/stamp/stamp.jsp?arnumber=9981405","","Training;Point cloud compression;Solid modeling;Three-dimensional displays;Service robots;Reinforcement learning;Self-supervised learning","","27","","36","IEEE","26 Dec 2022","23-27 Oct. 2022","23-27 Oct. 2022","IEEE","IEEE Conferences"
"Playful Interactions for Representation Learning","S. Young; J. Pari; P. Abbeel; L. Pinto",UC Berkeley; NYU; UC Berkeley; NYU,2022 IEEE/RSJ International Conference on Intelligent Robots and Systems (IROS),"26 Dec 2022","2022","","","992","999","Ahstract- One of the key challenges in visual imitation learning is collecting large amounts of expert demonstrations for a given task. While methods for collecting human demonstrations are becoming easier with teleoperation methods and the use of low-cost assistive tools, we often still require 100–1000 demonstrations for every task to learn a visual representation and policy. To address this, we turn to an alternate form of data that does not require task-specific demonstrations - play. Playing is a fundamental method children use to learn a set of skills and behaviors and visual representations in early learning. Importantly, play data is diverse, task-agnostic, and relatively cheap to obtain. In this work, we propose to use playful interactions in a self-supervised manner to learn visual representations for downstream tasks. We collect 2 hours of playful data in 19 diverse environments and use self-predictive learning to extract visual representations. Given these representations, we train policies using imitation learning for two downstream tasks: Pushing and Stacking. We demonstrate that our visual representations generalize better than standard behavior cloning and can achieve similar performance with only half the number of required demonstrations. Our representations, which are trained from scratch, compare favorably against ImageNet pretrained representations. Finally, we provide an experimental analysis on the effects of different pretraining modes on downstream task learning.","2153-0866","978-1-6654-7927-1","10.1109/IROS47612.2022.9981307","","https://ieeexplore.ieee.org/stamp/stamp.jsp?arnumber=9981307","","Representation learning;Visualization;Stacking;Cloning;Behavioral sciences;Data mining;Task analysis","","2","","53","IEEE","26 Dec 2022","23-27 Oct. 2022","23-27 Oct. 2022","IEEE","IEEE Conferences"
"Efficiently Learning Manipulations by Selecting Structured Skill Representations","M. Sharma; O. Kroemer","Robotics Institute, Carnegie Mellon University; Robotics Institute, Carnegie Mellon University",2022 IEEE/RSJ International Conference on Intelligent Robots and Systems (IROS),"26 Dec 2022","2022","","","1039","1046","A key challenge in learning to perform manipulation tasks is selecting a suitable skill representation. While specific skill representations are often easier to learn, they are often only suitable for a narrow set of tasks. In most prior works, roboticists manually provide the robot with a suitable skill representation to use e.g. a neural network or DMPs. By contrast, we propose to allow the robot to select the most appropriate skill representation for the underlying task. Given the large space of skill representations, we utilize a single demonstration to select a small set of potential task-relevant representations. This set is then further refined using reinforcement learning to select the most suitable skill representation. Experiments in both simulation and real world show how our proposed approach leads to improved sample efficiency and enables directly learning on the real robot.","2153-0866","978-1-6654-7927-1","10.1109/IROS47612.2022.9981422","NSF(grant numbers:CMMI-1925130); Office of Naval Research(grant numbers:N00014-18-1-2775); ARL(grant numbers:W911NF-18-2-0218); ","https://ieeexplore.ieee.org/stamp/stamp.jsp?arnumber=9981422","","Neural networks;Reinforcement learning;Task analysis;Intelligent robots","","1","","47","IEEE","26 Dec 2022","23-27 Oct. 2022","23-27 Oct. 2022","IEEE","IEEE Conferences"
"Hierarchical Learning and Control for In-Hand Micromanipulation Using Multiple Laser-Driven Micro-Tools","Y. Jia; Y. Chen; H. Liu; X. Li; X. Li","Department of Automation, Tsinghua University, Beijing, China; Department of Automation, Tsinghua University, Beijing, China; Tsinghua Shenzhen International Graduate School, Tsinghua University, Shenzhen, China; Tsinghua Shenzhen International Graduate School, Tsinghua University, Shenzhen, China; Department of Automation, Tsinghua University, Beijing, China",2022 IEEE/RSJ International Conference on Intelligent Robots and Systems (IROS),"26 Dec 2022","2022","","","1047","1054","Laser-driven micro-tools are formulated by treating highly-focused laser beams as actuators, to control the tool's motion to contact then manipulate a micro object, which allows it to manipulate opaque micro objects, or large cells without causing photodamage. However, most existing laser-driven tools are limited to relatively simple tasks, such as moving and caging, and cannot carry out in-hand dexterous tasks. This is mainly because in-hand manipulation involves continuously coordinating multiple laser beams, micro-tools, and the object itself, which has high degrees of freedom (DoF) and poses up challenge for planner and controller design. This paper presents a new hierarchical formulation for the grasping and manipulation of micro objects using multiple laser-driven micro-tools. In hardware, multiple laser-driven tools are assembled to act as a robotic hand to carry out in-hand tasks (e.g., rotating); in software, a hierarchical scheme is developed to shrunken the action space and coordinate the motion of multiple tools, subject to both the parametric uncertainty in the tool and the unknown dynamic model of the object. Such a formulation provides potential for achieving robotic in-hand manipulation at a micro scale. The performance of the proposed system is validated in simulation studies under different scenarios.","2153-0866","978-1-6654-7927-1","10.1109/IROS47612.2022.9982033","National Natural Science Foundation of China(grant numbers:52075290,U21A20517); ","https://ieeexplore.ieee.org/stamp/stamp.jsp?arnumber=9982033","","Uncertainty;Robot kinematics;Heuristic algorithms;Lasers;Reinforcement learning;Software;Trajectory","","1","","26","IEEE","26 Dec 2022","23-27 Oct. 2022","23-27 Oct. 2022","IEEE","IEEE Conferences"
"Learning Goal-Oriented Non-Prehensile Pushing in Cluttered Scenes","N. Dengler; D. Großklaus; M. Bennewitz","Humanoid Robots Lab, University of Bonn, Germany; Humanoid Robots Lab, University of Bonn, Germany; Humanoid Robots Lab, University of Bonn, Germany",2022 IEEE/RSJ International Conference on Intelligent Robots and Systems (IROS),"26 Dec 2022","2022","","","1116","1122","Pushing objects through cluttered scenes is a challenging task, especially when the objects to be pushed have initially unknown dynamics and touching other entities has to be avoided to reduce the risk of damage. In this paper, we approach this problem by applying deep reinforcement learning to generate pushing actions for a robotic manipulator acting on a planar surface where objects have to be pushed to goal locations while avoiding other items in the same workspace. With the latent space learned from a depth image of the scene and other observations of the environment, such as contact information between the end effector and the object as well as distance to the goal, our framework is able to learn contact-rich pushing actions that avoid collisions with other objects. As the experimental results with a six degrees of freedom robotic arm show, our system is able to successfully push objects from start to end positions while avoiding nearby objects. Furthermore, we evaluate our learned policy in comparison to a state-of-the-art pushing controller for mobile robots and show that our agent performs better in terms of success rate, collisions with other objects, and continuous object contact in various scenarios.","2153-0866","978-1-6654-7927-1","10.1109/IROS47612.2022.9981873","European Commission(grant numbers:964854 -RePAIR - H2020-FETOPEN-2018-2020); Deutsche Forschungsgemeinschaft (DFG, German Research Foundation)(grant numbers:EXC-2070 - 390732324 - Phenorob); ","https://ieeexplore.ieee.org/stamp/stamp.jsp?arnumber=9981873","","Deep learning;Measurement;Runtime;Reinforcement learning;End effectors;Trajectory;Mobile robots","","17","","33","IEEE","26 Dec 2022","23-27 Oct. 2022","23-27 Oct. 2022","IEEE","IEEE Conferences"
"Transfer Learning for Machine Learning-based Detection and Separation of Entanglements in Bin-Picking Applications","M. Moosmann; F. Spenrath; J. Rosport; P. Melzer; W. Kraus; R. Bormann; M. F. Huber","Department Robot and Assistive Systems, Fraunhofer Institute for Manufacturing Engineering and Automation IPA, Stuttgart, Germany; Department Robot and Assistive Systems, Fraunhofer Institute for Manufacturing Engineering and Automation IPA, Stuttgart, Germany; Department Robot and Assistive Systems, Fraunhofer Institute for Manufacturing Engineering and Automation IPA, Stuttgart, Germany; Department Robot and Assistive Systems, Fraunhofer Institute for Manufacturing Engineering and Automation IPA, Stuttgart, Germany; Department Robot and Assistive Systems, Fraunhofer Institute for Manufacturing Engineering and Automation IPA, Stuttgart, Germany; Department Robot and Assistive Systems, Fraunhofer Institute for Manufacturing Engineering and Automation IPA, Stuttgart, Germany; Center for Cyber Cognitive Intelligence (CCI), Fraunhofer IPA, Stuttgart, Germany, Institute of Industrial Manufacturing and Management IFF, University of Stuttgart, Stuttgart, Germany",2022 IEEE/RSJ International Conference on Intelligent Robots and Systems (IROS),"26 Dec 2022","2022","","","1123","1130","In this paper, we present a Domain Randomization and a Domain Adaptation approach to transfer experience for entanglement detection and separation from simulation into a real-world bin-picking application. We investigate the influence of different randomization options in image processing and use a CycleGAN as a further Domain Adaptation method to synthesize simulation data as realistically as possible. On the basis of this adapted data we re-train our detection and separation methods and validate the usefulness of these Sim-to-Real methods. In numerous real-world experiments we show that we achieve a significant increase of up to 71.74 % in the performance of the overall system by using the Sim-to-Real approaches as opposed to the direct transfer.","2153-0866","978-1-6654-7927-1","10.1109/IROS47612.2022.9981082","","https://ieeexplore.ieee.org/stamp/stamp.jsp?arnumber=9981082","","Adaptation models;Image processing;Transfer learning;Data models;Intelligent robots","","8","","25","IEEE","26 Dec 2022","23-27 Oct. 2022","23-27 Oct. 2022","IEEE","IEEE Conferences"
"Deep Reinforcement Learning Based on Local GNN for Goal-Conditioned Deformable Object Rearranging","Y. Deng; C. Xia; X. Wang; L. Chen","Tencent Robotics X Lab, Shenzhen, China; The Center for Intelligent Control and Telescience, Tsinghua Shenzhen International Graduate School, Shenzhen, China; The Center for Intelligent Control and Telescience, Tsinghua Shenzhen International Graduate School, Shenzhen, China; Tencent Robotics X Lab, Shenzhen, China",2022 IEEE/RSJ International Conference on Intelligent Robots and Systems (IROS),"26 Dec 2022","2022","","","1131","1138","Object rearranging is one of the most common deformable manipulation tasks, where the robot needs to rearrange a deformable object into a goal configuration. Previous studies focus on designing an expert system for each specific task by model-based or data-driven approaches and the application scenarios are therefore limited. Some research has been attempting to design a general framework to obtain more advanced manipulation capabilities for deformable rearranging tasks, with lots of progress achieved in simulation. However, transferring from simulation to reality is difficult due to the limitation of the end-to-end CNN architecture. To address these challenges, we design a local GNN (Graph Neural Network) based learning method, which utilizes two representation graphs to encode keypoints detected from images. Self-attention is applied for graph updating and cross-attention is applied for generating manipulation actions. Extensive experiments have been conducted to demonstrate that our framework is effective in multiple 1-D (rope, rope ring) and 2-D (cloth) rearranging tasks in simulation and can be easily transferred to a real robot by fine-tuning a keypoint detector.","2153-0866","978-1-6654-7927-1","10.1109/IROS47612.2022.9981669","","https://ieeexplore.ieee.org/stamp/stamp.jsp?arnumber=9981669","","Deformable models;Learning systems;Deep learning;Reinforcement learning;Detectors;Graph neural networks;Task analysis","","13","","23","IEEE","26 Dec 2022","23-27 Oct. 2022","23-27 Oct. 2022","IEEE","IEEE Conferences"
"Parallel Monte Carlo Tree Search with Batched Rigid-body Simulations for Speeding up Long-Horizon Episodic Robot Planning","B. Huang; A. Boularias; J. Yu","Department of Computer Science, Rutgers, the State University of New Jersey, USA; Department of Computer Science, Rutgers, the State University of New Jersey, USA; Department of Computer Science, Rutgers, the State University of New Jersey, USA",2022 IEEE/RSJ International Conference on Intelligent Robots and Systems (IROS),"26 Dec 2022","2022","","","1153","1160","We propose a novel Parallel Monte Carlo tree search with Batched Simulations (PMBS) algorithm for accelerating long-horizon, episodic robotic planning tasks. Monte Carlo tree search (MCTS) is an effective heuristic search algorithm for solving episodic decision-making problems whose underlying search spaces are expansive. Leveraging a GPU-based large-scale simulator, PMBS introduces massive parallelism into MCTS for solving planning tasks through the batched execution of a large number of concurrent simulations, which allows for more efficient and accurate evaluations of the expected cost-to-go over large action spaces. When applied to the challenging manipulation tasks of object retrieval from clutter, PMBS achieves a speedup of over 30× with an improved solution quality, in comparison to a serial MCTS implementation. We show that PMBS can be directly applied to real robot hardware with negligible sim-to-real differences. Supplementary material, including video, can be found at https://github.com/arc-l/pmbs.","2153-0866","978-1-6654-7927-1","10.1109/IROS47612.2022.9981962","NSF(grant numbers:1734492,1846043,1845888,2132972); ","https://ieeexplore.ieee.org/stamp/stamp.jsp?arnumber=9981962","","Monte Carlo methods;Computational modeling;Parallel processing;Search problems;Hardware;Real-time systems;Planning","","14","","57","IEEE","26 Dec 2022","23-27 Oct. 2022","23-27 Oct. 2022","IEEE","IEEE Conferences"
"Adapting Rapid Motor Adaptation for Bipedal Robots","A. Kumar; Z. Li; J. Zeng; D. Pathak; K. Sreenath; J. Malik","University of California, Berkeley, California, USA; University of California, Berkeley, California, USA; University of California, Berkeley, California, USA; Carnegie Mellon University; University of California, Berkeley, California, USA; University of California, Berkeley, California, USA",2022 IEEE/RSJ International Conference on Intelligent Robots and Systems (IROS),"26 Dec 2022","2022","","","1161","1168","Recent advances in legged locomotion have en-abled quadrupeds to walk on challenging terrains. However, bipedal robots are inherently more unstable and hence it's harder to design walking controllers for them. In this work, we leverage recent advances in rapid adaptation for locomotion control, and extend them to work on bipedal robots. Similar to existing works, we start with a base policy which produces actions while taking as input an estimated extrinsics vector from an adaptation module. This extrinsics vector contains information about the environment and enables the walking controller to rapidly adapt online. However, the extrinsics estimator could be imperfect, which might lead to poor performance of the base policy which expects a perfect estimator. In this paper, we propose A-RMA (Adapting RMA), which additionally adapts the base policy for the imperfect extrinsics estimator by finetuning it using model-free RL. We demonstrate that A-RMA outperforms a number of RL-based baseline controllers and model-based controllers in simulation, and show zero-shot deployment of a single A-RMA policy to enable a bipedal robot, Cassie, to walk in a variety of different scenarios in the real world beyond what it has seen during training. Videos and results at https: //ashish-kmr.github.io/a-rma/","2153-0866","978-1-6654-7927-1","10.1109/IROS47612.2022.9981091","National Science Foundation(grant numbers:CMMI-1944722); ","https://ieeexplore.ieee.org/stamp/stamp.jsp?arnumber=9981091","","Legged locomotion;Training;Adaptation models;Visualization;Robot vision systems;Surface roughness;Rough surfaces","","67","","48","IEEE","26 Dec 2022","23-27 Oct. 2022","23-27 Oct. 2022","IEEE","IEEE Conferences"
"Distributed Coach-Based Reinforcement Learning Controller for Snake Robot Locomotion","Y. Jia; S. Ma","Department of Robotics, Ritsumeikan University, Kusatsu, Shiga, Japan; Department of Robotics, Ritsumeikan University, Kusatsu, Shiga, Japan",2022 IEEE/RSJ International Conference on Intelligent Robots and Systems (IROS),"26 Dec 2022","2022","","","1231","1238","Reinforcement learning commonly suffers from slow convergence speed and requires thousands of episodes, which makes it hard to be applied for physical robotic applications. Little research has been studied for snake robot control using RL because of the additional difficulty of high redundancy of freedom. Existing methods either adopts an asynchronous A3C structure or a joint state representation. We propose a distributed coach-based deep learning method for snake robot control, which can greatly expedite the training speed with less episodes. The major contributions include: 1) a completely distributed graphical formulation; 2) an explicit stochastic density propagation rule for each robot link; 3) various interaction models with uncertainty estimation. The preliminary results of both simulation and real-world experiments have demonstrated the promising performance in comparison with state-of-the-art.","2153-0866","978-1-6654-7927-1","10.1109/IROS47612.2022.9981749","","https://ieeexplore.ieee.org/stamp/stamp.jsp?arnumber=9981749","","Training;Deep learning;Uncertainty;Snake robots;Redundancy;Stochastic processes;Estimation","","3","","13","IEEE","26 Dec 2022","23-27 Oct. 2022","23-27 Oct. 2022","IEEE","IEEE Conferences"
"Learn from Interaction: Learning to Pick via Reinforcement Learning in Challenging Clutter","C. Zhao; J. Seo","Electronic and Computer Engineering Department, The Hong Kong University of Science and Technology; Mechanical and Aerospace/Electronic and Computer Engineering Department, The Hong Kong University of Science and Technology",2022 IEEE/RSJ International Conference on Intelligent Robots and Systems (IROS),"26 Dec 2022","2022","","","1382","1387","Bin picking is a challenging problem in robotics due to high dimensional action space, partially visible objects, and contact-rich environments. State-of-the-art methods for bin picking are often simplified as planar manipulation, or learn policy based on human demonstration and motion primitives. The designs have escalated in complexity while still failing to reach the generality and robustness of human picking ability. Here, we present an end-to-end reinforcement learning (RL) framework to produce an adaptable and robust policy for picking objects in diverse real-world environments, including but not limited to tilted bins and corner objects. We present a novel solution to incorporate object interaction in policy learning. The object interaction is represented by the poses of objects. The policy learning is based on two neural networks with asymmetric state inputs. One acts on the object interaction information, while the other acts on the depth observation and proprioceptive signals of robots. The results of experiment shows remarkable zero-shot generalization from simulation to the real world and extensive real-world experiments show the effectiveness of the approach.","2153-0866","978-1-6654-7927-1","10.1109/IROS47612.2022.9981530","","https://ieeexplore.ieee.org/stamp/stamp.jsp?arnumber=9981530","","Neural networks;Propioception;Reinforcement learning;Sensor fusion;Robustness;Data models;Task analysis","","1","","21","IEEE","26 Dec 2022","23-27 Oct. 2022","23-27 Oct. 2022","IEEE","IEEE Conferences"
"PI-ARS: Accelerating Evolution-Learned Visual-Locomotion with Predictive Information Representations","K. -H. Lee; O. Nachum; T. Zhang; S. Guadarrama; J. Tan; W. Yu","Google Research, Mountain View, CA, United States; Google Research, Mountain View, CA, United States; Google Research, Mountain View, CA, United States; Google Research, Mountain View, CA, United States; Google Research, Mountain View, CA, United States; Google Research, Mountain View, CA, United States",2022 IEEE/RSJ International Conference on Intelligent Robots and Systems (IROS),"26 Dec 2022","2022","","","1447","1454","Evolution Strategy (ES) algorithms have shown promising results in training complex robotic control policies due to their massive parallelism capability, simple implementation, effective parameter-space exploration, and fast training time. However, a key limitation of ES is its scalability to large capacity models, including modern neural network architectures. In this work, we develop Predictive Information Augmented Random Search (PI-ARS) to mitigate this limitation by leveraging recent advancements in representation learning to reduce the parameter search space for ES. Namely, PI-ARS combines a gradient-based representation learning technique, Predictive Information (PI), with a gradient-free ES algorithm, Augmented Random Search (ARS), to train policies that can process complex robot sensory inputs and handle highly nonlinear robot dynamics. We evaluate PI-ARS on a set of challenging visual-locomotion tasks where a quadruped robot needs to walk on uneven stepping stones, quincuncial piles, and moving platforms, as well as to complete an indoor navigation task. Across all tasks, PI-ARS demonstrates significantly better learning efficiency and performance compared to the ARS baseline. We further validate our algorithm by demonstrating that the learned policies can successfully transfer to a real quadruped robot, for example, achieving a 100% success rate on the real-world stepping stone environment, dramatically improving prior results achieving 40% success.","2153-0866","978-1-6654-7927-1","10.1109/IROS47612.2022.9981952","","https://ieeexplore.ieee.org/stamp/stamp.jsp?arnumber=9981952","","Representation learning;Training;Legged locomotion;Scalability;Heuristic algorithms;Robot sensing systems;Prediction algorithms","","8","","47","IEEE","26 Dec 2022","23-27 Oct. 2022","23-27 Oct. 2022","IEEE","IEEE Conferences"
"Learning Visual Feedback Control for Dynamic Cloth Folding","J. Hietala; D. Blanco–Mulero; G. Alcan; V. Kyrki","Department of Electrical Engineering and Automation (EEA), Intelligent Robotics Group, Aalto University, Espoo, Finland; Department of Electrical Engineering and Automation (EEA), Intelligent Robotics Group, Aalto University, Espoo, Finland; Department of Electrical Engineering and Automation (EEA), Intelligent Robotics Group, Aalto University, Espoo, Finland; Department of Electrical Engineering and Automation (EEA), Intelligent Robotics Group, Aalto University, Espoo, Finland",2022 IEEE/RSJ International Conference on Intelligent Robots and Systems (IROS),"26 Dec 2022","2022","","","1455","1462","Robotic manipulation of cloth is a challenging task due to the high dimensionality of the configuration space and the complexity of dynamics affected by various material properties. The effect of complex dynamics is even more pronounced in dynamic folding, for example, when a square piece of fabric is folded in two by a single manipulator. To account for the complexity and uncertainties, feedback of the cloth state using e.g. vision is typically needed. However, construction of visual feedback policies for dynamic cloth folding is an open problem. In this paper, we present a solution that learns policies in simulation using Reinforcement Learning (RL) and transfers the learned policies directly to the real world. In addition, to learn a single policy that manipulates multiple materials, we randomize the material properties in simulation. We evaluate the contributions of visual feedback and material randomization in real-world experiments. The experimental results demonstrate that the proposed solution can fold successfully different fabric types using dynamic manipulation in the real world. Code, data, and videos are available at https://sites.google.com/view/dynamic-cloth-folding.","2153-0866","978-1-6654-7927-1","10.1109/IROS47612.2022.9981376","Academy of Finland(grant numbers:328399,317020); ","https://ieeexplore.ieee.org/stamp/stamp.jsp?arnumber=9981376","","Training;Visualization;Process control;Reinforcement learning;Fabrics;Complexity theory;Task analysis","","30","","35","IEEE","26 Dec 2022","23-27 Oct. 2022","23-27 Oct. 2022","IEEE","IEEE Conferences"
"Hierarchical Reinforcement Learning for Precise Soccer Shooting Skills using a Quadrupedal Robot","Y. Ji; Z. Li; Y. Sun; X. B. Peng; S. Levine; G. Berseth; K. Sreenath","University of California, Berkeley; University of California, Berkeley; University of California, Berkeley; University of California, Berkeley; University of California, Berkeley; Université de Montréal, Mila; University of California, Berkeley",2022 IEEE/RSJ International Conference on Intelligent Robots and Systems (IROS),"26 Dec 2022","2022","","","1479","1486","We address the problem of enabling quadrupedal robots to perform precise shooting skills in the real world using reinforcement learning. Developing algorithms to enable a legged robot to shoot a soccer ball to a given target is a challenging problem that combines robot motion control and planning into one task. To solve this problem, we need to consider the dynamics limitation and motion stability during the control of a dynamic legged robot. Moreover, we need to consider motion planning to shoot the hard-to-model deformable ball rolling on the ground with uncertain friction to a desired location. In this paper, we propose a hierarchical framework that leverages deep reinforcement learning to train (a) a robust motion control policy that can track arbitrary motions and (b) a planning policy to decide the desired kicking motion to shoot a soccer ball to a target. We deploy the proposed framework on an A1 quadrupedal robot and enable it to accurately shoot the ball to random targets in the real world.","2153-0866","978-1-6654-7927-1","10.1109/IROS47612.2022.9981984","NSF(grant numbers:CMMI-1944722); ","https://ieeexplore.ieee.org/stamp/stamp.jsp?arnumber=9981984","","Legged locomotion;Robot motion;Target tracking;Dynamics;Reinforcement learning;Planning;Quadrupedal robots","","54","","36","IEEE","26 Dec 2022","23-27 Oct. 2022","23-27 Oct. 2022","IEEE","IEEE Conferences"
"RARA: Zero-shot Sim2Real Visual Navigation with Following Foreground Cues","K. Kelchtermans; T. Tuytelaars","KULeuven, ESAT-PSI, Belgium; KULeuven, ESAT-PSI, Belgium",2022 IEEE/RSJ International Conference on Intelligent Robots and Systems (IROS),"26 Dec 2022","2022","","","1704","1710","The gap between simulation and the real-world restrains many machine learning breakthroughs in computer vision and reinforcement learning from being applicable in the real world. In this work, we tackle this gap for the specific case of camera-based navigation, formulating it as following a visual cue in the foreground with arbitrary backgrounds. The visual cue in the foreground can often be simulated realistically, such as a line, gate or cone. The challenge then lies in coping with the unknown backgrounds and integrating both. As such, the goal is to train a visual agent on data captured in an empty simulated environment except for this foreground cue and test this model directly in a visually diverse real world. In order to bridge this big gap, we show it's crucial to combine following techniques namely: Randomized augmentation of the fore- and background, regularization with both deep supervision and triplet loss and finally abstraction of the dynamics by using waypoints rather than direct velocity commands. The various techniques are ablated in our experimental results both qualitatively and quantitatively finally demonstrating a successful transfer from simulation to the real world. Code will be made available on publication22Project page: github.com/kkelchte/tgbg.","2153-0866","978-1-6654-7927-1","10.1109/IROS47612.2022.9982066","FWO-SBO; ","https://ieeexplore.ieee.org/stamp/stamp.jsp?arnumber=9982066","","Training;Visualization;Target tracking;Navigation;Reinforcement learning;Predictive models;Logic gates","","2","","22","IEEE","26 Dec 2022","23-27 Oct. 2022","23-27 Oct. 2022","IEEE","IEEE Conferences"
"Teaching Agents how to Map: Spatial Reasoning for Multi-Object Navigation","P. Marza; L. Matignon; O. Simonin; C. Wolf","LIRIS, UMR CNRS 5205, Université de Lyon, INSA-Lyon, Villeurbanne, France; UCBL, CNRS, INSA-Lyon, LIRIS, UMR5205, Univ Lyon, Villeurbanne, France; INSA Lyon, CITI Lab, INRIA Chroma team, Villeurbanne, France; Naver Labs Europe, France",2022 IEEE/RSJ International Conference on Intelligent Robots and Systems (IROS),"26 Dec 2022","2022","","","1725","1732","In the context of visual navigation, the capacity to map a novel environment is necessary for an agent to exploit its observation history in the considered place and efficiently reach known goals. This ability can be associated with spatial rea-soning, where an agent is able to perceive spatial relationships and regularities, and discover object characteristics. Recent work introduces learnable policies parametrized by deep neural networks and trained with Reinforcement Learning (RL). In classical RL setups, the capacity to map and reason spatially is learned end-to-end, from reward alone. In this setting, we introduce supplementary supervision in the form of auxiliary tasks designed to favor the emergence of spatial perception capabilities in agents trained for a goal-reaching downstream objective. We show that learning to estimate metrics quantifying the spatial relationships between an agent at a given location and a goal to reach has a high positive impact in Multi-Object Navigation settings. Our method significantly improves the performance of different baseline agents, that either build an explicit or implicit representation of the environment, even matching the performance of incomparable oracle agents taking ground-truth maps as input. A learning-based agent from the literature trained with the proposed auxiliary losses was the winning entry to the Multi-Object Navigation Challenge, part of the CVPR 2021 Embodied AI Workshop.","2153-0866","978-1-6654-7927-1","10.1109/IROS47612.2022.9982216","ANR(grant numbers:ANR-20-CHIA-0018); ","https://ieeexplore.ieee.org/stamp/stamp.jsp?arnumber=9982216","","Training;Measurement;Visualization;Target tracking;Navigation;Neural networks;Reinforcement learning","","15","","40","IEEE","26 Dec 2022","23-27 Oct. 2022","23-27 Oct. 2022","IEEE","IEEE Conferences"
"NAUTS: Negotiation for Adaptation to Unstructured Terrain Surfaces","S. Siva; M. Wigness; J. G. Rogers; L. Quang; H. Zhang","Sriram Siva is with the Computer Science Department, Colorado School of Mines (Mines), Golden, CO, USA; DEV-COM Army Research Laboratory (ARL), Adelphi, MD, USA; DEV-COM Army Research Laboratory (ARL), Adelphi, MD, USA; DEV-COM Army Research Laboratory (ARL), Adelphi, MD, USA; Sriram Siva is with the Computer Science Department, Colorado School of Mines (Mines), Golden, CO, USA",2022 IEEE/RSJ International Conference on Intelligent Robots and Systems (IROS),"26 Dec 2022","2022","","","1733","1740","When robots operate in real-world off-road environments with unstructured terrains, the ability to adapt their navigational policy is critical for effective and safe navigation. However, off-road terrains introduce several challenges to robot navigation, including dynamic obstacles and terrain uncertainty, leading to inefficient traversal or navigation failures. To address these challenges, we introduce a novel approach for adaptation by negotiation that enables a ground robot to adjust its navigational behaviors through a negotiation process. Our approach first learns prediction models for various navigational policies to function as a terrain-aware joint local controller and planner. Then, through a new negotiation process, our approach learns from various policies' interactions with the environment to agree on the optimal combination of policies in an online fashion to adapt robot navigation to unstructured off-road terrains on the fly. Additionally, we implement a new optimization algorithm that offers the optimal solution for robot negotiation in real-time during execution. Experimental results have validated that our method for adaptation by negotiation outperforms previous methods for robot navigation, especially over unseen and uncertain dynamic terrains.","2153-0866","978-1-6654-7927-1","10.1109/IROS47612.2022.9982207","","https://ieeexplore.ieee.org/stamp/stamp.jsp?arnumber=9982207","","Adaptation models;Uncertainty;Navigation;Process control;Predictive models;Real-time systems;Behavioral sciences","","8","","54","IEEE","26 Dec 2022","23-27 Oct. 2022","23-27 Oct. 2022","IEEE","IEEE Conferences"
"Benchmarking Augmentation Methods for Learning Robust Navigation Agents: the Winning Entry of the 2021 iGibson Challenge","N. Yokoyama; Q. Luo; D. Batra; S. Ha","College of Electrical Engineering and College of Computing, Georgia Institute of Technology, Atlanta, GA, USA; College of Electrical Engineering and College of Computing, Georgia Institute of Technology, Atlanta, GA, USA; College of Electrical Engineering and College of Computing, Georgia Institute of Technology, Atlanta, GA, USA; College of Electrical Engineering and College of Computing, Georgia Institute of Technology, Atlanta, GA, USA",2022 IEEE/RSJ International Conference on Intelligent Robots and Systems (IROS),"26 Dec 2022","2022","","","1748","1755","Recent advances in deep reinforcement learning and scalable photorealistic simulation have led to increasingly mature embodied AI for various visual tasks, including navigation. However, while impressive progress has been made for teaching embodied agents to navigate static environments, much less progress has been made on more dynamic environments that may include moving pedestrians or movable obstacles. In this study, we aim to benchmark different augmentation techniques for improving the agent's performance in these challenging environments. We show that adding several dynamic obstacles into the scene during training confers significant improvements in test-time generalization, achieving much higher success rates than baseline agents. We find that this approach can also be combined with image augmentation methods to achieve even higher success rates. Additionally, we show that this approach is also more robust to sim-to-sim transfer than image augmentation methods. Finally, we demonstrate the effectiveness of this dynamic obstacle augmentation approach by using it to train an agent for the 2021 iGibson Challenge at CVPR, where it achieved 1st place for Interactive Navigation.","2153-0866","978-1-6654-7927-1","10.1109/IROS47612.2022.9981743","","https://ieeexplore.ieee.org/stamp/stamp.jsp?arnumber=9981743","","Training;Deep learning;Visualization;Navigation;Reinforcement learning;Benchmark testing;Task analysis","","9","","28","IEEE","26 Dec 2022","23-27 Oct. 2022","23-27 Oct. 2022","IEEE","IEEE Conferences"
"Safety-based Dynamic Task Offloading for Human-Robot Collaboration using Deep Reinforcement Learning","F. Ruggeri; A. Terra; A. Hata; R. Inam; I. Leite","Ericsson Research AI, Stockholm, AB, Sweden; Ericsson Research AI, Stockholm, AB, Sweden; Ericsson Research AI, Ericsson Telecomunicações S/A, Indaiatuba, Brazil; Ericsson Research AI, Stockholm, AB, Sweden; Division of Robotics, Perception and Learning, Kungliga Tekniska Högskolan, Stockholm, Sweden",2022 IEEE/RSJ International Conference on Intelligent Robots and Systems (IROS),"26 Dec 2022","2022","","","2119","2126","Robots with constrained hardware resources usually rely on Multi-access Edge Computing infrastructures to offload computationally expensive tasks to meet real-time and safety requirements. Offloading every task might not be the best option due to dynamic changes in the network conditions and can result in network congestion or failures. This work proposes a task offloading strategy for mobile robots in a Human-Robot Collaboration scenario that optimizes the edge resource usage and reduces network delays, leading to safety enhancement. The solution utilizes a Deep Reinforcement Learning (DRL) agent that observes safety and network metrics to dynamically decide at runtime if (i) a less accurate model should run on the robot; (ii) a more complex model should run on the edge; or (iii) the previous output should be reused through temporal coherence verification. Experiments are performed in a simulated warehouse where humans and robots have close interactions and safety needs are high. Our results show that the proposed DRL solution outperforms the baselines in several aspects. The edge is used only when the network performance is reliable, reducing the number of failures (up to 47 %). The latency is not only decreased (up to 68 %) but also adapted to the safety requirements (risk × latency reduced up to 48 %), avoiding unnecessary network congestion in safe situations and letting other devices use the network. Overall, the safety metrics get improved, such as the increased time in the safe zone by up to 3.1%.","2153-0866","978-1-6654-7927-1","10.1109/IROS47612.2022.9981366","","https://ieeexplore.ieee.org/stamp/stamp.jsp?arnumber=9981366","","Deep learning;Performance evaluation;Runtime;Multi-access edge computing;Collaboration;Reinforcement learning;Real-time systems","","4","","18","IEEE","26 Dec 2022","23-27 Oct. 2022","23-27 Oct. 2022","IEEE","IEEE Conferences"
"Self-supervised Wide Baseline Visual Servoing via 3D Equivariance","J. Huh; J. Hong; S. Garg; H. S. Park; V. Isler","Samsung AI Center NY, New York, NY; Samsung AI Center NY, New York, NY; Samsung AI Center NY, New York, NY; Samsung AI Center NY, New York, NY; Samsung AI Center NY, New York, NY",2022 IEEE/RSJ International Conference on Intelligent Robots and Systems (IROS),"26 Dec 2022","2022","","","2227","2233","One of the challenging input settings for visual servoing is when the initial and goal camera views are far apart. Such settings are difficult because the wide baseline can cause drastic changes in object appearance and cause occlusions. This paper presents a novel self-supervised visual servoing method for wide baseline images which does not require 3D ground truth supervision. Existing approaches that regress absolute camera pose with respect to an object require 3D ground truth data of the object in the forms of 3D bounding boxes or meshes. We learn a coherent visual representation by leveraging a geometric property called 3D equivariance—the representation is transformed in a predictable way as a function of 3D transformation. To ensure that the feature-space is faithful to the underlying geodesic space, a geodesic preserving constraint is applied in conjunction with the equivariance. We design a Siamese network that can effectively enforce these two geometric properties without requiring 3D supervision. With the learned model, the relative transformation can be inferred simply by following the gradient in the learned space and used as feedback for closed-loop visual servoing. Our method is evaluated on objects from the YCB dataset, showing meaningful outperformance on a visual servoing task, or object alignment task with respect to state-of-the-art approaches that use 3D supervision. Ours yields more than 35% average distance error reduction and more than 90% success rate with 3cm error tolerance.","2153-0866","978-1-6654-7927-1","10.1109/IROS47612.2022.9981907","","https://ieeexplore.ieee.org/stamp/stamp.jsp?arnumber=9981907","","Visualization;Image segmentation;Three-dimensional displays;Self-supervised learning;Cameras;Feature extraction;Transformers","","2","","31","IEEE","26 Dec 2022","23-27 Oct. 2022","23-27 Oct. 2022","IEEE","IEEE Conferences"
"Safe Reinforcement Learning for Legged Locomotion","T. -Y. Yang; T. Zhang; L. Luu; S. Ha; J. Tan; W. Yu",Princeton University; Google Research; Google Research; Google Research; Google Research; Google Research,2022 IEEE/RSJ International Conference on Intelligent Robots and Systems (IROS),"26 Dec 2022","2022","","","2454","2461","Designing control policies for legged locomotion11In this work, we specifically consider quadruped locomotion. is complex due to the under-actuated and non-continuous robot dynamics. Model-free reinforcement learning provides promising tools to tackle this challenge. However, a major bottleneck of applying model-free reinforcement learning in real world is safety. In this paper, we propose a safe reinforcement learning framework that switches between a safe recovery policy that prevents the robot from entering unsafe states, and a learner policy that is optimized to complete the task. The safe recovery policy takes over the control when the learner policy violates safety constraints, and hands over the control back when there are no future safety violations. We design the safe recovery policy so that it ensures safety of quadruped locomotion while minimally intervening in the learning process. Furthermore, we theoretically analyze the proposed framework and provide an upper bound on the task performance. We verify the proposed framework in four tasks on a simulated and real quadrupedal robot: efficient gait, catwalk, two-leg balance, and pacing. On average, our method achieves 48.6% fewer falls and comparable or better rewards than the baseline methods in simulation. When deployed it on real-world quadruped robot, our training pipeline enables 34% improvement in energy efficiency for the efficient gait, 40.9% narrower of the feet placement in the catwalk, and two times more jumping duration in the two-leg balance. Our method achieves less than five falls over the duration of 115 minutes of hardware time.22Video is included in the submission and the project website: https://sites.google.com/view/saferlleggedlocomotion/","2153-0866","978-1-6654-7927-1","10.1109/IROS47612.2022.9982038","NSF(grant numbers:1919452); ","https://ieeexplore.ieee.org/stamp/stamp.jsp?arnumber=9982038","","Legged locomotion;Training;Analytical models;Upper bound;Uncertainty;Reinforcement learning;Safety","","34","","43","IEEE","26 Dec 2022","23-27 Oct. 2022","23-27 Oct. 2022","IEEE","IEEE Conferences"
"Safety Guided Policy Optimization","D. Kim; Y. Kim; K. Lee; S. Oh","Department of Electrical and Computer Engineering and ASRI, Seoul National University, Seoul, Korea; Department of Mechanical Engineering, Robotics and Artificial Intelligence Lab, Korea Advanced Institute of Science and Technology, Daejeon, Republic of Korea; Department of Artificial Intelligence, Chung-Ang University, Seoul, Korea; Department of Electrical and Computer Engineering and ASRI, Seoul National University, Seoul, Korea",2022 IEEE/RSJ International Conference on Intelligent Robots and Systems (IROS),"26 Dec 2022","2022","","","2462","2467","In reinforcement learning (RL), exploration is essential to achieve a globally optimal policy but unconstrained exploration can cause damages to robots and nearby people. To handle this safety issue in exploration, safe RL has been proposed to keep the agent under the specified safety constraints while maximizing cumulative rewards. This paper introduces a new safe RL method which can be applied to robots to operate under the safety constraints while learning. The key component of the proposed method is the safeguard module. The safeguard predicts the constraints in the near future and corrects actions such that the predicted constraints are not violated. Since actions are safely modified by the safeguard during exploration and policies are trained to imitate the corrected actions, the agent can safely explore. Additionally, the safeguard is sample efficient as it does not require long horizontal trajectories for training, so constraints can be satisfied within short time steps. The proposed method is extensively evaluated in simulation and experiments using a real robot. The results show that the proposed method achieves the best performance while satisfying safety constraints with minimal interaction with environments in all experiments.","2153-0866","978-1-6654-7927-1","10.1109/IROS47612.2022.9981030","","https://ieeexplore.ieee.org/stamp/stamp.jsp?arnumber=9981030","","Training;Reinforcement learning;Safety;Trajectory;Optimization;Intelligent robots","","2","","25","IEEE","26 Dec 2022","23-27 Oct. 2022","23-27 Oct. 2022","IEEE","IEEE Conferences"
"How to Spend Your Robot Time: Bridging Kickstarting and Offline Reinforcement Learning for Vision-based Robotic Manipulation","A. X. Lee; C. Devin; J. T. Springenberg; Y. Zhou; T. Lampe; A. Abdolmaleki; K. Bousmalis","DeepMind, London, UK; DeepMind, London, UK; DeepMind, London, UK; DeepMind, London, UK; DeepMind, London, UK; DeepMind, London, UK; DeepMind, London, UK",2022 IEEE/RSJ International Conference on Intelligent Robots and Systems (IROS),"26 Dec 2022","2022","","","2468","2475","Reinforcement learning (RL) has been shown to be effective at learning control from experience. However, RL typically requires a large amount of online interaction with the environment. This limits its applicability to real-world settings, such as in robotics, where such interaction is expensive. In this work we investigate ways to minimize online interactions in a target task, by reusing a suboptimal policy we might have access to, for example from training on related prior tasks, or in simulation. To this end, we develop two RL algorithms that can speed up training by using not only the action distributions of teacher policies, but also data collected by such policies on the task at hand. We conduct a thorough experimental study of how to use suboptimal teachers on a challenging robotic manipulation benchmark on vision-based stacking with diverse objects. We compare our methods to offline, online, offline-to-online, and kickstarting RL algorithms. By doing so, we find that training on data from both the teacher and student, enables the best performance for limited data budgets. We examine how to best allocate a limited data budget - on the target task - between the teacher and the student policy, and report experiments using varying budgets, two teachers with different degrees of suboptimality, and five stacking tasks that require a diverse set of behaviors. Our analysis, both in simulation and in the real world, shows that our approach is the best across data budgets, while standard offline RL from teacher rollouts is surprisingly effective when enough data is given.","2153-0866","978-1-6654-7927-1","10.1109/IROS47612.2022.9981126","","https://ieeexplore.ieee.org/stamp/stamp.jsp?arnumber=9981126","","Training;Analytical models;Stacking;Reinforcement learning;Benchmark testing;Data models;Behavioral sciences","","7","","26","IEEE","26 Dec 2022","23-27 Oct. 2022","23-27 Oct. 2022","IEEE","IEEE Conferences"
"A Contact-Safe Reinforcement Learning Framework for Contact-Rich Robot Manipulation","X. Zhu; S. Kang; J. Chen","institute for interdisciplinary information sciences, Tsinghua University, Beijing, China; institute for interdisciplinary information sciences, Tsinghua University, Beijing, China; Shanghai Qizhi Insitute, Shanghai, China",2022 IEEE/RSJ International Conference on Intelligent Robots and Systems (IROS),"26 Dec 2022","2022","","","2476","2482","Reinforcement learning shows great potential to solve complex contact-rich robot manipulation tasks. However, the safety of using RL in the real world is a crucial problem, since unexpected dangerous collisions might happen when the RL policy is imperfect during training or in unseen scenarios. In this paper, we propose a contact-safe reinforcement learning framework for contact-rich robot manipulation, which maintains safety in both the task space and joint space. When the RL policy causes unexpected collisions between the robot arm and the environment, our framework is able to immediately detect the collision and ensure the contact force to be small. Furthermore, the end-effector is enforced to perform contact-rich tasks compliantly, while keeping robust to external disturbances. We train the RL policy in simulation and transfer it to the real robot. Real world experiments on robot wiping tasks show that our method is able to keep the contact force small both in task space and joint space even when the policy is under unseen scenario with unexpected collision, while rejecting the disturbances on the main task.","2153-0866","978-1-6654-7927-1","10.1109/IROS47612.2022.9981185","","https://ieeexplore.ieee.org/stamp/stamp.jsp?arnumber=9981185","","Training;Force;Reinforcement learning;Aerospace electronics;End effectors;Safety;Task analysis","","5","","28","IEEE","26 Dec 2022","23-27 Oct. 2022","23-27 Oct. 2022","IEEE","IEEE Conferences"
"Learning Skills to Navigate without a Master: A Sequential Multi-Policy Reinforcement Learning Algorithm","A. Dukkipati; R. Banerjee; R. S. Ayyagari; D. P. Udaybhai","Department of Computer Science and Automation, Indian Institute of Science, Bangalore, India; Department of Computer Science and Automation, Indian Institute of Science, Bangalore, India; Department of Computer Science and Automation, Indian Institute of Science, Bangalore, India; Department of Computer Science and Automation, Indian Institute of Science, Bangalore, India",2022 IEEE/RSJ International Conference on Intelligent Robots and Systems (IROS),"26 Dec 2022","2022","","","2483","2489","Solving complex problems using reinforcement learning necessitates breaking down the problem into manageable tasks, and learning policies to solve these tasks. These policies, in turn, have to be controlled by a master policy that takes high-level decisions. Hence learning policies involves hierarchical decision structures. However, training such methods in practice may lead to poor generalization, with either sub-policies executing actions for too few time steps or devolving into a single policy altogether. In our work, we introduce an alternative approach to learn such skills sequentially without using an overarching hierarchical policy. We propose this method in the context of environments where a major component of the objective of a learning agent is to prolong the episode for as long as possible. We refer to our proposed method as Sequential Soft Option Critic. We demonstrate the utility of our approach on navigation and goal-based tasks in a flexible simulated 3D navigation environment that we have developed. We also show that our method outperforms prior methods such as Soft Actor-Critic and Soft Option Critic on various environments, including the Atari River Raid environment and the Gym-Duckietown self-driving car simulator.","2153-0866","978-1-6654-7927-1","10.1109/IROS47612.2022.9981607","","https://ieeexplore.ieee.org/stamp/stamp.jsp?arnumber=9981607","","Training;Three-dimensional displays;Navigation;Heuristic algorithms;Reinforcement learning;Rivers;Autonomous automobiles","","5","","32","IEEE","26 Dec 2022","23-27 Oct. 2022","23-27 Oct. 2022","IEEE","IEEE Conferences"
"Ordinal Inverse Reinforcement Learning Applied to Robot Learning with Small Data","A. Colomé; C. Torras","Institut de Robòtica i Informàtica Industrial (IRI), CSIC-UPC, Spain; Institut de Robòtica i Informàtica Industrial (IRI), CSIC-UPC, Spain",2022 IEEE/RSJ International Conference on Intelligent Robots and Systems (IROS),"26 Dec 2022","2022","","","2490","2496","Over the last decade, the ability to teach actions to robots in a user-friendly way has gained relevance, and a practical way of teaching robots a new task is to use Inverse Reinforcement Learning (IRL). In IRL, an expert teacher shows the robot a desired behaviour and an agent builds a model of the reward. The agent can also infer a policy that performs in an optimal way within the limitations of the knowledge provided to it. However, most IRL approaches assume an (almost) optimal performance of the teaching agent, which might become unpractical if the teacher is not actually an expert. In addition, most IRL focus on discrete state-action spaces that limit their applicability to certain real-world problems such as within the context of direct Policy Search (PS) reinforcement learning. Therefore, in this paper we introduce Ordinal Inverse Reinforcement Learning (OrdIRL) for continuous state variables, in which the teacher can qualitatively evaluate robot performance by selecting one among the predefined performance levels (e.g. {bad, medium, good} for three tiers of performance). Once the OrdIRL has fit an ordinal distribution to the data, we propose to use Bayesian Optimization (BO) to either gain knowledge on the inferred model (exploration) or find a policy or action that maximizes the expected reward given the prior knowledge on the reward (exploitation). In the case of large-dimensional state-action spaces, we use Dimensionality Reduction (DR) techniques and perform the BO in the latent space. Experimental results on simulation and with a robot arm show how this approach allows for learning the reward function with small data.","2153-0866","978-1-6654-7927-1","10.1109/IROS47612.2022.9981731","European Research Council(grant numbers:741930); ","https://ieeexplore.ieee.org/stamp/stamp.jsp?arnumber=9981731","","Education;Sociology;Reinforcement learning;Search problems;Manipulators;Data models;Robot learning","","1","","22","IEEE","26 Dec 2022","23-27 Oct. 2022","23-27 Oct. 2022","IEEE","IEEE Conferences"
"Advanced Skills by Learning Locomotion and Local Navigation End-to-End","N. Rudin; D. Hoeller; M. Bjelonic; M. Hutter","Robotic Systems Lab, ETH Zurich; Robotic Systems Lab, ETH Zurich; Robotic Systems Lab, ETH Zurich; Robotic Systems Lab, ETH Zurich",2022 IEEE/RSJ International Conference on Intelligent Robots and Systems (IROS),"26 Dec 2022","2022","","","2497","2503","The common approach for local navigation on challenging environments with legged robots requires path planning, path following and locomotion, which usually requires a locomotion control policy that accurately tracks a commanded velocity. However, by breaking down the navigation problem into these sub-tasks, we limit the robot's capabilities since the individual tasks do not consider the full solution space. In this work, we propose to solve the complete problem by training an end-to-end policy with deep reinforcement learning. Instead of continuously tracking a precomputed path, the robot needs to reach a target position within a provided time. The task's success is only evaluated at the end of an episode, meaning that the policy does not need to reach the target as fast as possible. It is free to select its path and the locomotion gait. Training a policy in this way opens up a larger set of possible solutions, which allows the robot to learn more complex behaviors. We compare our approach to velocity tracking and additionally show that the time dependence of the task reward is critical to successfully learn these new behaviors. Finally, we demonstrate the successful deployment of policies on a real quadrupedal robot. The robot is able to cross challenging terrains, which were not possible previously, while using a more energy-efficient gait and achieving a higher success rate. Supplementary videos can be found on the project website: https://sites.google.com/leggedrobotics.com/end-to-end-loco-navigation","2153-0866","978-1-6654-7927-1","10.1109/IROS47612.2022.9981198","","https://ieeexplore.ieee.org/stamp/stamp.jsp?arnumber=9981198","","Training;Legged locomotion;Target tracking;Navigation;Reinforcement learning;Path planning;Behavioral sciences","","91","","30","IEEE","26 Dec 2022","23-27 Oct. 2022","23-27 Oct. 2022","IEEE","IEEE Conferences"
"NavDreams: Towards Camera-Only RL Navigation Among Humans","D. Dugas; O. Andersson; R. Siegwart; J. J. Chung","Autonomous Systems Lab, ETH Zürich, Zürich, Switzerland; Autonomous Systems Lab, ETH Zürich, Zürich, Switzerland; Autonomous Systems Lab, ETH Zürich, Zürich, Switzerland; Autonomous Systems Lab, ETH Zürich, Zürich, Switzerland",2022 IEEE/RSJ International Conference on Intelligent Robots and Systems (IROS),"26 Dec 2022","2022","","","2504","2511","Autonomously navigating a robot in everyday crowded spaces requires solving complex perception and planning challenges. When using only monocular image sensor data as input, classical two-dimensional planning approaches cannot be used. While images present a significant challenge when it comes to perception and planning, they also allow capturing potentially important details, such as complex geometry, body movement, and other visual cues. In order to successfully solve the navigation task from only images, algorithms must be able to model the scene and its dynamics using only this channel of information. We investigate whether the world model concept, which has shown state-of-the-art results for modeling and learning policies in Atari games as well as promising results in 2D LiDAR-based crowd navigation, can also be applied to the camera-based navigation problem. To this end, we create simulated environments where a robot must navigate past static and moving humans without colliding in order to reach its goal. We find that state-of-the-art methods are able to achieve success in solving the navigation problem, and can generate dream-like predictions of future image-sequences which show consistent geometry and moving persons. We are also able to show that policy performance in our high-fidelity sim2real simulation scenario transfers to the real world by testing the policy on a real robot. We make our simulator, models and experiments available at https://github.com/danieldugas/NavDreams.","2153-0866","978-1-6654-7927-1","10.1109/IROS47612.2022.9982045","","https://ieeexplore.ieee.org/stamp/stamp.jsp?arnumber=9982045","","Geometry;Visualization;Navigation;Heuristic algorithms;Semantics;Robot vision systems;Multitasking","","16","","31","IEEE","26 Dec 2022","23-27 Oct. 2022","23-27 Oct. 2022","IEEE","IEEE Conferences"
"Impact Makes a Sound and Sound Makes an Impact: Sound Guides Representations and Explorations","X. Zhao; C. Weber; M. B. Hafez; S. Wermter","Department of Informatics, Knowledge Technology Group, Universität Hamburg, Hamburg, Germany; Department of Informatics, Knowledge Technology Group, Universität Hamburg, Hamburg, Germany; Department of Informatics, Knowledge Technology Group, Universität Hamburg, Hamburg, Germany; Department of Informatics, Knowledge Technology Group, Universität Hamburg, Hamburg, Germany",2022 IEEE/RSJ International Conference on Intelligent Robots and Systems (IROS),"26 Dec 2022","2022","","","2512","2518","Sound is one of the most informative and abundant modalities in the real world while being robust to sense without contacts by small and cheap sensors that can be placed on mobile devices. Although deep learning is capable of extracting information from multiple sensory inputs, there has been little use of sound for the control and learning of robotic actions. For unsupervised reinforcement learning, an agent is expected to actively collect experiences and jointly learn representations and policies in a self-supervised way. We build realistic robotic manipulation scenarios with physics-based sound simulation and propose the Intrinsic Sound Curiosity Module (ISCM). The ISCM provides feedback to a reinforcement learner to learn robust representations and to reward a more efficient exploration behavior. We perform experiments with sound enabled during pre-training and disabled during adaptation, and show that representations learned by ISCM outperform the ones by vision-only baselines and pre-trained policies can accelerate the learning process when applied to downstream tasks.","2153-0866","978-1-6654-7927-1","10.1109/IROS47612.2022.9981510","German Research Foundation (DFG); China Scholarship Council (CSC); ","https://ieeexplore.ieee.org/stamp/stamp.jsp?arnumber=9981510","","Representation learning;Focusing;Reinforcement learning;Games;Robot sensing systems;Mobile handsets;Behavioral sciences","","16","","51","IEEE","26 Dec 2022","23-27 Oct. 2022","23-27 Oct. 2022","IEEE","IEEE Conferences"
"AssembleRL: Learning to Assemble Furniture from Their Point Clouds","O. Aslan; B. Bolat; B. Bal; T. Tumer; E. Sahin; S. Kalkan","Dept. of Computer Engineering, KOVAN Research Lab; METU-ROMER, Center for Robotics and Artificial Intelligence, Middle East Technical University, Ankara, Turkey; Dept. of Computer Engineering, KOVAN Research Lab; METU-ROMER, Center for Robotics and Artificial Intelligence, Middle East Technical University, Ankara, Turkey; Dept. of Computer Engineering, KOVAN Research Lab; METU-ROMER, Center for Robotics and Artificial Intelligence, Middle East Technical University, Ankara, Turkey; Dept. of Computer Engineering, KOVAN Research Lab; METU-ROMER, Center for Robotics and Artificial Intelligence, Middle East Technical University, Ankara, Turkey; Dept. of Computer Engineering, KOVAN Research Lab; METU-ROMER, Center for Robotics and Artificial Intelligence, Middle East Technical University, Ankara, Turkey; Dept. of Computer Engineering, KOVAN Research Lab; METU-ROMER, Center for Robotics and Artificial Intelligence, Middle East Technical University, Ankara, Turkey",2022 IEEE/RSJ International Conference on Intelligent Robots and Systems (IROS),"26 Dec 2022","2022","","","2748","2753","The rise of simulation environments has enabled learning-based approaches for assembly planning, which is otherwise a labor-intensive and daunting task. Assembling furniture is especially interesting since furniture are intricate and pose challenges for learning-based approaches. Surprisingly, humans can solve furniture assembly mostly given a 2D snapshot of the assembled product. Although recent years have witnessed promising learning-based approaches for furniture assembly, they assume the availability of correct connection labels for each assembly step, which are expensive to obtain in practice. In this paper, we alleviate this assumption and aim to solve furniture assembly with as little human expertise and supervision as possible. To be specific, we assume the availability of the assembled point cloud, and comparing the point cloud of the current assembly and the point cloud of the target product, obtain a novel reward signal based on two measures: Incorrectness and incompleteness. We show that our novel reward signal can train a deep network to successfully assemble different types of furniture. Code and networks available here: https://github.com/METU-KALFA/AssembleRL.","2153-0866","978-1-6654-7927-1","10.1109/IROS47612.2022.9982112","","https://ieeexplore.ieee.org/stamp/stamp.jsp?arnumber=9982112","","Point cloud compression;Convolutional codes;Solid modeling;Three-dimensional displays;Convolution;Current measurement;Manipulators","","5","","24","IEEE","26 Dec 2022","23-27 Oct. 2022","23-27 Oct. 2022","IEEE","IEEE Conferences"
"Learning to Herd Amongst Obstacles from an Optimized Surrogate","J. Zhi; J. -M. Lien","Department of Computer Science, George Mason University, 4400, University Drive MSN 4A5, Fairfax, VA, USA; Department of Computer Science, George Mason University, 4400, University Drive MSN 4A5, Fairfax, VA, USA",2022 IEEE/RSJ International Conference on Intelligent Robots and Systems (IROS),"26 Dec 2022","2022","","","2954","2961","This paper investigates how a shepherd robot can efficiently steer a coherent group by intelligently moving behind the group in obstacle-filled environments. It was been shown that a model trained by deep reinforcement learning can guide a small number (2–4) of agents among obstacles. However, herding a larger group becomes significantly more challenging because it exhibits the characteristics similar to manipulating a deformable object, i.e., the system is dynamic and the problem is highly underactuated. To overcome these challenges, we show that a model can be trained more effectively via an optimized surrogate, such as a potential field that optimizes the control quality of the group without explicitly considering the placement of the shepherd. Our experiments demonstrate that the trained model is robust to noise for group behaviors and environments. Compared to the rule-based method, the proposed approach maintains a higher probability of guiding the sheep and better control quality.","2153-0866","978-1-6654-7927-1","10.1109/IROS47612.2022.9982269","","https://ieeexplore.ieee.org/stamp/stamp.jsp?arnumber=9982269","","Deep learning;Scalability;Reinforcement learning;Aerospace electronics;Behavioral sciences;Task analysis;Manipulator dynamics","","5","","26","IEEE","26 Dec 2022","23-27 Oct. 2022","23-27 Oct. 2022","IEEE","IEEE Conferences"
"Fixture-Aware DDQN for Generalized Environment-Enabled Grasping","E. Sasagawa; C. Choi","Minnesota Robotics Institute, Minneapolis, MN, USA; Department of Electrical and Computer Engineering, University of Minnesota Twin Cities, Minneapolis, MN, USA",2022 IEEE/RSJ International Conference on Intelligent Robots and Systems (IROS),"26 Dec 2022","2022","","","3151","3158","This paper expands on the problem of grasping an object that can only be grasped by a single parallel gripper when a fixture (e.g., wall, heavy object) is harnessed. Preceding work that tackle this problem are limited in that the employed networks implicitly learn specific targets and fixtures to leverage. However, the notion of a usable fixture can vary in different environments, at times without any outwardly noticeable differences. In this paper, we propose a method to relax this limitation and further handle environments where the fixture location is unknown. The problem is formulated as visual affordance learning in a partially observable setting. We present a self-supervised reinforcement learning algorithm, Fixture-Aware Double Deep Q-Network (FA-DDQN), that processes the scene observation to 1) identify the target object based on a reference image, 2) distinguish possible fixtures based on interaction with the environment, and finally 3) fuse the information to generate a visual affordance map to guide the robot to successful Slide-to-Wall grasps. We demonstrate our proposed solution in simulation and in real robot experiments to show that in addition to achieving higher success than baselines, it also performs zero-shot generalization to novel scenes with unseen object configurations.","2153-0866","978-1-6654-7927-1","10.1109/IROS47612.2022.9982182","National Science Foundation(grant numbers:2143730); ","https://ieeexplore.ieee.org/stamp/stamp.jsp?arnumber=9982182","","Visualization;Fuses;Affordances;Fixtures;Grasping;Reinforcement learning;Grippers","","","","31","IEEE","26 Dec 2022","23-27 Oct. 2022","23-27 Oct. 2022","IEEE","IEEE Conferences"
"Memory-Augmented Reinforcement Learning for Image-Goal Navigation","L. Mezghan; S. Sukhbaatar; T. Lavril; O. Maksymets; D. Batra; P. Bojanowski; K. Alahari","Meta AI; Meta AI; Meta AI; Meta AI; Meta AI; Meta AI; Univ. Grenoble Alpes, Inria, CNRS, Grenoble INP, LJK, Grenoble, France",2022 IEEE/RSJ International Conference on Intelligent Robots and Systems (IROS),"26 Dec 2022","2022","","","3316","3323","In this work, we present a memory-augmented approach for image-goal navigation. Earlier attempts, including RL-based and SLAM-based approaches have either shown poor generalization performance, or are heavily-reliant on pose/depth sensors. Our method is based on an attention-based end-to-end model that leverages an episodic memory to learn to navigate. First, we train a state-embedding network in a self-supervised fashion, and then use it to embed previously-visited states into the agent's memory. Our navigation policy takes advantage of this information through an attention mechanism. We validate our approach with extensive evaluations, and show that our model establishes a new state of the art on the challenging Gibson dataset. Furthermore, we achieve this impressive performance from RGB input alone, without access to additional information such as position or depth, in stark contrast to related work.","2153-0866","978-1-6654-7927-1","10.1109/IROS47612.2022.9981090","","https://ieeexplore.ieee.org/stamp/stamp.jsp?arnumber=9981090","","Training;Navigation;Neural networks;Reinforcement learning;Transformers;Sensors;Task analysis","","46","","41","IEEE","26 Dec 2022","23-27 Oct. 2022","23-27 Oct. 2022","IEEE","IEEE Conferences"
"Autonomous Emergency Landing for Multicopters using Deep Reinforcement Learning","L. Bartolomei; Y. Kompis; L. Teixeira; M. Chli","Vision For Robotics Lab, ETH Zurich, Switzerland; Vision For Robotics Lab, ETH Zurich, Switzerland; Vision For Robotics Lab, ETH Zurich, Switzerland; Vision For Robotics Lab, ETH Zurich, Switzerland",2022 IEEE/RSJ International Conference on Intelligent Robots and Systems (IROS),"26 Dec 2022","2022","","","3392","3399","This work presents a pipeline for autonomous emergency landing for multicopters, such as rotary wing Unmanned Aerial Vehicles (UAVs), using deep Reinforcement Learning (RL). Mechanical malfunctions, strong winds, sudden battery life drops (e.g, due to cold weather), failure in localization or GPS jamming are not uncommon and all constitute emergency situations that require a UAV to abort its mission early and land as quickly as possible in the immediate vicinity. To this end, it is crucial for a UAV that is deployed in real missions to be able to detect a safe landing spot efficiently and proceed to land autonomously, avoiding damage to both its integrity and the surroundings. Driven by the advances in semantic segmentation and depth completion using machine learning, the proposed architecture uses deep RL to infer actions from semantic and depth information, flying the robot towards secure areas, while respecting safety constraints. Thanks to our robust training strategy and the choice of these mid-level representations as input to the RL agent, we show that our policy can directly transfer to the real world, without the need for any additional fine-tuning. In a series of challenging experiments both in simulation and with a real platform, we demonstrate that our planner guides a rotorcraft UAV to a safe landing spot up to 1.5 times faster and with double success rate than the state of the art (including a commercially available solution), paving the way towards realistically deployable UAVs.","2153-0866","978-1-6654-7927-1","10.1109/IROS47612.2022.9981152","Swiss National Science Foundation (SNSF)(grant numbers:PP00P2183720); NCCR Robotics; ","https://ieeexplore.ieee.org/stamp/stamp.jsp?arnumber=9981152","","Deep learning;Training;Location awareness;Wind;Semantic segmentation;Semantics;Pipelines","","23","","22","IEEE","26 Dec 2022","23-27 Oct. 2022","23-27 Oct. 2022","IEEE","IEEE Conferences"
"Robust Sim2Real Transfer with the da Vinci Research Kit: A Study On Camera, Lighting, and Physics Domain Randomization","M. Haiderbhai; R. Gondokaryono; T. Looi; J. M. Drake; L. A. Kahrs","Department of Computer Science, University of Toronto, Canada; Department of Computer Science, University of Toronto, Canada; The Wilfred and Joyce Posluns CIGITI, SickKids, Toronto, Canada; The Wilfred and Joyce Posluns CIGITI, SickKids, Toronto, Canada; Department of Computer Science, University of Toronto, Canada",2022 IEEE/RSJ International Conference on Intelligent Robots and Systems (IROS),"26 Dec 2022","2022","","","3429","3435","Autonomous surgical robotics is a growing area of research, with advances being made in the areas of vision and control. Central to this research is the need for simulations to facilitate data collection and simulate learning environments for Reinforcement Learning (RL) agents. Recent simulators have facilitated RL policy generation, but lack a robust sim2real pipeline and a proven vision-based policy that can use any type of camera including the da Vinci Surgical System (dVSS) Endoscope. To solve this, we build a ROS-based sim2real pipeline that incorporates a Unity3D da Vinci Research Kit (dVRK) simulation, modular kinematics, and shared interfaces. We examine the vision-based task of cube pushing, and train RL policies to execute in real life through Domain Randomization. Our experiments evaluate model success in simulation and two camera systems: OAK-1 and the dVSS Endoscope. Our results indicate that Domain Randomization is effective at bridging the sim2real gap, and even extends to the difficult endoscope scenario. We achieve 100% transfer success rate on both OAK-1 and the dVSS Endoscope, with gains of over 60% compared to a base model with no Domain Randomization. We examine the various randomization parameters, including lighting, camera, and physics variables, and determine that all parameters play a significant role in bridging the sim2real gap. Testing across extreme lighting and camera configurations not seen in simulation, our models continue to perform well, with 85% accuracy on the OAK-1 camera. Our future work will extend to other tasks and more complex policies to take advantage of stereo-camera imaging. Further project information is available at https://medcvr.utm.utoronto.ca/iros2022-sim2real.html","2153-0866","978-1-6654-7927-1","10.1109/IROS47612.2022.9981573","Natural Sciences and Engineering Research Council of Canada (NSERC)(grant numbers:RGPIN-2020-05833); ","https://ieeexplore.ieee.org/stamp/stamp.jsp?arnumber=9981573","","Medical robotics;Endoscopes;Pipelines;Robot vision systems;Lighting;Reinforcement learning;Kinematics","","7","","27","IEEE","26 Dec 2022","23-27 Oct. 2022","23-27 Oct. 2022","IEEE","IEEE Conferences"
"Sim-to-Real Transfer of Image-Based Autonomous Guidewire Navigation Trained by Deep Deterministic Policy Gradient with Behavior Cloning for Fast Learning","Y. Cho; J. -H. Park; J. Choi; D. E. Chang","Control Laboratory, School of Electrical Engineering, Korea Advanced Institute of Science and Technology, Republic of Korea; Control Laboratory, School of Electrical Engineering, Korea Advanced Institute of Science and Technology, Republic of Korea; Department of Biomedical Engineering, University of Ulsan College of Medicine, Republic of Korea; Control Laboratory, School of Electrical Engineering, Korea Advanced Institute of Science and Technology, Republic of Korea",2022 IEEE/RSJ International Conference on Intelligent Robots and Systems (IROS),"26 Dec 2022","2022","","","3468","3475","Percutaneous coronary intervention (PCI) is a frequently used surgical treatment for cardiovascular disease, one of the leading cause of death in the world. In traditional PCI, a doctor navigates a thin guidewire in a patient's vessel toward a target location by looking into live X-ray angiogram images of the patient. Recently, researchers are using reinforcement learning to automate this guidewire navigation process without attaching any sensor to the guidewire tip. These researchers use a real vessel phantom to train their behavior policy using reinforcement learning. Training a reinforcement learning algorithm on a real setup can give a good guidewire control on that setup, but it is under question whether the trained algorithm can be applied to other vessel structures. We can make various vessel phantoms and train the algorithm on the setups, but it can be really time and money consuming. In this paper, we devise a method for sim-to-real transfer of a guidewire navigation trained by reinforcement learning using only images. We pretrain our behavior policy using data collected by running an expert algorithm in the virtual environment. Then, we train the behavior policy by deep deterministic policy gradient (DDPG) in a virtual environment. With behavior cloning, our method learns to successfully navigate a guidewire in much shorter time than training DDPG from scratch without behavior cloning. After done with the training, we transfer the behavior policy trained in the virtual environment to the guidewire navigation in a real vessel phantom. Our trained behavior policy navigates the guidewire to destinations successfully in all test episodes and navigates faster than the expert algorithm. Experiment video is available at: https: //youtu.be/HCEbIhZsXqw","2153-0866","978-1-6654-7927-1","10.1109/IROS47612.2022.9982168","","https://ieeexplore.ieee.org/stamp/stamp.jsp?arnumber=9982168","","Training;Navigation;Shape;Neural networks;Virtual environments;Cloning;Phantoms","","10","","21","IEEE","26 Dec 2022","23-27 Oct. 2022","23-27 Oct. 2022","IEEE","IEEE Conferences"
"A Framework of Rehabilitation-assisted Robot Skill Representation, Learning, and Modulation via Manifold-Mappings and Gaussian Processes","H. Wu; Z. Xu; W. Yan; Y. Ou; Z. Liao; X. Zhou","Institute of Intelligent Manufacturing, Guangdong Academy of Sciences Guangdong Key Laboratory of Modern Control Technology, China; Institute of Intelligent Manufacturing, Guangdong Academy of Sciences Guangdong Key Laboratory of Modern Control Technology, China; Institute of Intelligent Manufacturing, Guangdong Academy of Sciences Guangdong Key Laboratory of Modern Control Technology, China; Institute of Intelligent Manufacturing, Guangdong Academy of Sciences Guangdong Key Laboratory of Modern Control Technology, China; Institute of Intelligent Manufacturing, Guangdong Academy of Sciences Guangdong Key Laboratory of Modern Control Technology, China; Institute of Intelligent Manufacturing, Guangdong Academy of Sciences Guangdong Key Laboratory of Modern Control Technology, China",2022 IEEE/RSJ International Conference on Intelligent Robots and Systems (IROS),"26 Dec 2022","2022","","","3680","3686","Stroke survivors usually have dyskinesia, who have an urgent need for rehabilitation-assist training. To reduce the labor of rehabilitation therapists, this paper attempts to investigate an effective rehabilitation-assisted robot skill acquisition framework, which is inspired by the scheme of robot learning from demonstration (LfD). Since most of the current LfD methods were implemented with rigorous assumptions that the considering motion features are only represented on an individual manifold. Meanwhile, despite many advancements that have been achieved on time-position trajectories and position-velocity trajectories, those methods are restricted to Euclidean space and can not be applied to learn those dexterous and compliant rehabilitation-assisted robot skills such as position-orientation trajectories and force-stiffness trajectories, etc. In this paper, we propose a novel skill acquisition framework for rehabilitation-assisted robot using manifold-mappings and Gaussian processes, which allows the robot to 1) simultaneously considering the robot position, orientation, force as well as stiffness by manifold-mappings among d-dimensional Euclidean space $\mathcal{R}^{d}$, special orthogonal group $S\mathcal{O}$ (3), and Riemannian space $\mathcal{M}$, respectively, which resulting in accurate motion and compliant behavior; 2) retrieving skill representation by encap-sulating the variability of multiple high-dimensional demon-strations that with input-dependent noises; 3) implementing the via-points-based trajectory modulation by considering task constraints or environmental changes. To simplify the writing, we named the proposed framework as Multi-motion Features Fusion-based Robot Skill Learning (MF2 RoSL). To effectively evaluate the effectiveness of our proposed method, an upper limb rehabilitation training system with a collaborative Kinova robot is developed. The training exercises of our system are determined according to the Brunnstrom therapeutic approach to the management of hemiplegic patients, including the 3-DoFs movement of the shoulder joint and a 7-DoF movement of an insertion/extraction task for assessing the activities of daily living (ADL). Results indicate that our proposed MF2RoSL method allows the robot to learn rehabilitation skills from the therapist and can be rapidly adapted to new patients.","2153-0866","978-1-6654-7927-1","10.1109/IROS47612.2022.9982172","","https://ieeexplore.ieee.org/stamp/stamp.jsp?arnumber=9982172","","Training;Force;Modulation;Shoulder;Gaussian processes;Writing;Robot learning","","6","","31","IEEE","26 Dec 2022","23-27 Oct. 2022","23-27 Oct. 2022","IEEE","IEEE Conferences"
"Affective Behavior Learning for Social Robot Haru with Implicit Evaluative Feedback","H. Wang; J. Lin; Z. Ma; Y. Vasylkiv; H. Brock; K. Nakamura; R. Gomez; B. He; G. Li","Ocean University of China; Ocean University of China; Ocean University of China; University of Manitoba; Honda Research Institute Japan Co., Ltd; Honda Research Institute Japan Co., Ltd; Honda Research Institute Japan Co., Ltd; Ocean University of China; Ocean University of China",2022 IEEE/RSJ International Conference on Intelligent Robots and Systems (IROS),"26 Dec 2022","2022","","","3881","3888","We propose a human-in-the-loop reinforcement learning mechanism to help robots learn emotional behavior. Unlike the previous methods of providing explicit feedback via pressing keyboard buttons or mouse clicks, we provide a more natural way for ordinary people to train social robots how to perform social tasks according to their preferences - facial expressions. The whole experiment is carried out on the desktop robot Haru, which is mainly used for the research of emotion and empathy participation. Our experimental results show that through learning from implicit feedback of facial features, Haru can quickly understand and dynamically adapt to individual preferences, and obtain a similar performance to learning from explicit feedback. In addition, we observe that the recognition error of human feedback will cause a “temporary regress” of the robot's learning performance, which is more obvious at the beginning of the training process. This phenomenon is shown to be correlated with the accuracy of recognizing negative implicit feedback.","2153-0866","978-1-6654-7927-1","10.1109/IROS47612.2022.9981752","Natural Science Foundation of China(grant numbers:51809246); ","https://ieeexplore.ieee.org/stamp/stamp.jsp?arnumber=9981752","","Training;Learning systems;Social robots;Keyboards;Reinforcement learning;Pressing;Robot learning","","6","","30","IEEE","26 Dec 2022","23-27 Oct. 2022","23-27 Oct. 2022","IEEE","IEEE Conferences"
"Visual-Tactile Multimodality for Following Deformable Linear Objects Using Reinforcement Learning","L. Pecyna; S. Dong; S. Luo","Department of Computer Science, University of Liverpool, Liverpool, UK; School of Computer Science & Engineering, University of Washington, Seattle, WA, USA; Department of Engineering, King's College London, London, UK",2022 IEEE/RSJ International Conference on Intelligent Robots and Systems (IROS),"26 Dec 2022","2022","","","3987","3994","Manipulation of deformable objects is a challenging task for a robot. It would be problematic to use a single sensory input to track the behaviour of such objects: vision can be subjected to occlusions, whereas tactile inputs cannot capture the global information that is useful for the task. In this paper, we study the problem of using vision and tactile inputs together to complete the task of following deformable linear objects, for the first time. We create a Reinforcement Learning agent using different sensing modalities and investigate how its behaviour can be boosted using visual-tactile fusion, compared to using a single sensing modality. To this end, we developed a benchmark in simulation for manipulating the deformable linear objects using multimodal sensing inputs. The policy of the agent uses distilled information, e.g., the pose of the object in both visual and tactile perspectives, instead of the raw sensing signals, so that it can be directly transferred to real environments. In this way, we disentangle the perception system and the learned control policy. Our extensive experiments show that the use of both vision and tactile inputs, together with proprioception, allows the agent to complete the task in up to 92% of cases, compared to 77% when only one of the signals is given. Our results can provide valuable insights for the future design of tactile sensors and for deformable objects manipulation. Code and videos can be found at: https://github.com/lpecyna/SoftSlidingGym.","2153-0866","978-1-6654-7927-1","10.1109/IROS47612.2022.9982218","","https://ieeexplore.ieee.org/stamp/stamp.jsp?arnumber=9982218","","Deformable models;Visualization;Codes;Multimodal sensors;Tactile sensors;Reinforcement learning;Benchmark testing","","23","","28","IEEE","26 Dec 2022","23-27 Oct. 2022","23-27 Oct. 2022","IEEE","IEEE Conferences"
"Automated Flexible Needle Trajectory Planning for Keyhole Neurosurgery Using Reinforcement Learning","J. Kumar; C. S. Raut; N. Patel","Department of Engineering Design at Indian Institute of Technology Madras, Chennai, India; Department of Engineering Design at Indian Institute of Technology Madras, Chennai, India; Department of Engineering Design at Indian Institute of Technology Madras, Chennai, India",2022 IEEE/RSJ International Conference on Intelligent Robots and Systems (IROS),"26 Dec 2022","2022","","","4018","4023","Planning a safe trajectory for minimally invasive (keyhole) neurosurgery procedures require avoiding critical anatomical structures such as blood vessels and ventricles while optimizing the needle trajectory parameters such as length and curvature to comply with the needle kinematics. In this paper, we propose a reinforcement learning-based method for obtaining kinematically feasible trajectories for flexible needle insertions. Proposed approach utilizes Bezier curve control points that are generated by a reward-based reinforcement learning framework, called Flexible Needle Path Generation (FNPG). FNPG framework is trained using an environment that consists of (1) critical structures (e.g. ventricles) obtained through atlas based segmentation of MRI-T1 images, (2) blood vessels segmented from MR angiography (MRA) data and, (3) simulated brain tumor with varying size and location. The curvilinear paths obtained through the FNPG framework are compared with the traditional sampling based algorithm RRT*. The results show that the FNPG approach can produce smoother and shorter trajectories compared to RRT* while avoiding the critical anatomical structures.","2153-0866","978-1-6654-7927-1","10.1109/IROS47612.2022.9981164","","https://ieeexplore.ieee.org/stamp/stamp.jsp?arnumber=9981164","","Image segmentation;Trajectory planning;Reinforcement learning;Anatomical structure;Blood vessels;Needles;Trajectory","","10","","26","IEEE","26 Dec 2022","23-27 Oct. 2022","23-27 Oct. 2022","IEEE","IEEE Conferences"
"Learning Time-optimized Path Tracking with or without Sensory Feedback","J. C. Kiemel; T. Kröger","Institute for Anthropomatics and Robotics - Intelligent Process Automation and Robotics (IAR-IPR), Karlsruhe Institute of Technology (KIT); Institute for Anthropomatics and Robotics - Intelligent Process Automation and Robotics (IAR-IPR), Karlsruhe Institute of Technology (KIT)",2022 IEEE/RSJ International Conference on Intelligent Robots and Systems (IROS),"26 Dec 2022","2022","","","4024","4031","In this paper, we present a learning-based approach that allows a robot to quickly follow a reference path defined in joint space without exceeding limits on the position, velocity, acceleration and jerk of each robot joint. Contrary to offline methods for time-optimal path parameterization, the reference path can be changed during motion execution. In addition, our approach can utilize sensory feedback, for instance, to follow a reference path with a bipedal robot without losing balance. With our method, the robot is controlled by a neural network that is trained via reinforcement learning using data generated by a physics simulator. From a mathematical perspective, the problem of tracking a reference path in a time-optimized manner is formalized as a Markov decision process. Each state includes a fixed number of waypoints specifying the next part of the reference path. The action space is designed in such a way that all resulting motions comply with the specified kinematic joint limits. The reward function finally reflects the trade-off between the execution time, the deviation from the desired reference path and optional additional objectives like balancing. We evaluate our approach with and without additional objectives and show that time-optimized path tracking can be successfully learned for both industrial and humanoid robots. In addition, we demonstrate that networks trained in simulation can be successfully transferred to a real robot.","2153-0866","978-1-6654-7927-1","10.1109/IROS47612.2022.9982053","German Federal Ministry of Education and Research (BMBF); ","https://ieeexplore.ieee.org/stamp/stamp.jsp?arnumber=9982053","","Tracking;Service robots;Neural networks;Humanoid robots;Reinforcement learning;Kinematics;Markov processes","","3","","22","IEEE","26 Dec 2022","23-27 Oct. 2022","23-27 Oct. 2022","IEEE","IEEE Conferences"
"L2C2: Locally Lipschitz Continuous Constraint towards Stable and Smooth Reinforcement Learning","T. Kobayashi","Taisuke Kobayashi is with National Institute of Informatics (NII) and with The Graduate University for Advanced Studies (SOK-ENDAI), Tokyo, Japan",2022 IEEE/RSJ International Conference on Intelligent Robots and Systems (IROS),"26 Dec 2022","2022","","","4032","4039","This paper proposes a new regularization technique for reinforcement learning (RL) towards making policy and value functions smooth and stable. RL is known for the instability of the learning process and the sensitivity of the acquired policy to noise. Several methods have been proposed to resolve these problems, and in summary, the smoothness of policy and value functions learned mainly in RL contributes to these problems. However, if these functions are extremely smooth, their expressiveness would be lost, resulting in not obtaining the global optimal solution. This paper therefore considers RL under local Lipschitz continuity constraint, so-called L2C2. By designing the spatio-temporal locally compact space for L2C2 from the state transition at each time step, the moderate smoothness can be achieved without loss of expressiveness. Numerical noisy simulations verified that the proposed L2C2 outperforms the task performance while smoothing out the robot action generated from the learned policy.","2153-0866","978-1-6654-7927-1","10.1109/IROS47612.2022.9981812","","https://ieeexplore.ieee.org/stamp/stamp.jsp?arnumber=9981812","","Smoothing methods;Sensitivity;Reinforcement learning;Numerical models;Noise measurement;Task analysis;Intelligent robots","","14","","32","IEEE","26 Dec 2022","23-27 Oct. 2022","23-27 Oct. 2022","IEEE","IEEE Conferences"
"Learning Visual Robotic Control Efficiently with Contrastive Pre-training and Data Augmentation","A. Zhan; R. Zhao; L. Pinto; P. Abbeel; M. Laskin","University of California, Berkeley; University of California, Berkeley; New York University; University of California, Berkeley; University of California, Berkeley",2022 IEEE/RSJ International Conference on Intelligent Robots and Systems (IROS),"26 Dec 2022","2022","","","4040","4047","Recent advances in unsupervised representation learning significantly improved the sample efficiency of training Reinforcement Learning policies in simulated environments. However, similar gains have not yet been seen for real-robot reinforcement learning. In this work, we focus on enabling data-efficient real-robot learning from pixels. We present Contrastive Pre-training and Data Augmentation for Efficient Robotic Learning (CoDER), a method that utilizes data augmentation and unsupervised learning to achieve sample-efficient training of real-robot arm policies from sparse rewards. While contrastive pre-training, data augmentation, demonstrations, and reinforcement learning are alone insufficient for efficient learning, our main contribution is showing that the combination of these disparate techniques results in a simple yet data-efficient method. We show that, given only 10 demonstrations, a single robotic arm can learn sparse-reward manipulation policies from pixels, such as reaching, picking, moving, pulling a large object, flipping a switch, and opening a drawer in just 30 minutes of mean real-world training time. We include videos and code on the project website: https://sites.google.com/view/efficient-robotic-manipulation/home.","2153-0866","978-1-6654-7927-1","10.1109/IROS47612.2022.9981055","","https://ieeexplore.ieee.org/stamp/stamp.jsp?arnumber=9981055","","Training;Representation learning;Visualization;Codes;Reinforcement learning;Switches;Manipulators","","14","","60","IEEE","26 Dec 2022","23-27 Oct. 2022","23-27 Oct. 2022","IEEE","IEEE Conferences"
"Analyzing and Overcoming Degradation in Warm-Start Reinforcement Learning","B. Wexler; E. Sarafian; S. Kraus","Department of Computer Science, Bar-Ilan University, Ramat-Gan, Israel; Department of Computer Science, Bar-Ilan University, Ramat-Gan, Israel; Department of Computer Science, Bar-Ilan University, Ramat-Gan, Israel",2022 IEEE/RSJ International Conference on Intelligent Robots and Systems (IROS),"26 Dec 2022","2022","","","4048","4055","Reinforcement Learning (RL) for robotic applications can benefit from a warm-start where the agent is initialized with a pretrained behavioral policy. However, when transitioning to RL updates, degradation in performance can occur, which may compromise the robot's safety. This degradation, which constitutes an inability to properly utilize the pretrained policy, is attributed to extrapolation error in the value function, a result of high values being assigned to Out-Of-Distribution actions not present in the behavioral policy's data. We investigate why the magnitude of degradation varies across policies and why the policy fails to quickly return to behavioral performance. We present visual confirmation of our analysis and draw comparisons to the Offline RL setting which suffers from similar difficulties. We propose a novel method, Confidence Constrained Learning (CCL) for Warm-Start RL, that reduces degradation by balancing between the policy gradient and constrained learning according to a confidence measure of the Q-values. For the constrained learning component we propose a novel objective, Positive Q-value Distance (CCL-PQD). We investigate a variety of constraint-based methods that aim to overcome the degradation, and find they constitute solutions for a multi-objective optimization problem between maximimal performance and miniminal degradation. Our results demonstrate that hyperparameter tuning for CCL-PQD produces solutions on the Pareto Front of this multi-objective problem, allowing the user to balance between performance and tolerable compromises to the robot's safety.","2153-0866","978-1-6654-7927-1","10.1109/IROS47612.2022.9981286","","https://ieeexplore.ieee.org/stamp/stamp.jsp?arnumber=9981286","","Degradation;Measurement;Extrapolation;Visualization;Reinforcement learning;Behavioral sciences;Safety","","5","","35","IEEE","26 Dec 2022","23-27 Oct. 2022","23-27 Oct. 2022","IEEE","IEEE Conferences"
"Online Model Learning for Shape Control of Deformable Linear Objects","Y. Yang; J. A. Stork; T. Stoyanov","Autonomous Mobile Manipulation Lab, Center for Applied Autonomous Sensor Systems (AASS), Örebro University, Örebro, Sweden; Autonomous Mobile Manipulation Lab, Center for Applied Autonomous Sensor Systems (AASS), Örebro University, Örebro, Sweden; Autonomous Mobile Manipulation Lab, Center for Applied Autonomous Sensor Systems (AASS), Örebro University, Örebro, Sweden",2022 IEEE/RSJ International Conference on Intelligent Robots and Systems (IROS),"26 Dec 2022","2022","","","4056","4062","Traditional approaches to manipulating the state of deformable linear objects (DLOs) - i.e., cables, ropes - rely on model-based planning. However, constructing an accurate dynamic model of a DLO is challenging due to the complexity of interactions and a high number of degrees of freedom. This renders the task of achieving a desired DLO shape particularly difficult and motivates the use of model-free alternatives, which while maintaining generality suffer from a high sample complexity. In this paper, we bridge the gap between these fundamentally different approaches and propose a framework that learns dynamic models of DLOs through trial-and-error interaction. Akin to model-based reinforcement learning (RL), we interleave learning and exploration to solve a 3D shape control task for a DLO. Our approach requires only a fraction of the interaction samples of the current state-of-the-art model-free RL alternatives to achieve superior shape control performance. Unlike offline model learning, our approach does not require expert knowledge for data collection, retains the ability to explore, and automatically selects relevant experience.","2153-0866","978-1-6654-7927-1","10.1109/IROS47612.2022.9981080","","https://ieeexplore.ieee.org/stamp/stamp.jsp?arnumber=9981080","","Deformable models;Shape control;Three-dimensional displays;Shape;Predictive models;Aerospace electronics;Complexity theory","","10","","46","IEEE","26 Dec 2022","23-27 Oct. 2022","23-27 Oct. 2022","IEEE","IEEE Conferences"
"PM-FSM: Policies Modulating Finite State Machine for Robust Quadrupedal Locomotion","R. Liu; N. Sontakke; S. Ha","Georgia Institute of Technology, Atlanta, GA, USA; Georgia Institute of Technology, Atlanta, GA, USA; Georgia Institute of Technology, Atlanta, GA, USA",2022 IEEE/RSJ International Conference on Intelligent Robots and Systems (IROS),"26 Dec 2022","2022","","","4063","4069","Deep reinforcement learning (deep RL) has emerged as an effective tool for developing controllers for legged robots. However, vanilla deep RL often requires a tremendous amount of training samples and is not feasible for achieving robust behaviors. Instead, researchers have investigated a novel policy architecture by incorporating human experts' knowledge, such as Policies Modulating Trajectory Generators (PMTG). This architecture builds a recurrent control loop by combining a parametric trajectory generator (TG) and a feedback policy network to achieve more robust behaviors. In this work, we propose Policies Modulating Finite State Machine (PM-FSM) by replacing TGs with contact-aware finite state machines (FSM), which offers more flexible control of each leg. This invention offers an explicit notion of contact events to the policy to negotiate unexpected perturbations. We demonstrated that the proposed architecture could achieve more robust behaviors in various scenarios, such as challenging terrains or external perturbations, on both simulated and real robots.","2153-0866","978-1-6654-7927-1","10.1109/IROS47612.2022.9982259","National Science Foundation(grant numbers:2024768); ","https://ieeexplore.ieee.org/stamp/stamp.jsp?arnumber=9982259","Finite State Machine;Reinforcement Learning;Quadrupedal Locomotion","Legged locomotion;Training;Technological innovation;Perturbation methods;Automata;Generators;Behavioral sciences","","2","","35","IEEE","26 Dec 2022","23-27 Oct. 2022","23-27 Oct. 2022","IEEE","IEEE Conferences"
"SafeTAC: Safe Tsallis Actor-Critic Reinforcement Learning for Safer Exploration","D. Kim; J. Heo; S. Oh","Department of Electrical and Computer Engineering, ASRI, Seoul National University, Seoul, Korea; Department of Electrical and Computer Engineering, ASRI, Seoul National University, Seoul, Korea; Department of Electrical and Computer Engineering, ASRI, Seoul National University, Seoul, Korea",2022 IEEE/RSJ International Conference on Intelligent Robots and Systems (IROS),"26 Dec 2022","2022","","","4070","4075","Satisfying safety constraints is the top priority in safe reinforcement learning (RL). However, without proper exploration, an overly conservative policy such as freezing at the same position can be generated. To this end, we utilize maximum entropy RL methods for exploration. In particular, an RL method with Tsallis entropy maximization, called Tsallis actor-critic (TAC), is used to synthesize policies which can explore with more promising actions. In this paper, we propose a Tsallis entropy-regularized safe RL method for safer exploration, called SafeTAC. For more expressiveness, we extend the TAC to use a Gaussian mixture model policy, which improves the safety performance. To stabilize the training process, the retrace estimators for safety critics are formulated, and a safe policy update rule using a trust region method is proposed.","2153-0866","978-1-6654-7927-1","10.1109/IROS47612.2022.9982140","","https://ieeexplore.ieee.org/stamp/stamp.jsp?arnumber=9982140","","Training;Reinforcement learning;Entropy;Stability analysis;Safety;Intelligent robots;Gaussian mixture model","","2","","27","IEEE","26 Dec 2022","23-27 Oct. 2022","23-27 Oct. 2022","IEEE","IEEE Conferences"
"Planning to Practice: Efficient Online Fine-Tuning by Composing Goals in Latent Space","K. Fang; P. Yin; A. Nair; S. Levine","University of California, Berkeley; University of California, Berkeley; University of California, Berkeley; University of California, Berkeley",2022 IEEE/RSJ International Conference on Intelligent Robots and Systems (IROS),"26 Dec 2022","2022","","","4076","4083","General-purpose robots require diverse repertoires of behaviors to complete challenging tasks in real-world unstructured environments. To address this issue, goal-conditioned reinforcement learning aims to acquire policies that can reach configurable goals for a wide range of tasks on command. However, such goal-conditioned policies are notoriously difficult and time-consuming to train from scratch. In this paper, we propose Planning to Practice (PTP), a method that makes it practical to train goal-conditioned policies for long-horizon tasks that require multiple distinct types of interactions to solve. Our approach is based on two key ideas. First, we decompose the goal-reaching problem hierarchically, with a high-level planner that sets intermediate subgoals using conditional subgoal generators in the latent space for a low-level model-free policy. Second, we propose a hybrid approach which first pre-trains both the conditional subgoal generator and the policy on previously collected data through offline reinforcement learning, and then fine-tunes the policy via online exploration. This fine-tuning process is itself facilitated by the planned subgoals, which breaks down the original target task into short-horizon goal-reaching tasks that are significantly easier to learn. We conduct experiments in both the simulation and real world, in which the policy is pre-trained on demonstrations of short primitive behaviors and fine-tuned for temporally extended tasks that are unseen in the offline data. Our experimental results show that PTP can generate feasible sequences of subgoals that enable the policy to efficiently solve the target tasks. 11Supplementary video: sites.google.com/view/planning-to-practice","2153-0866","978-1-6654-7927-1","10.1109/IROS47612.2022.9981999","Office of Naval Research(grant numbers:W911NF-17-2-0181); ARO(grant numbers:W911NF-21-1-0097); AFOSR(grant numbers:FA9550-22-1-0273); ","https://ieeexplore.ieee.org/stamp/stamp.jsp?arnumber=9981999","","Reinforcement learning;Generators;Hybrid power systems;Data models;Planning;Behavioral sciences;Task analysis","","15","","57","IEEE","26 Dec 2022","23-27 Oct. 2022","23-27 Oct. 2022","IEEE","IEEE Conferences"
"Learning to Grasp on the Moon from 3D Octree Observations with Deep Reinforcement Learning","A. Orsula; S. Bøgh; M. Olivares-Mendez; C. Martinez","Space Robotics Research Group (SpaceR), Interdisciplinary Centre for Security, Reliability and Trust (SnT), University of Luxembourg, Luxembourg; Department of Materials and Production, Robotics & Automation Group, Aalborg University, Denmark; Space Robotics Research Group (SpaceR), Interdisciplinary Centre for Security, Reliability and Trust (SnT), University of Luxembourg, Luxembourg; Space Robotics Research Group (SpaceR), Interdisciplinary Centre for Security, Reliability and Trust (SnT), University of Luxembourg, Luxembourg",2022 IEEE/RSJ International Conference on Intelligent Robots and Systems (IROS),"26 Dec 2022","2022","","","4112","4119","Extraterrestrial rovers with a general-purpose robotic arm have many potential applications in lunar and planetary exploration. Introducing autonomy into such systems is desirable for increasing the time that rovers can spend gathering scientific data and collecting samples. This work investigates the applicability of deep reinforcement learning for vision-based robotic grasping of objects on the Moon. A novel simulation environment with procedurally-generated datasets is created to train agents under challenging conditions in unstructured scenes with uneven terrain and harsh illumination. A model-free off-policy actor-critic algorithm is then employed for end-to-end learning of a policy that directly maps compact octree observations to continuous actions in Cartesian space. Experimental evaluation indicates that 3D data representations enable more effective learning of manipulation skills when compared to traditionally used image-based observations. Domain randomization improves the generalization of learned policies to novel scenes with previously unseen objects and different illumination conditions. To this end, we demonstrate zero-shot sim-to-real transfer by evaluating trained agents on a real robot in a Moon-analogue facility. The source code and datasets are available at https://github.com/AndrejOrsula/drl_grasping.","2153-0866","978-1-6654-7927-1","10.1109/IROS47612.2022.9981661","","https://ieeexplore.ieee.org/stamp/stamp.jsp?arnumber=9981661","","Deep learning;Three-dimensional displays;Source coding;Moon;Octrees;Lighting;Reinforcement learning","","18","","42","IEEE","26 Dec 2022","23-27 Oct. 2022","23-27 Oct. 2022","IEEE","IEEE Conferences"
"T3VIP: Transformation-based $3\mathrm{D}$ Video Prediction","I. Nematollahi; E. Rosete-Beas; S. M. B. Azad; R. Rajan; F. Hutter; W. Burgard",University of Freiburg; University of Freiburg; University of Freiburg; University of Freiburg; University of Freiburg; University of Technology Nuremberg,2022 IEEE/RSJ International Conference on Intelligent Robots and Systems (IROS),"26 Dec 2022","2022","","","4174","4181","For autonomous skill acquisition, robots have to learn about the physical rules governing the 3D world dynamics from their own past experience to predict and reason about plausible future outcomes. To this end, we propose a transformation-based 3D video prediction (T3VIP) approach that explicitly models the 3D motion by decomposing a scene into its object parts and predicting their corresponding rigid transformations. Our model is fully unsupervised, captures the stochastic nature of the real world, and the observational cues in image and point cloud domains constitute its learning signals. To fully leverage all the 2D and 3D observational signals, we equip our model with automatic hyperparameter optimization (HPO) to interpret the best way of learning from them. To the best of our knowledge, our model is the first generative model that provides an RGB-D video prediction of the future for a static camera. Our extensive evaluation with simulated and real-world datasets demonstrates that our formulation leads to interpretable 3D models that predict future depth videos while achieving on-par performance with 2D models on RGB video prediction. Moreover, we demonstrate that our model outperforms 2D baselines on visuomotor control. Videos, code, dataset, and pre-trained models are available at http://t3vip.cs.uni-freiburg.de.","2153-0866","978-1-6654-7927-1","10.1109/IROS47612.2022.9981187","","https://ieeexplore.ieee.org/stamp/stamp.jsp?arnumber=9981187","","Point cloud compression;Solid modeling;Visualization;Three-dimensional displays;Stochastic processes;Machine learning;Predictive models","","4","","40","IEEE","26 Dec 2022","23-27 Oct. 2022","23-27 Oct. 2022","IEEE","IEEE Conferences"
"Accelerated Reinforcement Learning for Temporal Logic Control Objectives","Y. Kantaros","Department of Electrical and Systems Engineering, Washington University in St. Louis, St. Louis, MO, USA",2022 IEEE/RSJ International Conference on Intelligent Robots and Systems (IROS),"26 Dec 2022","2022","","","5077","5082","This paper addresses the problem of learning control policies for mobile robots, modeled as unknown Markov Decision Processes (MDPs), that are tasked with temporal logic missions, such as sequencing, coverage, or surveillance. The MDP captures uncertainty in the workspace structure and the outcomes of control decisions. The control objective is to synthesize a control policy that maximizes the probability of accomplishing a high-level task, specified as a Linear Temporal Logic (LTL) formula. To address this problem, we propose a novel accelerated model-based reinforcement learning (RL) algorithm for LTL control objectives that is capable of learning control policies significantly faster than related approaches. Its sample-efficiency relies on biasing exploration towards directions that may contribute to task satisfaction. This is accomplished by leveraging an automaton representation of the LTL task as well as a continuously learned MDP model. Finally, we provide comparative experiments that demonstrate the sample efficiency of the proposed method against recent RL methods for LTL objectives.","2153-0866","978-1-6654-7927-1","10.1109/IROS47612.2022.9981759","","https://ieeexplore.ieee.org/stamp/stamp.jsp?arnumber=9981759","","Sequential analysis;Uncertainty;Surveillance;Scalability;Neural networks;Process control;Reinforcement learning","","7","","31","IEEE","26 Dec 2022","23-27 Oct. 2022","23-27 Oct. 2022","IEEE","IEEE Conferences"
"How Do We Fail? Stress Testing Perception in Autonomous Vehicles","H. Delecki; M. Itkina; B. Lange; R. Senanayake; M. J. Kochenderfer","Department of Aeronautics and Astronautics, Stanford University; Department of Aeronautics and Astronautics, Stanford University; Department of Aeronautics and Astronautics, Stanford University; Department of Computer Science, Stanford University; Department of Aeronautics and Astronautics, Stanford University",2022 IEEE/RSJ International Conference on Intelligent Robots and Systems (IROS),"26 Dec 2022","2022","","","5139","5146","Autonomous vehicles (AVs) rely on environment perception and behavior prediction to reason about agents in their surroundings. These perception systems must be robust to adverse weather such as rain, fog, and snow. However, validation of these systems is challenging due to their complexity and dependence on observation histories. This paper presents a method for characterizing failures of LiDAR-based perception systems for AVs in adverse weather conditions. We develop a methodology based in reinforcement learning to find likely failures in object tracking and trajectory prediction due to sequences of disturbances. We apply disturbances using a physics-based data augmentation technique for simulating LiDAR point clouds in adverse weather conditions. Experiments performed across a wide range of driving scenarios from a real-world driving dataset show that our proposed approach finds high likelihood failures with smaller input disturbances compared to baselines while remaining computationally tractable. Identified failures can inform future development of robust perception systems for AVs.","2153-0866","978-1-6654-7927-1","10.1109/IROS47612.2022.9981724","","https://ieeexplore.ieee.org/stamp/stamp.jsp?arnumber=9981724","","Laser radar;Rain;Snow;Reinforcement learning;Robustness;Trajectory;Autonomous vehicles","","16","","37","IEEE","26 Dec 2022","23-27 Oct. 2022","23-27 Oct. 2022","IEEE","IEEE Conferences"
"Dependability Analysis of Deep Reinforcement Learning based Robotics and Autonomous Systems through Probabilistic Model Checking","Y. Dong; X. Zhao; X. Huang","Department of Computer Science, University of Liverpool, UK; Department of Computer Science, University of Liverpool, UK; Department of Computer Science, University of Liverpool, UK",2022 IEEE/RSJ International Conference on Intelligent Robots and Systems (IROS),"26 Dec 2022","2022","","","5171","5178","While Deep Reinforcement Learning (DRL) provides transformational capabilities to the control of Robotics and Autonomous Systems (RAS), the black-box nature of DRL and uncertain deployment environments of RAS pose new challenges on its dependability. Although existing works impose constraints on the DRL policy to ensure successful completion of the mission, it is far from adequate to assess the DRL-driven RAS in a holistic way considering all dependability properties. In this paper, we formally define a set of dependability properties in temporal logic and construct a Discrete-Time Markov Chain (DTMC) to model the dynamics of risk/failures of a DRL-driven RAS interacting with the stochastic environment. We then conduct Probabilistic Model Checking (PMC) on the designed DTMC to verify those properties. Our experimental results show that the proposed method is effective as a holistic assessment framework while uncovering conflicts between the properties that may need trade-offs in training. Moreover, we find that the standard DRL training cannot improve dependability properties, thus requiring bespoke optimisation objectives. Finally, our method offers sensitivity analysis of dependability properties to disturbance levels from environments, providing insights for the assurance of real RAS.","2153-0866","978-1-6654-7927-1","10.1109/IROS47612.2022.9981794","","https://ieeexplore.ieee.org/stamp/stamp.jsp?arnumber=9981794","","Training;Deep learning;Autonomous systems;Sensitivity analysis;Reinforcement learning;Model checking;Probabilistic logic","","8","","45","IEEE","26 Dec 2022","23-27 Oct. 2022","23-27 Oct. 2022","IEEE","IEEE Conferences"
"On Safety Testing, Validation, and Characterization with Scenario-Sampling: A Case Study of Legged Robots","B. Weng; G. A. Castillo; W. Zhang; A. Hereid","Electrical and Computer Engineering, Ohio State University, Columbus, OH, USA; Electrical and Computer Engineering, Ohio State University, Columbus, OH, USA; Department of Mechanical and Energy Engineering, Southern University of Science and Technology, Shenzhen, China; Mechanical and Aerospace Engineering, Ohio State University, Columbus, OH, USA",2022 IEEE/RSJ International Conference on Intelligent Robots and Systems (IROS),"26 Dec 2022","2022","","","5179","5186","The dynamic response of the legged robot locomotion is non-Lipschitz and can be stochastic due to environmental uncertainties. To test, validate, and characterize the safety performance of legged robots, existing solutions on observed and inferred risk can be incomplete and sampling inefficient. Some formal verification methods suffer from the model precision and other surrogate assumptions. In this paper, we propose a scenario sampling based testing framework that characterizes the overall safety performance of a legged robot by specifying (i) where (in terms of a set of states) the robot is potentially safe, and (ii) how safe the robot is within the specified set. The framework can also help certify the commercial deployment of the legged robot in real-world environment along with human and compare safety performance among legged robots with different mechanical structures and dynamic properties. The proposed framework is further deployed to evaluate a group of state-of-the-art legged robot locomotion controllers from various model-based, deep neural network involved, and reinforcement learning based methods in the literature. Among a series of intended work domains of the studied legged robots (e.g. tracking speed on sloped surface, with abrupt changes on demanded velocity, and against adversarial push-over disturbances), we show that the method can adequately capture the overall safety characterization and the subtle performance insights. Many of the observed safety outcomes, to the best of our knowledge, have never been reported by the existing work in the legged robot literature.","2153-0866","978-1-6654-7927-1","10.1109/IROS47612.2022.9981359","National Science Foundation(grant numbers:FRR-21441568); ","https://ieeexplore.ieee.org/stamp/stamp.jsp?arnumber=9981359","","Legged locomotion;Uncertainty;Neural networks;Stochastic processes;Reinforcement learning;Mechanical factors;Safety","","6","","26","IEEE","26 Dec 2022","23-27 Oct. 2022","23-27 Oct. 2022","IEEE","IEEE Conferences"
"Vision-Guided Quadrupedal Locomotion in the Wild with Multi-Modal Delay Randomization","C. S. Imai; M. Zhang; Y. Zhang; M. Kierebiński; R. Yang; Y. Qin; X. Wang","University of California, San Diego, CA, USA; Tsinghua University, Beijing, China; University of California, San Diego, CA, USA; University of California, San Diego, CA, USA; University of California, San Diego, CA, USA; University of California, San Diego, CA, USA; University of California, San Diego, CA, USA",2022 IEEE/RSJ International Conference on Intelligent Robots and Systems (IROS),"26 Dec 2022","2022","","","5556","5563","Developing robust vision-guided controllers for quadrupedal robots in complex environments with various obstacles, dynamical surroundings and uneven terrains is very challenging. While Reinforcement Learning (RL) provides a promising paradigm for agile locomotion skills with vision inputs in simulation, it is still very challenging to deploy the vision-guided RL policy in the real world. Our key insight is that the asynchronous multi-modal observations, caused by different latencies in different components of the real robot, create a large sim2real gap for a RL policy. In this paper, we propose Multi-Modal Delay Randomization (MMDR) to address this issue when training in simulation. Specifically, we randomize the selections for both the proprioceptive states and the visual observations in time during training, aiming to simulate the asynchronous inputs when deploying to the real robot. With this technique, we are able to train a RL policy for end-to-end locomotion control in simulation, which can be directly deployed on the real A1 quadruped robot running in the wild. We evaluate our method in different outdoor environments with complex terrain and obstacles. We show that the robot can smoothly maneuver at a high speed while avoiding the obstacles, achieving significant improvement over the baselines. Our project page with videos is at https://mehooz.github.io/mmdr-wild/.","2153-0866","978-1-6654-7927-1","10.1109/IROS47612.2022.9981072","","https://ieeexplore.ieee.org/stamp/stamp.jsp?arnumber=9981072","","Training;Legged locomotion;Visualization;Robot control;Reinforcement learning;Delays;Quadrupedal robots","","24","","49","IEEE","26 Dec 2022","23-27 Oct. 2022","23-27 Oct. 2022","IEEE","IEEE Conferences"
"Model-free Neural Lyapunov Control for Safe Robot Navigation","Z. Xiong; J. Eappen; A. H. Qureshi; S. Jagannathan","Computer Science Department, Purdue University, IN, USA; Computer Science Department, Purdue University, IN, USA; Computer Science Department, Purdue University, IN, USA; Computer Science Department, Purdue University, IN, USA",2022 IEEE/RSJ International Conference on Intelligent Robots and Systems (IROS),"26 Dec 2022","2022","","","5572","5579","Model-free Deep Reinforcement Learning (DRL) controllers have demonstrated promising results on various challenging non-linear control tasks. While a model-free DRL algorithm can solve unknown dynamics and high-dimensional problems, it lacks safety assurance. Although safety constraints can be encoded as part of a reward function, there still exists a large gap between an RL controller trained with this modified reward and a safe controller. In contrast, instead of implicitly encoding safety constraints with rewards, we explicitly colearn a Twin Neural Lyapunov Function (TNLF) with the control policy in the DRL training loop and use the learned TNLF to build a runtime monitor. Combined with the path generated from a planner, the monitor chooses appropriate waypoints that guide the learned controller to provide collision-free control trajectories. Our approach inherits the scalability advantages from DRL while enhancing safety guarantees. Our experimental evaluation demonstrates the effectiveness of our approach compared to DRL with augmented rewards and constrained DRL methods over a range of high-dimensional safety-sensitive navigation tasks.","2153-0866","978-1-6654-7927-1","10.1109/IROS47612.2022.9981632","","https://ieeexplore.ieee.org/stamp/stamp.jsp?arnumber=9981632","","Training;Runtime;Navigation;Heuristic algorithms;Scalability;Safety;Planning","","13","","32","IEEE","26 Dec 2022","23-27 Oct. 2022","23-27 Oct. 2022","IEEE","IEEE Conferences"
"Imitation Learning and Model Integrated Excavator Trajectory Planning","Q. Guo; Z. Ye; L. Wang; L. Zhang","Baidu USA; Robotics and Autonomous Driving Lab., Baidu USA, Sunnyvale, CA, USA; Robotics and Autonomous Driving Lab., Baidu USA, Sunnyvale, CA, USA; Robotics and Autonomous Driving Lab., Baidu USA, Sunnyvale, CA, USA",2022 IEEE/RSJ International Conference on Intelligent Robots and Systems (IROS),"26 Dec 2022","2022","","","5737","5743","Automated excavation is promising to improve the safety and efficiency of excavators, and trajectory planning is one of the most important techniques. In this paper, we propose a two-stage method that integrates data-driven imitation learning and model-based trajectory optimization to generate optimal trajectories for autonomous excavators. We firstly train a deep neural network using demonstration data to mimic the operation patterns of human experts under various terrain states including their geometry shape and material type. Then, we use a stochastic trajectory optimization method to improve the trajectory generated by the neural network to guarantee kinematics feasibility, improve smoothness, satisfy hard constraints, and achieve desired excavation volumes. We test the proposed algorithm on a Franka robot arm equipped with a bucket end-effector. We further evaluate our method on different material types, such as sand and rigid blocks. The ex-perimental results show that the proposed two-stage algorithm by combining expert knowledge and model optimization can increase the excavation weights by up to 24.77% meanwhile with low variance.","2153-0866","978-1-6654-7927-1","10.1109/IROS47612.2022.9981220","","https://ieeexplore.ieee.org/stamp/stamp.jsp?arnumber=9981220","","Trajectory planning;Shape;Neural networks;Stochastic processes;Kinematics;Reinforcement learning;Excavation","","13","","17","IEEE","26 Dec 2022","23-27 Oct. 2022","23-27 Oct. 2022","IEEE","IEEE Conferences"
"Robotic Actuation and Control of a Catheter for Structural Intervention Cardiology","X. Zhang; M. C. Palumbo; F. Perico; M. Magro; A. Fortuna; T. Magni; E. Votta; A. Segato; E. D. Momi","Department of Electronics, Information and Bio-engineering, Politecnico di Milano, Milan, Italy; Department of Electronics, Information and Bio-engineering, Politecnico di Milano, Milan, Italy; Department of Electronics, Information and Bio-engineering, Politecnico di Milano, Milan, Italy; Department of Electronics, Information and Bio-engineering, Politecnico di Milano, Milan, Italy; Department of Electronics, Information and Bio-engineering, Politecnico di Milano, Milan, Italy; Department of Electronics, Information and Bio-engineering, Politecnico di Milano, Milan, Italy; Department of Electronics, Information and Bio-engineering, Politecnico di Milano, Milan, Italy; Department of Electronics, Information and Bio-engineering, Politecnico di Milano, Milan, Italy; Department of Electronics, Information and Bio-engineering, Politecnico di Milano, Milan, Italy",2022 IEEE/RSJ International Conference on Intelligent Robots and Systems (IROS),"26 Dec 2022","2022","","","5907","5913","Structural intervention cardiology (SIC) interventions are crucial procedures for correcting heart valves, walls, and muscle form defects. However, the possibility of embolization or perforation, as well as the lack of transparent vision and autonomous surgical equipment, make it difficult for the clinician. This paper proposes a robot-assisted tendon-driven catheter and machine learning-based path planner to overcome these challenges. Firstly, an analytical inverse kinematic model is constructed to convert the tip location in the Cartesian space to the tendons' displacement. Then inverse reinforcement learning algorithm is employed to calculate the optimal path to avoid possible collisions between the catheter tip and the atrial wall. Moreover, a closed-loop feedback controller is adopted to improve positioning accuracy in a direct distal position measurement manner. Simulation and experiments are designed and conducted to demonstrate the feasibility and performance of the proposed system.","2153-0866","978-1-6654-7927-1","10.1109/IROS47612.2022.9981676","","https://ieeexplore.ieee.org/stamp/stamp.jsp?arnumber=9981676","","Machine learning algorithms;Reinforcement learning;Kinematics;Position measurement;Muscles;Cardiology;Collision avoidance","","17","","23","IEEE","26 Dec 2022","23-27 Oct. 2022","23-27 Oct. 2022","IEEE","IEEE Conferences"
"Skill-CPD: Real-time Skill Refinement for Shared Autonomy in Manipulator Teleoperation","E. Babaians; D. Yang; M. Karimi; X. Xu; S. Ayvasik; E. Steinbach",Department of Electrical and Computer Engineering; Department of Electrical and Computer Engineering; Department of Electrical and Computer Engineering; Department of Electrical and Computer Engineering; Department of Electrical and Computer Engineering; Department of Electrical and Computer Engineering,2022 IEEE/RSJ International Conference on Intelligent Robots and Systems (IROS),"26 Dec 2022","2022","","","6189","6196","Advanced wireless communication networks provide lower latency and a higher transmission rate. Although this is an enabler for many new teleoperation applications, the risk of network instability or packet drop is still unavoidable. Real-time manipulator teleoperation requires data transmission with no discontinuity. Shared autonomy (SA) is a standard method to mitigate this issue. In this way, if the data from the remote side is unavailable, the controller can continue based on the previously observed models. However, due to the spatial gap between human and robot trajectories, indisputable fluctuations occur, which cause issues in teleoperation applications. This motivates us to propose a new skill refinement strategy to modify the previously trained skill and mitigate the sudden unwanted motions within the control takeover phase. To this end, our approach comprises applying the Hidden Semi-Markov Model (HSMM) and Linear Quadratic Tracker (LQT) in combination to learn and predict the user's intentions and then exploiting Coherent Point Drift (CPD) to refine the executable trajectory. We test our method both in simulation and in the real world for 2D English letter drawing and 3D robot-assisted feeding scenarios. Our experimental results using the Kinova® Movo platform show that the proposed refinement approach generates a stable trajectory and mitigates the control switching inconsistency. All comprehensive experiments and source code is available at: http://cxdcxd.github.io/SkillCPD.","2153-0866","978-1-6654-7927-1","10.1109/IROS47612.2022.9982077","Federal Ministry of Education and Research of Germany (BMBF)(grant numbers:16KISK002); ","https://ieeexplore.ieee.org/stamp/stamp.jsp?arnumber=9982077","","Wireless communication;Three-dimensional displays;Tracking;Source coding;Switches;Manipulators;Real-time systems","","9","","26","IEEE","26 Dec 2022","23-27 Oct. 2022","23-27 Oct. 2022","IEEE","IEEE Conferences"
"Excavation of Fragmented Rocks with Multi-modal Model-based Reinforcement Learning","Y. Zhu; L. Wang; L. Zhang","Department of Computer Science, University of Illinois at Urbana-Champaign, IL, USA; Baidu Research, Sunnyvale, CA, USA; Robotics and Auto-Driving Lab, Baidu Research, Sunnyvale, CA, USA",2022 IEEE/RSJ International Conference on Intelligent Robots and Systems (IROS),"26 Dec 2022","2022","","","6523","6530","This paper presents a multi-modal model-based reinforcement learning (MBRL) approach to the excavation of fragmented rocks, which are very challenging to model due to their highly variable sizes and geometries, and visual occlusions. A multi-modal recurrent neural network (RNN) learns the dynamics of bucket-terrain interaction from a small physical dataset, with a discrete set of motion primitives encoded with domain knowledge as the action space. Then a model predictive controller (MPC) tracks a global reference path using multi-modal feedback. We show that our RNN-based dynamics function achieves lower prediction errors compared to a feed-forward neural network baseline, and the MPC is able to significantly outperform manually designed strategies on such a challenging task.","2153-0866","978-1-6654-7927-1","10.1109/IROS47612.2022.9981537","","https://ieeexplore.ieee.org/stamp/stamp.jsp?arnumber=9981537","","Visualization;Recurrent neural networks;Tracking;Dynamics;Training data;Reinforcement learning;Predictive models","","5","","31","IEEE","26 Dec 2022","23-27 Oct. 2022","23-27 Oct. 2022","IEEE","IEEE Conferences"
"Model Learning and Predictive Control for Autonomous Obstacle Reduction via Bulldozing","W. J. Wagner; K. Driggs-Campbell; A. Soylemezoglu","ERDC-CERL, Champaign, IL, USA; Department of Electrical and Computer Engineering, Human Centered Autonomy Laboratory, University of Illinois at Urbana-Champaign, Urbana, IL, USA; ERDC-CERL, Champaign, IL, USA",2022 IEEE/RSJ International Conference on Intelligent Robots and Systems (IROS),"26 Dec 2022","2022","","","6531","6538","We investigate how employing model learning methods in concert with model predictive control (MPC) can be used to automate obstacle reduction to mitigate risks to Combat Engineers operating construction equipment in an active battlefield. We focus on the task of earthen berm removal using a bladed vehicle. We introduce a novel data-driven formulation for earthmoving dynamics that enables prediction of the vehicle and detailed terrain state over a one second horizon. In a simulation environment, we first record demonstrations from a human operator and then train two different earthmoving models to produce predictions of the high-dimensional state using under six minutes of data. Optimization over the learned model is performed to select an action sequence, constrained to a 2D space of template action trajectories. Simple recovery controllers are implemented to improve controller performance when the model predictions degrade. This system yields near human-level performance on a berm removal task, indicating that model learning and predictive control is a promising data-efficient approach to autonomous earthmoving.","2153-0866","978-1-6654-7927-1","10.1109/IROS47612.2022.9981911","","https://ieeexplore.ieee.org/stamp/stamp.jsp?arnumber=9981911","","Learning systems;Predictive models;Aerospace electronics;Data models;Trajectory;Task analysis;Vehicle dynamics","","1","","38","IEEE","26 Dec 2022","23-27 Oct. 2022","23-27 Oct. 2022","IEEE","IEEE Conferences"
"Learning Dynamic Bipedal Walking Across Stepping Stones","H. Duan; A. Malik; M. S. Gadde; J. Dao; A. Fern; J. Hurst","Collaborative Robotics and Intelligent Systems Institute, Oregon State University, Corvallis, Oregon, USA; Collaborative Robotics and Intelligent Systems Institute, Oregon State University, Corvallis, Oregon, USA; Collaborative Robotics and Intelligent Systems Institute, Oregon State University, Corvallis, Oregon, USA; Collaborative Robotics and Intelligent Systems Institute, Oregon State University, Corvallis, Oregon, USA; Collaborative Robotics and Intelligent Systems Institute, Oregon State University, Corvallis, Oregon, USA; Collaborative Robotics and Intelligent Systems Institute, Oregon State University, Corvallis, Oregon, USA",2022 IEEE/RSJ International Conference on Intelligent Robots and Systems (IROS),"26 Dec 2022","2022","","","6746","6752","In this work, we propose a learning approach for 3D dynamic bipedal walking when footsteps are constrained to stepping stones. While recent work has shown progress on this problem, real-world demonstrations have been limited to relatively simple open-loop, perception-free scenarios. Our main contribution is a more advanced learning approach that enables real-world demonstrations, using the Cassie robot, of closed-loop dynamic walking over moderately difficult stepping-stone patterns. Our approach first uses reinforcement learning (RL) in simulation to train a controller that maps footstep commands onto joint actions without any reference motion information. We then learn a model of that controller's capabilities, which enables prediction of feasible footsteps given the robot's current dynamic state. The resulting controller and model are then integrated with a real-time overhead camera system for detecting stepping stone locations. For evaluation, we develop a benchmark set of stepping stone patterns, which are used to test performance in both simulation and the real world. Overall, we demonstrate that sim-to-real learning is extremely promising for enabling dynamic locomotion over stepping stones. We also identify challenges remaining that motivate important future research directions.","2153-0866","978-1-6654-7927-1","10.1109/IROS47612.2022.9981884","NSF(grant numbers:IIS-1849343); DARPA(grant numbers:W911NF -16-1-0002); ","https://ieeexplore.ieee.org/stamp/stamp.jsp?arnumber=9981884","","Legged locomotion;Three-dimensional displays;Dynamics;Robot vision systems;Reinforcement learning;Predictive models;Benchmark testing","","17","","20","IEEE","26 Dec 2022","23-27 Oct. 2022","23-27 Oct. 2022","IEEE","IEEE Conferences"
"Training Dynamic Motion Primitives using Deep Reinforcement Learning to Control a Robotic Tadpole","I. Hameed; X. Chao; D. Navarro-Alarcon; X. Jing","Department of Mechanical Engineering, The Hong Kong Polytechnic University, Hong Kong, China; Department of Mechanical Engineering, The Hong Kong Polytechnic University, Hong Kong, China; Department of Mechanical Engineering, The Hong Kong Polytechnic University, Hong Kong, China; Department of Mechanical Engineering, City University of Hong Kong, Hong Kong, China",2022 IEEE/RSJ International Conference on Intelligent Robots and Systems (IROS),"26 Dec 2022","2022","","","6881","6887","Developing a good control strategy for biomimetic robots is challenging. Robust control methods require an accurate model of the robot. Nowadays, model-free methods are being extensively explored for the control and navigation of terrestrial robots. In this paper, we consider a novel deep reinforcement learning-based model-free swimming control for our bio-inspired robotic tadpole. To realize this, we utilize dynamic motion primitives, which can represent a large range of motion behaviors, and combine them with a decoupled reinforcement learning framework. The proposed architecture optimizes the motion primitives first to develop a travelling wave undulation pattern in the tail and then to navigate the robot along different predefined paths. Through this framework, effective swimming gait emerges, and the robot is able to navigate well on the surface of water. This framework combines the optimization potential of deep reinforcement learning with stability and generalization properties of dynamic motion primitives. We train and test our method on a simulated model of the robot to demonstrate the effectiveness of the method and also conduct experimental testing on the real robot to verify the results.","2153-0866","978-1-6654-7927-1","10.1109/IROS47612.2022.9981112","","https://ieeexplore.ieee.org/stamp/stamp.jsp?arnumber=9981112","","Deep learning;Training;Navigation;Biological system modeling;Dynamics;Reinforcement learning;Tail","","2","","24","IEEE","26 Dec 2022","23-27 Oct. 2022","23-27 Oct. 2022","IEEE","IEEE Conferences"
"Autonomous Control of Redundant Hydraulic Manipulator Using Reinforcement Learning with Action Feedback","R. Dhakate; C. Brommer; C. Bohm; H. Gietler; S. Weiss; J. Steinbrener","Department of Smart Systems Technologies in the Control of Networked Systems Group, University of Klagenfurt, Klagenfurt, Austria; Department of Smart Systems Technologies in the Control of Networked Systems Group, University of Klagenfurt, Klagenfurt, Austria; Department of Smart Systems Technologies in the Control of Networked Systems Group, University of Klagenfurt, Klagenfurt, Austria; Department of Smart Systems Technologies in the Sensors and Actuators Group, University of Klagenfurt, Klagenfurt, Austria; Department of Smart Systems Technologies in the Control of Networked Systems Group, University of Klagenfurt, Klagenfurt, Austria; Department of Smart Systems Technologies in the Control of Networked Systems Group, University of Klagenfurt, Klagenfurt, Austria",2022 IEEE/RSJ International Conference on Intelligent Robots and Systems (IROS),"26 Dec 2022","2022","","","7036","7043","This article presents an entirely data-driven approach for autonomous control of redundant manipulators with hydraulic actuation. The approach only requires minimal system information, which is inherited from a simulation model. The non-linear hydraulic actuation dynamics are modeled using actuator networks from the data gathered during the manual operation of the manipulator to effectively emulate the real system in a simulation environment. A neural network control policy for autonomous control, based on end-effector (EE) position tracking is then learned using Reinforcement Learning (RL) with Ornstein-Uhlenbeck process noise (OUNoise) for efficient exploration. The RL agent also receives feedback based on supervised learning of the forward kinematics which facilitates selecting the best suitable action from exploration. The control policy directly provides the joint variables as outputs based on provided target EE position while taking into account the system dynamics. The joint variables are then mapped to the hydraulic valve commands, which are then fed to the system without further modifications. The proposed approach is implemented on a scaled hydraulic forwarder crane with three revolute and one prismatic joint to track the desired position of the EE in 3-Dimensional (3D) space. With the emulated dynamics and extensive learning in simulation, the results demonstrate the feasibility of deploying the learned controller directly on the real system.","2153-0866","978-1-6654-7927-1","10.1109/IROS47612.2022.9981425","","https://ieeexplore.ieee.org/stamp/stamp.jsp?arnumber=9981425","","Three-dimensional displays;Target tracking;System dynamics;Supervised learning;Process control;Hydraulic systems;Reinforcement learning","","12","","20","IEEE","26 Dec 2022","23-27 Oct. 2022","23-27 Oct. 2022","IEEE","IEEE Conferences"
"DRL-ISP: Multi-Objective Camera ISP with Deep Reinforcement Learning","U. Shin; K. Lee; I. S. Kweon","School of Electrical Engineering, KAIST, Daejeon, Republic of Korea; School of Electrical Engineering, KAIST, Daejeon, Republic of Korea; School of Electrical Engineering, KAIST, Daejeon, Republic of Korea",2022 IEEE/RSJ International Conference on Intelligent Robots and Systems (IROS),"26 Dec 2022","2022","","","7044","7051","In this paper, we propose a multi-objective camera ISP framework that utilizes Deep Reinforcement Learning (DRL) and camera ISP toolbox that consist of network-based and conventional ISP tools. The proposed DRL-based camera ISP framework iteratively selects a proper tool from the toolbox and applies it to the image to maximize a given vision task-specific reward function. For this purpose, we implement total 51 ISP tools that include exposure correction, color-and-tone correction, white balance, sharpening, denoising, and the others. We also propose an efficient DRL network architecture that can extract the various aspects of an image and make a rigid mapping relationship between images and a large number of actions. Our proposed DRL-based ISP framework effectively improves the image quality according to each vision task such as RAW-to-RGB image restoration, 2D object detection, and monocular depth estimation.","2153-0866","978-1-6654-7927-1","10.1109/IROS47612.2022.9981361","","https://ieeexplore.ieee.org/stamp/stamp.jsp?arnumber=9981361","","Deep learning;Image quality;Noise reduction;Estimation;Reinforcement learning;Object detection;Network architecture","","7","","48","IEEE","26 Dec 2022","23-27 Oct. 2022","23-27 Oct. 2022","IEEE","IEEE Conferences"
"Renaissance Robot: Optimal Transport Policy Fusion for Learning Diverse Skills","J. Tan; R. Senanayake; F. Ramos","School of Computer Science, University of Sydney, Sydney, Australia; Dept.of Computer Science, Stanford University, Stanford, USA; School of Computer Science, University of Sydney, Sydney, Australia",2022 IEEE/RSJ International Conference on Intelligent Robots and Systems (IROS),"26 Dec 2022","2022","","","7052","7059","Deep reinforcement learning (RL) is a promising approach to solving complex robotics problems. However, the process of learning through trial-and-error interactions is often highly time-consuming, despite recent advancements in RL algorithms. Additionally, the success of RL is critically dependent on how well the reward-shaping function suits the task, which is also time-consuming to design. As agents trained on a variety of robotics problems continue to proliferate, the ability to reuse their valuable learning for new domains becomes increasingly significant. In this paper, we propose a post-hoc technique for policy fusion using Optimal Transport theory as a robust means of consolidating the knowledge of multiple agents that have been trained on distinct scenarios. We further demonstrate that this provides an improved weights initialisation of the neural network policy for learning new tasks, requiring less time and computational resources than either retraining the parent policies or training a new policy from scratch. Ultimately, our results on diverse agents commonly used in deep RL show that specialised knowledge can be unified into a “Renaissance agent”, allowing for quicker learning of new skills.","2153-0866","978-1-6654-7927-1","10.1109/IROS47612.2022.9981105","","https://ieeexplore.ieee.org/stamp/stamp.jsp?arnumber=9981105","","Training;Deep learning;Neural networks;Reinforcement learning;Benchmark testing;Task analysis;Intelligent robots","","4","","29","IEEE","26 Dec 2022","23-27 Oct. 2022","23-27 Oct. 2022","IEEE","IEEE Conferences"
"Towards Adaptive Continuous Control of Soft Robotic Manipulator using Reinforcement Learning","Y. Li; X. Wang; K. -W. Kwok","Department of Mechanical Engineering, The University of Hong Kong, Hong Kong; Department of Mechanical Engineering, The University of Hong Kong, Hong Kong; Department of Mechanical Engineering, The University of Hong Kong, Hong Kong",2022 IEEE/RSJ International Conference on Intelligent Robots and Systems (IROS),"26 Dec 2022","2022","","","7074","7081","Although the soft robot is gaining considerable popularity in dexterous and safe manipulation, accurate motion control is still an open problem to be explored. Recent investigations suggest that reinforcement learning (RL) is a promising solution but lacks efficient adaptability for Sim2Real transfer or environment variations. In this paper, we present a deep deterministic policy gradient (DDPG)-based control system for the continuous task-space manipulation of soft robots. Domain randomization is adopted in simulation for fast control-policy initialization, while an offline retraining strategy is utilized to update the controller parameters for incremental learning. The experiments demonstrate that the proposed RL controller can track a moving target accurately (with RMSE of 1.26 mm), and accommodate to external varying load effectively (with ~30% RMSE reduction after retraining). Comparisons among the proposed RL controller and other supervised-learning-based controllers in handling additional tip load were also conducted. The results support that our RL method is appropriate for automatic learning such that there is no need of manual interference for data processing, particularly in cases with external disturbances and actuation redundancy.","2153-0866","978-1-6654-7927-1","10.1109/IROS47612.2022.9981335","Innovation and Technology Commission(grant numbers:MRP/029/20X); ","https://ieeexplore.ieee.org/stamp/stamp.jsp?arnumber=9981335","Deep reinforcement learning;Domain randomization;Incremental learning;Learning-based control;Soft robot control","Training;Adaptation models;Target tracking;Reinforcement learning;Soft robotics;Robot sensing systems;End effectors","","28","","32","IEEE","26 Dec 2022","23-27 Oct. 2022","23-27 Oct. 2022","IEEE","IEEE Conferences"
"Improved A-Search Guided Tree for Autonomous Trailer Planning","J. Leu; Y. Wang; M. Tomizuka; S. Di Cairano","Department of Mechanical Engineering, University of California, Berkeley, CA, USA; Mitsubishi Electric Research Laboratories, Cambridge, MA, USA; Department of Mechanical Engineering, University of California, Berkeley, CA, USA; Mitsubishi Electric Research Laboratories, Cambridge, MA, USA",2022 IEEE/RSJ International Conference on Intelligent Robots and Systems (IROS),"26 Dec 2022","2022","","","7190","7196","This paper presents a motion planning strategy that utilizes the improved A -search guided tree to enable autonomous parking of a general 3-trailer with a car-like tractor. Different from the state-of-the-art state-lattice-based methods, where numerous motion primitives are necessary to ensure successful planning, our work allows quick off-lattice exploration to find a solution. Our treatment brings at least three advantages: fewer and lower design complexity of motion primitives, improved success rate, and increased path quality. Unlike on-lattice exploration, where the cost-to-go is obtained by querying a heuristic look-up table, off-lattice exploration entails the heuristic function being well-defined at off-lattice nodes. We train a neural network through reinforcement learning to model the maneuver costs of the trailer and use it as the heuristic value to better approximate the cost-to-go. Simulations demonstrate the effectiveness of the proposed method in terms of planning speed and path length.","2153-0866","978-1-6654-7927-1","10.1109/IROS47612.2022.9982121","","https://ieeexplore.ieee.org/stamp/stamp.jsp?arnumber=9982121","","Costs;Neural networks;Reinforcement learning;Agricultural machinery;Planning;Table lookup;Complexity theory","","11","","32","IEEE","26 Dec 2022","23-27 Oct. 2022","23-27 Oct. 2022","IEEE","IEEE Conferences"
"Particle Swarm Optimizer-based Attack Strategy with Swarm Robots","H. Liu; J. Zhang; M. Zhou","Department of Computer Science and Technology, Key Laboratory of Embedded System and Service Computing, Ministry of Education, Shanghai Electronic Transactions and Information Service Collaborative Innovation Center, Tongji University, Shanghai, China; Department of Electrical and Computer Engineering, New Jersey Institute of Technology, Newark, NJ, USA; Macao Institute of Systems Engineering and Collaborative Laboratory for Intelligent Science and Systems Macau University of Science and Technology, Macao, China",2022 IEEE/RSJ International Conference on Intelligent Robots and Systems (IROS),"26 Dec 2022","2022","","","7304","7309","An environment where a robot swarm attacks a territory protected by another one leads to an attack-defense confrontation problem. Commonly-used deep reinforcement learning-based methods rely on pre-training and become intractable due to the curse of dimensionality. To develop effective attack strategies, inspired by a particle swarm optimizer (PSO), this work proposes a PSO-based strategy for a robot swarm for the first time. During the moving of a robot swarm, each robot obtains situation information through perceiving its nearby peers and enemies and uses such information to construct its fitness function. Then, each robot uses PSO to optimize its fitness function and searches for its optimal attack position, which guides it to move in the next time slot. The experimental analyses show that the PSO-based attack strategy has more potential in solving large-scale confrontational problems than the deep reinforcement learning-based algorithms.","2153-0866","978-1-6654-7927-1","10.1109/IROS47612.2022.9981215","Fundamental Research Funds for the Central Universities; National Natural Science Foundation of China(grant numbers:51775385,61703279,62073244,61876218); FDCT(grant numbers:0047/2021/A1); ","https://ieeexplore.ieee.org/stamp/stamp.jsp?arnumber=9981215","particle swarm;attack-defense confrontation;attack strategy;deep reinforcement learning;robot swarm","Learning systems;Scalability;Decision making;Swarm robotics;Particle swarm optimization;Robots;Optimization","","","","33","IEEE","26 Dec 2022","23-27 Oct. 2022","23-27 Oct. 2022","IEEE","IEEE Conferences"
"Learning Object Manipulation Skills from Video via Approximate Differentiable Physics","V. Petrík; M. N. Qureshi; J. Sivic; M. Tapaswi","CIIRC, Czech Technical University in Prague; CVIT, IIIT, Hyderabad, India; CIIRC, Czech Technical University in Prague; CVIT, IIIT, Hyderabad, India",2022 IEEE/RSJ International Conference on Intelligent Robots and Systems (IROS),"26 Dec 2022","2022","","","7375","7382","We aim to teach robots to perform simple object manipulation tasks by watching a single video demonstration. Towards this goal, we propose an optimization approach that outputs a coarse and temporally evolving 3D scene to mimic the action demonstrated in the input video. Similar to previous work, a differentiable renderer ensures perceptual fidelity between the 3D scene and the 2D video. Our key novelty lies in the inclusion of a differentiable approach to solve a set of Ordinary Differential Equations (ODEs) that allows us to approximately model laws of physics such as gravity, friction, and hand-object or object-object interactions. This not only enables us to dramatically improve the quality of estimated hand and object states, but also produces physically admissible trajectories that can be directly translated to a robot without the need for costly reinforcement learning. We evaluate our approach on a 3D reconstruction task that consists of 54 video demonstrations sourced from 9 actions such as pull something from right to left or put something in front of something. Our approach improves over previous state-of-the-art by almost 30%, demonstrating superior quality on especially challenging actions involving physical interactions of two objects such as put something onto something. Finally, we showcase the learned skills on a Franka Emika Panda robot.","2153-0866","978-1-6654-7927-1","10.1109/IROS47612.2022.9982084","European Regional Development Fund under the project IMPACT(grant numbers:CZ.02.1.01/0.0/0.0/15_003/0000468); ","https://ieeexplore.ieee.org/stamp/stamp.jsp?arnumber=9982084","","Three-dimensional displays;Reinforcement learning;Ordinary differential equations;Mathematical models;Trajectory;Task analysis;Physics","","7","","46","IEEE","26 Dec 2022","23-27 Oct. 2022","23-27 Oct. 2022","IEEE","IEEE Conferences"
"Imitation of Manipulation Skills Using Multiple Geometries","B. Ti; Y. Gao; J. Zhao; S. Calinon","State Key Laboratory of Robotics and System, Harbin Institute of Technology, Harbin, China; State Key Laboratory of Robotics and System, Harbin Institute of Technology, Harbin, China; State Key Laboratory of Robotics and System, Harbin Institute of Technology, Harbin, China; Idiap Research Institute, Martigny, Switzerland",2022 IEEE/RSJ International Conference on Intelligent Robots and Systems (IROS),"26 Dec 2022","2022","","","7391","7398","Daily manipulation tasks are characterized by geometric primitives related to actions and object shapes. Such geometric descriptors are poorly represented by only using Cartesian coordinate systems. In this paper, we propose a learning approach to extract the optimal representation from a dictionary of coordinate systems to encode an observed movement/behavior. This is achieved by using an extension of Gaussian distributions on Riemannian manifolds, which is used to analyse a set of user demonstrations statistically, by considering multiple geometries as candidate representations of the task. We formulate the reproduction problem as a general optimal control problem based on an iterative linear quadratic regulator (iLQR), where the Gaussian distribution in the extracted coordinate systems are used to define the cost function. We apply our approach to object grasping and box opening tasks in simulation and on a 7-axis Franka Emika robot. The results show that the robot can exploit several geometries to execute the manipulation task and generalize it to new situations, by maintaining the invariant characteristics of the task in the coordinate system(s) of interest.","2153-0866","978-1-6654-7927-1","10.1109/IROS47612.2022.9981683","China Scholarship Council (CSC)(grant numbers:202006120159); National Natural Science Foundation of China(grant numbers:92048301); ","https://ieeexplore.ieee.org/stamp/stamp.jsp?arnumber=9981683","","Geometry;Manifolds;Regulators;Shape;Robot kinematics;Optimal control;Gaussian distribution","","","","28","IEEE","26 Dec 2022","23-27 Oct. 2022","23-27 Oct. 2022","IEEE","IEEE Conferences"
"Robot Learning from Demonstration Using Elastic Maps","B. Hertel; M. Pelland; S. R. Ahmadzadeh","Persistent Autonomy and Robot Learning (PeARL) Lab, University of Massachusetts, Lowell, MA; Persistent Autonomy and Robot Learning (PeARL) Lab, University of Massachusetts, Lowell, MA; Persistent Autonomy and Robot Learning (PeARL) Lab, University of Massachusetts, Lowell, MA",2022 IEEE/RSJ International Conference on Intelligent Robots and Systems (IROS),"26 Dec 2022","2022","","","7407","7413","Learning from Demonstration (LfD) is a popular method of reproducing and generalizing robot skills from human-provided demonstrations. In this paper, we propose a novel optimization-based LfD method that encodes demon-strations as elastic maps. An elastic map is a graph of nodes connected through a mesh of springs. We build a skill model by fitting an elastic map to the set of demonstrations. The formulated optimization problem in our approach includes three objectives with natural and physical interpretations. The main term rewards the mean squared error in the Cartesian coordinate. The second term penalizes the non-equidistant distribution of points resulting in the optimum total length of the trajectory. The third term rewards smoothness while pe-nalizing nonlinearity. These quadratic objectives form a convex problem that can be solved efficiently with local optimizers. We examine nine methods for constructing and weighting the elastic maps and study their performance in robotic tasks. We also evaluate the proposed method in several simulated and real-world experiments using a UR5e manipulator arm, and compare it to other LfD approaches to demonstrate its benefits and flexibility across a variety of metrics.","2153-0866","978-1-6654-7927-1","10.1109/IROS47612.2022.9981241","","https://ieeexplore.ieee.org/stamp/stamp.jsp?arnumber=9981241","","Measurement;Robot kinematics;Fitting;Manipulators;Robot learning;Trajectory;Task analysis","","8","","24","IEEE","26 Dec 2022","23-27 Oct. 2022","23-27 Oct. 2022","IEEE","IEEE Conferences"
"Robot Policy Learning from Demonstration Using Advantage Weighting and Early Termination","A. Mohtasib; G. Neumann; H. Cuayáhuitl","Lincoln Center for Autonomous Systems (L-CAS), University of Lincoln, Lincoln, United Kingdom; Autonomous Learning Robots, KIT, Karlsruhe, Germany; Lincoln Center for Autonomous Systems (L-CAS), University of Lincoln, Lincoln, United Kingdom",2022 IEEE/RSJ International Conference on Intelligent Robots and Systems (IROS),"26 Dec 2022","2022","","","7414","7420","Learning robotic tasks in the real world is still highly challenging and effective practical solutions remain to be found. Traditional methods used in this area are imitation learning and reinforcement learning, but they both have limitations when applied to real robots. Combining reinforcement learning with pre-collected demonstrations is a promising approach that can help in learning control policies to solve robotic tasks. In this paper, we propose an algorithm that uses novel techniques to leverage offline expert data using offline and online training to obtain faster convergence and improved performance. The proposed algorithm (AWET) weights the critic losses with a novel agent advantage weight to improve over the expert data. In addition, AWET makes use of an automatic early termination technique to stop and discard policy rollouts that are not similar to expert trajectories-to prevent drifting far from the expert data. In an ablation study, AWET showed improved and promising performance when compared to state-of-the-art baselines on four standard robotic tasks.","2153-0866","978-1-6654-7927-1","10.1109/IROS47612.2022.9981056","","https://ieeexplore.ieee.org/stamp/stamp.jsp?arnumber=9981056","","Training;Reinforcement learning;Task analysis;Standards;Intelligent robots;Convergence","","1","","42","IEEE","26 Dec 2022","23-27 Oct. 2022","23-27 Oct. 2022","IEEE","IEEE Conferences"
"Inverse Reinforcement Learning with Hybrid-weight Trust-region Optimization and Curriculum Learning for Autonomous Maneuvering","Y. Shen; W. Li; M. C. Lin","Department of Computer Science, University of Maryland at College Park; Department of Computer Science, University of Memphis; Department of Computer Science, University of Maryland at College Park",2022 IEEE/RSJ International Conference on Intelligent Robots and Systems (IROS),"26 Dec 2022","2022","","","7421","7428","Despite significant advancements, collision-free navigation in autonomous driving is still challenging, considering the navigation module needs to balance learning and planning to achieve efficient and effective control of the vehicle. We propose a novel framework of inverse reinforcement learning with hybrid-weight trust-region optimization and curriculum learning (IRL-HC) for autonomous maneuvering. Our method can incorporate both expert demonstration (from real driving) and domain knowledge (hard constraints such as collision avoidance, goal reaching, etc. encoded in reward functions) to learn an effective control policy. The hybrid-weight trustregion optimization is used to determine the difficulty of the task curriculum for fast incremental curriculum learning and improve the efficiency of inverse reinforcement learning by hybrid weight tuning of different sets of hyperparameters. IRL-HC is also compatible with domain-dependent techniques such as learn-from-accident, which can further boost performance. Overall, IRL-HC can reduce the number of collisions up to 48%, increase the training efficiency by 2.8x, and enable the vehicle to drive 10x further compared to other methods.","2153-0866","978-1-6654-7927-1","10.1109/IROS47612.2022.9981103","","https://ieeexplore.ieee.org/stamp/stamp.jsp?arnumber=9981103","","Training;Navigation;Reinforcement learning;Planning;Task analysis;Collision avoidance;Optimization","","4","","39","IEEE","26 Dec 2022","23-27 Oct. 2022","23-27 Oct. 2022","IEEE","IEEE Conferences"
"WFA-IRL: Inverse Reinforcement Learning of Autonomous Behaviors Encoded as Weighted Finite Automata","T. Wang; N. Atanasov","Department of Electrical and Computer Engineering, University of California San Diego, La Jolla, CA, USA; Department of Electrical and Computer Engineering, University of California San Diego, La Jolla, CA, USA",2022 IEEE/RSJ International Conference on Intelligent Robots and Systems (IROS),"26 Dec 2022","2022","","","7429","7435","This paper presents a method for learning logical task specifications and cost functions from demonstrations. Constructing specifications by hand is challenging for complex objectives and constraints in autonomous systems. Instead, we consider demonstrated task executions, whose logic structure and transition costs need to be inferred by an autonomous agent. We employ a spectral learning approach to extract a weighted finite automaton (WFA), approximating the unknown task logic. Thereafter, we define a product between the WFA for high-level task guidance and a labeled Markov decision process for low-level control. An inverse reinforcement learning (IRL) problem is considered to learn a cost function by backpropagating the loss between agent and expert behaviors through the planning algorithm. Our proposed model, termed WFA-IRL, is capable of generalizing the execution of the inferred task specification in a suite of MiniGrid environments.","2153-0866","978-1-6654-7927-1","10.1109/IROS47612.2022.9981874","ONR(grant numbers:N00014-18-1-2828); ","https://ieeexplore.ieee.org/stamp/stamp.jsp?arnumber=9981874","","Shortest path problem;Costs;Learning automata;Process control;Reinforcement learning;Markov processes;Cost function","","","","53","IEEE","26 Dec 2022","23-27 Oct. 2022","23-27 Oct. 2022","IEEE","IEEE Conferences"
"Effects of Design and Hydrodynamic Parameters on Optimized Swimming for Simulated, Fish-inspired Robots","D. Li; H. Deng; Y. E. Bayiz; B. Cheng","Department of Mechanical Engineering, Penn State University, PA, USA; Department of Mechanical Engineering, Penn State University, PA, USA; Department of Mechanical Engineering, Penn State University, PA, USA; Department of Mechanical Engineering, Penn State University, PA, USA",2022 IEEE/RSJ International Conference on Intelligent Robots and Systems (IROS),"26 Dec 2022","2022","","","7500","7506","In this work, we developed a mathematical model and a simulation platform for a fish-inspired robotic template, namely Magnetic, Modular, Undulatory Robot $(\mu \text{Bot})$. Through this platform, we systematically explored the effects of robot design and fluid parameters on swimming performance via reinforcement learning. The mathematical model was composed of two interacting subsystems, the robotic dynamic model and the hydrodynamic model. The hydrodynamic model consisted of the reactive components (added-mass force and pressure forces) and the resistive components (drag and friction forces). These components were nondimensionalized for deriving key “control parameters” of the robot-fluid interaction. The $\mu\text{Bots}$ were actuated via magnetic actuators controlled with harmonic voltage signals, which were optimized via EM-based Policy Hyper Parameter Exploration (EPHE) to maximize forward swimming speed. By varying the control parameters, a total of 36 cases with different robot template variations (Number of Actuators (NoA) and stiffness) and hydrodynamic parameters were simulated and optimized via EPHE. Results showed that the wavelength of the optimized gaits (i.e., backward traveling wave along the body) was independent of template variations and hydrodynamic parameters. Higher NoA yielded higher speed but lower speed per body length, suggesting a diminishing gain from added actuators. Body and caudal-fin dynamics were dominated by the interaction among fluid added-mass, spring, and actuation torque, with negligible contribution from fluid resistive drag. In contrast, thrust was dominated by the pressure force acting on the caudal fin, as steady swimming resulted from a balance between resistive force and pressure force, with minor contributions from added-mass force and body drag forces. Therefore, added-mass force only indirectly affected the thrust generation and forward swimming speed via the caudal fin dynamics.","2153-0866","978-1-6654-7927-1","10.1109/IROS47612.2022.9981478","National Science Foundation(grant numbers:CNS-1932130); Army Research Office(grant numbers:W911NF-20-1-0226); ","https://ieeexplore.ieee.org/stamp/stamp.jsp?arnumber=9981478","","Actuators;Torque;Drag;Force;Hydrodynamics;Mathematical models;Voltage control","","5","","27","IEEE","26 Dec 2022","23-27 Oct. 2022","23-27 Oct. 2022","IEEE","IEEE Conferences"
"Risk-sensitive MPCs with Deep Distributional Inverse RL for Autonomous Driving","K. Lee; D. Isele; E. A. Theodorou; S. Bae","Amazon Robotics AI; Honda Research Institute USA, Inc.; Georgia Institute of Technology, Atlanta, GA, USA; Honda Research Institute USA, Inc.",2022 IEEE/RSJ International Conference on Intelligent Robots and Systems (IROS),"26 Dec 2022","2022","","","7635","7642","In robot learning from demonstration (LfD), a visual representation of a cost function inferred from Inverse Reinforcement Learning (IRL) provides an intuitive tool for humans to quickly interpret the underlying objectives of the demonstration. The inferred cost function can be used by controllers, for example, Model Predictive Controllers (MPCs). In this work, we improve the recently developed IRL-MPC framework, by enhancing it in a risk-sensitive formulation to be more applicable for safety-critical applications like autonomous driving. Our risk-sensitive MPCs together with the distributional costmap demonstrate lower collision rates in the CARLA simulator for autonomous driving tasks compared to other learning-based baseline methods.","2153-0866","978-1-6654-7927-1","10.1109/IROS47612.2022.9981223","","https://ieeexplore.ieee.org/stamp/stamp.jsp?arnumber=9981223","","Visualization;Reinforcement learning;Predictive models;Cost function;Robot learning;Task analysis;Autonomous vehicles","","2","","41","IEEE","26 Dec 2022","23-27 Oct. 2022","23-27 Oct. 2022","IEEE","IEEE Conferences"
"Learning Turn-Taking Behavior from Human Demonstrations for Social Human-Robot Interactions","P. Shahverdi; A. Tyshka; M. Trombly; W. -Y. G. Louie","Intelligent Robotics Laboratory, Oakland University, Michigan, USA; Intelligent Robotics Laboratory, Oakland University, Michigan, USA; Intelligent Robotics Laboratory, Oakland University, Michigan, USA; Intelligent Robotics Laboratory, Oakland University, Michigan, USA",2022 IEEE/RSJ International Conference on Intelligent Robots and Systems (IROS),"26 Dec 2022","2022","","","7643","7649","Turn-taking is a fundamental behavior during human interactions and robots must be capable of turn-taking to interact with humans. Current state-of-the-art approaches in turn-taking focus on developing general models to predict the end of turn (EoT) across all contexts. This demands an all-inclusive verbal and non-verbal behavioral dataset from all possible contexts of interaction. Before robot deployment, gathering such a dataset may be infeasible and/or impractical. More importantly, a robot needs to predict the EoT and decide on the best time to take a turn (i.e, start speaking). In this research, we present a learning from demonstration (LfD) system for a robot to learn from demonstrations, after it has been deployed, to make decisions on the appropriate time for taking a turn within specific social interaction contexts. The system captures demonstrations of turn-taking during social interactions and uses these demonstrations to train a LSTM RNN based model to replicate the turn-taking behavior of the demonstrator. We evaluate the system for teaching the turn-taking behavior of an interviewer during a job interview context. Furthermore, we investigate the efficacy of verbal, prosodic, and gestural cues for deciding when to begin a turn.","2153-0866","978-1-6654-7927-1","10.1109/IROS47612.2022.9981243","National Science Foundation(grant numbers:1948224); ","https://ieeexplore.ieee.org/stamp/stamp.jsp?arnumber=9981243","","Training;Analytical models;Human-robot interaction;Predictive models;Data models;Behavioral sciences;Interviews","","6","","31","IEEE","26 Dec 2022","23-27 Oct. 2022","23-27 Oct. 2022","IEEE","IEEE Conferences"
"A Framework for Transferring Surface Finishing Skills to New Surface Geometries","Y. Kim; C. Sloth; A. Kramberger","Maersk Mc-Kinney Moller Institute, University of Southern Denmark, Denmark; Maersk Mc-Kinney Moller Institute, University of Southern Denmark, Denmark; Maersk Mc-Kinney Moller Institute, University of Southern Denmark, Denmark",2022 IEEE/RSJ International Conference on Intelligent Robots and Systems (IROS),"26 Dec 2022","2022","","","7650","7655","This paper presents a framework for transferring surface finishing skills to new surface geometries while preserving the surface finish quality. The main idea is to estimate the contact area between the workpiece and the tool by using 3D point cloud approach and replicate a given material removal rate and the accumulated material removal, as these quantities are the main parameters for quality. The grinding motion trajectory is generated by solving a constrained optimization problem that minimizes the maximal point-wise deviation between actual and desired material removal and simultaneously minimizes the average deviation between actual and desired material removal rate. The proposed approach is verified in simulation to show the difference between direct replication of force/motion and the proposed replication of material removal. Finally, experimental results confirm that the quality of a surface finishing task can be transferred to new surface geometries with the proposed method.","2153-0866","978-1-6654-7927-1","10.1109/IROS47612.2022.9981163","","https://ieeexplore.ieee.org/stamp/stamp.jsp?arnumber=9981163","","Geometry;Solid modeling;Three-dimensional displays;Force;Surface roughness;Trajectory;Rough surfaces","","3","","27","IEEE","26 Dec 2022","23-27 Oct. 2022","23-27 Oct. 2022","IEEE","IEEE Conferences"
"Learning Implicit Priors for Motion Optimization","J. Urain; A. T. Le; A. Lambert; G. Chalvatzaki; B. Boots; J. Peters","Intelligent Autonomous Systems Lab, Technische Universitat Darmstadt (Germany); Intelligent Autonomous Systems Lab, Technische Universitat Darmstadt (Germany); School of Computer Science and Engineering (CSE), University of Washington (USA); Intelligent Autonomous Systems Lab, Technische Universitat Darmstadt (Germany); School of Computer Science and Engineering (CSE), University of Washington (USA); Intelligent Autonomous Systems Lab, Technische Universitat Darmstadt (Germany)",2022 IEEE/RSJ International Conference on Intelligent Robots and Systems (IROS),"26 Dec 2022","2022","","","7672","7679","Motion optimization is an effective framework for generating smooth and safe trajectories for robotic manipulation tasks. However, it suffers from local optima that hinder its applicability, especially for multi-objective tasks. In this paper, we study this problem in light of the integration of Energy-Based Models (EBM) as guiding priors in motion optimization. EBMs are probabilistic models with unnormalized energy functions that represent expressive multimodal distributions. Due to their implicit nature, EBMs can easily be integrated as data-driven factors or initial sampling distributions in the motion optimization problem. This work presents a set of necessary modeling and algorithmic choices to effectively learn and integrate EBMs into motion optimization. We present a set of EBM architectures for learning generalizable distributions over trajectories that are important for the subsequent deployment of EBMs. Moreover, we investigate the benefit of including smoothness regularization in the learning process to improve motion optimization. In addition to gradient-based solvers, we also propose a stochastic method for trajectory optimization with learned EBMs. We provide extensive empirical results in a set of representative tasks against competitive baselines that demonstrate the superiority of EBMs as priors in motion optimization scaling up to 7 -dof robot pouring that can be easily transferred to the real robotic system. Videos and additional details are available at https://sites.google.com/view/implicit-priors.","2153-0866","978-1-6654-7927-1","10.1109/IROS47612.2022.9981264","","https://ieeexplore.ieee.org/stamp/stamp.jsp?arnumber=9981264","","Stochastic processes;Probabilistic logic;Task analysis;Optimization;Trajectory optimization;Intelligent robots;Videos","","20","","49","IEEE","26 Dec 2022","23-27 Oct. 2022","23-27 Oct. 2022","IEEE","IEEE Conferences"
"Multi-Level Task Learning Based on Intention and Constraint Inference for Autonomous Robotic Manipulation","C. Willibald; D. Lee","German Aerospace Center (DLR), Institute of Robotics and Mechatronics, Wessling, Germany; German Aerospace Center (DLR), Institute of Robotics and Mechatronics, Wessling, Germany",2022 IEEE/RSJ International Conference on Intelligent Robots and Systems (IROS),"26 Dec 2022","2022","","","7688","7695","To perform tasks in unstructured environments, robots need to be able to apply learned skills to different contexts and to autonomously make decisions online. We, therefore, developed a novel data-driven task learning approach that segments a task demonstration into simpler skills and structures them in a high-level task graph. In contrast to other state-of-the-art methods, the presented approach can not only infer the low-level skills and their respective subgoals but also multimodal feature constraints fitted individually to each skill. The inferred feature constraints allow to detect anomalies during autonomous task execution, which can be automatically resolved by a recovery behavior of the task graph. The subgoals encode each skill's intention and thereby enable to flexibly transition between skills and to generalize the behavior to new setups. By separating the subgoal and constraint inference, we achieve a reduced computational complexity and an increased performance compared to state-of-the-art task learning approaches. In a real-world manipulation task, we demonstrate the reusability of skills as well as the autonomous decision-making of our approach.","2153-0866","978-1-6654-7927-1","10.1109/IROS47612.2022.9981288","","https://ieeexplore.ieee.org/stamp/stamp.jsp?arnumber=9981288","","Decision making;Feature extraction;Behavioral sciences;Task analysis;Computational complexity;Intelligent robots","","6","","25","IEEE","26 Dec 2022","23-27 Oct. 2022","23-27 Oct. 2022","IEEE","IEEE Conferences"
"The Role of Tactile Sensing in Learning and Deploying Grasp Refinement Algorithms","A. Koenig; Z. Liu; L. Janson; R. Howe","Department of Informatics, Technical University of Munich; School of Engineering and Applied Sciences, Harvard University; Department of Statistics, Harvard University; School of Engineering and Applied Sciences, Harvard University",2022 IEEE/RSJ International Conference on Intelligent Robots and Systems (IROS),"26 Dec 2022","2022","","","7766","7772","A long-standing question in robot hand design is how accurate tactile sensing must be. This paper uses simulated tactile signals and the reinforcement learning (RL) framework to study the sensing needs in grasping systems. Our first experiment investigates the need for rich tactile sensing in the rewards of RL-based grasp refinement algorithms for multi-fingered robotic hands. We systematically integrate different levels of tactile data into the rewards using analytic grasp stability metrics. We find that combining information on contact positions, normals, and forces in the reward yields the highest average success rates of 95.4% for cuboids, 93.1% for cylinders, and 62.3% for spheres across wrist position errors between 0 and 7 centimeters and rotational errors between 0 and 14 degrees. This contact-based reward outperforms a non-tactile binary-reward baseline by 42.9%. Our follow-up experiment shows that when training with tactile-enabled rewards, the use of tactile information in the control policy's state vector is drastically reducible at only a slight performance decrease of at most 6.6% for no tactile sensing in the state. Since policies do not require access to the reward signal at test time, our work implies that models trained on tactile-enabled hands are deployable to robotic hands with a smaller sensor suite, potentially reducing cost dramatically.","2153-0866","978-1-6654-7927-1","10.1109/IROS47612.2022.9981915","German Academic Exchange Service; ","https://ieeexplore.ieee.org/stamp/stamp.jsp?arnumber=9981915","","Training;Measurement;Wrist;Grasping;Reinforcement learning;Robot sensing systems;Stability analysis","","9","","26","IEEE","26 Dec 2022","23-27 Oct. 2022","23-27 Oct. 2022","IEEE","IEEE Conferences"
"Competency Assessment for Autonomous Agents using Deep Generative Models","A. Acharya; R. Russell; N. R. Ahmed","Ann and H.J. Smead Department of Aerospace Engineering Sciences, University of Colorado Boulder, Boulder, Colorado; The Charles Stark Draper Laboratory, Inc., Cambridge, Massachusetts; Ann and H.J. Smead Department of Aerospace Engineering Sciences, University of Colorado Boulder, Boulder, Colorado",2022 IEEE/RSJ International Conference on Intelligent Robots and Systems (IROS),"26 Dec 2022","2022","","","8211","8218","For autonomous agents to act as trustworthy partners to human users, they must be able to reliably communicate their competency for the tasks they are asked to perform. Towards this objective, we develop probabilistic world models based on deep generative modelling that allow for the simulation of agent trajectories and accurate calculation of tasking outcome probabilities. By combining the strengths of conditional variational autoencoders with recurrent neural networks, the deep generative world model can probabilistically forecast trajectories over long horizons to task completion. We show how these forecasted trajectories can be used to calculate outcome probability distributions, which enable the precise assessment of agent competency for specific tasks and initial settings.","2153-0866","978-1-6654-7927-1","10.1109/IROS47612.2022.9981991","Defense Advanced Research Projects Agency (DARPA)(grant numbers:HR001120C0032); ","https://ieeexplore.ieee.org/stamp/stamp.jsp?arnumber=9981991","","Recurrent neural networks;Predictive models;Probabilistic logic;Autonomous agents;Probability distribution;Trajectory;Reliability","","8","","36","IEEE","26 Dec 2022","23-27 Oct. 2022","23-27 Oct. 2022","IEEE","IEEE Conferences"
"Demonstrate Once, Imitate Immediately (DOME): Learning Visual Servoing for One-Shot Imitation Learning","E. Valassakis; G. Papagiannis; N. Di Palo; E. Johns","The Robot Learning Lab, Imperial College London; The Robot Learning Lab, Imperial College London; The Robot Learning Lab, Imperial College London; The Robot Learning Lab, Imperial College London",2022 IEEE/RSJ International Conference on Intelligent Robots and Systems (IROS),"26 Dec 2022","2022","","","8614","8621","We present DOME, a novel method for one-shot imitation learning, where a task can be learned from just a single demonstration and then be deployed immediately, without any further data collection or training. DOME does not require prior task or object knowledge, and can perform the task in novel object configurations and with distractors. At its core, DOME uses an image-conditioned object segmentation network followed by a learned visual servoing network, to move the robot's end-effector to the same relative pose to the object as during the demonstration, after which the task can be completed by replaying the demonstration's end-effector velocities. We show that DOME achieves near 100% success rate on 7 real-world everyday tasks, and we perform several studies to thoroughly understand each individual component of DOME. Videos and supplementary material are available at: https://www.robot-learning.uk/dome.","2153-0866","978-1-6654-7927-1","10.1109/IROS47612.2022.9981982","Royal Academy of Engineering; ","https://ieeexplore.ieee.org/stamp/stamp.jsp?arnumber=9981982","","Training;Learning systems;Object segmentation;Data collection;Visual servoing;End effectors;Task analysis","","34","","31","IEEE","26 Dec 2022","23-27 Oct. 2022","23-27 Oct. 2022","IEEE","IEEE Conferences"
"Divide & Conquer Imitation Learning","A. Chenu; N. Perrin-Gilbert; O. Sigaud","Sorbonne Université, CNRS, Institut des Systèmes Intelligents et de Robotique, ISIR, Paris, France; Sorbonne Université, CNRS, Institut des Systèmes Intelligents et de Robotique, ISIR, Paris, France; Sorbonne Université, CNRS, Institut des Systèmes Intelligents et de Robotique, ISIR, Paris, France",2022 IEEE/RSJ International Conference on Intelligent Robots and Systems (IROS),"26 Dec 2022","2022","","","8630","8637","When cast into the Deep Reinforcement Learning framework, many robotics tasks require solving a long horizon and sparse reward problem, where learning algorithms struggle. In such context, Imitation Learning (IL) can be a powerful approach to bootstrap the learning process. However, most IL methods require several expert demonstrations which can be prohibitively difficult to acquire. Only a handful of IL algorithms have shown efficiency in the context of an extreme low expert data regime where a single expert demonstration is available. In this paper, we present a novel algorithm designed to imitate complex robotic tasks from the states of an expert trajectory. Based on a sequential inductive bias, our method divides the complex task into smaller skills. The skills are learned into a goal-conditioned policy that is able to solve each skill individually and chain skills to solve the entire task. We show that our method imitates a non-holonomic navigation task and scales to a complex simulated robotic manipulation task with very high sample efficiency.","2153-0866","978-1-6654-7927-1","10.1109/IROS47612.2022.9982020","French National Research Agency (ANR)(grant numbers:ANR-18-CE33-0005 HUSKI); ","https://ieeexplore.ieee.org/stamp/stamp.jsp?arnumber=9982020","","Deep learning;Navigation;Reinforcement learning;Trajectory;Task analysis;Intelligent robots","","3","","38","IEEE","26 Dec 2022","23-27 Oct. 2022","23-27 Oct. 2022","IEEE","IEEE Conferences"
"MMFN: Multi-Modal-Fusion-Net for End-to-End Driving","Q. Zhang; M. Tang; R. Geng; F. Chen; R. Xin; L. Wang","Robotics Institute, The Hong Kong University of Science and Technology, Hong Kong, SAR, China; Robotics Institute, The Hong Kong University of Science and Technology, Hong Kong, SAR, China; Robotics Institute, The Hong Kong University of Science and Technology, Hong Kong, SAR, China; Robotics Institute, The Hong Kong University of Science and Technology, Hong Kong, SAR, China; Robotics Institute, The Hong Kong University of Science and Technology, Hong Kong, SAR, China; Robotics Institute, The Hong Kong University of Science and Technology, Hong Kong, SAR, China",2022 IEEE/RSJ International Conference on Intelligent Robots and Systems (IROS),"26 Dec 2022","2022","","","8638","8643","Inspired by the fact that humans use diverse sensory organs to perceive the world, sensors with different modalities are deployed in end-to-end driving to obtain the global context of the 3D scene. In previous works, camera and LiDAR inputs are fused through transformers for better driving performance. These inputs are normally further interpreted as high-level map information to assist navigation tasks. Nevertheless, extracting useful information from the complex map input is challenging, for redundant information may mislead the agent and negatively affect driving performance. We propose a novel approach to efficiently extract features from vectorized High-Definition (HD) maps and utilize them in end-to-end driving tasks. In addition, we design a new expert to enhance the model performance by considering multi-road rules. Experimental results prove that both proposed improvements enable our agent to achieve superior performance compared with other methods.","2153-0866","978-1-6654-7927-1","10.1109/IROS47612.2022.9981775","","https://ieeexplore.ieee.org/stamp/stamp.jsp?arnumber=9981775","","Point cloud compression;Laser radar;Three-dimensional displays;Navigation;Robot vision systems;Radar imaging;Feature extraction","","36","","23","IEEE","26 Dec 2022","23-27 Oct. 2022","23-27 Oct. 2022","IEEE","IEEE Conferences"
"dPMP-Deep Probabilistic Motion Planning: A use case in Strawberry Picking Robot","A. Tafuro; B. Debnath; A. M. Zanchettin; E. Amir Ghalamzan","Politecnico di Milano, Italy; Edge Hill University, UK; Politecnico di Milano, Italy; Lincoln Institute for Agri-food Technology, University of Lincoln, UK",2022 IEEE/RSJ International Conference on Intelligent Robots and Systems (IROS),"26 Dec 2022","2022","","","8675","8681","This paper presents a novel probabilistic approach to deep robot learning from demonstrations (LfD). Deep move-ment primitives (DMPs) are deterministic LfD model that maps visual information directly into a robot trajectory. This paper extends DMPs and presents a deep probabilistic model that maps the visual information into a distribution of effective robot trajectories. The architecture that leads to the highest level of trajectory accuracy is presented and compared with the existing methods. Moreover, this paper introduces a novel training method for learning domain-specific latent features. We show the superiority of the proposed probabilistic approach and novel latent space learning in the real-robot task of strawberry harvesting in the lab. The experimental results demonstrate that latent space learning can significantly improve model prediction performances. The proposed approach allows to sample trajectories from distribution and optimises the robot trajectory to meet a secondary objective, e.g. collision avoidance.","2153-0866","978-1-6654-7927-1","10.1109/IROS47612.2022.9982187","","https://ieeexplore.ieee.org/stamp/stamp.jsp?arnumber=9982187","","Training;Visualization;Predictive models;Robot sensing systems;Probabilistic logic;Trajectory;Collision avoidance","","8","","23","IEEE","26 Dec 2022","23-27 Oct. 2022","23-27 Oct. 2022","IEEE","IEEE Conferences"
"Forest Traversability Mapping (FTM): Traversability estimation using 3D voxel-based Normal Distributed Transform to enable forest navigation","F. Ruetz; P. Borges; N. Suenderhauf; E. Hernández; T. Peynot","QUT Centre for Robotics, Queensland University of Technology (QUT), Brisbane, Australia; Robotics and Autonomous Systems Group (RASG), CSIRO, Pullenvale, QLD, Australia; QUT Centre for Robotics, Queensland University of Technology (QUT), Brisbane, Australia; Emesent, Milton, QLD, Australia; QUT Centre for Robotics, Queensland University of Technology (QUT), Brisbane, Australia",2022 IEEE/RSJ International Conference on Intelligent Robots and Systems (IROS),"26 Dec 2022","2022","","","8714","8721","Autonomous navigation in dense vegetation remains an open challenge and is an area of major interest for the research community. In this paper we propose a novel traversability estimation method, the Forest Traversability Map, that gives autonomous ground vehicles the ability to navigate in harsh forests or densely vegetated environments. The method estimates travers ability in unstructured environments dominated by vegetation, void of any dominant human structures, gravel or dirt roads, with higher accuracy than the state of the art: we demonstrate an improvement of over 20% F1 score (from 0.71 to 0.91) on challenging real-world data. Our method is based on 3D voxel representation and introduces a robust colour fusion method to overcome occlusion and frequent changes of lighting conditions in these environments. We also introduce and fuse multi-return lidar measurements into our probabilistic map representation in a recursive manner. Finally, we include information of neighboring voxels to increase our ability to assess the terrain travers ability correctly. These measures improve the state-of-the-art results and allow for effective traversability estimation in very challenging, densely vegetated environments.","2153-0866","978-1-6654-7927-1","10.1109/IROS47612.2022.9981401","","https://ieeexplore.ieee.org/stamp/stamp.jsp?arnumber=9981401","","Three-dimensional displays;Laser radar;Navigation;Roads;Estimation;Vegetation mapping;Lighting","","12","","21","IEEE","26 Dec 2022","23-27 Oct. 2022","23-27 Oct. 2022","IEEE","IEEE Conferences"
"Transferring Multi-Agent Reinforcement Learning Policies for Autonomous Driving using Sim-to-Real","E. Candela; L. Parada; L. Marques; T. -A. Georgescu; Y. Demiris; P. Angeloudis","Department of Civil and Environmental Engineering, Centre for Transport Studies, Imperial College London, UK; Department of Civil and Environmental Engineering, Centre for Transport Studies, Imperial College London, UK; Department of Civil and Environmental Engineering, Centre for Transport Studies, Imperial College London, UK; Department of Civil and Environmental Engineering, Centre for Transport Studies, Imperial College London, UK; Department of Electrical and Electronic Engineering, Personal Robotics Laboratory, Imperial College London, UK; Department of Civil and Environmental Engineering, Centre for Transport Studies, Imperial College London, UK",2022 IEEE/RSJ International Conference on Intelligent Robots and Systems (IROS),"26 Dec 2022","2022","","","8814","8820","Autonomous Driving requires high levels of coordination and collaboration between agents. Achieving effective coordination in multi-agent systems is a difficult task that remains largely unresolved. Multi-Agent Reinforcement Learning has arisen as a powerful method to accomplish this task because it considers the interaction between agents and also allows for decentralized training—which makes it highly scalable. However, transferring policies from simulation to the real world is a big challenge, even for single-agent applications. Multi-agent systems add additional complexities to the Sim-to-Real gap due to agent collaboration and environment synchronization. In this paper, we propose a method to transfer multi-agent autonomous driving policies to the real world. For this, we create a multi-agent environment that imitates the dynamics of the Duckietown multi-robot testbed, and train multi-agent policies using the MAPPO algorithm with different levels of domain randomization. We then transfer the trained policies to the Duckietown testbed and show that when using our method, domain randomization can reduce the reality gap by 90%. Moreover, we show that different levels of parameter randomization have a substantial impact on the Sim-to-Real gap. Finally, our approach achieves significantly better results than a rule-based benchmark.","2153-0866","978-1-6654-7927-1","10.1109/IROS47612.2022.9981319","","https://ieeexplore.ieee.org/stamp/stamp.jsp?arnumber=9981319","","Training;Heuristic algorithms;Collaboration;Reinforcement learning;Safety;Synchronization;Task analysis","","39","","30","IEEE","26 Dec 2022","23-27 Oct. 2022","23-27 Oct. 2022","IEEE","IEEE Conferences"
"Online 3D Bin Packing Reinforcement Learning Solution with Buffer","A. V. Puche; S. Lee","Artificial Intelligence School, Sungkyunkwan University, Suwon, South Korea; Artificial Intelligence School, Sungkyunkwan University, Suwon, South Korea",2022 IEEE/RSJ International Conference on Intelligent Robots and Systems (IROS),"26 Dec 2022","2022","","","8902","8909","The 3D Bin Packing Problem (3D-BPP) is one of the most demanded yet challenging problems in industry, where an agent must pack variable size items delivered in sequence into a finite bin with the aim to maximize the space utilization. It represents a strongly NP-Hard optimization problem such that no solution has been offered to date with high performance in space utilization. In this paper, we present a new reinforcement learning (RL) framework for a 3D-BPP solution for improving performance. First, a buffer is introduced to allow multi-item action selection. By increasing the degree of freedom in action selection, a more complex policy that results in better packing performance can be derived. Second, we propose an agnostic data augmentation strategy that exploits both bin item symmetries for improving sample efficiency. Third, we implement a model-based RL method adapted from the popular algorithm AlphaGo, which has shown superhuman performance in zero-sum games. Our adaptation is capable of working in single-player and score based environments. In spite of the fact that AlphaGo versions are known to be computationally heavy, we manage to train the proposed framework with a single thread and GPU, while obtaining a solution that outperforms the state-of-the-art results in space utilization.","2153-0866","978-1-6654-7927-1","10.1109/IROS47612.2022.9982095","","https://ieeexplore.ieee.org/stamp/stamp.jsp?arnumber=9982095","","Industries;Three-dimensional displays;Instruction sets;Computational modeling;Graphics processing units;Reinforcement learning;Games","","25","","24","IEEE","26 Dec 2022","23-27 Oct. 2022","23-27 Oct. 2022","IEEE","IEEE Conferences"
"Improved Robustness and Safety for Pre-Adaptation of Meta Reinforcement Learning with Prior Regularization","L. Wen; S. Zhang; H. E. Tseng; B. Singh; D. Filev; H. Peng","Mechanical Engineering, University of Michigan; Ford Research and Advanced Engineering; Ford Research and Advanced Engineering; Ford Research and Advanced Engineering; Ford Research and Advanced Engineering; Mechanical Engineering, University of Michigan",2022 IEEE/RSJ International Conference on Intelligent Robots and Systems (IROS),"26 Dec 2022","2022","","","8987","8994","Meta Reinforcement Learning (Meta-RL) has seen substantial advancements recently. In particular, off-policy methods were developed to improve the data efficiency of Meta-RL techniques. Probabilistic embeddings for actor-critic $\boldsymbol{RL}$ (PEARL) is a leading approach for multi-MDP adaptation problems. A major drawback of many existing Meta-RL methods, including PEARL, is that they do not explicitly consider the safety of the prior policy when it is exposed to a new task for the first time. Safety is essential for many real world applications, including field robots and Autonomous Vehicles (AVs), In this paper, we develop the PEARL PLUS (PEARL+) algorithm, which optimizes the policy for both prior (pre-adaptation) safety and posterior (after-adaptation) performance. Building on top of PEARL, our proposed PEARL+ algorithm introduces a prior regularization term in the reward function and a new Q-network for recovering the state-action value under prior context assumptions, to improve the robustness to task distribution shift and safety of the trained network exposed to a new task for the first time. The performance of PEARL+ is validated by solving three safety-critical problems related to robots and AVs, including two MuJoCo benchmark problems. From the simulation experiments, we show that safety of the prior policy is significantly improved and more robust to task distribution shift compared to PEARL.","2153-0866","978-1-6654-7927-1","10.1109/IROS47612.2022.9981621","","https://ieeexplore.ieee.org/stamp/stamp.jsp?arnumber=9981621","","Road transportation;Buildings;Reinforcement learning;Benchmark testing;Probabilistic logic;Robustness;Safety","","2","","28","IEEE","26 Dec 2022","23-27 Oct. 2022","23-27 Oct. 2022","IEEE","IEEE Conferences"
"Active Tactile Exploration using Shape-Dependent Reinforcement Learning","S. Jiang; L. L. S. Wong","Northeastern University, Boston, MA, USA; Northeastern University, Boston, MA, USA",2022 IEEE/RSJ International Conference on Intelligent Robots and Systems (IROS),"26 Dec 2022","2022","","","8995","9002","Tactile signals provide rich information about objects via touch and are essential for a robot to perform dex-terous manipulation. Exploring actively via tactile perception collects important information about the workspace. However, designing an effective tactile exploration policy is challenging in unstructured environments. Typically, the geometric information is incomplete, and need to be completed by actively and repeatedly interacting with the environment. In this paper, we address the tactile exploration problem by proposing a shape-information-dependent exploration strategy, which consists of two components: (1) a Shape-Belief Encoder that encodes the explored area by learning effective 3-D reconstruction and predicts the complete object shape; (2) a shape-dependent exploration policy which incorporates the encoding in (1) to plan an exploration trajectory. The policy actively acquires new information about object surface by executing exploration actions. The Shape-Belief Encoder leverages the newly collected contact points to update the surface model and guides future exploration. We validate the proposed algorithm on simulated and real robots.","2153-0866","978-1-6654-7927-1","10.1109/IROS47612.2022.9982266","","https://ieeexplore.ieee.org/stamp/stamp.jsp?arnumber=9982266","","Point cloud compression;Surface reconstruction;Three-dimensional displays;Shape;Tactile sensors;Hopfield neural networks;Reinforcement learning","","3","","35","IEEE","26 Dec 2022","23-27 Oct. 2022","23-27 Oct. 2022","IEEE","IEEE Conferences"
"DARL1N: Distributed multi-Agent Reinforcement Learning with One-hop Neighbors","B. Wang; J. Xie; N. Atanasov","Department of Electrical and Computer Engineering, University of California San Diego and San Diego State University, La Jolla, CA; Department of Electrical and Computer Engineering, San Diego State University, San Diego, CA; Department of Electrical and Computer Engineering, University of California San Diego, La Jolla, CA",2022 IEEE/RSJ International Conference on Intelligent Robots and Systems (IROS),"26 Dec 2022","2022","","","9003","9010","Multi-agent reinforcement learning (MARL) meth-ods face a curse of dimensionality in the policy and value function representations as the number of agents increases. The development of distributed or parallel training techniques is also hindered by the global coupling among the agent dynamics, requiring simultaneous state transitions. This paper introduces Distributed multi-Agent Reinforcement Learning with One-hop Neighbors (DARLIN). DARLIN is an off-policy actor-critic MARL method that breaks the curse of dimensionality and achieves distributed training by restricting the agent interactions to one-hop neighborhoods. Each agent optimizes its value and policy functions over a one-hop neighborhood, reducing the representation complexity, yet maintaining expressiveness by training with varying numbers and states of neighbors. This structure enables the key contribution of DARLIN: a distributed training procedure in which each compute node simulates the state transitions of only a small subset of the agents, greatly accelerating the training of large-scale MARL policies. Comparisons with state-of-the-art MARL methods show that DARLIN significantly reduces training time without sacrificing policy quality as the number of agents increases.","2153-0866","978-1-6654-7927-1","10.1109/IROS47612.2022.9981441","NSF(grant numbers:CAREER-2048266,CRI-1953048); ","https://ieeexplore.ieee.org/stamp/stamp.jsp?arnumber=9981441","","Training;Couplings;Accelerated aging;Reinforcement learning;Benchmark testing;Complexity theory;Function approximation","","13","","24","IEEE","26 Dec 2022","23-27 Oct. 2022","23-27 Oct. 2022","IEEE","IEEE Conferences"
"Adaptive Environment Modeling Based Reinforcement Learning for Collision Avoidance in Complex Scenes","S. Wang; R. Gao; R. Han; S. Chen; C. Li; Q. Hao","Harbin Institute of Technology, Harbin, Heilongjiang, China; Department of Computer Science and Engineering, Southern University of Science and Technology, Shenzhen, Guangdong, China; Department of Computer Science and Engineering, Southern University of Science and Technology, Shenzhen, Guangdong, China; Department of Computer Science and Engineering, Southern University of Science and Technology, Shenzhen, Guangdong, China; Department of Computer Science and Engineering, Southern University of Science and Technology, Shenzhen, Guangdong, China; Department of Computer Science and Engineering, Southern University of Science and Technology, Shenzhen, Guangdong, China",2022 IEEE/RSJ International Conference on Intelligent Robots and Systems (IROS),"26 Dec 2022","2022","","","9011","9018","The major challenges of collision avoidance for robot navigation in crowded scenes lie in accurate environment modeling, fast perceptions, and trustworthy motion planning policies. This paper presents a novel adaptive environment model based collision avoidance reinforcement learning (i.e., AEMCARL) framework for an unmanned robot to achieve collision-free motions in challenging navigation scenarios. The novelty of this work is threefold: (1) developing a hierarchical network of gated-recurrent-unit (GRU) for environment modeling; (2) developing an adaptive perception mechanism with an attention module; (3) developing an adaptive reward function for the reinforcement learning (RL) framework to jointly train the environment model, perception function and motion planning policy. The proposed method is tested with the Gym-Gazebo simulator and a group of robots (Husky and Turtlebot) under various crowded scenes. Both simulation and experimental results have demonstrated the superior performance of the proposed method over baseline methods.","2153-0866","978-1-6654-7927-1","10.1109/IROS47612.2022.9982107","","https://ieeexplore.ieee.org/stamp/stamp.jsp?arnumber=9982107","","Training;Adaptation models;Adaptive systems;Navigation;Computational modeling;Dynamics;Reinforcement learning","","19","","23","IEEE","26 Dec 2022","23-27 Oct. 2022","23-27 Oct. 2022","IEEE","IEEE Conferences"
"Scalable Model-based Policy Optimization for Decentralized Networked Systems","Y. Du; C. Ma; Y. Liu; R. Lin; H. Dong; J. Wang; Y. Yang","King's College London, London, UK; Xiamen University, Xiamen, China; Peking University, Beijing, China; Chinese Academy of Sciences, Beijing, China; CFCS, School of CS, Peking University; University College London, London, UK; Peking University, Beijing, China",2022 IEEE/RSJ International Conference on Intelligent Robots and Systems (IROS),"26 Dec 2022","2022","","","9019","9026","Reinforcement learning algorithms require a large amount of samples; this often limits their real-world applications on even simple tasks. Such a challenge is more outstanding in multi-agent tasks, as each step of operation is more costly, requiring communications or shifting or resources. This work aims to improve data efficiency of multi-agent control by model-based learning. We consider networked systems where agents are cooperative and communicate only locally with their neighbors, and propose the decentralized model-based policy optimization framework (DMPO). In our method, each agent learns a dynamic model to predict future states and broadcast their predictions by communication, and then the policies are trained under the model rollouts. To alleviate the bias of model-generated data, we restrain the model usage for generating myopic rollouts, thus reducing the compounding error of model generation. To pertain the independence of policy update, we introduce extended value function and theoretically prove that the resulting policy gradient is a close approximation to true policy gradients. We evaluate our algorithm on several benchmarks for intelligent transportation systems, which are connected autonomous vehicle control tasks (Flow and CACC) and adaptive traffic signal control (ATSC). Empirical results show that our method achieves superior data efficiency and matches the performance of model-free methods using true models. The source code of our algorithm and baselines can be found at https://github.com/PKU-MARL/Model-Based-MARL.","2153-0866","978-1-6654-7927-1","10.1109/IROS47612.2022.9982253","","https://ieeexplore.ieee.org/stamp/stamp.jsp?arnumber=9982253","","Adaptation models;Source coding;Reinforcement learning;Predictive models;Approximation algorithms;Data models;Task analysis","","8","","43","IEEE","26 Dec 2022","23-27 Oct. 2022","23-27 Oct. 2022","IEEE","IEEE Conferences"
"Safety Correction from Baseline: Towards the Risk-aware Policy in Robotics via Dual-agent Reinforcement Learning","L. Zhang; Z. Yan; L. Shen; S. Li; X. Wang; D. Tao","Center for Intelligent Control and Telescience, Tsinghua Shenzhen International Graduate School, Shenzhen, China; Center for Intelligent Control and Telescience, Tsinghua Shenzhen International Graduate School, Shenzhen, China; JD Explore Academy, Beijing, China; Center for Intelligent Control and Telescience, Tsinghua Shenzhen International Graduate School, Shenzhen, China; Center for Intelligent Control and Telescience, Tsinghua Shenzhen International Graduate School, Shenzhen, China; JD Explore Academy, Beijing, China",2022 IEEE/RSJ International Conference on Intelligent Robots and Systems (IROS),"26 Dec 2022","2022","","","9027","9033","Learning a risk-aware policy is essential but rather challenging in unstructured robotic tasks. Safe reinforcement learning methods open up new possibilities to tackle this problem. However, the conservative policy updates make it intractable to achieve sufficient exploration and desirable performance in complex, sample-expensive environments. In this paper, we propose a dual-agent safe reinforcement learning strategy consisting of a baseline and a safe agent. Such a decoupled framework enables high flexibility, data efficiency and risk-awareness for RL-based control. Concretely, the baseline agent is responsible for maximizing rewards under standard RL settings. Thus, it is compatible with off-the-shelf training techniques of unconstrained optimization, exploration and exploitation. On the other hand, the safe agent mimics the baseline agent for policy improvement and learns to fulfill safety constraints via off-policy RL tuning. In contrast to training from scratch, safe policy correction requires significantly fewer interactions to obtain a near-optimal policy. The dual policies can be optimized synchronously via a shared replay buffer, or leveraging the pre-trained model or the non-learning-based controller as a fixed baseline agent. Experimental results show that our approach can learn feasible skills without prior knowledge as well as deriving risk-averse counterparts from pre-trained unsafe policies. The proposed method outperforms the state-of-the-art safe RL algorithms on difficult robot locomotion and manipulation tasks with respect to both safety constraint satisfaction and sample efficiency.","2153-0866","978-1-6654-7927-1","10.1109/IROS47612.2022.9981831","","https://ieeexplore.ieee.org/stamp/stamp.jsp?arnumber=9981831","","Training;MIMICs;Reinforcement learning;Robot learning;Safety;Task analysis;Robots","","3","","31","IEEE","26 Dec 2022","23-27 Oct. 2022","23-27 Oct. 2022","IEEE","IEEE Conferences"
"Multi-Objective Policy Gradients with Topological Constraints","K. H. Wray; S. Tiomkin; M. J. Kochenderfer; P. Abbeel","Stanford University, Stanford, CA, USA; San Jose State University, CA, USA; Stanford University, Stanford, CA, USA; University of California, Berkeley, CA, USA",2022 IEEE/RSJ International Conference on Intelligent Robots and Systems (IROS),"26 Dec 2022","2022","","","9034","9039","Multi-objective optimization models that encode ordered sequential constraints provide a solution to model various challenging problems including encoding preferences, modeling a curriculum, and enforcing measures of safety. A recently developed theory of topological Markov decision processes (TMDPs) captures this range of problems for the case of discrete states and actions. In this work, we extend TMDPs towards continuous spaces and unknown transition dynamics by formulating, proving, and implementing the policy gradient theorem for TMDPs. This theoretical result enables the creation of TMDP learning algorithms that use function approximators, and can generalize existing deep reinforcement learning (DRL) approaches. Specifically, we present a new algorithm for a policy gradient in TMDPs by a simple extension of the proximal policy optimization (PPO) algorithm. We demonstrate this on a real-world multiple-objective navigation problem with an arbitrary ordering of objectives both in simulation and on a real robot.","2153-0866","978-1-6654-7927-1","10.1109/IROS47612.2022.9982278","","https://ieeexplore.ieee.org/stamp/stamp.jsp?arnumber=9982278","","Deep learning;Navigation;Heuristic algorithms;Reinforcement learning;Markov processes;Approximation algorithms;Encoding","","3","","19","IEEE","26 Dec 2022","23-27 Oct. 2022","23-27 Oct. 2022","IEEE","IEEE Conferences"
"Backward Imitation and Forward Reinforcement Learning via Bi-directional Model Rollouts","Y. Pan; F. Lin","Division of Emerging Interdisciplinary Areas under IPO, The Hong Kong University of Science and Technology, Hong Kong; Department of Computer Science and Engineering, The Hong Kong University of Science and Technology, Hong Kong",2022 IEEE/RSJ International Conference on Intelligent Robots and Systems (IROS),"26 Dec 2022","2022","","","9040","9047","Traditional model-based reinforcement learning (RL) methods generate forward rollout traces using the learnt dynamics model to reduce interactions with the real environment. The recent model-based RL method considers the way to learn a backward model that specifies the conditional probability of the previous state given the previous action and the current state to additionally generate backward rollout trajectories. However, in this type of model-based method, the samples derived from backward rollouts and those from forward rollouts are simply aggregated together to optimize the policy via the model-free RL algorithm, which may decrease both the sample efficiency and the convergence rate. This is because such an approach ignores the fact that backward rollout traces are often generated starting from some high-value states and are certainly more instructive for the agent to improve the behavior. In this paper, we propose the backward imitation and forward reinforcement learning (BIFRL) framework where the agent treats backward rollout traces as expert demonstrations for the imitation of excellent behaviors, and then collects forward rollout transitions for policy reinforcement. Consequently, BIFRL empowers the agent to both reach to and explore from high-value states in a more efficient manner, and further reduces the real interactions, making it potentially more suitable for real-robot learning. Moreover, a value-regularized generative adversarial network is introduced to augment the valuable states which are infrequently received by the agent. Theoretically, we provide the condition where BIFRL is superior to the baseline methods. Experimentally, we demonstrate that BIFRL acquires the better sample efficiency and produces the competitive asymptotic performance on various MuJoCo locomotion tasks compared against state-of-the-art model-based methods.","2153-0866","978-1-6654-7927-1","10.1109/IROS47612.2022.9981869","","https://ieeexplore.ieee.org/stamp/stamp.jsp?arnumber=9981869","","Reinforcement learning;Bidirectional control;Generative adversarial networks;Behavioral sciences;Trajectory;Task analysis;Intelligent robots","","","","25","IEEE","26 Dec 2022","23-27 Oct. 2022","23-27 Oct. 2022","IEEE","IEEE Conferences"
"BIMRL: Brain Inspired Meta Reinforcement Learning","S. R. Razavi Rohani; S. Hedayatian; M. S. Baghshah","Department of Computer Engineering, Sharif University of Technology; Department of Mathematical Sciences, Sharif University of Technology; Department of Computer Engineering, Sharif University of Technology",2022 IEEE/RSJ International Conference on Intelligent Robots and Systems (IROS),"26 Dec 2022","2022","","","9048","9053","Sample efficiency has been a key issue in reinforcement learning (RL). An efficient agent must be able to leverage its prior experiences to quickly adapt to similar, but new tasks and situations. Meta-RL is one attempt at formalizing and ad-dressing this issue. Inspired by recent progress in meta-RL, we introduce BIMRL, a novel multi-layer architecture along with a novel brain-inspired memory module that will help agents quickly adapt to new tasks within a few episodes. We also utilize this memory module to design a novel intrinsic reward that will guide the agent's exploration. Our architecture is inspired by findings in cognitive neuroscience and is compatible with the knowledge on connectivity and functionality of different regions in the brain. We empirically validate the effectiveness of our proposed method by competing with or surpassing the performance of some strong baselines on multiple MiniGrid environments.","2153-0866","978-1-6654-7927-1","10.1109/IROS47612.2022.9981250","","https://ieeexplore.ieee.org/stamp/stamp.jsp?arnumber=9981250","","Cognitive neuroscience;Memory modules;Reinforcement learning;Biological systems;Task analysis;Intelligent robots","","6","","24","IEEE","26 Dec 2022","23-27 Oct. 2022","23-27 Oct. 2022","IEEE","IEEE Conferences"
"Coordination With Humans Via Strategy Matching","M. Zhao; R. Simmons; H. Admoni","Robotics Institute, Carnegie Mellon University, Pittsburgh, PA, USA; Robotics Institute, Carnegie Mellon University, Pittsburgh, PA, USA; Robotics Institute, Carnegie Mellon University, Pittsburgh, PA, USA",2022 IEEE/RSJ International Conference on Intelligent Robots and Systems (IROS),"26 Dec 2022","2022","","","9116","9123","Human and robot partners increasingly need to work together to perform tasks as a team. Robots designed for such collaboration must reason about how their task-completion strategies interplay with the behavior and skills of their human team members as they coordinate on achieving joint goals. Our goal in this work is to develop a computational framework for robot adaptation to human partners in human-robot team collaborations. We first present an algorithm for autonomously recognizing available task-completion strategies by observing human-human teams performing a collaborative task. By transforming team actions into low dimensional representations using hidden Markov models, we can identify strategies without prior knowledge. Robot policies are learned on each of the identified strategies to construct a Mixture-of-Experts model that adapts to the task strategies of unseen human partners. We evaluate our model on a collaborative cooking task using an Overcooked simulator. Results of an online user study with 125 participants demonstrate that our framework improves the task performance and collaborative fluency of human-agent teams, as compared to state of the art reinforcement learning methods.","2153-0866","978-1-6654-7927-1","10.1109/IROS47612.2022.9982277","Defense Advanced Research Projects Agency(grant numbers:FP00002636); NSF(grant numbers:IIS-2112633); ","https://ieeexplore.ieee.org/stamp/stamp.jsp?arnumber=9982277","","Training;Adaptation models;Robot kinematics;Collaboration;Hidden Markov models;Reinforcement learning;Behavioral sciences","","6","","32","IEEE","26 Dec 2022","23-27 Oct. 2022","23-27 Oct. 2022","IEEE","IEEE Conferences"
"Reasoning about Counterfactuals to Improve Human Inverse Reinforcement Learning","M. S. Lee; H. Admoni; R. Simmons",Robotics Institute at Carnegie Mellon University; Robotics Institute at Carnegie Mellon University; Robotics Institute at Carnegie Mellon University,2022 IEEE/RSJ International Conference on Intelligent Robots and Systems (IROS),"26 Dec 2022","2022","","","9140","9147","To collaborate well with robots, we must be able to understand their decision making. Humans naturally infer other agents' beliefs and desires by reasoning about their observable behavior in a way that resembles inverse reinforcement learning (IRL). Thus, robots can convey their beliefs and desires by providing demonstrations that are informative for a human learner's IRL. An informative demonstration is one that differs strongly from the learner's expectations of what the robot will do given their current understanding of the robot's decision making. However, standard IRL does not model the learner's existing expectations, and thus cannot do this counterfactual reasoning. We propose to incorporate the learner's current understanding of the robot's decision making into our model of human IRL, so that a robot can select demonstrations that maximize the human's understanding. We also propose a novel measure for estimating the difficulty for a human to predict instances of a robot's behavior in unseen environments. A user study finds that our test difficulty measure correlates well with human performance and confidence. Interestingly, considering human beliefs and counterfactuals when selecting demonstrations decreases human performance on easy tests, but increases performance on difficult tests, providing insight on how to best utilize such models.","2153-0866","978-1-6654-7927-1","10.1109/IROS47612.2022.9982062","Office of Naval Research(grant numbers:N00014-18-1-2503); ","https://ieeexplore.ieee.org/stamp/stamp.jsp?arnumber=9982062","","Current measurement;Decision making;Education;Reinforcement learning;Cognition;Robots;Standards","","3","","24","IEEE","26 Dec 2022","23-27 Oct. 2022","23-27 Oct. 2022","IEEE","IEEE Conferences"
"SESNO: Sample Efficient Social Navigation from Observation","B. H. Baghi; A. Konar; F. Hogan; M. Jenkin; G. Dudek","Samsung Electronics SAIC-Montreal, Montreal, QC, Canada; Samsung Electronics SAIC-Montreal, Montreal, QC, Canada; Samsung Electronics SAIC-Montreal, Montreal, QC, Canada; Samsung Electronics SAIC-Montreal, Montreal, QC, Canada; Samsung Electronics SAIC-Montreal, Montreal, QC, Canada",2022 IEEE/RSJ International Conference on Intelligent Robots and Systems (IROS),"26 Dec 2022","2022","","","9164","9171","In this paper, we present the Sample Efficient Social Navigation from Observation (SESNO) algorithm that efficiently learns socially-compliant navigation policies from observations of human trajectories. SESNO is an inverse reinforcement learning (IRL)-based algorithm that learns from human trajectory observations without knowledge of their actions. We improve the sample-efficiency over previous IRL-based methods by introducing a shared experience replay buffer that allows reuse of past trajectory experiences to estimate the policy and the reward. We evaluate SESNO using publicly available pedestrian motion data sets and compare its performance to related baseline methods in the literature. We show that SESNO yields performance superior to existing baselines while dramatically improving the sample complexity by using as few as a hundredth of the samples required by existing baselines.","2153-0866","978-1-6654-7927-1","10.1109/IROS47612.2022.9981645","","https://ieeexplore.ieee.org/stamp/stamp.jsp?arnumber=9981645","","Navigation;Reinforcement learning;Trajectory;Complexity theory;Intelligent robots","","2","","45","IEEE","26 Dec 2022","23-27 Oct. 2022","23-27 Oct. 2022","IEEE","IEEE Conferences"
"Understanding Acoustic Patterns of Human Teachers Demonstrating Manipulation Tasks to Robots","A. Saran; K. Desai; M. L. Chang; R. Lioutikov; A. Thomaz; S. Niekum","Microsoft Research, University of Texas at Austin, New York, NY, USA; Department of Electrical and Computer Engineering, University of Texas at Austin, Austin, TX, USA; Department of Electrical and Computer Engineering, University of Texas at Austin, Austin, TX, USA; Karlsruhe Institute of Technology, Karl-sruhe, BW, Germany; Department of Electrical and Computer Engineering, University of Texas at Austin, Austin, TX, USA; Department of Computer Science, University of Texas at Austin, Austin, TX, USA",2022 IEEE/RSJ International Conference on Intelligent Robots and Systems (IROS),"26 Dec 2022","2022","","","9172","9179","Humans use audio signals in the form of spoken language or verbal reactions effectively when teaching new skills or tasks to other humans. While demonstrations allow humans to teach robots in a natural way, learning from trajectories alone does not leverage other available modalities including audio from human teachers. To effectively utilize audio cues accompanying human demonstrations, first it is important to understand what kind of information is present and conveyed by such cues. This work characterizes audio from human teachers demonstrating multi-step manipulation tasks to a situated Sawyer robot along three dimensions: (1) duration of speech used, (2) expressiveness in speech or prosody, and (3) semantic content of speech. We analyze these features for four different independent variables and find that teachers convey similar semantic content via spoken words for different conditions of (1) demonstration types, (2) audio usage instructions, (3) subtasks, and (4) errors during demonstrations. However, differentiating properties of speech in terms of duration and expressiveness are present for the four independent variables, highlighting that human audio carries rich information, potentially beneficial for technological advancement of robot learning from demonstration methods.","2153-0866","978-1-6654-7927-1","10.1109/IROS47612.2022.9981053","NSF(grant numbers:IIS-1724157,IIS-1749204,IIS-1925082); AFOSR(grant numbers:FA9550-20-1-0077); ARO(grant numbers:78372-CS); DFG(grant numbers:448648559); ","https://ieeexplore.ieee.org/stamp/stamp.jsp?arnumber=9981053","","Semantics;Education;Robot learning;Acoustics;Trajectory;Sensors;Data mining","","3","","32","IEEE","26 Dec 2022","23-27 Oct. 2022","23-27 Oct. 2022","IEEE","IEEE Conferences"
"Noisy Agents: Self-supervised Exploration by Predicting Auditory Events","C. Gan; X. Chen; P. Isola; A. Torralba; J. B. Tenenbaum",Massachusetts Institute of Technology; Tsinghua University; Massachusetts Institute of Technology; Massachusetts Institute of Technology; Massachusetts Institute of Technology,2022 IEEE/RSJ International Conference on Intelligent Robots and Systems (IROS),"26 Dec 2022","2022","","","9259","9265","Humans integrate multiple sensory modalities (e.g., visual and audio) to build a causal understanding of the physical world. In this work, we propose a novel type of intrinsic motivation for Reinforcement Learning (RL) that encourages the agent to understand the causal effect of its actions through auditory event prediction. First, we allow the agent to collect a small amount of acoustic data and use K-means to discover underlying auditory event clusters. We then train a neural network to predict the auditory events and use the prediction errors as intrinsic rewards to guide RL exploration. We first conduct proof-of-concept experiments using a set of Atari games for an in-depth analysis of our module. We then apply our model to embodied audio-visual exploration using the Habitat simulator and active exploration with a rolling robot using the ThreeDWorld (TDW) simulator. Experimental results demonstrate the advantages of using audio signals over vision-based models as intrinsic rewards to guide RL explorations.","2153-0866","978-1-6654-7927-1","10.1109/IROS47612.2022.9981614","","https://ieeexplore.ieee.org/stamp/stamp.jsp?arnumber=9981614","","Visualization;Neural networks;Reinforcement learning;Games;Robot sensing systems;Acoustics;Noise measurement","","","","45","IEEE","26 Dec 2022","23-27 Oct. 2022","23-27 Oct. 2022","IEEE","IEEE Conferences"
"Reactive Stepping for Humanoid Robots using Reinforcement Learning: Application to Standing Push Recovery on the Exoskeleton Atalante","A. Duburcq; F. Schramm; G. Boéris; N. Bredeche; Y. Chevaleyre","Wandercraft, Paris, France; Wandercraft, Paris, France; Wandercraft, Paris, France; Sorbonne Université, CNRS, Institut des Systèmes Intelligents et de Robotique, ISIR, Paris, France; Université Paris-Dauphine, PSL, CNRS, Laboratoire d'analyse et modélisation de systèmes pour l, Paris, France",2022 IEEE/RSJ International Conference on Intelligent Robots and Systems (IROS),"26 Dec 2022","2022","","","9302","9309","State-of-the-art reinforcement learning is now able to learn versatile locomotion, balancing and push-recovery capabilities for bipedal robots in simulation. Yet, the reality gap has mostly been overlooked and the simulated results hardly transfer to real hardware. Either it is unsuccessful in practice because the physics is over-simplified and hardware limitations are ignored, or regularity is not guaranteed, and unexpected hazardous motions can occur. This paper presents a reinforcement learning framework capable of learning ro-bust standing push recovery for bipedal robots that smoothly transfer to reality, providing only instantaneous proprioceptive observations. By combining original termination conditions and policy smoothness conditioning, we achieve stable learning, sim-to-real transfer and safety using a policy without memory nor explicit history. Reward engineering is then used to give insights into how to keep balance. We demonstrate its performance in reality on the lower-limb medical exoskeleton Atalante.","2153-0866","978-1-6654-7927-1","10.1109/IROS47612.2022.9982234","","https://ieeexplore.ieee.org/stamp/stamp.jsp?arnumber=9982234","","Exoskeletons;Propioception;Humanoid robots;Reinforcement learning;Hardware;Safety;History","","15","","41","IEEE","26 Dec 2022","23-27 Oct. 2022","23-27 Oct. 2022","IEEE","IEEE Conferences"
"Federated Learning from Demonstration for Active Assistance to Smart Wheelchair Users","F. E. Casado; Y. Demiris","CiTIUS (Centro Singular de Investigación en Tecnoloxías Intelixentes), Universidade de Santiago de Compostela, Santiago de Compostela, Spain; Dept. of Electrical and Electronic Engineering, PRL (Personal Robotics Laboratory), Imperial College London, UK",2022 IEEE/RSJ International Conference on Intelligent Robots and Systems (IROS),"26 Dec 2022","2022","","","9326","9331","Learning from Demonstration (LfD) is a very appealing approach to empower robots with autonomy. Given some demonstrations provided by a human teacher, the robot can learn a policy to solve the task without explicit programming. A promising use case is to endow smart robotic wheelchairs with active assistance to navigation. By using LfD, it is possible to learn to infer short-term destinations anywhere, without the need of building a map of the environment beforehand. Nevertheless, it is difficult to generalize robot behaviors to environments other than those used for training. We believe that one possible solution is learning from crowds, involving a broad number of teachers (the end users themselves) who perform demonstrations in diverse and real environments. To this end, in this work we consider Federated Learning from Demonstration (FLfD), a distributed approach based on a Federated Learning architecture. Our proposal allows the training of a global deep neural network using sensitive local data (images and laser readings) with privacy guarantees. In our experiments we pose a scenario involving different clients working in heterogeneous domains. We show that the federated model is able to generalize and deal with non Independent and Identically Distributed (non-IID) data.","2153-0866","978-1-6654-7927-1","10.1109/IROS47612.2022.9981998","UKRI(grant numbers:EP/V026682/1); ","https://ieeexplore.ieee.org/stamp/stamp.jsp?arnumber=9981998","","Training;Data privacy;Federated learning;Wheelchairs;Training data;Behavioral sciences;Mobile robots","","9","","19","IEEE","26 Dec 2022","23-27 Oct. 2022","23-27 Oct. 2022","IEEE","IEEE Conferences"
"PourNet: Robust Robotic Pouring Through Curriculum and Curiosity-based Reinforcement Learning","E. Babaians; T. Sharma; M. Karimi; S. Sharifzadeh; E. Steinbach","Department of Electrical and Computer Engineering, Chair of Media Technology (LMT) and Munich Institute of Robotics and Machine Intelligence (MIRMI), Technical University of Munich (TUM); Department of Electrical and Computer Engineering, Chair of Media Technology (LMT) and Munich Institute of Robotics and Machine Intelligence (MIRMI), Technical University of Munich (TUM); Department of Electrical and Computer Engineering, Chair of Media Technology (LMT) and Munich Institute of Robotics and Machine Intelligence (MIRMI), Technical University of Munich (TUM); Ludwig Maximilian University of Munich (LMU), Germany; Department of Electrical and Computer Engineering, Chair of Media Technology (LMT) and Munich Institute of Robotics and Machine Intelligence (MIRMI), Technical University of Munich (TUM)",2022 IEEE/RSJ International Conference on Intelligent Robots and Systems (IROS),"26 Dec 2022","2022","","","9332","9339","Pouring liquids accurately into containers is one of the most challenging tasks for robots as they are unaware of the complex fluid dynamics and the behavior of liquids when pouring. Therefore, it is not possible to formulate a generic pouring policy for real-time applications. In this paper, we propose PourNet, as a generalized solution to pouring different liquids into containers. PourNet is a hybrid planner that uses deep reinforcement learning, for end-effector planning, and Nonlinear Model Predictive Control, for joint planning. In this work, we introduce a novel simulation environment using Unity3D and NVIDIA-Flex to train our agents. By effective choice of the state space, action space and the reward functions, we allow for a direct sim-to-real transfer of the learned skills without additional training. In the simulation, PourNet outperforms state-of-the-art by an average of 4.9g deviation for water-like, and 9.2g deviation for honey-like liquids. In the real-world scenario using Kinova Movo Platform, PourNet achieves an average pouring deviation of 2.3g for dish soap when using a novel pouring container. The average pouring deviation measured for water was 5.5g. All comprehensive experiments and the simulation environment is available at: http://cxdcxd.github.io/RRS/.","2153-0866","978-1-6654-7927-1","10.1109/IROS47612.2022.9981195","","https://ieeexplore.ieee.org/stamp/stamp.jsp?arnumber=9981195","","Training;Liquids;Oils;Reinforcement learning;Containers;Aerospace electronics;Real-time systems","","15","","30","IEEE","26 Dec 2022","23-27 Oct. 2022","23-27 Oct. 2022","IEEE","IEEE Conferences"
"Simulation-based Learning of the Peg-in-Hole Process Using Robot-Skills","A. Lämmle; P. Tenbrock; B. Bálint; F. Nägele; W. Kraus; J. Váncza; M. F. Huber","Department of Robot and Assistive Systems, Fraunhofer Institute for Manufacturing Engineering and Automation IPA.; Department of Robot and Assistive Systems, Fraunhofer Institute for Manufacturing Engineering and Automation IPA.; Department of Robot and Assistive Systems, Fraunhofer Institute for Manufacturing Engineering and Automation IPA.; Department of Robot and Assistive Systems, Fraunhofer Institute for Manufacturing Engineering and Automation IPA.; Department of Robot and Assistive Systems, Fraunhofer Institute for Manufacturing Engineering and Automation IPA.; Research Laboratory on Engineering and Management Intelligence, Institute for Computer Science and Control SZTAKI; Centre of Cyber Cognitive Intelligence, Fraunhofer Institute for Manufacturing Engineering and Automation IPA and with the Institute of Industrial Manufacturing and Management IFF, University of Stuttgart",2022 IEEE/RSJ International Conference on Intelligent Robots and Systems (IROS),"26 Dec 2022","2022","","","9340","9346","Increasingly volatile markets challenge companies and demand flexible production systems that can be quickly adapted to new conditions. Machine Learning has proven to show significant potential in supporting the human operator during the time-consuming and complex task of robot pro-gramming by identifying relevant parameters of the underlying robot control program. We present a solution to learn these parameters for contact-rich, force-controlled assembly tasks from a simulation using hardware-independent robot skills. We show that successful learning and real-world execution are possible even under process deviation and tolerances utilizing the designed learning system. We present learning skill param-eters as high-level robot control, evaluation and comparison of extensive simulations, and preliminary experiments on a physical robot test-bed. The developed solution approach is evaluated and discussed using the Peg-in-Hole process, a typical benchmark process in force-controlled assembly.","2153-0866","978-1-6654-7927-1","10.1109/IROS47612.2022.9982212","","https://ieeexplore.ieee.org/stamp/stamp.jsp?arnumber=9982212","Robot Skills;Deep Reinforcement Learning;Simulation","Learning systems;Production systems;Robot control;Machine learning;Companies;Benchmark testing;Task analysis","","11","","20","IEEE","26 Dec 2022","23-27 Oct. 2022","23-27 Oct. 2022","IEEE","IEEE Conferences"
"Hybrid LMC: Hybrid Learning and Model-based Control for Wheeled Humanoid Robot via Ensemble Deep Reinforcement Learning","D. Baek; A. Purushottam; J. Ramos","Department of Mechanical Science and Engineering, University of Illinois at Urbana-Champaign, USA; Department of Electrical and Computer Engineering, University of Illinois at Urbana-Champaign, USA; Department of Mechanical Science and Engineering, University of Illinois at Urbana-Champaign, USA",2022 IEEE/RSJ International Conference on Intelligent Robots and Systems (IROS),"26 Dec 2022","2022","","","9347","9354","Control of wheeled humanoid locomotion is a challenging problem due to the nonlinear dynamics and under-actuated characteristics of these robots. Traditionally, feedback controllers have been utilized for stabilization and locomotion. However, these methods are often limited by the fidelity of the underlying model used, choice of controller, and environmental variables considered (surface type, ground inclination, etc). Recent advances in reinforcement learning (RL) offer promising methods to tackle some of these conventional feedback controller issues, but require large amounts of interaction data to learn. Here, we propose a hybrid learning and model-based controller Hybrid LMC that combines the strengths of a classical linear quadratic regulator (LQR) and ensemble deep reinforcement learning. Ensemble deep reinforcement learning is composed of multiple Soft Actor-Critic (SAC) and is utilized in reducing the variance of RL networks. By using a feedback controller in tandem the network exhibits stable performance in the early stages of training. As a preliminary step, we explore the viability of Hybrid LMC in controlling wheeled locomotion of a humanoid robot over a set of different physical parameters in MuJoCo simulator. Our results show that Hybrid LMC achieves better performance compared to other existing techniques and has increased sample efficiency.","2153-0866","978-1-6654-7927-1","10.1109/IROS47612.2022.9981913","National Science Foundation(grant numbers:IIS-2024775); ","https://ieeexplore.ieee.org/stamp/stamp.jsp?arnumber=9981913","","Deep learning;Training;Uncertainty;Torque;Regulators;Humanoid robots;Reinforcement learning","","14","","27","IEEE","26 Dec 2022","23-27 Oct. 2022","23-27 Oct. 2022","IEEE","IEEE Conferences"
"Active Exploration for Robotic Manipulation","T. Schneider; B. Belousov; G. Chalvatzaki; D. Romeres; D. K. Jha; J. Peters","Intelligent Autonomous Systems Lab, Technical University of Darmstadt, Darmstadt, Germany; Intelligent Autonomous Systems Lab, Technical University of Darmstadt, Darmstadt, Germany; Intelligent Autonomous Systems Lab, Technical University of Darmstadt, Darmstadt, Germany; Mitsubishi Electric Research Laboratories (MERL), Cambridge, MA, USA; Mitsubishi Electric Research Laboratories (MERL), Cambridge, MA, USA; Intelligent Autonomous Systems Lab, Technical University of Darmstadt, Darmstadt, Germany",2022 IEEE/RSJ International Conference on Intelligent Robots and Systems (IROS),"26 Dec 2022","2022","","","9355","9362","Robotic manipulation stands as a largely unsolved problem despite significant advances in robotics and machine learning in recent years. One of the key challenges in manipulation is the exploration of the dynamics of the environment when there is continuous contact between the objects being manipulated. This paper proposes a model-based active exploration approach that enables efficient learning in sparse-reward robotic manipulation tasks. The proposed method estimates an information gain objective using an ensemble of probabilistic models and deploys model predictive control (MPC) to plan actions online that maximize the expected reward while also performing directed exploration. We evaluate our proposed algorithm in simulation and on a real robot, trained from scratch with our method, on a challenging ball pushing task on tilted tables, where the target ball position is not known to the agent a-priori. Our real-world robot experiment serves as a fundamental application of active exploration in model-based reinforcement learning of complex robotic manipulation tasks. Project page https://sites.google.com/view/aerm.","2153-0866","978-1-6654-7927-1","10.1109/IROS47612.2022.9982061","BMBF; DFG; ","https://ieeexplore.ieee.org/stamp/stamp.jsp?arnumber=9982061","","Systematics;Heuristic algorithms;Tactile sensors;Reinforcement learning;Predictive models;Probabilistic logic;Behavioral sciences","","4","","44","IEEE","26 Dec 2022","23-27 Oct. 2022","23-27 Oct. 2022","IEEE","IEEE Conferences"
"Cloud-Edge Training Architecture for Sim-to-Real Deep Reinforcement Learning","H. Cao; M. Theile; F. G. Wyrwal; M. Caccamo","Technical University of Munich (TUM), School of Engineering and Design, Munich, Germany; Technical University of Munich (TUM), School of Engineering and Design, Munich, Germany; Technical University of Munich (TUM), School of Engineering and Design, Munich, Germany; Technical University of Munich (TUM), School of Engineering and Design, Munich, Germany",2022 IEEE/RSJ International Conference on Intelligent Robots and Systems (IROS),"26 Dec 2022","2022","","","9363","9370","Deep reinforcement learning (DRL) is a promising approach to solve complex control tasks by learning policies through interactions with the environment. However, the training of DRL policies requires large amounts of training experiences, making it impractical to learn the policy directly on physical systems. Sim-to-real approaches leverage simulations to pretrain DRL policies and then deploy them in the real world. Unfortunately, the direct real-world deployment of pretrained policies usually suffers from performance deterioration due to the different dynamics, known as the reality gap. Recent sim-to-real methods, such as domain randomization and domain adaptation, focus on improving the robustness of the pretrained agents. Nevertheless, the simulation-trained policies often need to be tuned with real-world data to reach optimal performance, which is challenging due to the high cost of real-world samples. This work proposes a distributed cloud-edge architecture to train DRL agents in the real world in real-time. In the architecture, the inference and training are assigned to the edge and cloud, separating the real-time control loop from the computationally expensive training loop. To overcome the reality gap, our architecture exploits sim-to-real transfer strategies to continue the training of simulation-pretrained agents on a physical system. We demonstrate its applicability on a physical inverted-pendulum control system, analyzing critical parameters. The real-world experiments show that our architecture can adapt the pretrained DRL agents to unseen dynamics consistently and efficiently.11A video showing a real-world training process under the proposed method can be found from https://youtu.be/hMY9-c0SST0.","2153-0866","978-1-6654-7927-1","10.1109/IROS47612.2022.9981565","","https://ieeexplore.ieee.org/stamp/stamp.jsp?arnumber=9981565","","Training;Deep learning;Costs;Distributed databases;Computer architecture;Reinforcement learning;Real-time systems","","9","","33","IEEE","26 Dec 2022","23-27 Oct. 2022","23-27 Oct. 2022","IEEE","IEEE Conferences"
"GESRsim: Gastrointestinal Endoscopic Surgical Robot Simulator","H. Gao; Z. Zhang; C. Li; X. Xiao; L. Qiu; X. Yang; R. Hao; X. Zuo; Y. Li; H. Ren","Department of Biomedical Engineering, National University of Singapore, Singapore; NUS (Suzhou) Research Institute, Suzhou, China; School of Mechatronic Engineering, Beijing Institute of Technology, Beijing, China; Department of Electrical and Electronic Engineering, Southern University of Science and Technology, Shenzhen, China; Department of Biomedical Engineering, National University of Singapore, Singapore; Department of Gastroenterology, Qilu Hospital of Shandong University, Jinan, China; Department of Electronic Engineering, The Chinese University of Hong Kong, Hongkong, China; Department of Gastroenterology, Qilu Hospital of Shandong University, Jinan, China; Department of Gastroenterology, Qilu Hospital of Shandong University, Jinan, China; Department of Biomedical Engineering, National University of Singapore, Singapore",2022 IEEE/RSJ International Conference on Intelligent Robots and Systems (IROS),"26 Dec 2022","2022","","","9542","9549","Robot-assisted gastrointestinal endoscopic surgery (GES) as a kind of natural orifice transluminal endoscopic surgery (NOTES) is the next-generation minimally invasive surgery (MIS). Besides, rendering certain autonomy to a Gas-trointestinal Endoscopic Surgical Robot (GESR) is promising but highly challenging. Therefore, to accelerate the development and augment the autonomy of GESR, we use CoppeliaSim to develop the first robotic simulator for the GESR system (GESRsim) based on our previous design. The GESRsim provides several 3D models and kinematics of our designed manipulators and endoscopic snake bone. Additionally, we build several scenes for robotic GES training and then utilize different programming interfaces to perform teleoperation. Furthermore, several advanced control algorithms, including visual servoing (VS) and deep reinforcement learning (DRL), are implemented to verify the performance of the GESRsim.","2153-0866","978-1-6654-7927-1","10.1109/IROS47612.2022.9982138","National Key R&D Program of China(grant numbers:2018YFB1307700,2018YFB1307703); Ministry of Science and Technology (MOST) of China; Chinese University of Hong Kong (CUHK)(grant numbers:14211420); ","https://ieeexplore.ieee.org/stamp/stamp.jsp?arnumber=9982138","Robotic simulation;Robotic simulator;NOTES;Gastrointestinal endoscopic surgical robot;Autonomy;Visual servoing;Reinforcement learning","Training;Solid modeling;Medical robotics;Three-dimensional displays;Reinforcement learning;Programming;Germanium","","9","","41","IEEE","26 Dec 2022","23-27 Oct. 2022","23-27 Oct. 2022","IEEE","IEEE Conferences"
"Colonoscopy Navigation using End-to-End Deep Visuomotor Control: A User Study","A. Pore; M. Finocchiaro; D. Dall'Alba; A. Hernansanz; G. Ciuti; A. Arezzo; A. Menciassi; A. Casals; P. Fiorini","Department of Computer Science, University of Verona, Italy; Department of Enginyeria de Sistemas, Automatica i Informatica Industrial, Univiversitat Politecnica de Catalunya, Barcelona, Spain; Department of Computer Science, University of Verona, Italy; Department of Enginyeria de Sistemas, Automatica i Informatica Industrial, Univiversitat Politecnica de Catalunya, Barcelona, Spain; The BioRobotics Institute, Scuola Superiore Sant'Anna, Pisa, Italy; Department of Surgical Sciences, University of Torino, Turin, Italy; The BioRobotics Institute, Scuola Superiore Sant'Anna, Pisa, Italy; Department of Enginyeria de Sistemas, Automatica i Informatica Industrial, Univiversitat Politecnica de Catalunya, Barcelona, Spain; Department of Computer Science, University of Verona, Italy",2022 IEEE/RSJ International Conference on Intelligent Robots and Systems (IROS),"26 Dec 2022","2022","","","9582","9588","Flexible Endoscopes (FEs) for colonoscopy present several limitations due to their inherent complexity, resulting in patient discomfort and lack of intuitiveness for clinicians. Robotic FEs with autonomous control represent a viable solution to reduce the workload of endoscopists and the training time while improving the procedure outcome. Prior works on autonomous endoscope FE control use heuristic policies that limit their generalisation to the unstructured and highly deformable colon environment and require frequent human intervention. This work proposes an image-based FE control using Deep Reinforcement Learning, called Deep Visuomotor Control (DVC), to exhibit adaptive behaviour in convoluted sections of the colon. DVC learns a mapping between the images and the FE control signal. A first user study of 20 expert gastrointestinal endoscopists was carried out to compare their navigation performance with DVC using a realistic virtual simulator. The results indicate that DVC shows equivalent performance on several assessment parameters, being more safer. Moreover, a second user study with 20 novice users was performed to demonstrate easier human supervision compared to a state-of-the-art heuristic control policy. Seamless supervision of colonoscopy procedures would enable endoscopists to focus on the medical decision rather than on the control of FE.","2153-0866","978-1-6654-7927-1","10.1109/IROS47612.2022.9981480","European Union's Horizon 2020 research and innovation programme(grant numbers:813782); ","https://ieeexplore.ieee.org/stamp/stamp.jsp?arnumber=9981480","","Training;Navigation;Endoscopes;Tracking;Colonoscopy;Reinforcement learning;Lumen","","23","","23","IEEE","26 Dec 2022","23-27 Oct. 2022","23-27 Oct. 2022","IEEE","IEEE Conferences"
"Gathering Physical Particles with a Global Magnetic Field Using Reinforcement Learning","M. Konitzny; Y. Lu; J. Leclerc; S. P. Fekete; A. T. Becker","Department of Computer Science, TU Braunschweig, Germany; Department of Electrical and Computer Engineering, University of Houston, Houston, TX, USA; Department of Electrical and Computer Engineering, University of Houston, Houston, TX, USA; Department of Computer Science, TU Braunschweig, Germany; Department of Computer Science, TU Braunschweig, Germany",2022 IEEE/RSJ International Conference on Intelligent Robots and Systems (IROS),"26 Dec 2022","2022","","","10126","10132","For biomedical applications in targeted therapy delivery and interventions, a large swarm of micro-scale particles (“agents”) has to be moved through a maze-like environment (“vascular system”) to a target region (“tumor”). Due to limited on-board capabilities, these agents cannot move autonomously; instead, they are controlled by an external global force that acts uniformly on all particles. In this work, we demonstrate how to use a time-varying magnetic field to gather particles to a desired location. We use reinforcement learning to train networks to efficiently gather particles. Methods to overcome the simulation-to-reality gap are explained, and the trained networks are deployed on a set of mazes and goal locations. The hardware experiments demonstrate fast convergence, and robustness to both sensor and actuation noise. To encourage extensions and to serve as a benchmark for the reinforcement learning community, the code is available at Github.","2153-0866","978-1-6654-7927-1","10.1109/IROS47612.2022.9982256","","https://ieeexplore.ieee.org/stamp/stamp.jsp?arnumber=9982256","","Training;Ultrasonic imaging;Three-dimensional displays;Reinforcement learning;Hardware;Sensors;Magnetic fields","","2","","20","IEEE","26 Dec 2022","23-27 Oct. 2022","23-27 Oct. 2022","IEEE","IEEE Conferences"
"Efficient Multi-Task Learning via Iterated Single-Task Transfer","K. R. Zentner; U. Puri; Y. Zhang; R. Julian; G. S. Sukhatme","Department of Computer Science, University of Southern California, Los Angeles, CA; Department of Computer Science, University of Southern California, Los Angeles, CA; Department of Computer Science, University of Southern California, Los Angeles, CA; Department of Computer Science, University of Southern California, Los Angeles, CA; USC and as an Amazon Scholar",2022 IEEE/RSJ International Conference on Intelligent Robots and Systems (IROS),"26 Dec 2022","2022","","","10141","10146","In order to be effective general purpose machines in real world environments, robots not only will need to adapt their existing manipulation skills to new circumstances, they will need to acquire entirely new skills on-the-fly. One approach to achieving this capability is via Multi-task Reinforcement Learning (MTRL). Most recent work in MTRL trains a single policy to solve all tasks at once. In this work, we investigate the feasibility of instead training separate policies for each task, and only transferring from a task once the policy for it has finished training. We describe a method of finding near optimal sequences of transfers to perform in this setting, and use it to show that performing the optimal sequence of transfer is competitive with other MTRL methods on the Meta World MT10 benchmark. Lastly, we describe a method for finding nearly optimal transfer sequences during training that is able to improve on training each task from scratch.","2153-0866","978-1-6654-7927-1","10.1109/IROS47612.2022.9981244","","https://ieeexplore.ieee.org/stamp/stamp.jsp?arnumber=9981244","","Training;Reinforcement learning;Benchmark testing;Multitasking;Task analysis;Intelligent robots","","4","","50","IEEE","26 Dec 2022","23-27 Oct. 2022","23-27 Oct. 2022","IEEE","IEEE Conferences"
"Using Simulation Optimization to Improve Zero-shot Policy Transfer of Quadrotors","S. Gronauer; M. Kissel; L. Sacchetto; M. Korte; K. Diepold","Department of Electrical and Computer Engineering, Technical University of Munich, Munich, Germany; Department of Electrical and Computer Engineering, Technical University of Munich, Munich, Germany; Department of Electrical and Computer Engineering, Technical University of Munich, Munich, Germany; Department of Electrical and Computer Engineering, Technical University of Munich, Munich, Germany; Department of Electrical and Computer Engineering, Technical University of Munich, Munich, Germany",2022 IEEE/RSJ International Conference on Intelligent Robots and Systems (IROS),"26 Dec 2022","2022","","","10170","10176","In this work, we propose a data-driven approach to optimize the parameters of a simulation such that control policies can be directly transferred from simulation to a real-world quadrotor. Our neural network-based policies take only onboard sensor data as input and run entirely on the embed-ded hardware. In real-world experiments, we compare low-level Pulse-Width Modulated control with higher-level control structures such as Attitude Rate and Attitude, which utilize Proportional-Integral-Derivative controllers to output motor commands. Our experiments show that low-level controllers trained with Reinforcement Learning require a more accurate simulation than higher-level control policies at the expense of being less robust towards parameter uncertainties.","2153-0866","978-1-6654-7927-1","10.1109/IROS47612.2022.9981229","","https://ieeexplore.ieee.org/stamp/stamp.jsp?arnumber=9981229","","Uncertain systems;PI control;Attitude control;Computational modeling;Reinforcement learning;Pulse width modulation;Robot sensing systems","","12","","27","IEEE","26 Dec 2022","23-27 Oct. 2022","23-27 Oct. 2022","IEEE","IEEE Conferences"
"Analysis of Randomization Effects on Sim2Real Transfer in Reinforcement Learning for Robotic Manipulation Tasks","J. Josifovski; M. Malmir; N. Klarmann; B. L. Žagar; N. Navarro-Guerrero; A. Knoll","Department of Informatics, Technical University of Munich, Germany; Department of Informatics, Technical University of Munich, Germany; Rosenheim University of Applied Sciences, Rosenheim, Germany; Department of Informatics, Technical University of Munich, Germany; Deutsches Forschungszentrum für Künstliche Intelligenz GmbH, Germany; Department of Informatics, Technical University of Munich, Germany",2022 IEEE/RSJ International Conference on Intelligent Robots and Systems (IROS),"26 Dec 2022","2022","","","10193","10200","Randomization is currently a widely used approach in Sim2Real transfer for data-driven learning algorithms in robotics. Still, most Sim2Real studies report results for a specific randomization technique and often on a highly customized robotic system, making it difficult to evaluate different randomization approaches systematically. To address this problem, we define an easy-to-reproduce experimental setup for a robotic reach-and-balance manipulator task, which can serve as a benchmark for comparison. We compare four randomization strategies with three randomized parameters both in simulation and on a real robot. Our results show that more randomization helps in Sim2Real transfer, yet it can also harm the ability of the algorithm to find a good policy in simulation. Fully randomized simulations and fine-tuning show differentiated results and translate better to the real robot than the other approaches tested.","2153-0866","978-1-6654-7927-1","10.1109/IROS47612.2022.9981951","ECSEL Joint Undertaking(grant numbers:826060); ","https://ieeexplore.ieee.org/stamp/stamp.jsp?arnumber=9981951","","Bridges;Torque;Reinforcement learning;Benchmark testing;Robot sensing systems;Manipulators;Task analysis","","15","","38","IEEE","26 Dec 2022","23-27 Oct. 2022","23-27 Oct. 2022","IEEE","IEEE Conferences"
"Graph-based Reinforcement Learning meets Mixed Integer Programs: An application to 3D robot assembly discovery","N. Funk; S. Menzenbach; G. Chalvatzaki; J. Peters","Department of Computer Science, Technical University of Darmstadt; Department of Computer Science, Technical University of Darmstadt; Department of Computer Science, Technical University of Darmstadt; Department of Computer Science, Technical University of Darmstadt",2022 IEEE/RSJ International Conference on Intelligent Robots and Systems (IROS),"26 Dec 2022","2022","","","10215","10222","Robot assembly discovery (RAD) is a challenging problem that lives at the intersection of resource allocation and motion planning. The goal is to combine a predefined set of objects to form something new while considering task execution with the robot-in-the-loop. In this work, we tackle the problem of building arbitrary, predefined target structures entirely from scratch using a set of Tetris-like building blocks and a robotic manipulator. Our novel hierarchical approach aims at efficiently decomposing the overall task into three feasible levels that benefit mutually from each other. On the high level, we run a classical mixed-integer program for global optimization of block-type selection and the blocks' final poses to recreate the desired shape. Its output is then exploited to efficiently guide the exploration of an underlying reinforcement learning (RL) policy. This RL policy draws its generalization properties from a flexible graph-based representation that is learned through Q-learning and can be refined with search. Moreover, it accounts for the necessary conditions of structural stability and robotic feasibility that cannot be effectively reflected in the previous layer. Lastly, a grasp and motion planner transforms the desired assembly commands into robot joint movements. We demonstrate our proposed method's performance on a set of competitive simulated RAD environments, showcase real-world transfer, and report performance and robustness gains compared to an unstructured end-to-end approach.","2153-0866","978-1-6654-7927-1","10.1109/IROS47612.2022.9981784","","https://ieeexplore.ieee.org/stamp/stamp.jsp?arnumber=9981784","","Three-dimensional displays;Shape;Transforms;Manipulators;Robustness;Planning;Structural engineering","","15","","35","IEEE","26 Dec 2022","23-27 Oct. 2022","23-27 Oct. 2022","IEEE","IEEE Conferences"
"Flexible and Precision Snap-Fit Peg-in-Hole Assembly Based on Multiple Sensations and Damping Identification","R. Liu; X. Yang; A. Li; Y. Lou","State Key Laboratory of Robotics and System, School of Mechatronics Engineering and Automation, Harbin Institute of Technology (Shenzhen), Shenzhen, China; State Key Laboratory of Robotics and System, School of Mechatronics Engineering and Automation, Harbin Institute of Technology (Shenzhen), Shenzhen, China; State Key Laboratory of Robotics and System, School of Mechatronics Engineering and Automation, Harbin Institute of Technology (Shenzhen), Shenzhen, China; State Key Laboratory of Robotics and System, School of Mechatronics Engineering and Automation, Harbin Institute of Technology (Shenzhen), Shenzhen, China",2022 IEEE/RSJ International Conference on Intelligent Robots and Systems (IROS),"26 Dec 2022","2022","","","10252","10258","Snap-fit peg-in-hole assembly widely exists in both industry and daily life, especially for consumer electronics. The buckle mechanism leads to a damping zone inside the port where insertion force needs to be increased. It is much difficult to automate this process by robots, for size and clearance of the components are always small, and the damping buckle should be perceived and distinguished from solid inner walls of the port. End-effector position control might be invalid, since grasping error will make it difficult to locate the plug accurately. In this article, we undertake this assembly challenge by taking advantage of fingertip tactile perception combined with visual images and force feedback. Raw sensor data is collected, processed, and fused together to be state input of a reinforcement learning network, generating continuous action vectors. We also propose a novel damping zone predictor through feature extraction and multimodal fusion, which is able to identify whether the plug has touched the buckle mechanism, so as to adjust the insertion force. The whole framework is implemented through a common USB Type-C insertion experiment on Franka Panda robot platform, reaching a success rate of 88%. Furthermore, system robustness is verified, and comparisons of different modalities are also conducted.","2153-0866","978-1-6654-7927-1","10.1109/IROS47612.2022.9981639","","https://ieeexplore.ieee.org/stamp/stamp.jsp?arnumber=9981639","Sensor fusion;Force and tactile sensing;Snap-fit insertion;Reinforcement learning","Damping;Visualization;Force;Force feedback;Reinforcement learning;Grasping;Robot sensing systems","","9","","21","IEEE","26 Dec 2022","23-27 Oct. 2022","23-27 Oct. 2022","IEEE","IEEE Conferences"
"Learning Coordinated Terrain-Adaptive Locomotion by Imitating a Centroidal Dynamics Planner","P. Brakel; S. Bohez; L. Hasenclever; N. Heess; K. Bousmalis","Deepmind, London; Deepmind, London; Deepmind, London; Deepmind, London; Deepmind, London",2022 IEEE/RSJ International Conference on Intelligent Robots and Systems (IROS),"26 Dec 2022","2022","","","10335","10342","We propose a simple imitation learning procedure for learning locomotion controllers that can walk over very challenging terrains. We use trajectory optimization (TO) to produce a large dataset of trajectories over procedurally generated terrains and use Reinforcement Learning (RL) to imitate these trajectories. We demonstrate with a realistic model of the ANYmal robot that the learned controllers transfer to unseen terrains and provide an effective initialization for fine-tuning on challenging terrains that require exteroception and precise foot placements. Our setup combines TO and RL in a simple fashion that overcomes the computational limitations and need for a robust tracking controller of the former and the exploration and reward-tuning difficulties of the latter.","2153-0866","978-1-6654-7927-1","10.1109/IROS47612.2022.9981648","","https://ieeexplore.ieee.org/stamp/stamp.jsp?arnumber=9981648","","Robot kinematics;Computational modeling;Reinforcement learning;Trajectory optimization;Intelligent robots;Foot","","13","","38","IEEE","26 Dec 2022","23-27 Oct. 2022","23-27 Oct. 2022","IEEE","IEEE Conferences"
"Robust High-Speed Running for Quadruped Robots via Deep Reinforcement Learning","G. Bellegarda; Y. Chen; Z. Liu; Q. Nguyen","Dynamic Robotics and Control Laboratory, University of Southern California (USC); Dynamic Robotics and Control Laboratory, University of Southern California (USC); Dynamic Robotics and Control Laboratory, University of Southern California (USC); Dynamic Robotics and Control Laboratory, University of Southern California (USC)",2022 IEEE/RSJ International Conference on Intelligent Robots and Systems (IROS),"26 Dec 2022","2022","","","10364","10370","Deep reinforcement learning has emerged as a popular and powerful way to develop locomotion controllers for quadruped robots. Common approaches have largely focused on learning actions directly in joint space, or learning to modify and offset foot positions produced by trajectory generators. Both approaches typically require careful reward shaping and training for millions of time steps, and with trajectory generators introduce human bias into the resulting control policies. In this paper, we present a learning framework that leads to the natural emergence of fast and robust bounding policies for quadruped robots. The agent both selects and controls actions directly in task space to track desired velocity commands subject to environmental noise including model uncertainty and rough terrain. We observe that this framework improves sample efficiency, necessitates little reward shaping, leads to the emergence of natural gaits such as galloping and bounding, and eases the sim-to-real transfer at running speeds. Policies can be learned in only a few million time steps, even for challenging tasks of running over rough terrain with loads of over 100% of the nominal quadruped mass. Training occurs in PyBullet, and we perform a sim-to-sim transfer to Gazebo and sim-to-real transfer to the Unitree A1 hardware. For sim-to-sim, our results show the quadruped is able to run at over 4 m/s without a load, and 3.5 m/s with a 10 kg load, which is over 83% of the nominal quadruped mass. For sim-to-real, the Unitree A1 is able to bound at 2 m/s with a 5 kg load, representing 42% of the nominal quadruped mass.","2153-0866","978-1-6654-7927-1","10.1109/IROS47612.2022.9982132","","https://ieeexplore.ieee.org/stamp/stamp.jsp?arnumber=9982132","","Training;Deep learning;Working environment noise;Reinforcement learning;Aerospace electronics;Hardware;Generators","","63","","44","IEEE","26 Dec 2022","23-27 Oct. 2022","23-27 Oct. 2022","IEEE","IEEE Conferences"
"Towards Learning to Play Piano with Dexterous Hands and Touch","H. Xu; Y. Luo; S. Wang; T. Darrell; R. Calandra","IIIS, Tsinghua University; Princeton University; MIT; UC Berkeley; Meta AI",2022 IEEE/RSJ International Conference on Intelligent Robots and Systems (IROS),"26 Dec 2022","2022","","","10410","10416","As Liszt once said “(a virtuoso) must call up scent and blossom, and breathe the breath of life”, a virtuoso plays the piano with passion, poetry, and extraordinary technical ability. Hence, piano playing, being a task that is quintessentially human, becomes a hallmark for roboticians and artificial intelligence researchers to pursue. In this paper, we advocate an end-to-end reinforcement learning (RL) paradigm to demonstrate how an agent can learn directly from machine-readable music score to play the piano with touch-augmented dexterous hands on a simulated piano. To achieve the desired tasks, we design useful touch- and audio-based reward functions and a series of tasks. Empirical results show that the RL agent can not only find the correct key position but also deal with the various rhythmic, volume, and fingering requirements. As a result, the agent demonstrates its effectiveness in playing simple pieces that have different musical requirements which show the potential of leveraging reinforcement learning approach for the piano playing tasks.","2153-0866","978-1-6654-7927-1","10.1109/IROS47612.2022.9981221","","https://ieeexplore.ieee.org/stamp/stamp.jsp?arnumber=9981221","","Tactile sensors;Music;Reinforcement learning;Task analysis;Artificial intelligence;Intelligent robots","","26","","36","IEEE","26 Dec 2022","23-27 Oct. 2022","23-27 Oct. 2022","IEEE","IEEE Conferences"
"Consensus-based Normalizing-Flow Control: A Case Study in Learning Dual-Arm Coordination","H. Yin; C. K. Verginis; D. Kragic","CAS/RPL, KTH Royal Institute of Technology, Stockholm, Sweden; Department of Electrical Engineering, Division of Signals and Systems, Uppsala University, Uppsala, Sweden; CAS/RPL, KTH Royal Institute of Technology, Stockholm, Sweden",2022 IEEE/RSJ International Conference on Intelligent Robots and Systems (IROS),"26 Dec 2022","2022","","","10417","10424","We develop two consensus-based learning algorithms for multi-robot systems applied on complex tasks involving collision constraints and force interactions, such as the cooperative peg-in-hole placement. The proposed algorithms integrate multi-robot distributed consensus and normalizing-flow-based reinforcement learning. The algorithms guarantee the stability and the consensus of the multi-robot system's generalized variables in a transformed space. This transformed space is obtained via a diffeomorphic transformation parameterized by normalizing-flow models that the algorithms use to train the underlying task, learning hence skillful, dexterous trajectories required for the task accomplishment. We validate the proposed algorithms by parameterizing reinforcement learning policies, demonstrating efficient cooperative learning, and strong generalization of dual-arm assembly skills in a dynamics-engine simulator.","2153-0866","978-1-6654-7927-1","10.1109/IROS47612.2022.9981827","European Research Council; Swedish Research Council; Knut and Alice Wallenberg Foundation; ","https://ieeexplore.ieee.org/stamp/stamp.jsp?arnumber=9981827","","Protocols;Heuristic algorithms;Robot kinematics;Neural networks;Reinforcement learning;End effectors;Stability analysis","","4","","47","IEEE","26 Dec 2022","23-27 Oct. 2022","23-27 Oct. 2022","IEEE","IEEE Conferences"
"Navigating to Objects in Unseen Environments by Distance Prediction","M. Zhu; B. Zhao; T. Kong","ByteDance AI Lab, Beijing, China; ByteDance AI Lab, Beijing, China; ByteDance AI Lab, Beijing, China",2022 IEEE/RSJ International Conference on Intelligent Robots and Systems (IROS),"26 Dec 2022","2022","","","10571","10578","Object Goal Navigation (ObjectNav) task is to navigate an agent to an object category in unseen environments without a pre-built map. In this paper, we solve this task by predicting the distance to the target using semantically-related objects as cues. Based on the estimated distance to the target object, our method directly choose optimal midterm goals that are more likely to have a shorter path to the target. Specifically, based on the learned knowledge, our model takes a bird's-eye view semantic map as input, and estimates the path length from the frontier map cells to the target object. With the estimated distance map, the agent could simultaneously explore the environment and navigate to the target objects based on a simple human-designed strategy. Empirical results in visually realistic simulation environments show that the proposed method outperforms a wide range of baselines on success rate and efficiency. Real-robot experiment also demonstrates that our method generalizes well to the real world.","2153-0866","978-1-6654-7927-1","10.1109/IROS47612.2022.9981766","","https://ieeexplore.ieee.org/stamp/stamp.jsp?arnumber=9981766","","Navigation;Semantics;Predictive models;Prediction algorithms;Path planning;Task analysis;Intelligent robots","","30","","43","IEEE","26 Dec 2022","23-27 Oct. 2022","23-27 Oct. 2022","IEEE","IEEE Conferences"
"Depth-CUPRL: Depth-Imaged Contrastive Unsupervised Prioritized Representations in Reinforcement Learning for Mapless Navigation of Unmanned Aerial Vehicles","J. C. de Jesus; V. A. Kich; A. H. Kolling; R. B. Grando; R. S. Guerra; P. L. J. Drews","NAUTEC, Centro de Ciencias Computacionais, Universidade Federal do Rio Grande - FURG, RS, Brazil; Universidade Federal de Santa Maria - UFSM, RS, Brazil; Universidade Federal de Santa Maria - UFSM, RS, Brazil; Technological University of Uruguay, Rivera, Uruguay; Universidade Federal de Santa Maria - UFSM, RS, Brazil; NAUTEC, Centro de Ciencias Computacionais, Universidade Federal do Rio Grande - FURG, RS, Brazil",2022 IEEE/RSJ International Conference on Intelligent Robots and Systems (IROS),"26 Dec 2022","2022","","","10579","10586","Reinforcement Learning (RL) has presented an impressive performance in video games through raw pixel imaging and continuous control tasks. However, RL performs poorly with high-dimensional observations such as raw pixel images. It is generally accepted that physical state-based RL policies such as laser sensor measurements give a more sample-efficient result than learning by pixels. This work presents a new approach that extracts information from a depth map estimation to teach an RL agent to perform the mapless navigation of Unmanned Aerial Vehicle (UAV). We propose the Depth-Imaged Contrastive Unsupervised Prioritized Representations in Reinforcement Learning (Depth-CUPRL) that estimates the depth of images with a prioritized replay memory. We used a combination of RL and Contrastive Learning to lead with the problem of RL based on images. From the analysis of the results with Unmanned Aerial Vehicles (UAVs), it is possible to conclude that our Depth-CUPRL approach is effective for the decision-making and outperforms state-of-the-art pixel-based approaches in the mapless navigation capability.","2153-0866","978-1-6654-7927-1","10.1109/IROS47612.2022.9982161","","https://ieeexplore.ieee.org/stamp/stamp.jsp?arnumber=9982161","","Video games;Laser theory;Navigation;Measurement by laser beam;Imaging;Reinforcement learning;Autonomous aerial vehicles","","27","","31","IEEE","26 Dec 2022","23-27 Oct. 2022","23-27 Oct. 2022","IEEE","IEEE Conferences"
"Planning for Negotiations in Autonomous Driving using Reinforcement Learning","R. Reshef","NVIDIA, Israel",2022 IEEE/RSJ International Conference on Intelligent Robots and Systems (IROS),"26 Dec 2022","2022","","","10595","10602","Planning autonomous driving behaviors in dense traffic is challenging. Human drivers are able to influence their road environment to achieve (otherwise unachievable) goals, by communicating their intents to other drivers. An autonomous system that is required to drive in the presence of human traffic must thus possess this fundamental negotiation capability. This work presents a novel benchmark that includes a stochastic driver negotiation model and a framework for training policies to drive and negotiate based on reinforcement learning. It is shown that driving policies trained in this framework lead to greater safety, higher mission accomplishment rates and more driving comfort, and can generalize across scenarios.","2153-0866","978-1-6654-7927-1","10.1109/IROS47612.2022.9981988","","https://ieeexplore.ieee.org/stamp/stamp.jsp?arnumber=9981988","","Training;Roads;Stochastic processes;Reinforcement learning;Benchmark testing;Planning;Behavioral sciences","","4","","53","IEEE","26 Dec 2022","23-27 Oct. 2022","23-27 Oct. 2022","IEEE","IEEE Conferences"
"Bounded Rational Game-theoretical Modeling of Human Joint Actions with Incomplete Information","Y. Wang; P. Shintre; S. Amatya; W. Zhang","State Key Laboratory of Digital Manufacturing Equipment and Technology, Huazhong University of Science and Technology, Wuhan, China; School of Manufacturing Systems and Networks, Ira A. Fulton Schools of Engineering, Arizona State University, Mesa, AZ, USA; School of Manufacturing Systems and Networks, Ira A. Fulton Schools of Engineering, Arizona State University, Mesa, AZ, USA; School of Manufacturing Systems and Networks, Ira A. Fulton Schools of Engineering, Arizona State University, Mesa, AZ, USA",2022 IEEE/RSJ International Conference on Intelligent Robots and Systems (IROS),"26 Dec 2022","2022","","","10720","10725","As humans and robots start to collaborate in close proximity, robots are tasked to perceive, comprehend, and anticipate human partners' actions, which demands a predictive model to describe how humans collaborate with each other in joint actions. Previous studies either simplify the collaborative task as an optimal control problem between two agents or do not consider the learning process of humans during repeated interaction. This idyllic representation is thus not able to model human rationality and the learning process. In this paper, a bounded-rational and game-theoretical human cooperative model is developed to describe the cooperative behaviors of the human dyad. An experiment of a joint object pushing collaborative task was conducted with 30 human subjects using haptic interfaces in a virtual environment. The proposed model uses inverse optimal control (IOC) to model the reward parameters in the collaborative task. The collected data verified the accuracy of the predicted human trajectory generated from the bounded rational model excels the one with a fully rational model. We further provide insight from the conducted experiments about the effects of leadership on the performance of human collaboration.","2153-0866","978-1-6654-7927-1","10.1109/IROS47612.2022.9982108","National Science Foundation(grant numbers:CMMI-1944833); ","https://ieeexplore.ieee.org/stamp/stamp.jsp?arnumber=9982108","","Leadership;Collaboration;Optimal control;Virtual environments;Process control;Predictive models;Data models","","4","","23","IEEE","26 Dec 2022","23-27 Oct. 2022","23-27 Oct. 2022","IEEE","IEEE Conferences"
"Extending extrapolation capabilities of probabilistic motion models learned from human demonstrations using shape-preserving virtual demonstrations","R. Burlizzi; M. Vochten; J. De Schutter; E. Aertbeliën","Department of Mechanical Engineering, KU Leuven & Flanders Make Core Lab ROB, Leuven, Belgium; Department of Mechanical Engineering, KU Leuven & Flanders Make Core Lab ROB, Leuven, Belgium; Department of Mechanical Engineering, KU Leuven & Flanders Make Core Lab ROB, Leuven, Belgium; Department of Mechanical Engineering, KU Leuven & Flanders Make Core Lab ROB, Leuven, Belgium",2022 IEEE/RSJ International Conference on Intelligent Robots and Systems (IROS),"26 Dec 2022","2022","","","10772","10779","Learning from Demonstration (LfD) requires methodologies able to generalize tasks in new situations. This paper studies the use of virtual demonstrations to extend the extrapolation capabilities of probabilistic motion models such as the traPPCA method. Similarly to other LfD methods, traPPCA is able to calculate new trajectories very fast, but does not generalize well outside the area covered by the demonstrations. Another approach, the invariants method, shows outstanding generalization capabilities thanks to its shape-preserving prop-erties, while being limited by long computation times. The pro-posed methodology combines the advantages of the two methods by learning traPPCA models using virtual demonstrations generated by the invariants method. The proposed approach is analyzed in three case studies. Furthermore, a comparison is made between learning with virtual demonstrations and learning with only real demonstrations. The results encourage the use of virtual demonstrations to extend the extrapolation capabilities of probabilistic motion models and hence reduce the required number of real demonstrations. The latter has the potential of reducing the cost of commissioning robot tasks.","2153-0866","978-1-6654-7927-1","10.1109/IROS47612.2022.9982222","","https://ieeexplore.ieee.org/stamp/stamp.jsp?arnumber=9982222","","Extrapolation;Costs;Computational modeling;Probabilistic logic;Trajectory;Task analysis;Intelligent robots","","3","","20","IEEE","26 Dec 2022","23-27 Oct. 2022","23-27 Oct. 2022","IEEE","IEEE Conferences"
"Learning High Speed Precision Table Tennis on a Physical Robot","T. Ding; L. Graesser; S. Abeyruwan; D. B. D'Ambrosio; A. Shankar; P. Sermanet; P. R. Sanketi; C. Lynch","Robotics at Google, Google Research, Mountain View, United States; Robotics at Google, Google Research, Mountain View, United States; Robotics at Google, Google Research, Mountain View, United States; Robotics at Google, Google Research, Mountain View, United States; Robotics at Google, Google Research, Mountain View, United States; Robotics at Google, Google Research, Mountain View, United States; Robotics at Google, Google Research, Mountain View, United States; Robotics at Google, Google Research, Mountain View, United States",2022 IEEE/RSJ International Conference on Intelligent Robots and Systems (IROS),"26 Dec 2022","2022","","","10780","10787","Learning goal conditioned control in the real world is a challenging open problem in robotics. Reinforcement learning systems have the potential to learn autonomously via trial-and-error, but in practice the costs of manual reward design, ensuring safe exploration, and hyperparameter tuning are often enough to preclude real world deployment. Imitation learning approaches, on the other hand, offer a simple way to learn control in the real world, but typically require costly cu-rated demonstration data and lack a mechanism for continuous improvement. Recently, iterative imitation methods have been shown to be effective at relaxing both these constraints, learning goal directed control from undirected demonstration data, and improving continuously via self-supervised goal reaching. These approaches, however, have not yet been shown to scale beyond simple simulated environments. In this work, we present the first evidence that simple iterative imitation learning can scale to goal-directed behavior on a real robot in a dynamic setting: high speed, precision table tennis (e.g. “land the ball on this particular target”). We find that this approach offers a straightforward way to do continuous on-robot learning, without complexities such as reward design, value function learning, or sim-to-real transfer. We also find that this approach is scalable-sample efficient enough to train on a physical robot in just a few hours. In real world evaluations, we find that that the resulting policy can perform on par or better than amateur humans (with players sampled randomly from a robotics lab) at the task of returning the ball to specific targets on the table. Finally, we analyze the effect of an initial undirected bootstrap dataset size on performance, finding that a modest amount of unstructured demonstration data provided up-front drastically speeds up the convergence of a general purpose goal-reaching policy. See supplementary video for examples of the policy on a physical robot.","2153-0866","978-1-6654-7927-1","10.1109/IROS47612.2022.9982205","","https://ieeexplore.ieee.org/stamp/stamp.jsp?arnumber=9982205","","Costs;Reinforcement learning;Manuals;Iterative methods;Task analysis;Robots;Tuning","","14","","68","IEEE","26 Dec 2022","23-27 Oct. 2022","23-27 Oct. 2022","IEEE","IEEE Conferences"
"Behaviour Learning with Adaptive Motif Discovery and Interacting Multiple Model","H. Zhao; T. Manderson; H. Zhang; X. Liu; G. Dudek","School of Computer Science, McGill University, Montreal, Canada; School of Computer Science, McGill University, Montreal, Canada; Dept. of Electronic Engineering, Tsinghua University, Beijing, China; School of Computer Science, McGill University, Montreal, Canada; School of Computer Science, McGill University, Montreal, Canada",2022 IEEE/RSJ International Conference on Intelligent Robots and Systems (IROS),"26 Dec 2022","2022","","","10788","10794","We propose an approach that enables simultaneous interpretable learning of a high-level discrete behaviour and its low-level rhythmic sub-behaviour. We do this though a unified reward function, where a reward function that only describes low-level behaviour, with less impact on learning of other behaviours is recovered from few-shot motion demonstrations. To this end, we first extract local behaviour motifs from state-only human demonstrations and random driving samples using an adaptive motif discovery approach derived from the Matrix Profile algorithm. We then optimize parameters for motif discovery by maximizing the sum and entropy over motif sizes. Interacting Multiple Model (IMM) estimators are constructed on top of linear-Gaussian dynamics of discovered motifs, the cumulative distributions over motifs estimated by IMMs serve as the basis of the reward function. By combining the recovered reward with the terrain type signal gathered from the environment, we are able to train a dual-objective off-road vehicle controller that demonstrates both terrain selection and human-like driving behaviours. Compared with related approaches across 10 people, our rhythmic behaviour reward recovery approach enables the controller to produce higher preference over human driving demonstrations. In addition to performing more stable across different people with 87% less variance than the best baseline in rhythmic behaviour indicator, our method reduces the negative effects on higher-level behaviour learning while maintaining high interpretability at all stages of the algorithm.","2153-0866","978-1-6654-7927-1","10.1109/IROS47612.2022.9981588","","https://ieeexplore.ieee.org/stamp/stamp.jsp?arnumber=9981588","","Adaptation models;Heuristic algorithms;Diversity reception;Entropy;Classification algorithms;Vehicle dynamics;Intelligent robots","","2","","35","IEEE","26 Dec 2022","23-27 Oct. 2022","23-27 Oct. 2022","IEEE","IEEE Conferences"
"Learning from Demonstration using a Curvature Regularized Variational Auto-Encoder (CurvVAE)","T. Rhodes; T. Bhattacharjee; D. D. Lee","Cornell University, USA; Cornell University, USA; Cornell University, USA",2022 IEEE/RSJ International Conference on Intelligent Robots and Systems (IROS),"26 Dec 2022","2022","","","10795","10800","Learning intricate manipulation skills from human demonstrations requires good sample efficiency. We introduce a novel learning algorithm, the Curvature-regularized Variational Auto-Encoder (CurvVAE), to achieve this goal. The CurvVAE is able to model the natural variations in human-demonstrated trajectory data without overfitting. It does so by regularizing the curvature of the learned manifold. To showcase our algorithm, our robot learns an interpretable model of the variation in how humans acquire soft, slippery banana slices with a fork. We evaluate our learned trajectories on a physical robot system, resulting in banana slice acquisition performance better than current state-of-the-art.","2153-0866","978-1-6654-7927-1","10.1109/IROS47612.2022.9981930","","https://ieeexplore.ieee.org/stamp/stamp.jsp?arnumber=9981930","","Manifolds;Data models;Trajectory;Intelligent robots","","","","14","IEEE","26 Dec 2022","23-27 Oct. 2022","23-27 Oct. 2022","IEEE","IEEE Conferences"
"Non-blocking Asynchronous Training for Reinforcement Learning in Real-World Environments","P. Böhm; P. Pounds; A. C. Chapman","ITEE, University of Queensland, Australia; ITEE, University of Queensland, Australia; ITEE, University of Queensland, Australia",2022 IEEE/RSJ International Conference on Intelligent Robots and Systems (IROS),"26 Dec 2022","2022","","","10927","10934","Deep Reinforcement Learning (DRL) faces challenges bridging the sim-to-real gap to enable real-world applications. In contrast to the simulated environments used in conventional DRL training, real-world systems are non-linear and evolve in an asynchronous fashion; sensors and actuators have limited precision; communication channels are noisy; and many components introduce variable delays. While these issues are known to many researchers, published methods for systematically tackling the problem of DRL training under these conditions without using simulation are sparse in the field. To this end, this paper proposes a non-blocking and asynchronous DRL training architecture for non-linear, real-time dynamical systems tailored to handling variable delays. Compared to conventional DRL training, we: (i) decouple the RL loop into separate processes run independently at their own frequencies, (ii) further decouple collection of transition tuples $(s_{t}, at_{t}, s_{t+1})$ via asynchronous and independent streaming of both actions and observations, and (iii) mitigate the effects of delays and increase sample efficiency by providing delay-length measurements to the training loop and regular retraining of the DRL network. This allows the action step time to be tuned to find an optimal control frequency for a given system, and handles streamed observations that arrive with random delays and independently of action timing. We demonstrate the efficacy of this architecture with a physical implementations of a commodity-grade swing-up pendulum and a quadrupedal robot. Our architecture achieves the best results balancing the pendulum for almost entire length of the episode, compared to conventional blocking approaches which fail to learn effective policies. Our results show that these techniques scale to more complex tasks such as quadrupedal locomotion.","2153-0866","978-1-6654-7927-1","10.1109/IROS47612.2022.9981333","","https://ieeexplore.ieee.org/stamp/stamp.jsp?arnumber=9981333","","Training;Time-frequency analysis;Reinforcement learning;Sensor systems;Delays;Frequency measurement;Sensors","","5","","26","IEEE","26 Dec 2022","23-27 Oct. 2022","23-27 Oct. 2022","IEEE","IEEE Conferences"
"Online Adaptive Compensation for Model Uncertainty Using Extreme Learning Machine-based Control Barrier Functions","E. Munoz; D. Kalaria; Q. Lin; J. M. Dolan","Robotics Institute, Carnegie Mellon University; Department of Computer Science and Engineering, IIT Kharagpur, India; Electrical Engineering and Computer Science Department, Cleveland State University; Robotics Institute, Carnegie Mellon University",2022 IEEE/RSJ International Conference on Intelligent Robots and Systems (IROS),"26 Dec 2022","2022","","","10959","10966","A control barrier functions-based quadratic programming (CBF-QP) method has emerged as a controller synthesis tool to assure safety of autonomous systems owing to the appealing safe forward invariant set. However, the provable safety relies on a precisely described dynamic model, which is not always available in practice. Recent works leverage learning to compensate model uncertainty for a CBF controller. However, these approaches based on reinforcement learning or episodic learning are limited to dealing with time-invariant uncertainty. Also, the reinforcement learning approach learns the uncertainty offline, while episodic learning only updates the controller after a batch of data is available by the end of an episode. Instead, we propose a novel tuning extreme learning machine (tELM)-based CBF controller that can compensate time-variant and time-invariant model uncertainty adaptively in an online manner. We validate our approach's effectiveness in a simulation of an Adaptive Cruise Control (ACC) system.","2153-0866","978-1-6654-7927-1","10.1109/IROS47612.2022.9981680","","https://ieeexplore.ieee.org/stamp/stamp.jsp?arnumber=9981680","— Control barrier function;online learning;adaptive cruise control;safety;model uncertainty;extreme learning machine","Adaptation models;Uncertainty;Extreme learning machines;Reinforcement learning;Lead;Safety;Quadratic programming","","5","","22","IEEE","26 Dec 2022","23-27 Oct. 2022","23-27 Oct. 2022","IEEE","IEEE Conferences"
"SocialGym: A Framework for Benchmarking Social Robot Navigation","J. Holtz; J. Biswas","Computer Science, University of Texas, Austin, TX, USA; Computer Science, University of Texas, Austin, TX, USA",2022 IEEE/RSJ International Conference on Intelligent Robots and Systems (IROS),"26 Dec 2022","2022","","","11246","11252","Robots moving safely and in a socially compliant manner in dynamic human environments is an essential benchmark for long-term robot autonomy. However, it is not feasible to learn and benchmark social navigation behaviors entirely in the real world, as learning is data-intensive, and it is challenging to make safety guarantees during training. Therefore, simulation-based benchmarks that provide abstractions for social navigation are required. A framework for these benchmarks would need to support a wide variety of learning approaches, be extensible to the broad range of social navigation scenarios, and abstract away the perception problem to focus on social navigation explicitly. While there have been many proposed solutions, including high fidelity 3D simulators and grid world approximations, no existing solution satisfies all of the aforementioned properties for learning and evaluating social navigation behaviors. In this work, we propose SocialGym, a lightweight 2D simulation environment for robot social navigation designed with extensibility in mind, and a benchmark scenario built on SocialGym. Further, we present benchmark results that compare and contrast human-engineered and model-based learning approaches to a suite of off-the-shelf Learning from Demonstration (LfD) and Reinforcement Learning (RL) approaches applied to social robot navigation. These results demonstrate the data efficiency, task performance, social compliance, and environment transfer capabilities for each of the policies evaluated to provide a solid grounding for future social navigation research.","2153-0866","978-1-6654-7927-1","10.1109/IROS47612.2022.9982021","NSF(grant numbers:CAREER2046955,SHF-2006404); ARO(grant numbers:W911NF-19-20333,W911NF-21-20217); ","https://ieeexplore.ieee.org/stamp/stamp.jsp?arnumber=9982021","","Training;Three-dimensional displays;Navigation;Social robots;Reinforcement learning;Benchmark testing;Solids","","19","","29","IEEE","26 Dec 2022","23-27 Oct. 2022","23-27 Oct. 2022","IEEE","IEEE Conferences"
"Learning a Group-Aware Policy for Robot Navigation","K. Katyal; Y. Gao; J. Markowitz; S. Pohland; C. Rivera; I. -J. Wang; C. -M. Huang","Applied Physics Lab, Johns Hopkins University, Laurel, MD, USA; Dept. of Comp. Sci., Johns Hopkins University, Baltimore, MD, USA; Applied Physics Lab, Johns Hopkins University, Laurel, MD, USA; Dept. of EECS, UC Berkeley, Berkeley, CA, USA; Applied Physics Lab, Johns Hopkins University, Laurel, MD, USA; Applied Physics Lab, Johns Hopkins University, Laurel, MD, USA; Dept. of Comp. Sci., Johns Hopkins University, Baltimore, MD, USA",2022 IEEE/RSJ International Conference on Intelligent Robots and Systems (IROS),"26 Dec 2022","2022","","","11328","11335","Human-aware robot navigation promises a range of applications in which mobile robots bring versatile assistance to people in common human environments. While prior research has mostly focused on modeling pedestrians as independent, intentional individuals, people move in groups; consequently, it is imperative for mobile robots to respect human groups when navigating around people. This paper explores learning group-aware navigation policies based on dynamic group formation using deep reinforcement learning. Through simulation experiments, we show that group-aware policies, compared to baseline policies that neglect human groups, achieve greater robot navigation performance (e.g., fewer collisions), minimize violation of social norms and discomfort, and reduce the robot's movement impact on pedestrians. Our results contribute to the development of social navigation and the integration of mobile robots into human environments.","2153-0866","978-1-6654-7927-1","10.1109/IROS47612.2022.9981183","","https://ieeexplore.ieee.org/stamp/stamp.jsp?arnumber=9981183","","Deep learning;Navigation;Reinforcement learning;Mobile robots;Collision avoidance;Intelligent robots","","19","","53","IEEE","26 Dec 2022","23-27 Oct. 2022","23-27 Oct. 2022","IEEE","IEEE Conferences"
"Feedback-efficient Active Preference Learning for Socially Aware Robot Navigation","R. Wang; W. Wang; B. -C. Min","Department of Computer and Information Technology, SMART Laboratory, Purdue University, West Lafayette, IN, USA; Department of Computer and Information Technology, SMART Laboratory, Purdue University, West Lafayette, IN, USA; Department of Computer and Information Technology, SMART Laboratory, Purdue University, West Lafayette, IN, USA",2022 IEEE/RSJ International Conference on Intelligent Robots and Systems (IROS),"26 Dec 2022","2022","","","11336","11343","Socially aware robot navigation, where a robot is required to optimize its trajectory to maintain comfortable and compliant spatial interactions with humans in addition to reaching its goal without collisions, is a fundamental yet challenging task in the context of human-robot interaction. While existing learning-based methods have achieved better performance than the preceding model-based ones, they still have drawbacks: reinforcement learning depends on the handcrafted reward that is unlikely to effectively quantify broad social compliance, and can lead to reward exploitation problems; meanwhile, inverse rein-forcement learning suffers from the need for expensive human demonstrations. In this paper, we propose a feedback-efficient active preference learning approach, FAPL, that distills human comfort and expectation into a reward model to guide the robot agent to explore latent aspects of social compliance. We further introduce hybrid experience learning to improve the efficiency of human feedback and samples, and evaluate benefits of robot behaviors learned from FAPL through extensive simulation experiments and a user study (N=10) employing a physical robot to navigate with human subjects in real-world scenarios. Source code and experiment videos for this work are available at: https://sites.google.com/view/san-fapl.","2153-0866","978-1-6654-7927-1","10.1109/IROS47612.2022.9981616","National Science Foundation(grant numbers:IIS-1846221); ","https://ieeexplore.ieee.org/stamp/stamp.jsp?arnumber=9981616","","Navigation;Source coding;Reinforcement learning;Space exploration;Behavioral sciences;Trajectory;Collision avoidance","","15","","27","IEEE","26 Dec 2022","23-27 Oct. 2022","23-27 Oct. 2022","IEEE","IEEE Conferences"
"A Value-based Dynamic Learning Approach for Vehicle Dispatch in Ride-Sharing","C. Li; D. Parker; Q. Hao","School of Computer Science, University of Birmingham, Birmingham, UK; School of Computer Science, University of Birmingham, Birmingham, UK; Department of Computer Science and Engineering, Southern University of Science and Technology, Shenzhen, China",2022 IEEE/RSJ International Conference on Intelligent Robots and Systems (IROS),"26 Dec 2022","2022","","","11388","11395","To ensure real-time response to passengers, existing solutions to the vehicle dispatch problem typically optimize dispatch policies using small batch windows and ignore the spatial-temporal dynamics over the long-term horizon. In this paper, we focus on improving the long-term performance of ride-sharing services and propose a deep reinforcement learning based approach for the ride-sharing dispatch problem. In particular, this work includes: (1) an offline policy evaluation (OPE) based method to learn a value function that indicates the expected reward of a vehicle reaching a particular state; (2) an online learning procedure to update the offline trained value function to capture the real-time dynamics during the operation; (3) an efficient online dispatch method that optimizes the matching policy by considering both past and future influences. Extensive simulations are conducted based on New York City taxi data, and show that the proposed solution further increases the service rate compared to the state-of-the-art farsighted ride-sharing dispatch approach.","2153-0866","978-1-6654-7927-1","10.1109/IROS47612.2022.9981216","","https://ieeexplore.ieee.org/stamp/stamp.jsp?arnumber=9981216","","Learning systems;Deep learning;Urban areas;Reinforcement learning;Real-time systems;Data models;Vehicle dynamics","","2","","23","IEEE","26 Dec 2022","23-27 Oct. 2022","23-27 Oct. 2022","IEEE","IEEE Conferences"
"Selecting the Partial State Abstractions of MDPs: A Metareasoning Approach with Deep Reinforcement Learning","S. B. Nashed; J. Svegliato; A. Bhatia; S. Russell; S. Zilberstein","University of Massachusetts, Amherst, MA, USA; University of California, Berkeley, CA, USA; University of Massachusetts, Amherst, MA, USA; University of California, Berkeley, CA, USA; University of Massachusetts, Amherst, MA, USA",2022 IEEE/RSJ International Conference on Intelligent Robots and Systems (IROS),"26 Dec 2022","2022","","","11665","11670","Markov decision processes (MDPs) are a common general-purpose model used in robotics for representing sequential decision-making problems. Given the complexity of robotics applications, a popular approach for approximately solving MDPs relies on state aggregation to reduce the size of the state space but at the expense of policy fidelity-offering a trade-off between policy quality and computation time. Naturally, this poses a challenging metareasoning problem: how can an autonomous system dynamically select different state abstractions that optimize this trade-off as it operates online? In this paper, we formalize this metareasoning problem with a notion of time-dependent utility and solve it using deep reinforcement learning. To do this, we develop several general, cheap heuristics that summarize the reward structure and transition topology of the MDP at hand to serve as effective features. Empirically, we demonstrate that our metareasoning approach outperforms several baseline approaches and a strong heuristic approach on a standard benchmark domain.","2153-0866","978-1-6654-7927-1","10.1109/IROS47612.2022.9981612","NSF(grant numbers:IIS-1813490,IIS-1954782); ","https://ieeexplore.ieee.org/stamp/stamp.jsp?arnumber=9981612","","Deep learning;Computational modeling;Decision making;Reinforcement learning;Benchmark testing;Markov processes;Topology","","3","","27","IEEE","26 Dec 2022","23-27 Oct. 2022","23-27 Oct. 2022","IEEE","IEEE Conferences"
"Learning Coordination Policies over Heterogeneous Graphs for Human-Robot Teams via Recurrent Neural Schedule Propagation","B. Altundas; Z. Wang; J. Bishop; M. Gombolay","School of Computer Science, Georgia Institute of Technology, Atlanta, GA, USA; Institute for Robotics and Intelligent Machines, Georgia Institute of Technology, Atlanta, GA, USA; Institute for Robotics and Intelligent Machines, Georgia Institute of Technology, Atlanta, GA, USA; Institute for Robotics and Intelligent Machines, Georgia Institute of Technology, Atlanta, GA, USA",2022 IEEE/RSJ International Conference on Intelligent Robots and Systems (IROS),"26 Dec 2022","2022","","","11679","11686","As human-robot collaboration increases in the workforce, it becomes essential for human-robot teams to coordinate efficiently and intuitively. Traditional approaches for human-robot scheduling either utilize exact methods that are intractable for large-scale problems and struggle to account for stochastic, time varying human task performance, or application-specific heuristics that require expert domain knowledge to develop. We propose a deep learning-based framework, called HybridNet, combining a heterogeneous graph-based encoder with a recurrent schedule propagator for scheduling stochastic human-robot teams under upper- and lower-bound temporal constraints. The HybridNet's encoder leverages Heterogeneous Graph Attention Networks to model the initial environment and team dynamics while accounting for the constraints. By formulating task scheduling as a sequential decision-making process, the HybridNet's recurrent neural schedule propagator leverages Long Short-Term Memory (LSTM) models to propagate forward consequences of actions to carry out fast schedule generation, removing the need to interact with the environment between every taskagent pair selection. The resulting scheduling policy network provides a computationally lightweight yet highly expressive model that is end-to-end trainable via Reinforcement Learning algorithms. We develop a virtual task scheduling environment for mixed human-robot teams in a multi-round setting, capable of modeling the stochastic learning behaviors of human workers. Experimental results showed that HybridNet outperformed other human-robot scheduling solutions across problem sizes for both deterministic and stochastic human performance, with faster runtime compared to pure-GNN-based schedulers.","2153-0866","978-1-6654-7927-1","10.1109/IROS47612.2022.9981748","Office of Naval Research(grant numbers:N00014-19-1-2076); ","https://ieeexplore.ieee.org/stamp/stamp.jsp?arnumber=9981748","","Schedules;Runtime;Processor scheduling;Computational modeling;Transfer learning;Stochastic processes;Reinforcement learning","","5","","37","IEEE","26 Dec 2022","23-27 Oct. 2022","23-27 Oct. 2022","IEEE","IEEE Conferences"
"Deep Reinforcement Learning based Robot Navigation in Dynamic Environments using Occupancy Values of Motion Primitives","N. Ü. Akmandor; H. Li; G. Lvov; E. Dusel; T. Padir","Department of Electrical and Computer Engineering, Northeastern University, Boston, MA, USA; Khoury College of Computer Sciences, Northeastern University, Boston, MA, USA; Department of Electrical and Computer Engineering, Northeastern University, Boston, MA, USA; Department of Electrical and Computer Engineering, Northeastern University, Boston, MA, USA; Institute for Experiential Robotics, Boston, MA, USA",2022 IEEE/RSJ International Conference on Intelligent Robots and Systems (IROS),"26 Dec 2022","2022","","","11687","11694","This paper presents a Deep Reinforcement Learning based navigation approach in which we define the occu-pancy observations as heuristic evaluations of motion primitives, rather than using raw sensor data. Our method enables fast mapping of the occupancy data, generated by multi-sensor fusion, into trajectory values in 3D workspace. The computationally efficient trajectory evaluation allows dense sampling of the action space. We utilize our occupancy observations in different data structures to analyze their effects on both training process and navigation performance. We train and test our methodology on two different robots within challenging physics-based simulation environments including static and dy-namic obstacles. We benchmark our occupancy representations with other conventional data structures from state-of-the-art methods. The trained navigation policies are also validated successfully with physical robots in dynamic environments. The results show that our method not only decreases the required training time but also improves the navigation performance as compared to other occupancy representations. The open-source implementation of our work and all related info are available at https://github.com/RIVeR-Lab/tentabot.","2153-0866","978-1-6654-7927-1","10.1109/IROS47612.2022.9982133","National Science Foundation(grant numbers:1928654); ","https://ieeexplore.ieee.org/stamp/stamp.jsp?arnumber=9982133","","Training;Deep learning;Three-dimensional displays;Navigation;Neural networks;Reinforcement learning;Benchmark testing","","18","","55","IEEE","26 Dec 2022","23-27 Oct. 2022","23-27 Oct. 2022","IEEE","IEEE Conferences"
"DC-MRTA: Decentralized Multi-Robot Task Allocation and Navigation in Complex Environments","A. Agrawal; S. Hariharan; A. S. Bedi; D. Manocha","College Park, University of Maryland, MD, USA; College Park, University of Maryland, MD, USA; College Park, University of Maryland, MD, USA; College Park, University of Maryland, MD, USA",2022 IEEE/RSJ International Conference on Intelligent Robots and Systems (IROS),"26 Dec 2022","2022","","","11711","11718","We present a novel reinforcement learning (RL) based task allocation and decentralized navigation algorithm for mobile robots in warehouse environments. Our approach is designed for scenarios in which multiple robots are used to perform various pick up and delivery tasks. We consider the problem of joint decentralized task allocation and navigation and present a two level approach to solve it. At the higher level, we solve the task allocation by formulating it in terms of Markov Decision Processes and choosing the appropriate rewards to minimize the Total Travel Delay (TTD). At the lower level, we use a decentralized navigation scheme based on ORCA that enables each robot to perform these tasks in an independent manner, and avoid collisions with other robots and dynamic obstacles. We combine these lower and upper levels by defining rewards for the higher level as the feedback from the lower level navigation algorithm. We perform extensive evaluation in complex warehouse layouts with large number of agents and highlight the benefits over state-of-the-art algorithms based on myopic pickup distance minimization and regret-based task selection. We observe improvement up to 14% in terms of task completion time and up-to 40% improvement in terms of computing collision-free trajectories for the robots.","2153-0866","978-1-6654-7927-1","10.1109/IROS47612.2022.9981353","ARO(grant numbers:W911NF1910069,W911NF2110026); ","https://ieeexplore.ieee.org/stamp/stamp.jsp?arnumber=9981353","","Navigation;Heuristic algorithms;Reinforcement learning;Markov processes;Minimization;Trajectory;Resource management","","17","","51","IEEE","26 Dec 2022","23-27 Oct. 2022","23-27 Oct. 2022","IEEE","IEEE Conferences"
"Transferring Dexterous Manipulation from GPU Simulation to a Remote Real-World TriFinger","A. Allshire; M. MittaI; V. Lodaya; V. Makoviychuk; D. Makoviichuk; F. Widmaier; M. Wüthrich; S. Bauer; A. Handa; A. Garg","University of Toronto, Vector Institute; Nvidia; University of Toronto, Vector Institute; Nvidia; Snap; MPI Tubingen; MPI Tubingen; KTH; Nvidia; University of Toronto, Vector Institute",2022 IEEE/RSJ International Conference on Intelligent Robots and Systems (IROS),"26 Dec 2022","2022","","","11802","11809","In-hand manipulation of objects is an important capability to enable robots to carry-out tasks which demand high levels of dexterity. This work presents a robot systems approach to learning dexterous manipulation tasks involving moving objects to arbitrary 6-DoF poses. We show empirical benefits, both in simulation and sim - to- real transfer, of using keypoint-based representations for object pose in policy observations and reward calculation to train a model-free reinforcement learning agent. By utilizing domain randomization strategies and large-scale training, we achieve a high success rate of 83 % on a real TriFinger system, with a single policy able to perform grasping, ungrasping, and finger gaiting in order to achieve arbitrary poses within the workspace. We demonstrate that our policy can generalise to unseen objects, and success rates can be further improved through finetuning. With the aim of assisting further research in learning in-hand manipulation, we provide a detailed exposition of our system and make the codebase of our system available, along with checkpoints trained on billions of steps of experience, at https://s2r2-ig.github.io","2153-0866","978-1-6654-7927-1","10.1109/IROS47612.2022.9981458","","https://ieeexplore.ieee.org/stamp/stamp.jsp?arnumber=9981458","","Training;Fingers;Graphics processing units;Reinforcement learning;Grasping;Task analysis;Intelligent robots","","40","","29","IEEE","26 Dec 2022","23-27 Oct. 2022","23-27 Oct. 2022","IEEE","IEEE Conferences"
"Improved Performance of CPG Parameter Inference for Path-following Control of Legged Robots","N. D. Kent; D. Neiman; M. Travers; T. M. Howard","Robotics and Artificial Intelligence Laboratory, University of Rochester, Rochester, NY, USA; Biorobotics Lab, Carnegie Mellon University, Pittsburgh, PA, USA; Biorobotics Lab, Carnegie Mellon University, Pittsburgh, PA, USA; Robotics and Artificial Intelligence Laboratory, University of Rochester, Rochester, NY, USA",2022 IEEE/RSJ International Conference on Intelligent Robots and Systems (IROS),"26 Dec 2022","2022","","","11963","11970","The difficulty associated with the coordinated locomotion of legged robots grows quickly as the number of joints increases. Although prior approaches have addressed this problem through sampling-based planners, learning-based techniques have recently been explored as a means to handle such complexity. Among these recent approaches are systems that utilize probabilistic graphical models in order to infer parameters for central pattern generators (CPGs) which enable the path-following locomotion of highly-articulated legged robots through unstructured terrain. This paper presents a novel formulation of a CPG parameter inference-based path-following controller. The new inference process and accompanying CPG formulation enforce oscillator convergence to the limit-cycle specified by the inferred parameters in addition to biasing towards parameters that quickly reach stable-state. This formulation is shown to improve the performance of CPG parameter inference-based path-following control for legged robots across a number of simulated and physical experiments.","2153-0866","978-1-6654-7927-1","10.1109/IROS47612.2022.9981859","National Science Foundation(grant numbers:IIS-1724000,IIS-1723972); ","https://ieeexplore.ieee.org/stamp/stamp.jsp?arnumber=9981859","","Legged locomotion;Robust control;Shape;Robot kinematics;Simulation;Training data;Reinforcement learning","","2","","18","IEEE","26 Dec 2022","23-27 Oct. 2022","23-27 Oct. 2022","IEEE","IEEE Conferences"
"Zero-Shot Retargeting of Learned Quadruped Locomotion Policies Using Hybrid Kinodynamic Model Predictive Control","H. Li; W. Yu; T. Zhang; P. M. Wensing","University of Notre Dame, Notre Dame, IN, USA; Robotics, Google, Mountain View, CA, USA; Robotics, Google, Mountain View, CA, USA; University of Notre Dame, Notre Dame, IN, USA",2022 IEEE/RSJ International Conference on Intelligent Robots and Systems (IROS),"26 Dec 2022","2022","","","11971","11977","Reinforcement Learning (RL) has witnessed great strides for quadruped locomotion, with continued progress in the reliable sim-to-real transfer of policies. However, it remains a challenge to reuse a policy on another robot, which could save time for retraining. In this work, we present a framework for zero-shot policy retargeting wherein diverse motor skills can be transferred between robots of different shapes and sizes. The new framework centers on a planning-and-control pipeline that systematically integrates RL and Model Predictive Control (MPC). The planning stage employs RL to generate a dynamically plausible trajectory as well as the contact schedule, avoiding the combinatorial complexity of contact sequence optimization. This information is then used to seed the MPC to stabilize and robustify the policy roll-out via a new Hybrid Kinodynamic (HKD) model that implicitly optimizes the foothold locations. Hardware results show an ability to transfer policies from both the A1 and Laikago robots to the MIT Mini Cheetah robot without requiring any policy re-tuning.","2153-0866","978-1-6654-7927-1","10.1109/IROS47612.2022.9981967","","https://ieeexplore.ieee.org/stamp/stamp.jsp?arnumber=9981967","","Robot motion;Schedules;Target tracking;Shape;Reinforcement learning;Trajectory;Quadrupedal robots","","9","","26","IEEE","26 Dec 2022","23-27 Oct. 2022","23-27 Oct. 2022","IEEE","IEEE Conferences"
"State Dropout-Based Curriculum Reinforcement Learning for Self-Driving at Unsignalized Intersections","S. Khaitan; J. M. Dolan","Robotics Institute, Carnegie Mellon University, Pittsburgh, PA, USA; Robotics Institute, Carnegie Mellon University, Pittsburgh, PA, USA",2022 IEEE/RSJ International Conference on Intelligent Robots and Systems (IROS),"26 Dec 2022","2022","","","12219","12224","Traversing intersections is a challenging problem for autonomous vehicles, especially when the intersections do not have traffic control. Recently deep reinforcement learning has received massive attention due to its success in dealing with autonomous driving tasks. In this work, we address the problem of traversing unsignalized intersections using a novel curriculum for deep reinforcement learning. The proposed curriculum leads to: 1) A faster training process for the reinforcement learning agent, and 2) Better performance compared to an agent trained without curriculum. Our main contribution is two-fold: 1) Presenting a unique curriculum for training deep reinforcement learning agents, and 2) demonstrating the performance improvement using the proposed curriculum in the unsignalized intersection traversal task. The framework expects processed observations of the surroundings from the perception system of the autonomous vehicle. We test our method in the CommonRoad motion planning simulator on T-intersections and four-way intersections.","2153-0866","978-1-6654-7927-1","10.1109/IROS47612.2022.9981109","","https://ieeexplore.ieee.org/stamp/stamp.jsp?arnumber=9981109","","Training;Deep learning;Reinforcement learning;Traffic control;Planning;Task analysis;Autonomous vehicles","","25","","30","IEEE","26 Dec 2022","23-27 Oct. 2022","23-27 Oct. 2022","IEEE","IEEE Conferences"
"Vehicle Type Specific Waypoint Generation","Y. Liu; J. W. Lavington; A. Scibior; F. Wood",1 Inverted AI; 1 Inverted AI; 1 Inverted AI; 1 Inverted AI,2022 IEEE/RSJ International Conference on Intelligent Robots and Systems (IROS),"26 Dec 2022","2022","","","12225","12230","We develop a generic mechanism for generating vehicle-type specific sequences of waypoints from a probabilistic foundation model of driving behavior. Many foundation behavior models are trained on data that does not include vehicle information, which limits their utility in downstream applications such as planning. Our novel methodology conditionally specializes such a behavior predictive model to a vehicle-type by utilizing byproducts of the reinforcement learning algorithms used to produce vehicle specific controllers. We show how to compose a vehicle specific value function estimate with a generic probabilistic behavior model to generate vehicle-type specific waypoint sequences that are more likely to be physically plausible then their vehicle-agnostic counterparts.","2153-0866","978-1-6654-7927-1","10.1109/IROS47612.2022.9981421","Natural Sciences and Engineering Research Council of Canada; ","https://ieeexplore.ieee.org/stamp/stamp.jsp?arnumber=9981421","","Reinforcement learning;Predictive models;Probabilistic logic;Prediction algorithms;Data models;Behavioral sciences;Planning","","1","","29","IEEE","26 Dec 2022","23-27 Oct. 2022","23-27 Oct. 2022","IEEE","IEEE Conferences"
"Safe adaptation in multiagent competition","M. Shen; J. P. How","Department of Mechanical Engineering, Massachusetts Institute of Technology, Cambridge, MA, USA; Department of Aeronautics and Astronautics, Massachusetts Institute of Technology, Cambridge, MA, USA",2022 IEEE/RSJ International Conference on Intelligent Robots and Systems (IROS),"26 Dec 2022","2022","","","12441","12447","Achieving the capability of adapting to ever-changing environments is a critical step towards building fully autonomous robots that operate safely in complicated scenarios. In multiagent competitive scenarios, agents may have to adapt to new opponents with previously unseen behaviors by learning from the interaction experiences between the ego-agent and the opponent. However, this adaptation is susceptible to opponent exploitation. As the ego-agent updates its own behavior to exploit the opponent, its own behavior could become more exploitable as a result of overfitting to this specific opponent's behavior. To overcome this difficulty, we developed a safe adaptation approach in which the ego-agent is trained against a regularized opponent model, which effectively avoids overfitting and consequently improves the robustness of the ego-agent's policy. We evaluated our approach in the Mujoco domain with two competing agents. The experiment results suggest that our approach effectively achieves both adaptation to the specific opponent that the ego-agent is interacting with and maintaining low exploitability to other possible opponent exploitation.","2153-0866","978-1-6654-7927-1","10.1109/IROS47612.2022.9981763","","https://ieeexplore.ieee.org/stamp/stamp.jsp?arnumber=9981763","","Technological innovation;Adaptation models;Buildings;Linear programming;Robustness;Behavioral sciences;Bayes methods","","","","38","IEEE","26 Dec 2022","23-27 Oct. 2022","23-27 Oct. 2022","IEEE","IEEE Conferences"
"OpenDR: An Open Toolkit for Enabling High Performance, Low Footprint Deep Learning for Robotics","N. Passalis; S. Pedrazzi; R. Babuska; W. Burgard; D. Dias; F. Ferro; M. Gabbouj; O. Green; A. Iosifidis; E. Kayacan; J. Kober; O. Michel; N. Nikolaidis; P. Nousi; R. Pieters; M. Tzelepi; A. Valada; A. Tefas","Dept. of Informatics, Aristotle University of Thessaloniki, Greece; Cyberbotics, Switzerland; Dept. of Cognitive Robotics, Delft University of Technology, The Netherlands; Dept. of Computer Science, University of Freiburg, Germany; Cyberbotics, Switzerland; PAL Robotics, Spain; Computing Sciences, and Automation Technology and Mechanical Engineering, Tampere University, Finland; Agrointelli, Denmark; Department of Electrical and Computer Engineering, Aarhus University, Denmark; Department of Electrical and Computer Engineering, Aarhus University, Denmark; Dept. of Cognitive Robotics, Delft University of Technology, The Netherlands; Cyberbotics, Switzerland; Dept. of Informatics, Aristotle University of Thessaloniki, Greece; Dept. of Informatics, Aristotle University of Thessaloniki, Greece; Computing Sciences, and Automation Technology and Mechanical Engineering, Tampere University, Finland; Dept. of Informatics, Aristotle University of Thessaloniki, Greece; Dept. of Computer Science, University of Freiburg, Germany; Dept. of Informatics, Aristotle University of Thessaloniki, Greece",2022 IEEE/RSJ International Conference on Intelligent Robots and Systems (IROS),"26 Dec 2022","2022","","","12479","12484","Existing Deep Learning (DL) frameworks typically do not provide ready-to-use solutions for robotics, where very specific learning, reasoning, and embodiment problems exist. Their relatively steep learning curve and the different methodologies employed by DL compared to traditional approaches, along with the high complexity of DL models, which often leads to the need of employing specialized hardware accelerators, further increase the effort and cost needed to employ DL models in robotics. Also, most of the existing DL methods follow a static inference paradigm, as inherited by the traditional computer vision pipelines, ignoring active perception, which can be employed to actively interact with the environment in order to increase perception accuracy. In this paper, we present the Open Deep Learning Toolkit for Robotics (OpenDR). OpenDR aims at developing an open, non-proprietary, efficient, and modular toolkit that can be easily used by robotics companies and research institutions to efficiently develop and deploy AI and cognition technologies to robotics applications, providing a solid step towards addressing the aforementioned challenges. We also detail the design choices, along with an abstract interface that was created to overcome these challenges. This interface can describe various robotic tasks, spanning beyond traditional DL cognition and inference, as known by existing frameworks, incorporating openness, homogeneity and robotics-oriented perception e.g., through active perception, as its core design principles.","2153-0866","978-1-6654-7927-1","10.1109/IROS47612.2022.9981703","European Commission; ","https://ieeexplore.ieee.org/stamp/stamp.jsp?arnumber=9981703","","Deep learning;Computational modeling;Pipelines;Active perception;Solids;Cognition;Task analysis","","24","","12","IEEE","26 Dec 2022","23-27 Oct. 2022","23-27 Oct. 2022","IEEE","IEEE Conferences"
"Deep Residual Reinforcement Learning based Autonomous Blimp Control","Y. T. Liu; E. Price; M. J. Black; A. Ahmad","Max Planck Institute for Intelligent Systems., Tübingen, Germany; Institute for Flight Mechanics and Controls,The Faculty of Aerospace Engineering and Geodesy,University of Stuttgart, Stuttgart, Germany; Max Planck Institute for Intelligent Systems., Tübingen, Germany; Institute for Flight Mechanics and Controls,The Faculty of Aerospace Engineering and Geodesy,University of Stuttgart, Stuttgart, Germany",2022 IEEE/RSJ International Conference on Intelligent Robots and Systems (IROS),"26 Dec 2022","2022","","","12566","12573","Blimps are well suited to perform long-duration aerial tasks as they are energy efficient, relatively silent and safe. To address the blimp navigation and control task, in previous work we developed a hardware and software-in-the-loop framework and a PID-based controller for large blimps in the presence of wind disturbance. However, blimps have a deformable structure and their dynamics are inherently non-linear and time-delayed, making PID controllers difficult to tune. Thus, often resulting in large tracking errors. Moreover, the buoyancy of a blimp is constantly changing due to variations in ambient temperature and pressure. To address these issues, in this paper we present a learning-based framework based on deep residual reinforcement learning (DRRL), for the blimp control task. Within this framework, we first employ a PID controller to provide baseline performance. Subsequently, the DRRL agent learns to modify the PID decisions by interaction with the environment. We demonstrate in simulation that DRRL agent consistently improves the PID performance. Through rigorous simulation experiments, we show that the agent is robust to changes in wind speed and buoyancy. In real-world experiments, we demonstrate that the agent, trained only in simulation, is sufficiently robust to control an actual blimp in windy conditions. We openly provide the source code of our approach at https://github.com/robot-perception-group/AutonomousBlimpDRL. Video demonstration is provided at https://youtu.be/EMC4KnlH0yI.","2153-0866","978-1-6654-7927-1","10.1109/IROS47612.2022.9981182","","https://ieeexplore.ieee.org/stamp/stamp.jsp?arnumber=9981182","","Training;PI control;Navigation;Wind speed;Source coding;Reinforcement learning;Buoyancy","","18","","28","IEEE","26 Dec 2022","23-27 Oct. 2022","23-27 Oct. 2022","IEEE","IEEE Conferences"
"Scalable Safety-Critical Policy Evaluation with Accelerated Rare Event Sampling","M. Xu; P. Huang; F. Li; J. Zhu; X. Qi; K. Oguchi; Z. Huang; H. Lam; D. Zhao",Carnegie Mellon University; Carnegie Mellon University; Columbia University; Carnegie Mellon University; Toyota Motor North America R&D; Toyota Motor North America R&D; Carnegie Mellon University; Columbia University; Carnegie Mellon University,2022 IEEE/RSJ International Conference on Intelligent Robots and Systems (IROS),"26 Dec 2022","2022","","","12919","12926","Evaluating rare but high-stakes events is one of the main challenges in obtaining reliable reinforcement learning policies, especially in large or infinite state/action spaces where limited scalability dictates a prohibitively large number of testing iterations. On the other hand, a biased or inaccurate policy evaluation in a safety-critical system could potentially cause unexpected catastrophic failures during deployment. This paper proposes the Accelerated Policy Evaluation (APE) method, which simultaneously uncovers rare events and estimates the rare event probability in Markov decision processes. The APE method treats the environment nature as an adversarial agent and learns towards, through adaptive importance sampling, the zero-variance sampling distribution for the policy evaluation. Moreover, APE is scalable to large discrete or continuous spaces by incorporating function approximators. We investigate the convergence property of APE in the tabular setting. Our empirical studies show that APE can estimate the rare event probability with a smaller bias while only using orders of magnitude fewer samples than baselines in multi-agent and single-agent environments.","2153-0866","978-1-6654-7927-1","10.1109/IROS47612.2022.9981867","National Science Foundation(grant numbers:IIS-1849280,IIS-1849304); ","https://ieeexplore.ieee.org/stamp/stamp.jsp?arnumber=9981867","","Training;Monte Carlo methods;Uncertainty;Scalability;Reinforcement learning;Intelligent agents;Reliability","","5","","43","IEEE","26 Dec 2022","23-27 Oct. 2022","23-27 Oct. 2022","IEEE","IEEE Conferences"
"Learning Agile Hybrid Whole-body Motor Skills for Thruster-Aided Humanoid Robots","F. Shi; T. Anzai; Y. Kojio; K. Okada; M. Inaba","The University of Tokyo, Tokyo, Japan; The University of Tokyo, Tokyo, Japan; The University of Tokyo, Tokyo, Japan; The University of Tokyo, Tokyo, Japan; The University of Tokyo, Tokyo, Japan",2022 IEEE/RSJ International Conference on Intelligent Robots and Systems (IROS),"26 Dec 2022","2022","","","12986","12993","Humanoid robots are versatile platforms with the potential for multiple locomotion skills. However, this contact-switched system with only two contact feet is fragile to keep balance in many scenarios. Inspired by birds combining legs and wings, we propose the novel hybrid locomotion behavior for the humanoid robots with the aid of a thruster suit. To fully leverage their agility while guaranteeing efficient computation, we combine the neural controller based on reinforcement learning to handle the complexity of the highly non-linear system and the optimization-based controller to explicitly handle the constraint conditions of the safety-critical thruster module. Our learning framework is demonstrated on several thruster-aided humanoid platforms with hybrid walking and even dynamic locomotion skills. To our best knowledge, it is the first work that, 1. demonstrates agile hybrid whole-body locomotion skills on the thruster-aided humanoid robot; 2. achieves hybrid locomotion under the reinforcement learning settings.","2153-0866","978-1-6654-7927-1","10.1109/IROS47612.2022.9981974","","https://ieeexplore.ieee.org/stamp/stamp.jsp?arnumber=9981974","","Legged locomotion;Attitude control;Humanoid robots;Reinforcement learning;Birds;Computational efficiency;Complexity theory","","4","","24","IEEE","26 Dec 2022","23-27 Oct. 2022","23-27 Oct. 2022","IEEE","IEEE Conferences"
"Cola-HRL: Continuous-Lattice Hierarchical Reinforcement Learning for Autonomous Driving","L. Gao; Z. Gu; C. Qiu; L. Lei; S. E. Li; S. Zheng; W. Jing; J. Chen","Alibaba Group, Hangzhou, China; State Key Lab of Automotive Safety and Energy, School of Vehicle and Mobility, Tsinghua University, Beijing, China; Alibaba Group, Hangzhou, China; Alibaba Group, Hangzhou, China; State Key Lab of Automotive Safety and Energy, School of Vehicle and Mobility, Tsinghua University, Beijing, China; State Key Lab of Automotive Safety and Energy, School of Vehicle and Mobility, Tsinghua University, Beijing, China; Alibaba Group, Hangzhou, China; Alibaba Group, Hangzhou, China",2022 IEEE/RSJ International Conference on Intelligent Robots and Systems (IROS),"26 Dec 2022","2022","","","13143","13150","Reinforcement learning (RL) has shown promising performance in autonomous driving applications in recent years. The early end-to-end RL method is usually unexplainable and fails to generate stable actions, while the hierarchical RL (HRL) method can tackle the above issues by dividing complex problems into multiple sub-tasks. Prior HRL works either select discrete driving behaviors with continuous control commands, or generate expected goals for the low-level controller. However, they typically have strong scenario dependence or fail to generate goals with good quality. To address the above challenges, we propose a Continuous-Lattice Hierarchical RL (Cola-HRL) method for autonomous driving tasks to make high-quality decisions in various scenarios. We utilize the continuous-lattice module to generate reasonable goals, ensuring temporal and spatial reachability. Then, we train and evaluate our method under different traffic scenarios based on real-world High Definition maps. Experimental results show our method can handle multiple scenarios. In addition, our method also demonstrates better performance and driving behaviors compared to existing RL methods.","2153-0866","978-1-6654-7927-1","10.1109/IROS47612.2022.9982041","National Key Research and Development Program of China(grant numbers:2020AAA0108104); ","https://ieeexplore.ieee.org/stamp/stamp.jsp?arnumber=9982041","","Reinforcement learning;Stability analysis;Behavioral sciences;Task analysis;Autonomous vehicles;Intelligent robots","","19","","38","IEEE","26 Dec 2022","23-27 Oct. 2022","23-27 Oct. 2022","IEEE","IEEE Conferences"
"DeltaZ: An Accessible Compliant Delta Robot Manipulator for Research and Education","S. Patil; S. C. Alvares; P. Mannam; O. Kroemer; F. Z. Temel","Robotics Institute, Carnegie Mellon University, Pittsburgh, PA, USA; Robotics Institute Summer Scholars at Carnegie Mellon University, Pittsburgh, PA, USA; Robotics Institute, Carnegie Mellon University, Pittsburgh, PA, USA; Robotics Institute, Carnegie Mellon University, Pittsburgh, PA, USA; Robotics Institute, Carnegie Mellon University, Pittsburgh, PA, USA",2022 IEEE/RSJ International Conference on Intelligent Robots and Systems (IROS),"26 Dec 2022","2022","","","13213","13219","This paper presents the DeltaZ robot, a centimeter-scale, low-cost, delta-style robot that allows for a broad range of capabilities and robust functionalities. The DeltaZ robot is 3D-printed from soft and rigid materials with a design that is easy to assemble and maintain, and lowers the barriers to utilize. Functionality of the robot stems from its three translational degrees of freedom and a closed form kinematic solution which makes manipulation problems more intuitive compared to many other manipulators. Moreover, the low cost of the robot presents an opportunity to democratize manipulators for research and education settings. We describe how the robot can be used as a reinforcement learning bench-mark. Open-source 3D-printable designs and code for building and using the robot are available to the public.","2153-0866","978-1-6654-7927-1","10.1109/IROS47612.2022.9981257","National Science Foundation(grant numbers:CMMI-2024794); ","https://ieeexplore.ieee.org/stamp/stamp.jsp?arnumber=9981257","Education Robotics;Parallel Robots;Compliant Joints and Mechanisms;Additive Manufacturing;Soft Robot Applications;Flexible Robotics;Kinematics","Costs;Three-dimensional displays;Education;Prototypes;Reinforcement learning;Kinematics;Robot sensing systems","","7","","32","IEEE","26 Dec 2022","23-27 Oct. 2022","23-27 Oct. 2022","IEEE","IEEE Conferences"
"Embedding Koopman Optimal Control in Robot Policy Learning","H. Yin; M. C. Welle; D. Kragic","CAS/RPL, KTH Royal Institute of Technology, Stockholm, Sweden; CAS/RPL, KTH Royal Institute of Technology, Stockholm, Sweden; CAS/RPL, KTH Royal Institute of Technology, Stockholm, Sweden",2022 IEEE/RSJ International Conference on Intelligent Robots and Systems (IROS),"26 Dec 2022","2022","","","13392","13399","Embedding an optimization process has been explored for imposing efficient and flexible policy structures. Existing work often build upon nonlinear optimization with explicitly iteration steps, making policy inference prohibitively expensive for online learning and real-time control. Our approach embeds a linear-quadratic-regulator (LQR) formulation with a Koopman representation, thus exhibiting the tractability from a closed-form solution and richness from a non-convex neural network. We use a few auxiliary objectives and reparameterization to enforce optimality conditions of the policy that can be easily integrated to standard gradient-based learning. Our approach is shown to be effective for learning policies rendering an optimality structure and efficient reinforcement learning, including simulated pendulum control, 2D and 3D walking, and manipulation for both rigid and deformable objects. We also demonstrate real world application in a robot pivoting task.","2153-0866","978-1-6654-7927-1","10.1109/IROS47612.2022.9981540","European Research Council; Swedish Research Council; Knut and Alice Wallenberg Foundation; ","https://ieeexplore.ieee.org/stamp/stamp.jsp?arnumber=9981540","","Three-dimensional displays;Robot vision systems;Reinforcement learning;Manipulators;Rendering (computer graphics);Safety;Reliability","","3","","45","IEEE","26 Dec 2022","23-27 Oct. 2022","23-27 Oct. 2022","IEEE","IEEE Conferences"
"Use of Action Label in Deep Predictive Learning for Robot Manipulation","K. Kase; C. Utsumi; Y. Domae; T. Ogata","Waseda Universiy, Japan; Waseda Universiy, Japan; National Institute of Advanced Industrial Science and Technology, Japan; Waseda Universiy, Japan",2022 IEEE/RSJ International Conference on Intelligent Robots and Systems (IROS),"26 Dec 2022","2022","","","13459","13465","Various forms of human knowledge can be explicitly used to enhance deep robot learning from demonstrations. Annotation of subtasks from task segmentation is one type of human symbolism and knowledge. Annotated subtasks can be referred to as action labels, which are more primitive symbols that can be building blocks for more complex human reasoning, like language instructions. However, action labels are not widely used to boost learning processes because of problems that include (1) real-time annotation for online manipulation, (2) temporal inconsistency by annotators, (3) difference in data characteristics of motor commands and action labels, and (4) annotation cost. To address these problems, we propose the Gated Action Motor Predictive Learning (GAMPL) framework to leverage action labels for improved performance. GAMPL has two modules to obtain soft action labels compatible with motor commands and to generate motion. In this study, GAMPL is evaluated for towel-folding manipulation tasks in a real environment with a six degrees-of-freedom (6 DoF) robot and shows improved generalizability with action labels.","2153-0866","978-1-6654-7927-1","10.1109/IROS47612.2022.9982091","National Institute of Advanced Industrial Science and Technology(grant numbers:JPNP20006); ","https://ieeexplore.ieee.org/stamp/stamp.jsp?arnumber=9982091","","Costs;Annotations;Symbols;Logic gates;Robot learning;Real-time systems;Cognition","","4","","36","IEEE","26 Dec 2022","23-27 Oct. 2022","23-27 Oct. 2022","IEEE","IEEE Conferences"
"An Online Interactive Approach for Crowd Navigation of Quadrupedal Robots","B. Yang; J. Jiao; L. Wang; M. Liu","Hong Kong University of Science and Technology, Hong Kong, SAR China; Hong Kong University of Science and Technology, Hong Kong, SAR China; Hong Kong University of Science and Technology, Hong Kong, SAR China; Hong Kong University of Science and Technology, Hong Kong, SAR China",2022 IEEE/RSJ International Conference on Intelligent Robots and Systems (IROS),"26 Dec 2022","2022","","","13556","13562","Robot navigation in human crowds remains the challenge of understanding human behaviors in different scenarios. We present an approach for interactive and human-friendly crowd navigation in complex static environments. The planner models the online interactions among the robot, humans, and the static environment based on game theory. It recurrently expands and optimizes the estimated trajectories for the robot and neighboring agents and provides human-friendly navigation commands. We use various indicators to evaluate the social awareness of the planners and show that our method outperforms existing approaches in success rate to reach the goals and compatibility with humans while maintaining low navigation times. The planner is successfully deployed on a real-world quadrupedal robot, demonstrating safe and interactive crowd navigation with real-time performance.","2153-0866","978-1-6654-7927-1","10.1109/IROS47612.2022.9981697","","https://ieeexplore.ieee.org/stamp/stamp.jsp?arnumber=9981697","","Navigation;Mobile agents;Nash equilibrium;Real-time systems;Trajectory;Behavioral sciences;Quadrupedal robots","","5","","44","IEEE","26 Dec 2022","23-27 Oct. 2022","23-27 Oct. 2022","IEEE","IEEE Conferences"
"CoMBiNED: Multi-Constrained Model Based Planning for Navigation in Dynamic Environments","H. Pandya; R. P. K. Poudel; S. Liwicki","Toshiba Research, Cambridge, UK; Toshiba Research, Cambridge, UK; Toshiba Research, Cambridge, UK",2022 IEEE/RSJ International Conference on Intelligent Robots and Systems (IROS),"26 Dec 2022","2022","","","13634","13640","Recent deep reinforcement learning (DRL) approaches have achieved high success rate in map-less dynamic obstacle avoidance tasks. However, navigation in unseen dynamic scenarios without a pre-built map in the presence of dynamic obstacles still remains an open challenge. Since, learning accurate models for complex robotic scenarios such as navigation directly from high dimensional sensory measurements requires a large amount of data and training. Furthermore, even a small change on robot configuration such as kino-dynamics or sensor in the inference time requires re-training of the policy. In this paper, we address these issues in a principled fashion through a multi-constraint model based online planning (CoMBiNED) framework that does not require any retraining or modifications on the existing policy. We disentangle the given task into sub-tasks and learn dynamical models for them. Treating these dynamical models as soft-constraints, we employ stochastic optimisation to jointly optimize these sub-tasks on-the-fly at the inference time. We consider navigation as central application in this work and evaluate our approach on publicly available benchmark with complex dynamic scenarios and achieved significant improvement over recent approaches both in the cases of with-and-without given map of the environment.","2153-0866","978-1-6654-7927-1","10.1109/IROS47612.2022.9981479","","https://ieeexplore.ieee.org/stamp/stamp.jsp?arnumber=9981479","","Training;Indoor navigation;Stochastic processes;Reinforcement learning;Benchmark testing;Robot sensing systems;Planning","","","","26","IEEE","26 Dec 2022","23-27 Oct. 2022","23-27 Oct. 2022","IEEE","IEEE Conferences"
"Attention-Based Population-Invariant Deep Reinforcement Learning for Collision-Free Flocking with A Scalable Fixed-Wing UAV Swarm","C. Yan; K. H. Low; X. Xiang; T. Hu; L. Shen","College of Intelligence Science and Technology, National University of Defense Technology, Changsha, Hunan, China; School of Mechanical and Aerospace Engineering, Nanyang Technological University (NTU), Singapore; College of Intelligence Science and Technology, National University of Defense Technology, Changsha, Hunan, China; School of Aeronautics and Astronautics, Sun Yat-sen University, Guangzhou, Guangdong, China; College of Intelligence Science and Technology, National University of Defense Technology, Changsha, Hunan, China",2022 IEEE/RSJ International Conference on Intelligent Robots and Systems (IROS),"26 Dec 2022","2022","","","13730","13736","A swarm of fixed-wing unmanned aerial vehicles (UAVs) is expected to efficiently accomplish various tasks in complex scenarios. This paper proposes an attention-based population-invariant multi-agent deep reinforcement learning (MADRL) approach to deal with the decentralized collision-free flocking problem for a scalable fixed-wing UAV swarm. First, this problem is modeled as a decentralized partially observable Markov decision process from the perspective of each follower. Then, an improved multi-agent deep deterministic policy gradient (MADDPG) algorithm is presented to efficiently learn the population-invariant flocking policy. In this algorithm, the parameter sharing with ego-centric representation mechanism is incorporated to improve learning efficiency. Besides, the attention-based population-invariant network structure (APINet) is designed by leveraging the self-attention mechanism. With this structure, the learned flocking policy is invariant to the population of the swarm. Finally, both numerical and hardware-in-the-loop simulation results verify the efficiency and scalability of the proposed approach.","2153-0866","978-1-6654-7927-1","10.1109/IROS47612.2022.9981429","","https://ieeexplore.ieee.org/stamp/stamp.jsp?arnumber=9981429","","Deep learning;Heuristic algorithms;Scalability;Urban areas;Sociology;Reinforcement learning;Autonomous aerial vehicles","","5","","29","IEEE","26 Dec 2022","23-27 Oct. 2022","23-27 Oct. 2022","IEEE","IEEE Conferences"
"Multi-UAV Cooperative Short-Range Combat via Attention-Based Reinforcement Learning using Individual Reward Shaping","T. Zhang; T. Qiu; Z. Liu; Z. Pu; J. Yi; J. Zhu; R. Hu","School of Artificial Intelligence, University of Chinese Academy of Sciences, Beijing, China; School of Artificial Intelligence, University of Chinese Academy of Sciences, Beijing, China; School of Artificial Intelligence, University of Chinese Academy of Sciences, Beijing, China; School of Artificial Intelligence, University of Chinese Academy of Sciences, Beijing, China; School of Artificial Intelligence, University of Chinese Academy of Sciences, Beijing, China; Institute of Automation, Chinese Academy of Sciences, Beijing, China; National Key Laboratory of Science and Technology on Aerospace Intelligent Control, Beijing Aerospace Automatic Control Institute, China",2022 IEEE/RSJ International Conference on Intelligent Robots and Systems (IROS),"26 Dec 2022","2022","","","13737","13744","In this paper, we propose a novel distributed method based on attention-based deep reinforcement learning using individual reward shaping, for multiple unmanned aerial vehicles (UAVs) cooperative short-range combat mission. Specifically, a two-level attention distributed policy, composed of observation-level and communication-level attention networks, is designed to enable each UAV to selectively focus on important environmental features and messages, for enhancing the effectiveness of the cooperative policy. Moreover, due to the high complexity and stochasticity of the UAV combat mission, the learning of UAVs is tricky and low efficient. To embed knowledge to accelerate the policy learning, a potential-based individual reward function is constructed by implicitly translating the individual reward into the specific form of dynamic action potentials. In addition, an actor-critic training algorithm based on the centralized training and decentralized execution framework is adopted to train the policy network of UAV maneuver decision. We build a three-dimensional UAV simulation and training platform based on Unity for multi-UAV short-range combat missions. Simulation results demonstrate the effectiveness of the proposed method and the superiority of the attention policy and individual reward shaping.","2153-0866","978-1-6654-7927-1","10.1109/IROS47612.2022.9982096","National Key Research and Development Program of China(grant numbers:2018AAA0102405,2018AAA0102402); ","https://ieeexplore.ieee.org/stamp/stamp.jsp?arnumber=9982096","","Training;Solid modeling;Action potentials;Simulation;Heuristic algorithms;Reinforcement learning;Autonomous aerial vehicles","","10","","26","IEEE","26 Dec 2022","23-27 Oct. 2022","23-27 Oct. 2022","IEEE","IEEE Conferences"
"Vision-based Distributed Multi-UAV Collision Avoidance via Deep Reinforcement Learning for Navigation","H. Huang; G. Zhu; Z. Fan; H. Zhai; Y. Cai; Z. Shi; Z. Dong; Z. Hao","Key Lab of Digital Signal and Image Processing of Guangdong Province, College of Engineering, Shantou University; Key Lab of Digital Signal and Image Processing of Guangdong Province, College of Engineering, Shantou University; Key Lab of Digital Signal and Image Processing of Guangdong Province, College of Engineering, Shantou University; Key Lab of Digital Signal and Image Processing of Guangdong Province, College of Engineering, Shantou University; Key Lab of Digital Signal and Image Processing of Guangdong Province, College of Engineering, Shantou University; Key Lab of Digital Signal and Image Processing of Guangdong Province, College of Engineering, Shantou University; Key Lab of Digital Signal and Image Processing of Guangdong Province, College of Engineering, Shantou University; Key Lab of Digital Signal and Image Processing of Guangdong Province, College of Engineering, Shantou University",2022 IEEE/RSJ International Conference on Intelligent Robots and Systems (IROS),"26 Dec 2022","2022","","","13745","13752","Online path planning for multiple unmanned aerial vehicle (multi-UAV) systems is considered a challenging task. It needs to ensure collision-free path planning in real-time, especially when the multi-UAV systems can become very crowded on certain occasions. In this paper, we presented a vision-based decentralized collision-avoidance policy learning method for multi-UAV systems. The policy takes depth images and inertial measurements as sensory inputs and outputs UAV's steering commands, and it is trained together with the latent representation of depth images using a policy gradient-based reinforcement learning algorithm and autoencoder in the multi-UAV three-dimensional workspaces. Each UAV follows the same trained policy and acts independently to reach the goal without colliding or communicating with other UAVs. We validate our method in various simulated scenarios. The experimental results show that our learned policy can guarantee fully autonomous collision-free navigation for multi-UAV in three-dimensional workspaces, and its navigation performance will not be greatly affected by the increase in the number of UAVs.","2153-0866","978-1-6654-7927-1","10.1109/IROS47612.2022.9981803","","https://ieeexplore.ieee.org/stamp/stamp.jsp?arnumber=9981803","","Learning systems;Training;Navigation;Reinforcement learning;Autonomous aerial vehicles;Path planning;Robustness","","28","","37","IEEE","26 Dec 2022","23-27 Oct. 2022","23-27 Oct. 2022","IEEE","IEEE Conferences"
"AB-Mapper: Attention and BicNet based Multi-agent Path Planning for Dynamic Environment","H. Guan; Y. Gao; M. Zhao; Y. Yang; F. Deng; T. L. Lam","School of Intelligent Manufacturing, the Wuyi University, Jiangmen, China; Shenzhen Institute of Artificial Intelligence and Robotics for Society, Shenzhen, China; Shenzhen Institute of Artificial Intelligence and Robotics for Society, Shenzhen, China; 3irobotix Co., Ltd, Shenzhen, China; School of Intelligent Manufacturing, the Wuyi University, Jiangmen, China; Shenzhen Institute of Artificial Intelligence and Robotics for Society, Shenzhen, China",2022 IEEE/RSJ International Conference on Intelligent Robots and Systems (IROS),"26 Dec 2022","2022","","","13799","13806","Multi-agent path finding in dynamic environments is of great academic and practical value for multi-robot systems in the real world. To improve the effectiveness and efficiency of the learning process during path planning in dynamic environments, we introduce an algorithm called Attention and BicNet based Multi-agent path planning with effective reinforcement (AB-Mapper) under the actor-critic reinforcement learning framework. In this framework, on one hand, we design an actor-network that can utilize the BicNet with communication function to achieve the intra-team coordination. On the other hand, we propose a critic network that can selectively allocate attention weights to surrounding agents. This attention mechanism allows an individual agent to automatically learn a better evaluation of actions by considering the behaviours of its surrounding agents. Compared with the SOTA method Mapper in crowded environments with dynamic obstacles, our AB-Mapper is more effective (90.27±0.06% vs. 61.65±13.90% in terms of mean success rate) in solving the general multi-agent path finding problem.","2153-0866","978-1-6654-7927-1","10.1109/IROS47612.2022.9981513","National Key R&D Program of China(grant numbers:2020YFB1313300,AC01202101103); Wuyi University; ","https://ieeexplore.ieee.org/stamp/stamp.jsp?arnumber=9981513","","Scalability;Heuristic algorithms;Reinforcement learning;Path planning;Multi-robot systems;Intelligent robots","","10","","31","IEEE","26 Dec 2022","23-27 Oct. 2022","23-27 Oct. 2022","IEEE","IEEE Conferences"
