"Document Title",Authors,"Author Affiliations","Publication Title",Date Added To Xplore,"Publication Year","Volume","Issue","Start Page","End Page","Abstract","ISSN",ISBNs,"DOI",Funding Information,PDF Link,"Author Keywords","IEEE Terms","Mesh_Terms",Article Citation Count,Patent Citation Count,"Reference Count","License",Online Date,Issue Date,"Meeting Date","Publisher",Document Identifier
"An MCTS-DRL Based Obstacle and Occlusion Avoidance Methodology in Robotic Follow-Ahead Applications","S. Leisiazar; E. J. Park; A. Lim; M. Chen","School of Mechatronics Systems Engineering, Simon Fraser University, Canada; School of Mechatronics Systems Engineering, Simon Fraser University, Canada; School of Computing Sciences, Simon Fraser University, Canada; School of Computing Sciences, Simon Fraser University, Canada",2023 IEEE/RSJ International Conference on Intelligent Robots and Systems (IROS),"13 Dec 2023","2023","","","221","228","We propose a novel methodology for robotic follow-ahead applications that address the critical challenge of obstacle and occlusion avoidance. Our approach effectively navigates the robot while ensuring avoidance of collisions and occlusions caused by surrounding objects. To achieve this, we developed a high-level decision-making algorithm that generates short-term navigational goals for the mobile robot. Monte Carlo Tree Search is integrated with a Deep Reinforcement Learning method to enhance the performance of the decision-making process and generate more reliable navigational goals. Through extensive experimentation and analysis, we demonstrate the effectiveness and superiority of our proposed approach in comparison to the existing follow-ahead human-following robotic methods. Our code is available at https://github.com/saharLeisiazar/follow-ahead-ros.","2153-0866","978-1-6654-9190-7","10.1109/IROS55552.2023.10342150","","https://ieeexplore.ieee.org/stamp/stamp.jsp?arnumber=10342150","","Deep learning;Monte Carlo methods;Navigation;Decision making;Reinforcement learning;Reliability;Mobile robots","","12","","23","IEEE","13 Dec 2023","1-5 Oct. 2023","1-5 Oct. 2023","IEEE","IEEE Conferences"
"Proactive Model Predictive Control with Multi-Modal Human Motion Prediction in Cluttered Dynamic Environments","L. Heuer; L. Palmieri; A. Rudenko; A. Mannucci; M. Magnusson; K. O. Arras","School of Science and Technology, Orebro University, Sweden; Robert Bosch GmbH, Corporate Research, Stuttgart, Germany; Robert Bosch GmbH, Corporate Research, Stuttgart, Germany; Robert Bosch GmbH, Corporate Research, Stuttgart, Germany; School of Science and Technology, Orebro University, Sweden; Robert Bosch GmbH, Corporate Research, Stuttgart, Germany",2023 IEEE/RSJ International Conference on Intelligent Robots and Systems (IROS),"13 Dec 2023","2023","","","229","236","For robots navigating in dynamic environments, exploiting and understanding uncertain human motion prediction is key to generate efficient, safe and legible actions. The robot may perform poorly and cause hindrances if it does not reason over possible, multi-modal future social interactions. With the goal of enhancing autonomous navigation in cluttered environments, we propose a novel formulation for nonlinear model predictive control including multi-modal predictions of human motion. As a result, our approach leads to less conservative, smooth and intuitive human-aware navigation with reduced risk of collisions, and shows a good balance between task efficiency, collision avoidance and human comfort. To show its effectiveness, we compare our approach against the state of the art in crowded simulated environments, and with real-world human motion data from the THOR dataset. This comparison shows that we are able to improve task efficiency, keep a larger distance to humans and significantly reduce the collision time, when navigating in cluttered dynamic environ-ments. Furthermore, the method is shown to work robustly with different state-of-the-art human motion predictors.","2153-0866","978-1-6654-9190-7","10.1109/IROS55552.2023.10341702","","https://ieeexplore.ieee.org/stamp/stamp.jsp?arnumber=10341702","","Navigation;Trajectory planning;Robot kinematics;Dynamics;Stochastic processes;Prediction methods;Reliability","","13","","36","IEEE","13 Dec 2023","1-5 Oct. 2023","1-5 Oct. 2023","IEEE","IEEE Conferences"
"Global Map Assisted Multi-Agent Collision Avoidance via Deep Reinforcement Learning around Complex Obstacles","Y. Du; J. Zhang; J. Xu; X. Cheng; S. Cui","Future Network of Intelligence Institute (FNii), School of Science and Engineering (SSE), The Chinese University of Hong Kong, Shenzhen, Shenzhen, China; The State Key Laboratory of Advanced Optical Communication Systems and Networks, School of Electronics, Peking University, Beijing, P. R. China; SSE, FNii, The Chinese University of Hong Kong, Shenzhen, Shenzhen, China; The State Key Laboratory of Advanced Optical Communication Systems and Networks, School of Electronics, Peking University, Beijing, P. R. China; SSE, FNii, The Chinese University of Hong Kong, Shenzhen, Shenzhen, China",2023 IEEE/RSJ International Conference on Intelligent Robots and Systems (IROS),"13 Dec 2023","2023","","","298","305","State-of-the-art multi-agent collision avoidance algorithms face limitations when applied to cluttered public environments, where obstacles may have a variety of shapes and structures. The issue arises because most of these algorithms are agent-level methods. They concentrate solely on preventing collisions between the agents while the obstacles are handled merely out-of-policy. Obstacle-aware policies output an action considering both agents and obstacles. Current obstacle-aware algorithms, mainly based on Lidar sensor data, struggle to handle collision avoidance around complex obstacles. To resolve this issue, this paper investigates how to find a better way to travel around diverse obstacles. In particular, we present a global map assisted collision avoidance algorithm which, following the lead of a high-level goal guide and using an obstacle representation called distance map, considers other agents and obstacles simultaneously. Moreover, our model can be loaded into each agent individually, making it applicable to large maps or more agents. Simulation results indicate that our model outperforms the state-of-the-art algorithms, showing in scenarios with complex obstacles. We present a notion for incorporating global information in decentralized decision-making, along with a method for extending agent-level algorithms to cluttered environments in real-world scenarios.","2153-0866","978-1-6654-9190-7","10.1109/IROS55552.2023.10341762","National Key R&D Program of China(grant numbers:2021ZDOl12700); NSFC(grant numbers:62293482,62125101,62341101); ","https://ieeexplore.ieee.org/stamp/stamp.jsp?arnumber=10341762","","Deep learning;Laser radar;Shape;Navigation;Simulation;Decision making;Reinforcement learning","","8","","20","IEEE","13 Dec 2023","1-5 Oct. 2023","1-5 Oct. 2023","IEEE","IEEE Conferences"
"Learning Terrain-Adaptive Locomotion with Agile Behaviors by Imitating Animals","T. Li; Y. Zhang; C. Zhang; Q. Zhu; J. Sheng; W. Chi; C. Zhou; L. Han","Tencent Robotics X Laboratory, China; Tencent Robotics X Laboratory, China; Tencent Robotics X Laboratory, China; Tencent Robotics X Laboratory, China; Tencent Robotics X Laboratory, China; Tencent Robotics X Laboratory, China; Tencent Robotics X Laboratory, China; Tencent Robotics X Laboratory, China",2023 IEEE/RSJ International Conference on Intelligent Robots and Systems (IROS),"13 Dec 2023","2023","","","339","345","In this paper, we present a general learning framework for controlling a quadruped robot that can mimic the behavior of real animals and traverse challenging terrains. Our method consists of two steps: an imitation learning step to learn from motions of real animals, and a terrain adaptation step to enable generalization to unseen terrains. We capture motions from a Labrador on various terrains to facilitate terrain adaptive locomotion. Our experiments demonstrate that our policy can traverse various terrains and produce a natural-looking behavior. We deployed our method on the real quadruped robot $\boldsymbol{Max}$ [1] via zero-shot simulation-to-reality transfer, achieving a speed of 1.1 m/s on stairs climbing.","2153-0866","978-1-6654-9190-7","10.1109/IROS55552.2023.10342271","","https://ieeexplore.ieee.org/stamp/stamp.jsp?arnumber=10342271","","Laser radar;Animals;Robot vision systems;Stairs;Cameras;Motion capture;Behavioral sciences","","11","","43","IEEE","13 Dec 2023","1-5 Oct. 2023","1-5 Oct. 2023","IEEE","IEEE Conferences"
"Contact Reduction with Bounded Stiffness for Robust Sim-to-Real Transfer of Robot Assembly","N. Vuong; Q. -C. Pham","Singapore Centre for 3D Printing (SC3DP), School of Mechanical and Aerospace Engineering, NTU, Singapore; Singapore Centre for 3D Printing (SC3DP), School of Mechanical and Aerospace Engineering, NTU, Singapore",2023 IEEE/RSJ International Conference on Intelligent Robots and Systems (IROS),"13 Dec 2023","2023","","","361","367","In sim-to-real Reinforcement Learning (RL), a policy is trained in a simulated environment and then deployed on the physical system. The main challenge of sim-to-real RL is to overcome the reality gap - the discrepancies between the real world and its simulated counterpart. Using generic geometric representations, such as convex decomposition, triangular mesh, signed distance field can improve simulation fidelity, and thus potentially narrow the reality gap. Common to these approaches is that many contact points are generated for geometrically-complex objects, which slows down simulation and may cause numerical instability. Contact reduction methods address these issues by limiting the number of contact points, but the validity of these methods for sim-to-real RL has not been confirmed. In this paper, we present a contact reduction method with bounded stiffness to improve the simulation accuracy. Our experiments show that the proposed method critically enables training RL policy for a tight-clearance double pin insertion task and successfully deploying the policy on a rigid, position-controlled physical robot.","2153-0866","978-1-6654-9190-7","10.1109/IROS55552.2023.10341866","National Research Foundation; ","https://ieeexplore.ieee.org/stamp/stamp.jsp?arnumber=10341866","","Training;Limiting;Reinforcement learning;Pins;Task analysis;Intelligent robots","","3","","30","IEEE","13 Dec 2023","1-5 Oct. 2023","1-5 Oct. 2023","IEEE","IEEE Conferences"
"A Bayesian Reinforcement Learning Method for Periodic Robotic Control Under Significant Uncertainty","Y. Jia; P. M. Uriguen Eljuri; T. Taniguchi","Dept. of Info. Science and Engineering, Ritsumeikan University, Japan; Dept. of Info. Science and Engineering, Ritsumeikan University, Japan; Dept. of Info. Science and Engineering, Ritsumeikan University, Japan",2023 IEEE/RSJ International Conference on Intelligent Robots and Systems (IROS),"13 Dec 2023","2023","","","384","391","This paper addresses the lack of research on periodic reinforcement learning for physical robot control by presenting a 3-phase periodic Bayesian reinforcement learning method for uncertain environments. Drawing on cognition theory, the proposed approach achieves effective convergence with fewer training episodes. The coach-based demonstration phase narrows the search space and establishes a foundation for a coarse-to-fine control strategy. The reconnaissance phase enhances adaptability by discovering a valuable global repre-sentation, and the operation phase produces accurate robotic control by applying the learned representation and periodically updating local information. Comparative analysis with state-of-the-art methods validates the efficacy of our approach on exemplar control tasks in simulation and a biomedical project involving a simulated cranial window task.","2153-0866","978-1-6654-9190-7","10.1109/IROS55552.2023.10342166","","https://ieeexplore.ieee.org/stamp/stamp.jsp?arnumber=10342166","","Training;Uncertainty;Robot control;Reinforcement learning;Reconnaissance;Bayes methods;Cranial","","1","","23","IEEE","13 Dec 2023","1-5 Oct. 2023","1-5 Oct. 2023","IEEE","IEEE Conferences"
"Residual Physics Learning and System Identification for Sim-to-real Transfer of Policies on Buoyancy Assisted Legged Robots","N. Sontakke; H. Chae; S. Lee; T. Huang; D. W. Hong; S. Hal","School of Interactive Computing, Georgia Institute of Technology, Atlanta, GA, USA; Department of Mechanical and Aerospace Engineering, Los Angeles (UCLA), University of California, Los Angeles, CA, USA; Department of Computer Science, Los Angeles (UCLA), University of California, Los Angeles, CA, USA; School of Interactive Computing, Georgia Institute of Technology, Atlanta, GA, USA; Department of Mechanical and Aerospace Engineering, Los Angeles (UCLA), University of California, Los Angeles, CA, USA; School of Interactive Computing, Georgia Institute of Technology, Atlanta, GA, USA",2023 IEEE/RSJ International Conference on Intelligent Robots and Systems (IROS),"13 Dec 2023","2023","","","392","399","The light and soft characteristics of Buoyancy Assisted Lightweight Legged Unit (BALLU) robots have a great potential to provide intrinsically safe interactions in environments involving humans, unlike many heavy and rigid robots. However, their unique and sensitive dynamics impose challenges to obtaining robust control policies in the real world. In this work, we demonstrate robust sim-to-real transfer of control policies on the BALLU robots via system identification and our novel residual physics learning method, Environment Mimic (EnvMimic). First, we model the nonlinear dynamics of the actuators by collecting hardware data and optimizing the simulation parameters. Rather than relying on standard supervised learning formulations, we utilize deep reinforcement learning to train an external force policy to match real-world trajectories, which enables us to model residual physics with greater fidelity. We analyze the improved simulation fidelity by comparing the simulation trajectories against the real-world ones. We finally demonstrate that the improved simulator allows us to learn better walking and turning policies that can be successfully deployed on the hardware of BALLU.","2153-0866","978-1-6654-9190-7","10.1109/IROS55552.2023.10342062","National Science Foundation(grant numbers:2024768); ","https://ieeexplore.ieee.org/stamp/stamp.jsp?arnumber=10342062","","Legged locomotion;Supervised learning;Buoyancy;Robot sensing systems;Turning;Hardware;Trajectory","","14","","61","IEEE","13 Dec 2023","1-5 Oct. 2023","1-5 Oct. 2023","IEEE","IEEE Conferences"
"Data-Efficient Online Learning of Ball Placement in Robot Table Tennis","P. Tobuschat; H. Ma; D. Büchler; B. Schölkopf; M. Muehlebach","The Max Planck Institute for Intelligent Systems, Tübingen, Germany; The Max Planck Institute for Intelligent Systems, Tübingen, Germany; The Max Planck Institute for Intelligent Systems, Tübingen, Germany; The Max Planck Institute for Intelligent Systems, Tübingen, Germany; The Max Planck Institute for Intelligent Systems, Tübingen, Germany",2023 IEEE/RSJ International Conference on Intelligent Robots and Systems (IROS),"13 Dec 2023","2023","","","567","573","We present an implementation of an online op-timization algorithm for hitting a predefined target when returning ping-pong balls with a table tennis robot. The online algorithm optimizes over so-called interception policies, which define the manner in which the robot arm intercepts the ball. In our case, these are composed of the state of the robot arm (position and velocity) at interception time. Gradient information is provided to the optimization algorithm via the mapping from the interception policy to the landing point of the ball on the table, which is approximated with a black-box and a grey-box approach. Our algorithm is applied to a robotic arm with four degrees of freedom that is driven by pneumatic artificial muscles. As a result, the robot arm is able to return the ball onto any predefined target on the table after about 2–5 iterations. We highlight the robustness of our approach by showing rapid convergence with both the black-box and the grey-box gradients. In addition, the small number of iterations required to reach close proximity to the target also underlines the sample efficiency. A demonstration video can be found here: https://youtu.be/VC3KJoCss0k.","2153-0866","978-1-6654-9190-7","10.1109/IROS55552.2023.10342132","","https://ieeexplore.ieee.org/stamp/stamp.jsp?arnumber=10342132","","Closed box;Pneumatic systems;Manipulators;Approximation algorithms;Prediction algorithms;Robustness;Robots","","2","","33","IEEE","13 Dec 2023","1-5 Oct. 2023","1-5 Oct. 2023","IEEE","IEEE Conferences"
"Domain Randomization for Robust, Affordable and Effective Closed-Loop Control of Soft Robots","G. Tiboni; A. Protopapa; T. Tommasi; G. Averta","Politecnico di Torino, Turin, Italy; Politecnico di Torino, Turin, Italy; Politecnico di Torino, Turin, Italy; Politecnico di Torino, Turin, Italy",2023 IEEE/RSJ International Conference on Intelligent Robots and Systems (IROS),"13 Dec 2023","2023","","","612","619","Soft robots are gaining popularity thanks to their intrinsic safety to contacts and adaptability. However, the potentially infinite number of Degrees of Freedom makes their modeling a daunting task, and in many cases only an approximated description is available. This challenge makes reinforcement learning (RL) based approaches inefficient when deployed on a realistic scenario, due to the large domain gap between models and the real platform. In this work, we demonstrate, for the first time, how Domain Randomization (DR) can solve this problem by enhancing RL policies for soft robots with: i) robustness w.r.t. unknown dynamics parameters; ii) reduced training times by exploiting drastically simpler dynamic models for learning; iii) better environment exploration, which can lead to exploitation of environmental constraints for optimal performance. Moreover, we introduce a novel algorithmic extension to previous adaptive domain randomization methods for the automatic inference of dynamics parameters for deformable objects. We provide an extensive evaluation in simulation on four different tasks and two soft robot designs, opening interesting perspectives for future research on Reinforcement Learning for closed-loop soft robot control.","2153-0866","978-1-6654-9190-7","10.1109/IROS55552.2023.10342537","","https://ieeexplore.ieee.org/stamp/stamp.jsp?arnumber=10342537","","Training;Adaptation models;Heuristic algorithms;Reinforcement learning;Soft robotics;Robustness;Trajectory","","9","","36","IEEE","13 Dec 2023","1-5 Oct. 2023","1-5 Oct. 2023","IEEE","IEEE Conferences"
"Multi-UAV Adaptive Path Planning Using Deep Reinforcement Learning","J. Westheider; J. Rückin; M. Popović","Cluster of Excellence PhenoRob, Institute of Geodesy and Geoinformation, University of Bonn; Cluster of Excellence PhenoRob, Institute of Geodesy and Geoinformation, University of Bonn; Cluster of Excellence PhenoRob, Institute of Geodesy and Geoinformation, University of Bonn",2023 IEEE/RSJ International Conference on Intelligent Robots and Systems (IROS),"13 Dec 2023","2023","","","649","656","Efficient aerial data collection is important in many remote sensing applications. In large-scale monitoring scenarios, deploying a team of unmanned aerial vehicles (UAVs) offers improved spatial coverage and robustness against individual failures. However, a key challenge is cooperative path planning for the UAVs to efficiently achieve a joint mission goal. We propose a novel multi-agent informative path planning approach based on deep reinforcement learning for adaptive terrain monitoring scenarios using UAV teams. We introduce new network feature representations to effectively learn path planning in a 3D workspace. By leveraging a counterfactual baseline, our approach explicitly addresses credit assignment to learn cooperative behaviour. Our experimental evaluation shows improved planning performance, i.e. maps regions of interest more quickly, with respect to non-counterfactual variants. Results on synthetic and real-world data show that our approach has superior performance compared to state-of-the-art non-learning-based methods, while being transferable to varying team sizes and communication constraints.","2153-0866","978-1-6654-9190-7","10.1109/IROS55552.2023.10342516","","https://ieeexplore.ieee.org/stamp/stamp.jsp?arnumber=10342516","","Deep learning;Three-dimensional displays;Reinforcement learning;Autonomous aerial vehicles;Path planning;Robustness;Planning","","61","","28","IEEE","13 Dec 2023","1-5 Oct. 2023","1-5 Oct. 2023","IEEE","IEEE Conferences"
"Reinforced Potential Field for Multi-Robot Motion Planning in Cluttered Environments","D. Zhang; X. Zhang; Z. Zhang; B. Zhu; Q. Zhang","School of Aeronautics and Astronautics, Sun Yatsen University, Shenzhen, P.R. China; School of Aeronautics and Astronautics, Sun Yatsen University, Shenzhen, P.R. China; School of Aeronautics and Astronautics, Sun Yatsen University, Shenzhen, P.R. China; School of Aeronautics and Astronautics, Sun Yatsen University, Shenzhen, P.R. China; School of Aeronautics and Astronautics, Sun Yatsen University, Shenzhen, P.R. China",2023 IEEE/RSJ International Conference on Intelligent Robots and Systems (IROS),"13 Dec 2023","2023","","","699","704","Motion planning is challenging for multiple robots in cluttered environments without communication, especially in view of real-time efficiency, motion safety, distributed computation, and trajectory optimality, etc. In this paper, a reinforced potential field method is developed for distributed multi-robot motion planning, which is a synthesized design of reinforcement learning and artificial potential fields. An observation embedding with a self-attention mechanism is presented to model the robot-robot and robot-environment interactions. A soft wall-following rule is developed to improve the trajectory smoothness. Our method belongs to reactive planning, but environment properties are implicitly encoded. The total amount of robots in our method can be scaled up to any number. The performance improvement over a vanilla APF and RL method has been demonstrated via numerical simulations. Experiments are also performed using quadrotors to further illustrate the competence of our method.","2153-0866","978-1-6654-9190-7","10.1109/IROS55552.2023.10342416","National Nature Science Foundation of China(grant numbers:62103451); Shenzhen Science and Technology Program(grant numbers:JCYJ20220530145209021); Ministry of Education of China(grant numbers:2021ZYA02017); ","https://ieeexplore.ieee.org/stamp/stamp.jsp?arnumber=10342416","","Heuristic algorithms;Dynamics;Reinforcement learning;Numerical simulation;Robot sensing systems;Real-time systems;Planning","","6","","25","IEEE","13 Dec 2023","1-5 Oct. 2023","1-5 Oct. 2023","IEEE","IEEE Conferences"
"A Composite Control Strategy for Quadruped Robot by Integrating Reinforcement Learning and Model-Based Control","S. Lyu; H. Zhao; D. Wang","Machine Intelligence Lab (MiLAB), School of Engineering, Westlake University, Hangzhou, China; Machine Intelligence Lab (MiLAB), School of Engineering, Westlake University, Hangzhou, China; Machine Intelligence Lab (MiLAB), School of Engineering, Westlake University, Hangzhou, China",2023 IEEE/RSJ International Conference on Intelligent Robots and Systems (IROS),"13 Dec 2023","2023","","","751","758","Locomotion in the wild requires the quadruped robot to have strong capabilities in adaptation and robustness. The deep reinforcement learning (DRL) exhibits the huge potential in environmental adaptability, while its stability issues remain open. On the other hand, the quadruped robot dynamic model contains a lot of useful information that is beneficial to the robust control. The combination of DRL with model-based control may take both strengths and hold promises in better robustness. In this paper, the DRL and the proposed model-based controller are firmly integrated in a novel manner such that the proposed model-based controller is able to rectify the gait commands generated by DRL based on the system dynamic model so as to enhance the robustness of the quadruped robot against the external disturbances. Besides, a potential energy function is introduced to achieve the compliant contact. The stability of the proposed method is ensured in terms of passivity analysis. Several physical experiments are carried out to verify the performance of the proposed method.","2153-0866","978-1-6654-9190-7","10.1109/IROS55552.2023.10341908","","https://ieeexplore.ieee.org/stamp/stamp.jsp?arnumber=10341908","","Potential energy;Robust control;Legged locomotion;Adaptation models;System dynamics;Reinforcement learning;Robustness","","6","","24","IEEE","13 Dec 2023","1-5 Oct. 2023","1-5 Oct. 2023","IEEE","IEEE Conferences"
"Modular Neural Network Policies for Learning In-Flight Object Catching with a Robot Hand-Arm System","W. Hu; F. Acero; E. Triantafyllidis; Z. Liu; Z. Li","School of Informatics, University of Edinburgh, UK; Department of Computer Science, University College London, UK; School of Informatics, University of Edinburgh, UK; School of Informatics, University of Edinburgh, UK; Department of Computer Science, University College London, UK",2023 IEEE/RSJ International Conference on Intelligent Robots and Systems (IROS),"13 Dec 2023","2023","","","944","951","We present a modular framework designed to enable a robot hand-arm system to learn how to catch flying objects, a task that requires fast, reactive, and accurately-timed robot motions. Our framework consists of five core modules: (i) an object state estimator that learns object trajectory prediction, (ii) a catching pose quality network that learns to score and rank object poses for catching, (iii) a reaching control policy trained to move the robot hand to pre-catch poses, (iv) a grasping control policy trained to perform soft catching motions for safe and robust grasping, and (v) a gating network trained to synthesize the actions given by the reaching and grasping policy. The former two modules are trained via supervised learning and the latter three use deep reinforcement learning in a simulated environment. We conduct extensive evaluations of our framework in simulation for each module and the integrated system, to demonstrate high success rates of in-flight catching and robustness to perturbations and sensory noise. Whilst only simple cylindrical and spherical objects are used for training, the integrated system shows successful generalization to a variety of household objects that are not used in training.","2153-0866","978-1-6654-9190-7","10.1109/IROS55552.2023.10341463","","https://ieeexplore.ieee.org/stamp/stamp.jsp?arnumber=10341463","","Training;Deep learning;Perturbation methods;Supervised learning;Grasping;Reinforcement learning;Robot sensing systems","","5","","19","IEEE","13 Dec 2023","1-5 Oct. 2023","1-5 Oct. 2023","IEEE","IEEE Conferences"
"QDP: Learning to Sequentially Optimise Quasi-Static and Dynamic Manipulation Primitives for Robotic Cloth Manipulation","D. Blanco-Mulero; G. Alcan; F. J. Abu-Dakka; V. Kyrki","School of Electrical Engineering, Aalto University, Finland; School of Electrical Engineering, Aalto University, Finland; Munich Institute of Robotics and Machine Intelligence, Technische Universität München, München, Germany; School of Electrical Engineering, Aalto University, Finland",2023 IEEE/RSJ International Conference on Intelligent Robots and Systems (IROS),"13 Dec 2023","2023","","","984","991","Pre-defined manipulation primitives are widely used for cloth manipulation. However, cloth properties such as its stiffness or density can highly impact the performance of these primitives. Although existing solutions have tackled the parameterisation of pick and place locations, the effect of factors such as the velocity or trajectory of quasi-static and dynamic manipulation primitives has been neglected. Choosing appropriate values for these parameters is crucial to cope with the range of materials present in house-hold cloth objects. To address this challenge, we introduce the Quasi-Dynamic Parameterisable (QDP) method, which optimises parameters such as the motion velocity in addition to the pick and place positions of quasi-static and dynamic manipulation primitives. In this work, we leverage the framework of Sequential Reinforcement Learning to decouple sequentially the parameters that compose the primitives. To evaluate the effectiveness of the method, we focus on the task of cloth unfolding with a robotic arm in simulation and real-world experiments. Our results in simulation show that by deciding the optimal parameters for the primitives the performance can improve by 20% compared to sub-optimal ones. Real-world results demonstrate the advantage of modifying the velocity and height of manipulation primitives for cloths with different mass, stiffness, shape, and size. Supplementary material, videos, and code, can be found at https://sites.google.com/view/qdp-srl.","2153-0866","978-1-6654-9190-7","10.1109/IROS55552.2023.10342002","Academy of Finland(grant numbers:317020,328399); ","https://ieeexplore.ieee.org/stamp/stamp.jsp?arnumber=10342002","","Shape;Dynamics;Reinforcement learning;Real-time systems;Fabrics;Trajectory;Task analysis","","14","","27","IEEE","13 Dec 2023","1-5 Oct. 2023","1-5 Oct. 2023","IEEE","IEEE Conferences"
"GOATS: Goal Sampling Adaptation for Scooping with Curriculum Reinforcement Learning","Y. Niu; S. Jin; Z. Zhang; J. Zhu; D. Zhao; L. Zhang","Carnegie Mellon University; Robotics and Autonomous Driving Lab, Baidu Research, USA; Robotics and Autonomous Driving Lab, Baidu Research, USA; Carnegie Mellon University; Carnegie Mellon University; Robotics and Autonomous Driving Lab, Baidu Research, USA",2023 IEEE/RSJ International Conference on Intelligent Robots and Systems (IROS),"13 Dec 2023","2023","","","1023","1030","In this work, we first formulate the problem of robotic water scooping using goal-conditioned reinforcement learning. This task is particularly challenging due to the complex dynamics of fluid and the need to achieve multi-modal goals. The policy is required to successfully reach both position goals and water amount goals, which leads to a large convoluted goal state space. To overcome these challenges, we introduce Goal Sampling Adaptation for Scooping (GOATS), a curriculum reinforcement learning method that can learn an effective and generalizable policy for robot scooping tasks. Specifically, we use a goal-factorized reward formulation and interpolate position goal distributions and amount goal distributions to create curriculum throughout the learning process. As a result, our proposed method can outperform the baselines in simulation and achieves 5.46% and 8.71% amount errors on bowl scooping and bucket scooping tasks, respectively, under 1000 variations of initial water states in the tank and a large goal state space. Besides being effective in simulation environments, our method can efficiently adapt to noisy real-robot water-scooping scenarios with diverse physical configurations and unseen settings, demonstrating superior efficacy and generalizability. The videos of this work are available on our project page: https://sites.google.com/view/goatscooping.","2153-0866","978-1-6654-9190-7","10.1109/IROS55552.2023.10342221","","https://ieeexplore.ieee.org/stamp/stamp.jsp?arnumber=10342221","","Fluid dynamics;Reinforcement learning;Trajectory;Noise measurement;Task analysis;Intelligent robots;Videos","","9","","33","IEEE","13 Dec 2023","1-5 Oct. 2023","1-5 Oct. 2023","IEEE","IEEE Conferences"
"Resource-Constrained Station-Keeping for Latex Balloons Using Reinforcement Learning","J. Saunders; L. Prenevost; Ö. Şimşek; A. Hunter; W. Li","Department of Computer Science, University of Bath, UK; Lux Aerobot, Montréal, Canada; Department of Computer Science, University of Bath, UK; Department of Mechanical Engineering, University of Bath, UK; Department of Computer Science, University of Bath, UK",2023 IEEE/RSJ International Conference on Intelligent Robots and Systems (IROS),"13 Dec 2023","2023","","","1102","1109","High altitude balloons have proved useful for ecological aerial surveys, atmospheric monitoring, and communication relays. However, due to weight and power constraints, there is a need to investigate alternate modes of propulsion to navigate in the stratosphere. Very recently, reinforcement learning has been proposed as a control scheme to maintain balloons in the region of a fixed location, facilitated through diverse opposing wind-fields at different altitudes. Although air-pump based station keeping has been explored, there is no research on the control problem for venting and ballasting actuated balloons, which is commonly used as a low-cost alternative. We show how reinforcement learning can be used for this type of balloon. Specifically, we use the soft actor-critic algorithm, which on average is able to station-keep within 50 km for on average 25% of the flight, consistent with state-of-the-art. Furthermore, we show that the proposed controller effectively minimises the consumption of resources, thereby supporting long duration flights. We frame the controller as a continuous control reinforcement learning problem, which allows for a more diverse range of trajectories, as opposed to current state-of-the-art work, which uses discrete action spaces. Furthermore, through continuous control, we can make use of larger ascent rates which are not possible using air-pumps. The desired ascent-rate is decoupled into desired altitude and time-factor to provide a more transparent policy, compared to low-level control commands used in previous works. Finally, by applying the equations of motion, we establish appropriate thresholds for venting and ballasting to prevent the agent from exploiting the environment. More specifically, we ensure actions are physically feasible by enforcing constraints on venting and ballasting.","2153-0866","978-1-6654-9190-7","10.1109/IROS55552.2023.10341711","","https://ieeexplore.ieee.org/stamp/stamp.jsp?arnumber=10341711","","Surveys;Electronic ballasts;Green products;Terrestrial atmosphere;Reinforcement learning;Aerospace electronics;Propulsion","","7","","34","IEEE","13 Dec 2023","1-5 Oct. 2023","1-5 Oct. 2023","IEEE","IEEE Conferences"
"UPPLIED: UAV Path Planning for Inspection Through Demonstration","S. S. Kannan; V. L. N. Venkatesh; R. K. Senthilkumaran; B. -C. Min","Department of Computer and Information Technology, SMART Lab, Purdue University, West Lafayette, IN, USA; Department of Computer and Information Technology, SMART Lab, Purdue University, West Lafayette, IN, USA; Department of Computer and Information Technology, SMART Lab, Purdue University; Department of Computer and Information Technology, SMART Lab, Purdue University, West Lafayette, IN, USA",2023 IEEE/RSJ International Conference on Intelligent Robots and Systems (IROS),"13 Dec 2023","2023","","","1126","1133","In this paper, a new demonstration-based path-planning framework for the visual inspection of large structures using UAVs is proposed. We introduce UPPLIED: UAV Path PLanning for InspEction through Demonstration, which utilizes a demonstrated trajectory to generate a new trajectory to inspect other structures of the same kind. The demonstrated trajectory can inspect specific regions of the structure and the new trajectory generated by UPPLIED inspects similar regions in the other structure. The proposed method generates inspection points from the demonstrated trajectory and uses standardization to translate those inspection points to inspect the new structure. Finally, the position of these inspection points is optimized to refine their view. Numerous experiments were conducted with various structures and the proposed framework was able to generate inspection trajectories of various kinds for different structures based on the demonstration. The trajectories generated match with the demonstrated trajectory in geometry and at the same time inspect the regions inspected by the demonstration trajectory with minimum deviation. The experimental video of the work can be found at https://youtu.be/YqPx-cLkv04.","2153-0866","978-1-6654-9190-7","10.1109/IROS55552.2023.10342478","","https://ieeexplore.ieee.org/stamp/stamp.jsp?arnumber=10342478","","Geometry;Visualization;Solid modeling;Three-dimensional displays;Databases;Standardization;Inspection","","2","","27","IEEE","13 Dec 2023","1-5 Oct. 2023","1-5 Oct. 2023","IEEE","IEEE Conferences"
"Viewpoint Push Planning for Mapping of Unknown Confined Spaces","N. Dengler; S. Pan; V. Kalagaturu; R. Menon; M. Dawood; M. Bennewitz","Humanoid Robots Lab, University of Bonn, Germany; Humanoid Robots Lab, University of Bonn, Germany; Humanoid Robots Lab, University of Bonn, Germany; Humanoid Robots Lab, University of Bonn, Germany; Humanoid Robots Lab, University of Bonn, Germany; Humanoid Robots Lab, University of Bonn, Germany",2023 IEEE/RSJ International Conference on Intelligent Robots and Systems (IROS),"13 Dec 2023","2023","","","1178","1184","Viewpoint planning is an important task in any application where objects or scenes need to be viewed from different angles to achieve sufficient coverage. The mapping of confined spaces such as shelves is an especially challenging task since objects occlude each other and the scene can only be observed from the front, posing limitations on the possible viewpoints. In this paper, we propose a deep reinforcement learning framework that generates promising views aiming at reducing the map entropy. Additionally, the pipeline extends standard viewpoint planning by predicting adequate minimally invasive push actions to uncover occluded objects and increase the visible space. Using a 2.5D occupancy height map as state representation that can be efficiently updated, our system decides whether to plan a new viewpoint or perform a push. To learn feasible pushes, we use a neural network to sample push candidates on the map based on training data provided by human experts. As simulated and real-world experimental results with a robotic arm show, our system is able to significantly increase the mapped space compared to different baselines, while the executed push actions highly benefit the viewpoint planner with only minor changes to the object configuration.","2153-0866","978-1-6654-9190-7","10.1109/IROS55552.2023.10341809","European Commission(grant numbers:964854-RePAIR-H2020-FETOPEN-2018-2020); Deutsche Forschungsgemeinschaft (DFG, German Research Foundation)(grant numbers:EXC-2070 - 390732324); ","https://ieeexplore.ieee.org/stamp/stamp.jsp?arnumber=10341809","","Minimally invasive surgery;Runtime;Pipelines;Robot vision systems;Training data;Reinforcement learning;Real-time systems","","8","","39","IEEE","13 Dec 2023","1-5 Oct. 2023","1-5 Oct. 2023","IEEE","IEEE Conferences"
"Learning from Pixels with Expert Observations","M. -H. Hoang; L. Dinh; H. Nguyen","University of Science, Ho Chi Minh City, Vietnam; Hanoi University of Science & Technology, Hanoi, Vietnam; Northeastern University, Boston, MA, USA",2023 IEEE/RSJ International Conference on Intelligent Robots and Systems (IROS),"13 Dec 2023","2023","","","1200","1206","In reinforcement learning (RL), sparse rewards can present a significant challenge. Fortunately, expert actions can be utilized to overcome this issue. However, acquiring explicit expert actions can be costly, and expert observations are often more readily available. This paper presents a new approach that uses expert observations for learning in robot manipulation tasks with sparse rewards from pixel observations. Specifically, our technique involves using expert observations as intermediate visual goals for a goal-conditioned RL agent, enabling it to complete a task by successively reaching a series of goals. We demonstrate the efficacy of our method in five challenging block construction tasks in simulation and show that when combined with two state-of-the-art agents, our approach can significantly improve their performance while requiring 4–20 times fewer expert actions during training. Moreover, our method is also superior to a hierarchical baseline.","2153-0866","978-1-6654-9190-7","10.1109/IROS55552.2023.10342043","","https://ieeexplore.ieee.org/stamp/stamp.jsp?arnumber=10342043","","Training;Visualization;Neural networks;Reinforcement learning;Task analysis;Intelligent robots","","1","","38","IEEE","13 Dec 2023","1-5 Oct. 2023","1-5 Oct. 2023","IEEE","IEEE Conferences"
"RMBench: Benchmarking Deep Reinforcement Learning for Robotic Manipulator Control","Y. Xiang; X. Wang; S. Hu; B. Zhu; X. Huang; X. Wu; S. Lyu","Department of Earth System Science, Ministry of Education, Key Laboratory for Earth System Modeling, Institute for Global Change Studies, Tsinghua University, Beijing, China; University at Albany, State University of New York, USA; Carnegie Mellon University, USA; Microsoft Research Asia, China; Department of Earth System Science, Ministry of Education, Key Laboratory for Earth System Modeling, Institute for Global Change Studies, Tsinghua University, Beijing, China; Chengdu University of Information Technology, China; University at Buffalo, State University of New York, USA",2023 IEEE/RSJ International Conference on Intelligent Robots and Systems (IROS),"13 Dec 2023","2023","","","1207","1214","Reinforcement learning is used to tackle complex tasks with high-dimensional sensory inputs. Over the past decade, a wide range of reinforcement learning algorithms have been developed, with recent progress benefiting from deep learning for raw sensory signal representation. This raises a natural question: how well do these algorithms perform across different robotic manipulation tasks? To objectively compare algorithms, benchmarks use performance metrics. Benchmarks use objective performance metrics to offer a scientific way to compare algorithms. In this paper, we introduce RMBench, the first benchmark for robotic manipulations with high-dimensional continuous action and state spaces. We implement and evaluate reinforcement learning algorithms that take observed pixels as inputs and report their average performance and learning curves to demonstrate their performance and training stability. Our study concludes that none of the evaluated algorithms can handle all tasks well, with soft Actor-Critic outperforming most algorithms in terms of average reward and stability, and an algorithm combined with data augmentation potentially facilitating learning policies. Our code is publicly available at https://github.com/xiangyanfei212/RMBench-2022.git, including all benchmark tasks and studied algorithms.","2153-0866","978-1-6654-9190-7","10.1109/IROS55552.2023.10342479","National Natural Science Foundation of China(grant numbers:42125503,42075137); ","https://ieeexplore.ieee.org/stamp/stamp.jsp?arnumber=10342479","","Measurement;Deep learning;Training;Reinforcement learning;Benchmark testing;Robot sensing systems;Manipulators","","4","","53","IEEE","13 Dec 2023","1-5 Oct. 2023","1-5 Oct. 2023","IEEE","IEEE Conferences"
"Object-Oriented Option Framework for Robotics Manipulation in Clutter","J. -C. Pang; S. -H. Yang; X. -H. Chen; X. Yang; Y. Yu; M. Ma; Z. Guo; H. Yang; B. Huang","National Key Laboratory of Novel Software Technology, Nanjing University; National Key Laboratory of Novel Software Technology, Nanjing University; National Key Laboratory of Novel Software Technology, Nanjing University; National Key Laboratory of Novel Software Technology, Nanjing University; National Key Laboratory of Novel Software Technology, Nanjing University; CloudMinds Robotics; National Key Laboratory of Novel Software Technology, Nanjing University; National Key Laboratory of Novel Software Technology, Nanjing University; National Key Laboratory of Novel Software Technology, Nanjing University",2023 IEEE/RSJ International Conference on Intelligent Robots and Systems (IROS),"13 Dec 2023","2023","","","1230","1237","Domestic service robots are becoming increasingly popular due to their ability to help people with household tasks. These robots often encounter the challenge of manipulating objects in cluttered environments (MoC), which is difficult due to the complexity of effective planning and control. Previous solutions involved designing specific action primitives and planning paradigms. However, the pre-coded action primitives can limit the agility and task-solving scope of robots. In this paper, we propose a general approach for MoC called the Object-Oriented Option Framework (O3F), which uses the option framework (OF) to learn planning and control. The standard OF discovers options from scratch based on reinforcement learning, which can lead to collapsed options and hurt learning. To address this limitation, O3F introduces the concept of an object-oriented option space for OF, which focuses specifically on object movement and overcomes the challenges associated with collapsed options. Based on this, we train an object-oriented option planner to determine the option to execute and a universal object-oriented option executor to complete the option. Simulation experiments on the Ginger XR1 robot and robot arm show that O3F is generally applicable to various types of robot and manipulation tasks. Furthermore, O3F achieves success rates of 72.4% and 90% in grasping and object collecting tasks, respectively, significantly outperforming baseline methods.","2153-0866","978-1-6654-9190-7","10.1109/IROS55552.2023.10342335","National Key Research and Development Program of China(grant numbers:2021ZD0140409); National Science Foundation of China(grant numbers:61921006,61876119,62276126); Natural Science Foundation of Jiangsu(grant numbers:BK20221442); ","https://ieeexplore.ieee.org/stamp/stamp.jsp?arnumber=10342335","","Service robots;Reinforcement learning;Grasping;Manipulators;Planning;Complexity theory;Task analysis","","6","","53","IEEE","13 Dec 2023","1-5 Oct. 2023","1-5 Oct. 2023","IEEE","IEEE Conferences"
"Learning to Map Efficiently by Active Echolocation","X. Hu; S. Purushwalkam; D. Harwath; K. Grauman","Department of Computer Science, The University of Texas at Austin; Salesforce, Inc.; Department of Computer Science, The University of Texas at Austin; Department of Computer Science, The University of Texas at Austin",2023 IEEE/RSJ International Conference on Intelligent Robots and Systems (IROS),"13 Dec 2023","2023","","","1505","1510","Using visual SLAM to map new environments requires time-consuming visits to all regions for data collection. We propose an approach to estimate maps of areas beyond the visible regions using a cheap and readily available modality of data-sound. We introduce the idea of an active audio-visual mapping agent. Besides collecting visual data, the proposed agent emits sounds during navigation, captures the echoes, and uses them to accurately map unknown areas. We propose a reinforcement learning based method that simultaneously trains models to 1) estimate a map from the visual data, 2) output navigation actions, 3) output the decision to emit a sound and 4) refine estimated mans using the cantured audio. Our agent is trained and tested on 85 real-world homes from the Matterport3D dataset using the Habitat and SoundSpaces simulators for visual and audio data. Our method, unlike visual-data reliant approaches, yields more accurate maps with broader environmental coverage. In addition, compared to an agent that continually emits sounds, we observe that intelligently choosing when to emit sounds leads to accurate maps obatined with greater efficiency.","2153-0866","978-1-6654-9190-7","10.1109/IROS55552.2023.10341664","","https://ieeexplore.ieee.org/stamp/stamp.jsp?arnumber=10341664","","Visualization;Simultaneous localization and mapping;Navigation;Habitats;Reinforcement learning;Data collection;Data models","","2","","36","IEEE","13 Dec 2023","1-5 Oct. 2023","1-5 Oct. 2023","IEEE","IEEE Conferences"
"Joint Imitation Learning of Behavior Decision and Control for Autonomous Intersection Navigation","Z. Zhu; H. Zhao","Key Laboratory of Machine Perception (MOE), School of Intelligence Science and Technology, Peking University, Beijing, China; Key Laboratory of Machine Perception (MOE), School of Intelligence Science and Technology, Peking University, Beijing, China",2023 IEEE/RSJ International Conference on Intelligent Robots and Systems (IROS),"13 Dec 2023","2023","","","1564","1571","Modern autonomous driving systems face substantial challenges when navigating dense intersections due to the high uncertainty introduced by other road users. Due to the complexity of the task, the autonomous vehicle needs to generate policies at multiple levels of abstraction. However, previous deep imitation learning methods focused on learning control policies while using simple rule-based behavior models. To bridge this gap and achieve human-like driving, we develop a hierarchy of high-level behavior decision and low-level control, where both policies are jointly learned from human demonstrations based on imitation learning. Over 60 hours of driving data from 10 drivers at six intersections was collected. The proposed method is extensively evaluated in challenging intersection scenarios. Empirical results demonstrate the method's superior performance over baselines in terms of task completion and control quality. We demonstrate the importance of learning human-like behavior decisions as well as joint learning of behavior and control policies. The capability of imitating different driving styles is also illustrated.","2153-0866","978-1-6654-9190-7","10.1109/IROS55552.2023.10342405","National Natural Science Foundation of China(grant numbers:61973004); ","https://ieeexplore.ieee.org/stamp/stamp.jsp?arnumber=10342405","","Learning systems;Uncertainty;Navigation;Roads;Behavioral sciences;Task analysis;Autonomous vehicles","","1","","38","IEEE","13 Dec 2023","1-5 Oct. 2023","1-5 Oct. 2023","IEEE","IEEE Conferences"
"Improving the Performance of Backward Chained Behavior Trees that use Reinforcement Learning","M. Kartasev; J. Salér; P. Ögren","Robotics, Perception and Learning Lab., School of Electrical Engineering and Computer Science, Royal Institute of Technology (KTH), Sweden; Robotics, Perception and Learning Lab., School of Electrical Engineering and Computer Science, Royal Institute of Technology (KTH), Sweden; Robotics, Perception and Learning Lab., School of Electrical Engineering and Computer Science, Royal Institute of Technology (KTH), Sweden",2023 IEEE/RSJ International Conference on Intelligent Robots and Systems (IROS),"13 Dec 2023","2023","","","1572","1579","In this paper we show how to improve the performance of backward chained behavior trees (BTs) that include policies trained with reinforcement learning (RL). BTs represent a hierarchical and modular way of combining control policies into higher level control policies. Backward chaining is a design principle for the construction of BTs that combines reactivity with goal directed actions in a structured way. The backward chained structure has also enabled convergence proofs for BTs, identifying a set of local conditions to be satisfied for the convergence of all trajectories to a set of desired goal states. The key idea of this paper is to improve performance of backward chained BTs by using the conditions identified in a theoretical convergence proof to configure the RL problems for individual controllers. Specifically, previous analysis identified so-called active constraint conditions (ACCs), that should not be violated in order to avoid having to return to work on previously achieved subgoals. We propose a way to set up the RL problems, such that they do not only achieve each immediate subgoal, but also avoid violating the identified ACCs. The resulting performance improvement depends on how often ACC violations occurred before the change, and how much effort, in terms of execution time, was needed to re-achieve them. The proposed approach is illustrated in a dynamic simulation environment.","2153-0866","978-1-6654-9190-7","10.1109/IROS55552.2023.10342319","","https://ieeexplore.ieee.org/stamp/stamp.jsp?arnumber=10342319","Behavior trees;Reinforcement learning;Autonomous systems;Artificial Intelligence","Training;Reinforcement learning;Behavioral sciences;Trajectory;Level control;Intelligent robots;Convergence","","3","","28","IEEE","13 Dec 2023","1-5 Oct. 2023","1-5 Oct. 2023","IEEE","IEEE Conferences"
"Fast Decision Support for Air Traffic Management at Urban Air Mobility Vertiports Using Graph Learning","P. KrisshnaKumar; J. Witter; S. Paul; H. Cho; K. Dantu; S. Chowdhury","Department of Mechanical and Aerospace Engineering, University at Buffalo, Buffalo, NY; Department of Mechanical and Aerospace Engineering, University at Buffalo, Buffalo, NY; Department of Mechanical and Aerospace Engineering, University at Buffalo, Buffalo, NY; Department of Mechanical and Aerospace Engineering, University at Buffalo, Buffalo, NY; Department of Computer Science and Engineering, University at Buffalo, Buffalo, NY; Department of Mechanical and Aerospace Engineering, University at Buffalo, Buffalo, NY",2023 IEEE/RSJ International Conference on Intelligent Robots and Systems (IROS),"13 Dec 2023","2023","","","1580","1585","Urban Air Mobility (UAM) promises a new dimension to decongested, safe, and fast travel in urban and suburban hubs. These UAM aircraft are conceived to operate from small airports called vertiports each comprising multiple take-offllanding and battery-recharging spots. Since they might be situated in dense urban areas and need to handle many aircraft landings and take-offs each hour, managing this schedule in real-time becomes challenging for a traditional air-traffic controller but instead calls for an automated solution. This paper provides a novel approach to this problem of Urban Air Mobility - Vertiport Schedule Management (UAM-VSM), which leverages graph reinforcement learning to generate decision-support policies. Here the designated physical spots within the vertiport's airspace and the vehicles being managed are represented as two separate graphs, with feature extraction performed through a graph convolutional network (GCN). Extracted features are passed onto perceptron layers to decide actions such as continue to hover or cruise, continue idling or take-off, or land on an allocated vertiport spot. Performance is measured based on delays, safety (no. of collisions) and battery consumption. Through realistic simulations in AirSim applied to scaled down multi-rotor vehicles, our results demonstrate the suitability of using graph reinforcement learning to solve the UAM-VSM problem and its superiority to basic reinforcement learning (with graph embed dings) or random choice baselines.","2153-0866","978-1-6654-9190-7","10.1109/IROS55552.2023.10341398","National Science Foundation (NSF)(grant numbers:2048020); ","https://ieeexplore.ieee.org/stamp/stamp.jsp?arnumber=10341398","","Schedules;Urban areas;Reinforcement learning;Feature extraction;Real-time systems;Delays;Batteries","","4","","33","IEEE","13 Dec 2023","1-5 Oct. 2023","1-5 Oct. 2023","IEEE","IEEE Conferences"
"Adversarial Driving Behavior Generation Incorporating Human Risk Cognition for Autonomous Vehicle Evaluation","Z. Liu; H. Gao; H. Ma; S. Cai; Y. Hu; T. Qu; H. Chen; X. Gong","School of Artificial Intelligence, Jilin University, China and Engineering Research Center of Knowledge-Driven Human-Machine Intelligence, MOE, China; School of Artificial Intelligence, Jilin University, China and Engineering Research Center of Knowledge-Driven Human-Machine Intelligence, MOE, China; School of Artificial Intelligence, Jilin University, China and Engineering Research Center of Knowledge-Driven Human-Machine Intelligence, MOE, China; College of Communication Engineering, Jilin University, Changchun, China; College of Communication Engineering, Jilin University, Changchun, China; State Key Laboratory of Automotive Simulation and Control, Jilin University, Changchun, China; School of Electronic and Information Engineering Tongji University, Shanghai, China; School of Artificial Intelligence, Jilin University, China and Engineering Research Center of Knowledge-Driven Human-Machine Intelligence, MOE, China",2023 IEEE/RSJ International Conference on Intelligent Robots and Systems (IROS),"13 Dec 2023","2023","","","1609","1614","Autonomous vehicle (AV) evaluation has been the subject of increased interest in recent years both in industry and in academia. This paper focuses on the development of a novel framework for generating adversarial driving behavior of background vehicle interfering against the AV to expose effective and rational risky events. Specifically, the adversarial behavior is learned by a reinforcement learning (RL) approach incorporated with the cumulative prospect theory (CPT) which allows representation of human risk cognition. Then, the extended version of deep deterministic policy gradient (DDPG) technique is proposed for training the adversarial policy while ensuring training stability as the CPT action-value function is leveraged. A comparative case study regarding the cut-in scenario is conducted on a high fidelity Hardware-in-the-Loop (HiL) platform and the results demonstrate the adversarial effectiveness to infer the weakness of the tested AV.","2153-0866","978-1-6654-9190-7","10.1109/IROS55552.2023.10341750","National Key R&D Program of China(grant numbers:2020AAA0108105); ","https://ieeexplore.ieee.org/stamp/stamp.jsp?arnumber=10341750","","Training;Industries;Reinforcement learning;Cognition;Task analysis;Autonomous vehicles;Intelligent robots","","4","","20","IEEE","13 Dec 2023","1-5 Oct. 2023","1-5 Oct. 2023","IEEE","IEEE Conferences"
"The Impact of Overall Optimization on Warehouse Automation","H. Yoshitake; P. Abbeel","IoT Edge Laboratory, Hitachi America. Ltd., Santa Clara, CA, USA; Department of EECS, University of California, Berkeley, CA, USA",2023 IEEE/RSJ International Conference on Intelligent Robots and Systems (IROS),"13 Dec 2023","2023","","","1621","1628","In this study, we propose a novel approach for investigating optimization performance by flexible robot co-ordination in automated warehouses with multi-agent rein-forcement learning (MARL)-based control. Automated systems using robots are expected to achieve efficient operations compared with manual systems in terms of overall optimization performance. However, the impact of overall optimization on performance remains unclear in most automated systems due to a lack of suitable control methods. Thus, we proposed a centralized training-and-decentralized execution MARL frame-work as a practical overall optimization control method. In the proposed framework, we also proposed a single shared critic, trained with global states and rewards, applicable to a case in which heterogeneous agents make decisions asynchronously. Our proposed MARL framework was applied to the task selection of material handling equipment through automated order picking simulation, and its performance was evaluated to determine how far overall optimization outperforms partial optimization by comparing it with other MARL frameworks and rule-based control methods.","2153-0866","978-1-6654-9190-7","10.1109/IROS55552.2023.10342333","","https://ieeexplore.ieee.org/stamp/stamp.jsp?arnumber=10342333","","Automation;Service robots;Robot kinematics;Layout;Process control;Materials handling equipment;Task analysis","","5","","37","IEEE","13 Dec 2023","1-5 Oct. 2023","1-5 Oct. 2023","IEEE","IEEE Conferences"
"Hierarchical Decision Transformer","A. Correia; L. A. Alexandre","NOVA LINCS, Universidade da Beira Interior, R. Marquês de Ávila e Bolama 6201–001, Covilhã, Portugal; NOVA LINCS, Universidade da Beira Interior, R. Marquês de Ávila e Bolama 6201–001, Covilhã, Portugal",2023 IEEE/RSJ International Conference on Intelligent Robots and Systems (IROS),"13 Dec 2023","2023","","","1661","1666","Sequence models in reinforcement learning require task knowledge to estimate the task policy. This paper presents the hierarchical decision transformer (HDT). HDT is a hierarchical behavior cloning algorithm that improves the performance of transformer methods in imitation learning, improving their robustness to tasks with longer episodes and/or sparse rewards, without requiring task knowledge or user interaction currently present in the state-of-the-art. The high-level mechanism guides the low-level controller through the task by selecting sub-goals for the latter to reach. This sequence replaces the returns-to-go of previous methods, improving its performance overall, especially in tasks with longer episodes and scarcer rewards. We validate our method in multiple tasks of OpenAI Gym, D4RL, and RoboMimic benchmarks. Our method outperforms the baselines in twenty three out of thirty one settings of varied horizons and reward frequencies without prior task knowledge, showing the advantages of the hierarchical model approach for learning from demonstrations using a sequence model. We also evaluate the method on a reaching task on a physical robot.","2153-0866","978-1-6654-9190-7","10.1109/IROS55552.2023.10342230","","https://ieeexplore.ieee.org/stamp/stamp.jsp?arnumber=10342230","","Learning systems;Cloning;Reinforcement learning;Benchmark testing;Transformers;Robustness;Behavioral sciences","","10","","20","IEEE","13 Dec 2023","1-5 Oct. 2023","1-5 Oct. 2023","IEEE","IEEE Conferences"
"Imitation-Guided Multimodal Policy Generation from Behaviourally Diverse Demonstrations","S. Zhu; R. Kaushik; S. Kaski; V. Kyrki","Department of Computer Science; Department of Electrical Engineering and Automation, Aalto University, Finland; Department of Computer Science; Department of Electrical Engineering and Automation, Aalto University, Finland",2023 IEEE/RSJ International Conference on Intelligent Robots and Systems (IROS),"13 Dec 2023","2023","","","1675","1682","Learning policies from multiple demonstrators is often difficult because different individuals perform the same task differently due to hidden factors such as preferences. In the context of policy learning, this leads to multimodal policies. Existing policy learning methods often converge to a single solution mode, failing to capture the diversity in the solution space. In this paper, we introduce an imitation-guided reinforcement learning framework to solve the multimodal policy learning problem from a limited number of state-only demonstrations. Then, we propose LfBD (Learning from Behaviourally diverse Demonstration), an algorithm that builds a parameterised solution space to capture the variability in the behaviour space defined by demonstrations. To this end, we define a projection function based on the state density distributions from demonstrations to define such space. Our goal is not only to learn how to solve the task as the human demonstrator but also to extrapolate beyond the provided demonstrations. In addition, we show that with our method, we can perform a post-hoc policy search in the built solution space to recover policies that satisfy specific constraints or to find a policy that matches a given (state-only) behaviour.","2153-0866","978-1-6654-9190-7","10.1109/IROS55552.2023.10341403","","https://ieeexplore.ieee.org/stamp/stamp.jsp?arnumber=10341403","","Learning systems;Reinforcement learning;Encoding;Task analysis;Intelligent robots","","","","44","IEEE","13 Dec 2023","1-5 Oct. 2023","1-5 Oct. 2023","IEEE","IEEE Conferences"
"Model-based Adversarial Imitation Learning from Demonstrations and Human Reward","J. Huang; J. Hao; R. Juan; R. Gomez; K. Nakarnura; G. Li","College of Information Science and Engineering, Ocean University of China; College of Information Science and Engineering, Ocean University of China; College of Information Science and Engineering, Ocean University of China; Honda Research Institute Japan Co., Ltd, Wako, Japan; Honda Research Institute Japan Co., Ltd, Wako, Japan; College of Information Science and Engineering, Ocean University of China",2023 IEEE/RSJ International Conference on Intelligent Robots and Systems (IROS),"13 Dec 2023","2023","","","1683","1690","Reinforcement learning (RL) can potentially be applied to real-world robot control in complex and uncertain environments. However, it is difficult or even unpractical to design an efficient reward function for various tasks, especially those large and high-dimensional environments. Generative adversarial imitation learning (GAIL) - a general model-free imitation learning method, allows robots to directly learn policies from expert trajectories in large and high-dimensional environments. However, GAIL is still sample inefficient in terms of environmental interaction. In this paper, to solve this problem, we propose a model-based adversarial imitation learning from demonstrations and human reward (MAILDH), a novel model-based interactive imitation framework combining the advantages of GAIL, interactive RL and model-based RL. We tested our method in eight physics-based discrete and continuous control tasks for RL. Our results show that MAILDH can greatly improve the sample efficiency and robustness compared to the original GAIL.","2153-0866","978-1-6654-9190-7","10.1109/IROS55552.2023.10341411","National Natural Science Foundation of China(grant numbers:51809246); ","https://ieeexplore.ieee.org/stamp/stamp.jsp?arnumber=10341411","","Learning systems;Robot control;Reinforcement learning;Robustness;Trajectory;Task analysis;Intelligent robots","","7","","50","IEEE","13 Dec 2023","1-5 Oct. 2023","1-5 Oct. 2023","IEEE","IEEE Conferences"
"Does Unpredictability Influence Driving Behavior?","S. Samavi; F. Shkurti; A. P. Schoellig","University of Toronto Institute for Aerospace Studies (UTIAS); Department of Computer Science, University of Toronto; Technical University of Munich",2023 IEEE/RSJ International Conference on Intelligent Robots and Systems (IROS),"13 Dec 2023","2023","","","1720","1727","In this paper we investigate the effect of the unpredictability of surrounding cars on an ego-car performing a driving maneuver. We use Maximum Entropy Inverse reinforcement Learning to model reward functions for an ego-car conducting a lane change in a highway setting. We define a new feature based on the unpredictability of surrounding cars and use it in the reward function. We learn two reward functions from human data: a baseline and one that incorporates our defined unpredictability feature, then compare their performance with a quantitative and qualitative evaluation. Our evaluation demonstrates that incorporating the unpredictability feature leads to a better fit of human-generated test data. These results encourage further investigation of the effect of unpredictability on driving behavior.","2153-0866","978-1-6654-9190-7","10.1109/IROS55552.2023.10342534","","https://ieeexplore.ieee.org/stamp/stamp.jsp?arnumber=10342534","","Road transportation;Measurement;Reinforcement learning;Predictive models;Entropy;Trajectory;Behavioral sciences","","1","","42","IEEE","13 Dec 2023","1-5 Oct. 2023","1-5 Oct. 2023","IEEE","IEEE Conferences"
"From Temporal-Evolving to Spatial-Fixing: A Keypoints-Based Learning Paradigm for Visual Robotic Manipulation","K. Riou; K. Dong; K. Subrin; Y. Sun; P. L. Callet","Ecole Centrale Nantes, CNRS, LS2N, UMR 6004, Nantes Université, Nantes, France; School of Information and Control Engineering, China University of Mining and Technology, Xuzhou, China; Ecole Centrale Nantes, CNRS, LS2N, UMR 6004, Nantes Université, Nantes, France; School of Information and Control Engineering, China University of Mining and Technology, Xuzhou, China; Ecole Centrale Nantes, CNRS, LS2N, UMR 6004, Nantes Université, Nantes, France",2023 IEEE/RSJ International Conference on Intelligent Robots and Systems (IROS),"13 Dec 2023","2023","","","1728","1734","The current learning pipelines for robotics manipulation infer movement primitives sequentially along the temporal-evolving axis, which can result in an accumulation of prediction errors and subsequently cause the visual observations to fall out of the training distribution. This paper proposes a novel hierarchical behavior cloning approach which tries to dissociate standard behaviour cloning (BC) pipeline to two stages. The intuition of this approach is to eliminate accumu-lation errors using a fixed spatial representation. At first stage, a high-level planner will be employed to translate the initial observation of the scene into task-specific spatial waypoints. Then, a low-level robotic path planner takes over the task of guiding the robot by executing a set of pre-defined elementary movements or actions known as primitives, with the goal of reaching the previously predicted waypoints. Our hierarchical keypoints-based paradigm aims to simplify existing temporal-evolving approach to a more simple way: directly spatialize the whole sequential primitives as a set of 8D waypoints only from the very first observation. Plentiful experiments demon-strate that our paradigm can achieve comparable results with Reinforcement Learning (RL) and outperforms existing offline BC approaches, with only a single-shot inference from the initial observation. Code and models are available at: https://github.com/KevinRiou22/spatial-fixing-il","2153-0866","978-1-6654-9190-7","10.1109/IROS55552.2023.10341397","","https://ieeexplore.ieee.org/stamp/stamp.jsp?arnumber=10341397","","Training;Visualization;Pipelines;Cloning;Reinforcement learning;Behavioral sciences;Trajectory","","1","","26","IEEE","13 Dec 2023","1-5 Oct. 2023","1-5 Oct. 2023","IEEE","IEEE Conferences"
"Motion Planning Diffusion: Learning and Planning of Robot Motions with Diffusion Models","J. Carvalho; A. T. Le; M. Baierl; D. Koert; J. Peters","Intelligent Autonomous Systems Lab, TU Darmstadt, Germany; Intelligent Autonomous Systems Lab, TU Darmstadt, Germany; Intelligent Autonomous Systems Lab, TU Darmstadt, Germany; Intelligent Autonomous Systems Lab, TU Darmstadt, Germany; Intelligent Autonomous Systems Lab, TU Darmstadt, Germany",2023 IEEE/RSJ International Conference on Intelligent Robots and Systems (IROS),"13 Dec 2023","2023","","","1916","1923","Learning priors on trajectory distributions can help accelerate robot motion planning optimization. Given previously successful plans, learning trajectory generative models as priors for a new planning problem is highly desirable. Prior works propose several ways on utilizing this prior to bootstrapping the motion planning problem. Either sampling the prior for initializations or using the prior distribution in a maximum-a-posterior formulation for trajectory optimization. In this work, we propose learning diffusion models as priors. We then can sample directly from the posterior trajectory distribution conditioned on task goals, by leveraging the inverse denoising process of diffusion models. Furthermore, diffusion has been recently shown to effectively encode data multi-modality in high-dimensional settings, which is particularly well-suited for large trajectory dataset. To demonstrate our method efficacy, we compare our proposed method - Motion Planning Diffusion - against several baselines in simulated planar robot and 7-dof robot arm manipulator environments. To assess the generalization capabilities of our method, we test it in environments with previously unseen obstacles. Our experiments show that diffusion models are strong priors to encode high-dimensional trajectory distributions of robot motions. https://sites.google.com/view/mp-diffusion","2153-0866","978-1-6654-9190-7","10.1109/IROS55552.2023.10342382","German Research Foundation(grant numbers:2315/11-1); ","https://ieeexplore.ieee.org/stamp/stamp.jsp?arnumber=10342382","","Robot motion;Noise reduction;Manipulators;Planning;Task analysis;Trajectory optimization;Intelligent robots","","120","","54","IEEE","13 Dec 2023","1-5 Oct. 2023","1-5 Oct. 2023","IEEE","IEEE Conferences"
"Recurrent Macro Actions Generator for POMDP Planning","Y. Liang; H. Kurniawati","School of Computing, Australian National University; School of Computing, Australian National University",2023 IEEE/RSJ International Conference on Intelligent Robots and Systems (IROS),"13 Dec 2023","2023","","","2026","2033","Many planning problems in robotics require long planning horizon and uncertain in nature. The Par-tially Observable Markov Descision Process (POMDP) is a mathematically principled framework for planning under uncertainty. To alleviate the difficulties of computing good approximate POMDP solutions for long horizon problems, one often plans using macro actions, where each macro action is a chain of primitive actions. Such a strategy reduces the effective planning horizon of the problem, and hence reduces the computational complexity for solving. The difficulty is in generating a set of suitable macro actions. In this paper, we present a simple recurrent neural network that learns to generate suitable sets of candidate macro actions that exploits environment information. Key to this learning method is to represent the raw partial information from the environment as a latent problem instance, and sequentially generate macro actions conditioned on the past information. We compare our proposed method with state-of-the-art [1] on four dif-ferent long horizon planning tasks with various difficulties. The results indicate the quality of the policies computed using macro actions generated by our proposed method consistently exceeds benchmarks. Our implementation can be accessed at https://github.com/YC-Liang/Recurrent-Macro-Action-Generator.","2153-0866","978-1-6654-9190-7","10.1109/IROS55552.2023.10341759","","https://ieeexplore.ieee.org/stamp/stamp.jsp?arnumber=10341759","","Learning systems;Uncertainty;Recurrent neural networks;Scalability;Computer architecture;Markov processes;Generators","","2","","34","IEEE","13 Dec 2023","1-5 Oct. 2023","1-5 Oct. 2023","IEEE","IEEE Conferences"
"Large Scale Pursuit-Evasion Under Collision Avoidance Using Deep Reinforcement Learning","H. Yang; P. Ge; J. Cao; Y. Yang; Y. Liu","The Institute of Cyber-Systems and Control, Zhejiang University, Hangzhou, China; The Institute of Cyber-Systems and Control, Zhejiang University, Hangzhou, China; The Institute of Cyber-Systems and Control, Zhejiang University, Hangzhou, China; The Institute of Cyber-Systems and Control, Zhejiang University, Hangzhou, China; The Institute of Cyber-Systems and Control, Zhejiang University, Hangzhou, China",2023 IEEE/RSJ International Conference on Intelligent Robots and Systems (IROS),"13 Dec 2023","2023","","","2232","2239","This paper examines a pursuit-evasion game (PEG) involving multiple pursuers and evaders. The decentralized pursuers aim to collaborate to capture the faster evaders while avoiding collisions. The policies of all agents are learning-based and are subjected to kinematic constraints that are specific to unicycles. To address the challenge of high dimensionality encountered in large-scale scenarios, we propose a state processing method named Mix-Attention, which is based on Self-Attention. This method effectively mitigates the curse of dimensionality. The simulation results provided in this study demonstrate that the combination of Mix-Attention and Independent Proximal Policy Optimization (IPPO) surpasses alternative approaches when solving the multi-pursuer multi-evader PEG, particularly as the number of entities increases. Moreover, the trained policies showcase their ability to adapt to scenarios involving varying numbers of agents and obstacles without requiring retraining. This adaptability showcases their transferability and robustness. Finally, our proposed approach has been validated through physical experiments conducted with six robots.","2153-0866","978-1-6654-9190-7","10.1109/IROS55552.2023.10341975","","https://ieeexplore.ieee.org/stamp/stamp.jsp?arnumber=10341975","","Deep learning;Simulation;Kinematics;Reinforcement learning;Games;Robustness;Collision avoidance","","8","","38","IEEE","13 Dec 2023","1-5 Oct. 2023","1-5 Oct. 2023","IEEE","IEEE Conferences"
"Exploring Social Motion Latent Space and Human Awareness for Effective Robot Navigation in Crowded Environments","J. A. Ansari; S. Tourani; G. Kumar; B. Bhowmick","TCS Research, Kolkata, India; TCS Research, Kolkata, India; TCS Research, Kolkata, India; TCS Research, Kolkata, India",2023 IEEE/RSJ International Conference on Intelligent Robots and Systems (IROS),"13 Dec 2023","2023","","","1","8","This work proposes a novel approach to social robot navigation by learning to generate robot controls from a social motion latent space. By leveraging this social motion latent space, the proposed method achieves significant improvements in social navigation metrics such as success rate, navigation time, and trajectory length while producing smoother (less jerk and angular deviations) and more anticipatory trajectories. The superiority of the proposed method is demonstrated through comparison with baseline models in various scenarios. Additionally, the concept of humans' awareness towards the robot is introduced into the social robot navigation framework, showing that incorporating human awareness leads to shorter and smoother trajectories owing to humans' ability to positively interact with the robot.","2153-0866","978-1-6654-9190-7","10.1109/IROS55552.2023.10341721","","https://ieeexplore.ieee.org/stamp/stamp.jsp?arnumber=10341721","","Measurement;Navigation;Social robots;Robot control;Aerospace electronics;Trajectory;Intelligent robots","","3","","26","IEEE","13 Dec 2023","1-5 Oct. 2023","1-5 Oct. 2023","IEEE","IEEE Conferences"
"Exploring Learning-Based Control Policy for Fish-Like Robots in Altered Background Flows","X. Lin; W. Song; X. Liu; X. He; Y. Wang","School of Information Science and Technology, ShanghaiTech University, Shanghai, China; School of Information Science and Technology, ShanghaiTech University, Shanghai, China; School of Information Science and Technology, ShanghaiTech University, Shanghai, China; School of Information Science and Technology, ShanghaiTech University, Shanghai, China; School of Information Science and Technology, ShanghaiTech University, Shanghai, China",2023 IEEE/RSJ International Conference on Intelligent Robots and Systems (IROS),"13 Dec 2023","2023","","","2338","2345","The study of motion control for the fish-like robots in complex fluid fields is of great importance in improving the performance of underwater vehicles, due to its strong maneuverability, propulsion efficiency, and deceptive visual appearance. In this article, a novel learning-based control framework is first proposed to autonomously explore efficient control policies that are capable of performing motion control tasks in non-quiescent and unknown background flows. First, we utilize a high-fidelity simulation system, named FishGym, to generate various uniform flows. Next, a DRL-based algorithm is incorporated with the FishGym to train the fish-like robot to control its motion to optimally complete a delicately designed task (Approaching Target and Stay) in both quiescent and uniform flow. Then, the obtained control policy together with an online estimator is directly applied to a Path-Following Task. The proposed framework well balances the simulation accuracy and the computational efficiency, which is of crucial importance for effective coupling with the learning algorithm. The simulation results indicate that, via the proposed learning framework, the robot successfully acquired a swimming strategy that can be used to adapt to different background flows and tasks. Furthermore, we also observe some adaptation behavior of the robot, such as rheotaxis, that is similar to the fish in nature, which gains us more insight into the mechanism underlying the adaptation behavior of fish in a complex environment.","2153-0866","978-1-6654-9190-7","10.1109/IROS55552.2023.10342394","National Science Foundation of China(grant numbers:62072310); ","https://ieeexplore.ieee.org/stamp/stamp.jsp?arnumber=10342394","","Visualization;Simulation;Propulsion;Fish;Behavioral sciences;Task analysis;Motion control","","6","","44","IEEE","13 Dec 2023","1-5 Oct. 2023","1-5 Oct. 2023","IEEE","IEEE Conferences"
"Ultrafast Acoustic Holography with Physics-Reinforced Self-Supervised Learning for Precise Robotic Manipulation","Q. Lu; C. Zhong; Q. Liu; T. Li; H. Su; S. Liu","School of Information Science and Technology, ShanghaiTech University, Shanghai, China; School of Information Science and Technology, ShanghaiTech University, Shanghai, China; School of Information Science and Technology, ShanghaiTech University, Shanghai, China; School of Information Science and Technology, ShanghaiTech University, Shanghai, China; Institute of Automation, Chinese Academy of Sciences, Beijing, China; School of Information Science and Technology, ShanghaiTech University, Shanghai, China",2023 IEEE/RSJ International Conference on Intelligent Robots and Systems (IROS),"13 Dec 2023","2023","","","2673","2678","Ultrafast acoustic holography (AH) enabling dynamic contactless micro-nano robotic manipulation has recently attracted wide attention. As an advanced technique, AH encodes specific three-dimensional (3D) acoustic field on a two-dimensional (2D) hologram whereby realizing holographic reconstruction with high fidelity. However, current approaches face the limitation of encoding time, accuracy and flexibility, thus, leading to inapplicability for dynamic and precise robotic manipulation. Here, we develop an approach to overcome these issues. Its basic idea is to use a convolutional neural network trained in a self-supervised manner with iterative interaction with virtual physical environment. Energy conservation is incorporated to access the physical constrain during wave propagation. The experimental results demonstrate that the proposed method circumvents laborious annotated dataset preparation and boosts the reinforcement from physics model. By the validation and comparison on distinct acoustic fields with various patterns, the accuracy and real-time performance of the proposed method are confirmed supporting dynamic and precise robotic manipulation.","2153-0866","978-1-6654-9190-7","10.1109/IROS55552.2023.10341483","","https://ieeexplore.ieee.org/stamp/stamp.jsp?arnumber=10341483","","Three-dimensional displays;Propagation;Two dimensional displays;Self-supervised learning;Holography;Real-time systems;Acoustic field","","1","","26","IEEE","13 Dec 2023","1-5 Oct. 2023","1-5 Oct. 2023","IEEE","IEEE Conferences"
"Creating a Dynamic Quadrupedal Robotic Goalkeeper with Reinforcement Learning","X. Huang; Z. Li; Y. Xiang; Y. Ni; Y. Chi; Y. Li; L. Yang; X. B. Peng; K. Sreenath","University of California, Berkeley; University of California, Berkeley; University of California, Berkeley; University of California, Berkeley; University of California, Berkeley; University of California, Berkeley; University of California, Berkeley; Simon Fraser University; University of California, Berkeley",2023 IEEE/RSJ International Conference on Intelligent Robots and Systems (IROS),"13 Dec 2023","2023","","","2715","2722","We present a reinforcement learning (RL) framework that enables quadrupedal robots to perform soccer goalkeeping tasks in the real world. Soccer goalkeeping with quadrupeds is a challenging problem, that combines highly dynamic locomotion with precise and fast non-prehensile object (ball) manipulation. The robot needs to react to and intercept a potentially flying ball using dynamic locomotion maneuvers in a very short amount of time, usually less than one second. In this paper, we propose to address this problem using a hierarchical model-free RL framework. The first component of the framework contains multiple control policies for distinct locomotion skills, which can be used to cover different regions of the goal. Each control policy enables the robot to track random parametric end-effector trajectories while performing one specific locomotion skill, such as jump, dive, and sidestep. These skills are then utilized by the second part of the framework which is a high-level planner to determine a desired skill and end-effector trajectory in order to intercept a ball flying to different regions of the goal. We deploy the proposed framework on a Mini Cheetah quadrupedal robot and demonstrate the effectiveness of our framework for various agile interceptions of a fast-moving ball in the real world.","2153-0866","978-1-6654-9190-7","10.1109/IROS55552.2023.10341936","NSF(grant numbers:CMMI-1944722); ","https://ieeexplore.ieee.org/stamp/stamp.jsp?arnumber=10341936","","Reinforcement learning;End effectors;Trajectory;Quadrupedal robots;Task analysis;Manipulator dynamics;Intelligent robots","","34","","36","IEEE","13 Dec 2023","1-5 Oct. 2023","1-5 Oct. 2023","IEEE","IEEE Conferences"
"Perceptive Hexapod Legged Locomotion for Climbing Joist Environments","Z. Zang; M. Kawawa-Beaudan; W. Yu; T. Zhang; A. Zakhor",UC Berkeley; UC Berkeley; Robotics at Google; Robotics at Google; UC Berkeley,2023 IEEE/RSJ International Conference on Intelligent Robots and Systems (IROS),"13 Dec 2023","2023","","","2738","2745","Attics are one of the largest sources of energy loss in residential homes, but they are uncomfortable and dangerous for human workers to conduct air sealing and insulation. Hexapod robots are potentially suitable for carrying out those tasks in tight attic spaces since they are stable, compact, and lightweight. For hexapods to succeed in these tasks, they must be able to navigate inside tight attic spaces of single-family residential homes in the U.S., which typically contain rows of approximately 6 or 8-inch tall joists placed 16 inches apart from each other. Climbing over such obstacles is challenging for autonomous robotics systems. In this work, we develop a perceptive walking model for legged hexapods that can traverse over terrain with random joist structures using egocentric vision. Our method can be used on low-cost hardware not requiring real-time joint state feedback. We train our model in a teacher-student fashion with 2 phases: In phase 1, we use reinforcement learning with access to privileged information such as local elevation maps and joint feedback. In phase 2, we use supervised learning to distill the model into one with access to only onboard observations, consisting of egocentric depth images and robot orientation captured by a tracking camera. We demonstrate zero-shot sim-to-real transfer on a Hiwonder[1] SpiderPi robot, equipped with a depth camera onboard, climbing over joist courses we construct to simulate the environment in the field. Our proposed method achieves nearly 100% success rate climbing over the test courses, significantly outperforming the model without perception and the controller provided by the manufacturer.","2153-0866","978-1-6654-9190-7","10.1109/IROS55552.2023.10341957","","https://ieeexplore.ieee.org/stamp/stamp.jsp?arnumber=10341957","","Legged locomotion;State feedback;Navigation;Robot vision systems;Supervised learning;Reinforcement learning;Cameras","","4","","30","IEEE","13 Dec 2023","1-5 Oct. 2023","1-5 Oct. 2023","IEEE","IEEE Conferences"
"Learning a Single Policy for Diverse Behaviors on a Quadrupedal Robot Using Scalable Motion Imitation","A. Klipfel; N. Sontakke; R. Liu; S. Ha","School of Interactive Computing, Georgia Institute of Technology, Atlanta, GA, USA; School of Interactive Computing, Georgia Institute of Technology, Atlanta, GA, USA; Meta Platforms, Inc., USA; School of Interactive Computing, Georgia Institute of Technology, Atlanta, GA, USA",2023 IEEE/RSJ International Conference on Intelligent Robots and Systems (IROS),"13 Dec 2023","2023","","","2768","2775","Learning various motor skills for quadrupedal robots is a challenging problem that requires careful design of task-specific mathematical models or reward descriptions. In this work, we propose to learn a single capable policy using deep reinforcement learning by imitating a large number of reference motions, including walking, turning, pacing, jumping, sitting, and lying. On top of the existing motion imitation framework, we first carefully design the observation space, the action space, and the reward function to improve the scalability of the learning as well as the robustness of the final policy. In addition, we adopt a novel adaptive motion sampling (AMS) method, which maintains a balance between successful and unsuccessful behaviors. This technique allows the learning algorithm to focus on challenging motor skills and avoid catastrophic forgetting. We demonstrate that the learned policy can exhibit diverse behaviors in simulation by successfully tracking both the training dataset and out-of-distribution trajectories. We also validate the importance of the proposed learning formulation and the adaptive motion sampling scheme by conducting experiments.","2153-0866","978-1-6654-9190-7","10.1109/IROS55552.2023.10341709","","https://ieeexplore.ieee.org/stamp/stamp.jsp?arnumber=10341709","","Legged locomotion;Tracking;Databases;Scalability;Reinforcement learning;Turning;Robustness","","6","","34","IEEE","13 Dec 2023","1-5 Oct. 2023","1-5 Oct. 2023","IEEE","IEEE Conferences"
"Improving Reliable Navigation Under Uncertainty via Predictions Informed by Non-Local Information","R. I. Arnob; G. J. Stein","Department of Computer Science, George Mason University, USA; Department of Computer Science, George Mason University, USA",2023 IEEE/RSJ International Conference on Intelligent Robots and Systems (IROS),"13 Dec 2023","2023","","","2830","2837","We improve reliable, long-horizon, goal-directed navigation in partially-mapped environments by using nonlocally available information to predict the goodness of temporally-extended actions that enter unseen space. Making predictions about where to navigate in general requires nonlocal information: any observations the robot has seen so far may provide information about the goodness of a particular direction of travel. Building on recent work in learning-augmented model-based planning under uncertainty, we present an approach that can both rely on nonlocal information to make predictions (via a graph neural network) and is reliable by design: it will always reach its goal, even when learning does not provide accurate predictions. We conduct experiments in three simulated environments in which nonlocal information is needed to perform well. In our large scale university building environment, generated from real-world floorplans to the scale, we demonstrate a 9.3% reduction in cost-to-go compared to a non-learned baseline and a 14.9% reduction compared to a learning-informed planner that can only use local information to inform its predictions.","2153-0866","978-1-6654-9190-7","10.1109/IROS55552.2023.10342276","","https://ieeexplore.ieee.org/stamp/stamp.jsp?arnumber=10342276","","Uncertainty;Navigation;Buildings;Predictive models;Reliability engineering;Graph neural networks;Space exploration","","2","","38","IEEE","13 Dec 2023","1-5 Oct. 2023","1-5 Oct. 2023","IEEE","IEEE Conferences"
"Learning Bifunctional Push-Grasping Synergistic Strategy for Goal-Agnostic and Goal-Oriented Tasks","D. Ren; S. Wu; X. Wang; Y. Peng; X. Ren","School of Mechatronic Engineering and Automation, Shanghai University, Shanghai, China; Huawei Noah's Ark Lab, Hong Kong SAR, China; School of Mechatronic Engineering and Automation, Shanghai University, Shanghai, China; Institute of Artificial Intelligence, Shanghai University, Shanghai, China; School of Mechatronic Engineering and Automation, Shanghai University, Shanghai, China",2023 IEEE/RSJ International Conference on Intelligent Robots and Systems (IROS),"13 Dec 2023","2023","","","2909","2916","Both goal-agnostic and goal-oriented tasks have practical value for robotic grasping: goal-agnostic tasks target all objects in the workspace, while goal-oriented tasks aim at grasping pre-assigned goal objects. However, most current grasping methods are only better at coping with one task. In this work, we propose a bifunctional push-grasping synergistic strategy for goal-agnostic and goal-oriented grasping tasks. Our method integrates pushing along with grasping to pick up all objects or pre-assigned goal objects with high action efficiency depending on the task requirement. We introduce a bifunctional network, which takes in visual observations and outputs dense pixel-wise maps of $Q$ values for pushing and grasping primitive actions, to increase the available samples in the action space. Then we propose a hierarchical reinforcement learning framework to coordinate the two tasks by considering the goal-agnostic task as a combination of multiple goal-oriented tasks. To reduce the training difficulty of the hierarchical framework, we design a two-stage training method to train the two types of tasks separately. We perform pre-training of the model in simulation, and then transfer the learned model to the real world without any additional real-world fine-tuning. Experimental results show that the proposed approach outperforms existing methods in task completion rate and grasp success rate with less motion number. Supplementary material is available at https://github.com/DafaRen/Learning_Bifunctional_Push-grasping_Synergistic_Strategy_for_Goal-agnostic_and_Goal-oriented_Tasks.","2153-0866","978-1-6654-9190-7","10.1109/IROS55552.2023.10342533","National Natural Science Foundation of China(grant numbers:62273223); Project of Science and Technology Commission of Shanghai Municipality(grant numbers:22JC1401401); Shanghai Education Development Foundation(grant numbers:20SG40); ","https://ieeexplore.ieee.org/stamp/stamp.jsp?arnumber=10342533","","Training;Visualization;Robot kinematics;Grasping;Reinforcement learning;Task analysis;Clutter","","12","","26","IEEE","13 Dec 2023","1-5 Oct. 2023","1-5 Oct. 2023","IEEE","IEEE Conferences"
"Learning Robotic Powder Weighing from Simulation for Laboratory Automation","Y. Kadokawa; M. Hamaya; K. Tanaka","OMRON SINIC X Corporation, Tokyo, Japan; OMRON SINIC X Corporation, Tokyo, Japan; OMRON SINIC X Corporation, Tokyo, Japan",2023 IEEE/RSJ International Conference on Intelligent Robots and Systems (IROS),"13 Dec 2023","2023","","","2932","2939","This study focuses on a robotic powder weighing task used in laboratory automation. In this task, a robot weighs a certain amount of powder with a milligram-level target mass using a dispensing spoon. The complex dynamics of the powder, the variations in the materials being weighed, and the need to balance conservative and aggressive actions are significant challenges in the robotics field. Therefore, learning approaches are critical for this task. However, many learning interactions in real-world environments require substantial efforts to clean the spread powder. To overcome this issue, this study employs a sim-to-real transfer learning approach using a domain randomization (DR) technique. This enables the robot to weigh various powders with a small target mass and alleviates the burden of collecting data in a real-world environment. Herein, we formulated weighing manipulation as a reinforcement learning problem. Besides, we developed a powder weighing simulator and carefully selected the dynamics parameters used for DR to adapt to unseen environments. A recurrent neural network-based policy was adopted considering the balance of conservative and aggressive actions. The sim-to-real zero-shot transfer experiments demonstrated that the robot completed the weighing tasks with an average weighing error of 0.1 - 0.2 mg for different powder materials and target masses (5 - 15 mg). Overall, this approach shows promising results and can be useful for automating laboratory tasks that involve weighing powders.","2153-0866","978-1-6654-9190-7","10.1109/IROS55552.2023.10342463","","https://ieeexplore.ieee.org/stamp/stamp.jsp?arnumber=10342463","","Powders;Automation;Recurrent neural networks;Transfer learning;Reinforcement learning;Maintenance engineering;Task analysis","","17","","38","IEEE","13 Dec 2023","1-5 Oct. 2023","1-5 Oct. 2023","IEEE","IEEE Conferences"
"EARL: Eye-on-Hand Reinforcement Learner for Dynamic Grasping with Active Pose Estimation","B. Huang; J. Yu; S. Jain","Mitsubishi Electric Research Laboratories (MERL), Cambridge, MA, USA; Mitsubishi Electric Research Laboratories (MERL), Cambridge, MA, USA; Mitsubishi Electric Research Laboratories (MERL), Cambridge, MA, USA",2023 IEEE/RSJ International Conference on Intelligent Robots and Systems (IROS),"13 Dec 2023","2023","","","2963","2970","In this paper, we explore the dynamic grasping of moving objects through active pose tracking and reinforcement learning for hand-eye coordination systems. Most existing vision-based robotic grasping methods implicitly assume target objects are stationary or moving predictably. Performing grasping of unpredictably moving objects presents a unique set of challenges. For example, a pre-computed robust grasp can become unreachable or unstable as the target object moves, and motion planning must also be adaptive. In this work, we present a new approach, Eye-on-hAnd Reinforcement Learner (EARL), for enabling coupled Eye-on-Hand (EoH) robotic manipulation systems to perform real-time active pose tracking and dynamic grasping of novel objects without explicit motion prediction. EARL readily addresses many thorny issues in automated hand-eye coordination, including fast-tracking of 6D object pose from vision, learning control policy for a robotic arm to track a moving object while keeping the object in the camera's field of view, and performing dynamic grasping. We demonstrate the effectiveness of our approach in extensive experiments validated on multiple commercial robotic arms in both simulations and complex real-world tasks.","2153-0866","978-1-6654-9190-7","10.1109/IROS55552.2023.10341988","","https://ieeexplore.ieee.org/stamp/stamp.jsp?arnumber=10341988","","Visualization;Target tracking;Robot kinematics;Pose estimation;Dynamics;Grasping;Robot sensing systems","","15","","37","IEEE","13 Dec 2023","1-5 Oct. 2023","1-5 Oct. 2023","IEEE","IEEE Conferences"
"A Grasp Pose is All You Need: Learning Multi-Fingered Grasping with Deep Reinforcement Learning from Vision and Touch","F. Ceola; E. Maiettini; L. Rosasco; L. Natale","Humanoid Sensing and Perception (HSP), Istituto Italiano di Tecnologia (IIT), Genoa, Italy; Humanoid Sensing and Perception (HSP), Istituto Italiano di Tecnologia (IIT), Genoa, Italy; Dipartimento di Informatica, Bioingegneria, Robotica e Ingegneria dei Sistemi (DIBRIS), Laboratory for Computational and Statistical Learning (LCSL) and Machine Learning Genoa Center (MaLGa), University of Genoa, Genoa, Italy; Humanoid Sensing and Perception (HSP), Istituto Italiano di Tecnologia (IIT), Genoa, Italy",2023 IEEE/RSJ International Conference on Intelligent Robots and Systems (IROS),"13 Dec 2023","2023","","","2985","2992","Multi-fingered robotic hands have potential to enable robots to perform sophisticated manipulation tasks. However, teaching a robot to grasp objects with an anthropomorphic hand is an arduous problem due to the high dimensionality of state and action spaces. Deep Reinforcement Learning (DRL) offers techniques to design control policies for this kind of problems without explicit environment or hand modeling. However, state-of-the-art model-free algorithms have proven inefficient for learning such policies. The main problem is that the exploration of the environment is unfeasible for such high-dimensional problems, thus hampering the initial phases of policy optimization. One possibility to address this is to rely on off-line task demonstrations, but, oftentimes, this is too demanding in terms of time and computational resources. To address these problems, we propose the A Grasp Pose is All You Need (G-PAYN) method for the anthropomorphic hand of the iCub humanoid. We develop an approach to automatically collect task demonstrations to initialize the training of the policy. The proposed grasping pipeline starts from a grasp pose generated by an external algorithm, used to initiate the movement. Then a control policy (previously trained with the proposed G-PAYN) is used to reach and grab the object. We deployed the iCub into the MuJoCo simulator and use it to test our approach with objects from the YCB-Video dataset. Results show that G-PAYN outperforms current DRL techniques in the considered setting in terms of success rate and execution time with respect to the baselines. The code to reproduce the experiments is released together with the paper with an open source license11https://github.com/hsp-iit/rl-icub-dexterous-manipulation.","2153-0866","978-1-6654-9190-7","10.1109/IROS55552.2023.10341776","European Research Council(grant numbers:SLING 819789); AFOSR projects(grant numbers:FA9550-18-1-7009,FA9550-17-1-0390,BAA-AFRL-AFOSR-2016-0007); ","https://ieeexplore.ieee.org/stamp/stamp.jsp?arnumber=10341776","","Training;Deep learning;Visualization;Pipelines;Propioception;Grasping;Reinforcement learning","","9","","37","IEEE","13 Dec 2023","1-5 Oct. 2023","1-5 Oct. 2023","IEEE","IEEE Conferences"
"DexRepNet: Learning Dexterous Robotic Grasping Network with Geometric and Spatial Hand-Object Representations","Q. Liu; Y. Cui; Q. Ye; Z. Sun; H. Li; G. Li; L. Shao; J. Chen","College of Control Science and Engineering, Zhejiang University, Hangzhou, China; College of Control Science and Engineering, Zhejiang University, Hangzhou, China; College of Control Science and Engineering, Zhejiang University, Hangzhou, China; College of Control Science and Engineering, Zhejiang University, Hangzhou, China; College of Control Science and Engineering, Zhejiang University, Hangzhou, China; College of Control Science and Engineering, Zhejiang University, Hangzhou, China; Department of Computer Science, National University of Singapore, Singapore; College of Control Science and Engineering, Zhejiang University, Hangzhou, China",2023 IEEE/RSJ International Conference on Intelligent Robots and Systems (IROS),"13 Dec 2023","2023","","","3153","3160","Robotic dexterous grasping is a challenging problem due to the high degree of freedom (DoF) and complex contacts of multi-fingered robotic hands. Existing deep re-inforcement learning (DRL) based methods leverage human demonstrations to reduce sample complexity due to the high dimensional action space with dexterous grasping. However, less attention has been paid to hand-object interaction representations for high-level generalization. In this paper, we propose a novel geometric and spatial hand-object interaction representation, named DexRep, to capture object surface features and the spatial relations between hands and objects during grasping. DexRep comprises Occupancy Feature for rough shapes within sensing range by moving hands, Surface Feature for changing hand-object surface distances, and LocalGeo Feature for local geometric surface features most related to potential contacts. Based on the new representation, we propose a dexterous deep reinforcement learning method DexRepNet to learn a generalizable grasping policy. Experimental results show that our method outperforms baselines using existing representations for robotic grasping dramatically both in grasp success rate and convergence speed. It achieves a 93% grasping success rate on seen objects and higher than 80% grasping success rates on diverse objects of unseen categories in both simulation and real-world experiments.","2153-0866","978-1-6654-9190-7","10.1109/IROS55552.2023.10342334","NSFC(grant numbers:62088101); ","https://ieeexplore.ieee.org/stamp/stamp.jsp?arnumber=10342334","","Deep learning;Shape;Grasping;Reinforcement learning;Robot sensing systems;Surface roughness;Rough surfaces","","29","","30","IEEE","13 Dec 2023","1-5 Oct. 2023","1-5 Oct. 2023","IEEE","IEEE Conferences"
"Interaction-Aware and Hierarchically-Explainable Heterogeneous Graph-based Imitation Learning for Autonomous Driving Simulation","M. Tabatabaie; S. He; K. G. Shin",University of Connecticut; University of Connecticut; University of Michigan-Ann Arbor,2023 IEEE/RSJ International Conference on Intelligent Robots and Systems (IROS),"13 Dec 2023","2023","","","3576","3581","Understanding and learning the actor-to-X inter-actions (AXIs), such as those between the focal vehicles (actor) and other traffic participants (e.g., other vehicles, pedestrians) as well as traffic environments (e.g., city/road map), is essential for the development of a decision-making model and simulation of autonomous driving (AD). Existing practices on imitation learning (IL) for AD simulation, despite the advances in the model learnability, have not accounted for fusing and differentiating the heterogeneous AXIs in complex road environments. Furthermore, how to further explain the hierarchical structures within the complex AXIs remains largely under-explored. To overcome these challenges, we propose HGIL, an interaction- aware and hierarchically-explainable Heterogeneous _Graph- based Imitation Learning approach for AD simulation. We have designed a novel heterogeneous interaction graph (HIG) to provide local and global representation as well as awareness of the AXIs. Integrating the HIG as the state embeddings, we have designed a hierarchically-explainable generative adversarial imitation learning approach, with local sub-graph and global cross-graph attention, to capture the interaction behaviors and driving decision-making processes. Our data-driven simulation and explanation studies have corroborated the accuracy and explainability of HGIL in learning and capturing the complex AXIs.","2153-0866","978-1-6654-9190-7","10.1109/IROS55552.2023.10342051","NSF(grant numbers:2239897); ","https://ieeexplore.ieee.org/stamp/stamp.jsp?arnumber=10342051","","Pedestrians;Roads;Decision making;Behavioral sciences;Autonomous vehicles;Intelligent robots","","3","","18","IEEE","13 Dec 2023","1-5 Oct. 2023","1-5 Oct. 2023","IEEE","IEEE Conferences"
"Zero-Shot Fault Detection for Manipulators Through Bayesian Inverse Reinforcement Learning","H. Zhao; X. Liu; G. Dudek","School of Computer Science, McGill University, Montréal, Canada; School of Computer Science, McGill University, Montréal, Canada; School of Computer Science, McGill University, Montréal, Canada",2023 IEEE/RSJ International Conference on Intelligent Robots and Systems (IROS),"13 Dec 2023","2023","","","3582","3589","We consider the detection of faults in robotic manipulators, with particular emphasis on faults that have not been observed or identified in advance, which naturally includes those that occur very infrequently. Recent studies indicate that the reward function obtained through Inverse Reinforcement Learning (IRL) can help detect anomalies caused by faults in a control system (i.e. fault detection). Current IRL methods for fault detection, however, either use a linear reward representation or require extensive sampling from the environment to estimate the policy, rendering them inappropriate for safety-critical situations where sampling of failure observations via fault injection can be expensive and dangerous. To address this issue, this paper proposes a zero-shot and exogenous fault detector based on an approximate variational reward imitation learning (AVRIL) structure. The fault detector recovers a reward signal as a function of externally observable information to describe the normal operation, which can then be used to detect anomalies caused by faults. Our method incorporates expert knowledge through a customizable reward prior distribution, allowing the fault detector to learn the reward solely from normal operation samples, without the need for a simulator or costly interactions with the environment. We evaluate our approach for exogenous partial fault detection in multi-stage robotic manipulator tasks, comparing it with several baseline methods. The results demonstrate that our method more effectively identifies unseen faults even when they occur within just three controller time steps.","2153-0866","978-1-6654-9190-7","10.1109/IROS55552.2023.10342143","","https://ieeexplore.ieee.org/stamp/stamp.jsp?arnumber=10342143","","Fault diagnosis;Support vector machines;Fault detection;Robot vision systems;Reinforcement learning;Manipulators;Rendering (computer graphics)","","","","40","IEEE","13 Dec 2023","1-5 Oct. 2023","1-5 Oct. 2023","IEEE","IEEE Conferences"
"Reinforcement Learning for Robot Navigation with Adaptive Forward Simulation Time (AFST) in a Semi-Markov Model","Y. Chen; R. Ye; Z. Tao; H. Liu; G. Chen; J. Peng; J. Ma; Y. Zhang; J. Ji; Y. Zhang","School of Computer Science and Technology, University of Science and Technology of China, Hefei, China; School of Computer Science and Technology, University of Science and Technology of China, Hefei, China; School of Computer Science and Technology, University of Science and Technology of China, Hefei, China; School of Computer Science and Technology, University of Science and Technology of China, Hefei, China; School of Computer Science and Technology, University of Science and Technology of China, Hefei, China; School of Computer Science and Technology, University of Science and Technology of China, Hefei, China; School of Computer Science and Technology, University of Science and Technology of China, Hefei, China; School of Computer Science and Technology, University of Science and Technology of China, Hefei, China; School of Computer Science and Technology, University of Science and Technology of China, Hefei, China; School of Computer Science and Technology, University of Science and Technology of China, Hefei, China",2023 IEEE/RSJ International Conference on Intelligent Robots and Systems (IROS),"13 Dec 2023","2023","","","3597","3604","Deep reinforcement learning (DRL) algorithms have proven effective in robot navigation, especially in unknown environments, by directly mapping perception inputs into robot control commands. However, most existing methods ignore the local minimum problem in navigation and thereby cannot handle complex unknown environments. In this paper, we propose the first DRL-based navigation method modeled by a semi-Markov decision process (SMDP) with continuous action space, named Adaptive Forward Simulation Time (AFST), to overcome this problem. Specifically, we reduce the dimensions of the action space and improve the distributed proximal policy optimization (DPPO) algorithm for the specified SMDP problem by modifying its GAE to better estimate the policy gradient in SMDPs. Experiments in various unknown environments demonstrate the effectiveness of AFST.","2153-0866","978-1-6654-9190-7","10.1109/IROS55552.2023.10341985","","https://ieeexplore.ieee.org/stamp/stamp.jsp?arnumber=10341985","","Deep learning;Adaptation models;Navigation;Robot control;Reinforcement learning;Aerospace electronics;Optimization","","2","","32","IEEE","13 Dec 2023","1-5 Oct. 2023","1-5 Oct. 2023","IEEE","IEEE Conferences"
"Neural Field Movement Primitives for Joint Modelling of Scenes and Motions","A. Tekden; M. P. Deisenroth; Y. Bekiroglu","Electrical Engineering, Chalmers, University of Technology, Sweden; Computer Science, University College, London, U.K.; Electrical Engineering, Chalmers, University of Technology, Sweden",2023 IEEE/RSJ International Conference on Intelligent Robots and Systems (IROS),"13 Dec 2023","2023","","","3648","3655","This paper presents a novel Learning from Demonstration (LfD) method that uses neural fields to learn new skills efficiently and accurately. It achieves this by utilizing a shared embedding to learn both scene and motion representations in a generative way. Our method smoothly maps each expert demonstration to a scene-motion embedding and learns to model them without requiring hand-crafted task parameters or large datasets. It achieves data efficiency by enforcing scene and motion generation to be smooth with respect to changes in the embedding space. At inference time, our method can retrieve scene-motion embeddings using test time optimization, and generate precise motion trajectories for novel scenes. The proposed method is versatile and can employ images, 3D shapes, and any other scene representations that can be modeled using neural fields. Additionally, it can generate both end-effector positions and joint angle-based trajectories. Our method is evaluated on tasks that require accurate motion trajectory generation, where the underlying task parametrization is based on object positions and geometric scene changes. Experimental results demonstrate that the proposed method outperforms the baseline approaches and generalizes to novel scenes. Furthermore, in real-world experiments, we show that our method can successfully model multi-valued trajectories, it is robust to the distractor objects introduced at inference time, and it can generate 6D motions.","2153-0866","978-1-6654-9190-7","10.1109/IROS55552.2023.10342170","","https://ieeexplore.ieee.org/stamp/stamp.jsp?arnumber=10342170","","Solid modeling;Three-dimensional displays;Shape;End effectors;Trajectory;Task analysis;Optimization","","5","","41","IEEE","13 Dec 2023","1-5 Oct. 2023","1-5 Oct. 2023","IEEE","IEEE Conferences"
"Augmentation Enables One-Shot Generalization in Learning from Demonstration for Contact-Rich Manipulation","X. Li; M. Baum; O. Brock","Robotics and Biology Laboratory, Technische Universitat, Berlin; Robotics and Biology Laboratory, Technische Universitat, Berlin; Robotics and Biology Laboratory, Technische Universitat, Berlin",2023 IEEE/RSJ International Conference on Intelligent Robots and Systems (IROS),"13 Dec 2023","2023","","","3656","3663","We introduce a Learning from Demonstration (LID) approach for contact-rich manipulation tasks, i.e., tasks in which the manipulandum's motion is constrained by contact with the environment. Our approach is motivated by the insight that even a large number of demonstrations will often not contain sufficient information to obtain a general policy for the task. To obtain general policies, our approach augments the information contained in a single demonstration. This autonomous augmentation is based on the insight that environmental constraints play a central role in generalization. We validate our approach in real-world experiments with mechanisms with multiple, interdependent articulations, including latch locks, chain locks, and drawers with handles. The extracted policies, obtained from a single augmented human demonstration, generalize to different mechanisms of the same type and in varying environmental settings.","2153-0866","978-1-6654-9190-7","10.1109/IROS55552.2023.10341625","German Research Foundation; ","https://ieeexplore.ieee.org/stamp/stamp.jsp?arnumber=10341625","","Latches;Data mining;Task analysis;Intelligent robots","","5","","36","IEEE","13 Dec 2023","1-5 Oct. 2023","1-5 Oct. 2023","IEEE","IEEE Conferences"
"Using Single Demonstrations to Define Autonomous Manipulation Contact Tasks in Unstructured Environments via Object Affordances","F. Regal; A. Pettinger; J. A. Duncan; F. Parra; E. Akita; A. Navarro; M. Pryor","Walker Department of Mechanical Engineering and Texas Robotics, The University of Texas at Austin, Austin, TX, USA; Walker Department of Mechanical Engineering and Texas Robotics, The University of Texas at Austin, Austin, TX, USA; Walker Department of Mechanical Engineering and Texas Robotics, The University of Texas at Austin, Austin, TX, USA; Walker Department of Mechanical Engineering and Texas Robotics, The University of Texas at Austin, Austin, TX, USA; Walker Department of Mechanical Engineering and Texas Robotics, The University of Texas at Austin, Austin, TX, USA; Walker Department of Mechanical Engineering and Texas Robotics, The University of Texas at Austin, Austin, TX, USA; Walker Department of Mechanical Engineering and Texas Robotics, The University of Texas at Austin, Austin, TX, USA",2023 IEEE/RSJ International Conference on Intelligent Robots and Systems (IROS),"13 Dec 2023","2023","","","3664","3671","Performing a manipulation contact task in an unknown and unstructured environment is still a challenge. Learning from Demonstration (LfD) techniques provide an intuitive means to define difficult-to-model contact tasks, but have attributes that make them undesirable for novice users in uncertain environments. We present a novel end-to-end system that captures a single manipulation task demonstration from an augmented reality (AR) head-mounted display (HMD), computes an affordance primitive (AP) representation of the task, and sends the task parameters to a mobile manipulator for execution in realtime. Using an AR HMD for task demon-stration and APs for task representation has several distinct advantages. AR task demonstration is intuitive, practical, and can be accomplished without requiring sensor installment in the task environment. APs provide a compact and legible task representation, enabling scalability, generalization, and modification of the task without significant data processing overhead. In this effort, we demonstrate system generalization with 10 object manipulation tasks, confirming the computed parameters from all tasks fit within AP tolerances. Secondly, we evaluate a mobile manipulator robot's ability to perform human-demonstrated tasks using AP representation. To increase robustness, we devised and tested four methods to correct for inherent, irreducible position errors in the system. A final study shows the system has a manipulation success rate of 96 % from a single manipulation demonstration on an industrial wheel valve.","2153-0866","978-1-6654-9190-7","10.1109/IROS55552.2023.10342493","","https://ieeexplore.ieee.org/stamp/stamp.jsp?arnumber=10342493","","Three-dimensional displays;Service robots;Affordances;Robot kinematics;Wheels;Resists;Manipulators","","3","","32","IEEE","13 Dec 2023","1-5 Oct. 2023","1-5 Oct. 2023","IEEE","IEEE Conferences"
"Constrained Dynamic Movement Primitives for Collision Avoidance in Novel Environments","S. Shaw; D. K. Jha; A. U. Raghunathan; R. Corcodel; D. Romeres; G. Konidaris; D. Nikovski","Computer Science and Artificial Intelligence Laboratory, Massachusetts Institute of Technology, Cambridge, MA; Mitsubishi Electric Research Labs (MERL), Cambridge, MA; Mitsubishi Electric Research Labs (MERL), Cambridge, MA; Mitsubishi Electric Research Labs (MERL), Cambridge, MA; Mitsubishi Electric Research Labs (MERL), Cambridge, MA; Department of Computer Science, Brown University, Providence, RI; Mitsubishi Electric Research Labs (MERL), Cambridge, MA",2023 IEEE/RSJ International Conference on Intelligent Robots and Systems (IROS),"13 Dec 2023","2023","","","3672","3679","Dynamic movement primitives are widely used for learning skills that can be demonstrated to a robot by a skilled human or controller. While their generalization capabilities and simple formulation make them very appealing to use, they possess no strong guarantees to satisfy operational safety constraints for a task. We present constrained dynamic movement primitives (CDMPs), which can allow for positional constraint satisfaction in the robot workspace. Our method solves a non-linear optimization to perturb an existing DMP's forcing weights to admit a Zeroing Barrier Function (ZBF), which certifies positional workspace constraint satisfaction. We demonstrate our approach under different positional constraints on the end-effector movement on multiple physical robots, such as obstacle avoidance and workspace limitations.","2153-0866","978-1-6654-9190-7","10.1109/IROS55552.2023.10341839","","https://ieeexplore.ieee.org/stamp/stamp.jsp?arnumber=10341839","","End effectors;Safety;Collision avoidance;Task analysis;Optimization;Intelligent robots","","3","","33","IEEE","13 Dec 2023","1-5 Oct. 2023","1-5 Oct. 2023","IEEE","IEEE Conferences"
"Learning Constraints on Autonomous Behavior from Proactive Feedback","C. Basich; S. Mahmud; S. Zilberstein","University of Massachusetts Amherst, Manning College of Information and Computer Sciences, Amherst, MA, USA; University of Massachusetts Amherst, Manning College of Information and Computer Sciences, Amherst, MA, USA; University of Massachusetts Amherst, Manning College of Information and Computer Sciences, Amherst, MA, USA",2023 IEEE/RSJ International Conference on Intelligent Robots and Systems (IROS),"13 Dec 2023","2023","","","3680","3687","Learning from feedback is a common paradigm to acquire information that is hard to specify a priori. In this work, we consider an agent with a known nominal reward model that captures its high-level task objective. Furthermore, the agent operates subject to constraints that are unknown a priori and must be inferred from human interventions. Unlike existing methods, our approach does not rely on full or partial demonstration trajectories or assume a fully reactive human. Instead, we assume access only to sparse interventions, which may in fact be generated proactively by the human, and we only make minimal assumptions about the human. We provide both theoretical bounds on performance and empirical validations of our method. We show that our method enables an agent to learn a constraint set with high accuracy that generalizes well to new environments within a domain, whereas methods that only consider reactive feedback learn an incorrect constraint set that does not generalize well, making constraint violations more likely in new environments.","2153-0866","978-1-6654-9190-7","10.1109/IROS55552.2023.10341801","National Science Foundation(grant numbers:1954782); ","https://ieeexplore.ieee.org/stamp/stamp.jsp?arnumber=10341801","","Behavioral sciences;Trajectory;Calibration;Task analysis;Intelligent robots","","1","","37","IEEE","13 Dec 2023","1-5 Oct. 2023","1-5 Oct. 2023","IEEE","IEEE Conferences"
"Robust Real-Time Motion Retargeting via Neural Latent Prediction","T. Wang; H. Zhang; L. Chen; D. Wang; Y. Wang; R. Xiong","State Key Laboratory of Industrial Control and Technology, Institute of Cyber-Systems and Control, Zhejiang University, Hangzhou, China; State Key Laboratory of Industrial Control and Technology, Institute of Cyber-Systems and Control, Zhejiang University, Hangzhou, China; State Key Laboratory of Industrial Control and Technology, Institute of Cyber-Systems and Control, Zhejiang University, Hangzhou, China; State Key Laboratory of Industrial Control and Technology, Institute of Cyber-Systems and Control, Zhejiang University, Hangzhou, China; State Key Laboratory of Industrial Control and Technology, Institute of Cyber-Systems and Control, Zhejiang University, Hangzhou, China; State Key Laboratory of Industrial Control and Technology, Institute of Cyber-Systems and Control, Zhejiang University, Hangzhou, China",2023 IEEE/RSJ International Conference on Intelligent Robots and Systems (IROS),"13 Dec 2023","2023","","","3696","3703","Human-robot motion retargeting is a crucial approach for fast learning motion skills. Achieving real-time retargeting demands high levels of synchronization and accuracy. Even though existing retargeting methods have swift calculation, they still cause time-delay effect on the synchronous retargeting. To mitigate this issue, this paper proposes a motion retargeting method guided by prediction, which effectively reduces the adverse impact of time-delay. The proposed pipeline contains motion retargeting in spatial-temporal graph-based structure and motion prediction in the latent space. The motion sequence retargeting builds mapping and paired data from human poses to corresponding robot configurations for training prediction model, and generated robot motion satisfies limit and self-collision constrains. The controller guided by prediction imports future robot joint motion to achieve advanced trajectory tracking, thereby compensating for delay time spent on calculation and tracking. Experimental results show that our method outperforms other methods in terms of synchronization and similarity. Furthermore, our method exhibits fault-tolerant capability in scenarios involving the loss of human information input.","2153-0866","978-1-6654-9190-7","10.1109/IROS55552.2023.10342022","National Key R&D Program of China(grant numbers:2021ZD0114500); National Nature Science Foundation of China(grant numbers:62173293); ","https://ieeexplore.ieee.org/stamp/stamp.jsp?arnumber=10342022","","Wrist;Training;Fault tolerance;Trajectory tracking;Fault tolerant systems;Aerospace electronics;Real-time systems","","2","","20","IEEE","13 Dec 2023","1-5 Oct. 2023","1-5 Oct. 2023","IEEE","IEEE Conferences"
"Deep Probabilistic Movement Primitives with a Bayesian Aggregator","M. Przystupa; F. Haghverd; M. Jagersand; S. Tosatto","University of Alberta, Canada; University of Alberta, Canada; University of Alberta, Canada; University of Innsbruck, Austria",2023 IEEE/RSJ International Conference on Intelligent Robots and Systems (IROS),"13 Dec 2023","2023","","","3704","3711","Movement primitives are trainable parametric models that reproduce robotic movements starting from a limited set of demonstrations. Previous works proposed simple linear models that exhibited high sample efficiency and generalization power by allowing temporal modulation of move-ments (reproducing movements faster or slower), blending (merging two movements into one), via-point conditioning (constraining a movement to meet some particular via-points) and context conditioning (generation of movements based on an observed variable, e.g., position of an object). Previous works have proposed neural network-based motor primitive models, having demonstrated their capacity to perform tasks with some forms of input conditioning or time-modulation representations. However, there has not been a single unified deep movement primitive's model proposed that is capable of all previous operations, limiting neural movement primitive's potential applications. This paper proposes a deep movement primitive architecture that encodes all the operations above and uses a Bayesian context aggregator that allows a more sound context conditioning and blending. Our results demonstrate our approach can scale to reproduce complex motions on a larger variety of input choices compared to baselines while maintaining operations of linear movement primitives provide.","2153-0866","978-1-6654-9190-7","10.1109/IROS55552.2023.10342441","","https://ieeexplore.ieee.org/stamp/stamp.jsp?arnumber=10342441","","Limiting;Merging;Modulation;Gaussian distribution;Probabilistic logic;Bayes methods;Parametric statistics","","5","","28","IEEE","13 Dec 2023","1-5 Oct. 2023","1-5 Oct. 2023","IEEE","IEEE Conferences"
"Autonomous Ultrasound Scanning Towards Standard Plane Using Interval Interaction Probabilistic Movement Primitives","Y. Hu; M. Tavakoli","Department of Electrical and Computer Engineering, Faculty of Engineering, University of Alberta, Edmonton, Alberta, Canada; Department of Electrical and Computer Engineering, Faculty of Engineering, University of Alberta, Edmonton, Alberta, Canada",2023 IEEE/RSJ International Conference on Intelligent Robots and Systems (IROS),"13 Dec 2023","2023","","","3719","3727","Learning from demonstrations is the paradigm where robots acquire new skills demonstrated by an expert and alleviate the physical burden on experts to perform repetitive tasks. Ultrasound scanning is one of the ways to view the anatomical structures of soft tissues, but it is repetitive for some tissue scanning tasks. In this study, an autonomous ultrasound scanning towards a standard plane framework is proposed. Interaction probabilistic movement primitives (iProMP) was proposed for the collaborative tasks for human and robot movement. Inspired by the interval type-2 fuzzy system, an interval iProMP is proposed to learn the ultrasound scanning navigation strategy from scanning demonstrations and the collaborative agents are the robot movement and ultrasound image information. The proposed interval iProMP improves the capacity of dealing with uncertainties due to insufficient observations during reproduction. U-Net is applied to recognize the desired ultrasound image shown during demonstrations and a confidence map is used to evaluate the ultrasound image quality. Breast seroma scanning is chosen as the ultrasound scanning task to validate the performance of the proposed autonomous ultrasound scanning framework. Ultrasound navigation is to realize autonomous ultrasound scanning for localizing the breast seroma. The simulation comparison result shows the better performance of the proposed interval iProMP under insufficient observation, compared to traditional iProMP. The experiment result validates the feasibility and generality of the proposed autonomous ultrasound scanning framework using interval iProMP with a higher success rate than that with traditional iProMP.","2153-0866","978-1-6654-9190-7","10.1109/IROS55552.2023.10341685","","https://ieeexplore.ieee.org/stamp/stamp.jsp?arnumber=10341685","","Ultrasonic imaging;Uncertainty;Image recognition;Navigation;Collaboration;Breast;Probabilistic logic","","4","","15","IEEE","13 Dec 2023","1-5 Oct. 2023","1-5 Oct. 2023","IEEE","IEEE Conferences"
"Spatio-Temporal Attention Network for Persistent Monitoring of Multiple Mobile Targets","Y. Wang; Y. Wang; Y. Cao; G. Sartoretti","Department of Mechanical Engineering, College of Design and Engineering, National University of Singapore; Department of Mechanical Engineering, College of Design and Engineering, National University of Singapore; Department of Mechanical Engineering, College of Design and Engineering, National University of Singapore; Department of Mechanical Engineering, College of Design and Engineering, National University of Singapore",2023 IEEE/RSJ International Conference on Intelligent Robots and Systems (IROS),"13 Dec 2023","2023","","","3903","3910","This work focuses on the persistent monitoring problem, where a set of targets moving based on an unknown model must be monitored by an autonomous mobile robot with a limited sensing range. To keep each target's position estimate as accurate as possible, the robot needs to adaptively plan its path to (re-)visit all the targets and update its belief from measurements collected along the way. In doing so, the main challenge is to strike a balance between exploitation, i.e., re-visiting previously-located targets, and exploration, i.e., finding new targets or re-acquiring lost ones. Encouraged by recent advances in deep reinforcement learning, we introduce an attention-based neural solution to the persistent monitoring problem, where the agent can learn the inter-dependencies between targets, i.e., their spatial and temporal correlations, conditioned on past measurements. This endows the agent with the ability to determine which target, time, and location to attend to across multiple scales, which we show also helps relax the usual limitations of a finite target set with prior positional information. We experimentally demonstrate that our method outperforms other baselines in terms of number of targets visits and average estimation error in complex environments. Finally, we implement and validate our model in a drone-based simulation experiment to monitor mobile ground targets in a high-fidelity simulator.","2153-0866","978-1-6654-9190-7","10.1109/IROS55552.2023.10341674","","https://ieeexplore.ieee.org/stamp/stamp.jsp?arnumber=10341674","","Deep learning;Estimation error;Reinforcement learning;Position measurement;Robot sensing systems;Particle measurements;Trajectory","","12","","28","IEEE","13 Dec 2023","1-5 Oct. 2023","1-5 Oct. 2023","IEEE","IEEE Conferences"
"Interactive Task Learning for Social Robots: A Pilot Study","A. Tyshka; W. -Y. G. Louie","Intelligent Robotics Laboratory, Oakland University, Michigan, USA; Intelligent Robotics Laboratory, Oakland University, Michigan, USA",2023 IEEE/RSJ International Conference on Intelligent Robots and Systems (IROS),"13 Dec 2023","2023","","","1","7","For socially assistive robots to achieve widespread adoption, the ability to learn new tasks in the wild is critical. Learning from Demonstration (LfD) approaches are a popular method for learning in the wild, but current methods require significant amounts of data and can be difficult to interpret. Interactive Task Learning (ITL) is an emerging learning paradigm that aims to teach tasks in a structured manner, minimizing the need for data and increasing transparency. However, to date ITL has only been explored for physical robotics applications. Additionally, minimal research has explored how usable existing ITL systems are for non-expert users. In this work, we propose a novel approach to learn social tasks via ITL. This system utilizes recent advances in Natural Language Understanding (NLU) to learn from natural dialogue. We conducted a pilot study to compare the ITL system against an LfD approach to investigate differences in teaching performance as well as teachers' perceptions of trust and workload towards these systems. Additionally, we analyzed the teaching behavior of participants to identify successful and unsuccessful teaching strategies. Our findings suggest ITL could provide more transparency to users and improve performance by correcting speech recognition errors. However, participants generally preferred LfD and found it an easier teaching method. From the observed teaching behavior, we identify existing challenges in ITL for non-experts to teach social tasks. Using this, we propose areas of improvement toward future ITL learning paradigms that are intuitive, transparent, and performant.","2153-0866","978-1-6654-9190-7","10.1109/IROS55552.2023.10341713","National Science Foundation(grant numbers:1948224,2238088); ","https://ieeexplore.ieee.org/stamp/stamp.jsp?arnumber=10341713","","Education;Social robots;Speech recognition;Assistive robots;Natural language processing;Behavioral sciences;Task analysis","","","","30","IEEE","13 Dec 2023","1-5 Oct. 2023","1-5 Oct. 2023","IEEE","IEEE Conferences"
"Proactive Opinion-Driven Robot Navigation Around Human Movers","C. Cathcart; M. Santos; S. Park; N. E. Leonard","Department of Mechanical and Aerospace Engineering, Princeton University, Princeton, NJ, USA; Department of Mechanical and Aerospace Engineering, Princeton University, Princeton, NJ, USA; Park is with the Electrical and Computer Engineering program, King Abdullah University of Science and Technology, Thuwal, Saudi Arabia; Department of Mechanical and Aerospace Engineering, Princeton University, Princeton, NJ, USA",2023 IEEE/RSJ International Conference on Intelligent Robots and Systems (IROS),"13 Dec 2023","2023","","","4052","4058","We propose, analyze, and experimentally verify a new proactive approach for robot social navigation driven by the robot's “opinion” for which way and by how much to pass human movers crossing its path. The robot forms an opinion over time according to nonlinear dynamics that depend on the robot's observations of human movers and its level of attention to these social cues. For these dynamics, it is guaranteed that when the robot's attention is greater than a critical value, deadlock in decision making is broken, and the robot rapidly forms a strong opinion, passing each human mover even if the robot has no bias nor evidence for which way to pass. We enable proactive rapid and reliable social navigation by having the robot grow its attention across the critical value when a human mover approaches. With human-robot experiments we demonstrate the flexibility of our approach and validate our analytical results on deadlock-breaking. We also show that a single design parameter can tune the trade-off between efficiency and reliability in human-robot passing. The new approach has the additional advantage that it does not rely on a predictive model of human behavior.","2153-0866","978-1-6654-9190-7","10.1109/IROS55552.2023.10341745","ONR(grant numbers:N00014-19-1-2556); ","https://ieeexplore.ieee.org/stamp/stamp.jsp?arnumber=10341745","","Navigation;Decision making;System recovery;Predictive models;Reliability engineering;Nonlinear dynamical systems;Behavioral sciences","","29","","27","IEEE","13 Dec 2023","1-5 Oct. 2023","1-5 Oct. 2023","IEEE","IEEE Conferences"
"From “Thumbs Up” to “10 out of 10”: Reconsidering Scalar Feedback in Interactive Reinforcement Learning","H. Yu; R. M. Aronson; K. H. Allen; E. S. Short","Tufts University, School of Engineering, Computer Science, Medford, Massachusetts, United States of America; Tufts University, School of Engineering, Computer Science, Medford, Massachusetts, United States of America; Tufts University School of Engineering, Mechanical Engineering, Medford, Massachusetts, United States of America; Tufts University, School of Engineering, Computer Science, Medford, Massachusetts, United States of America",2023 IEEE/RSJ International Conference on Intelligent Robots and Systems (IROS),"13 Dec 2023","2023","","","4121","4128","Learning from human feedback is an effective way to improve robotic learning in exploration-heavy tasks. Compared to the wide application of binary human feedback, scalar human feedback has been used less because it is believed to be noisy and unstable. In this paper, we compare scalar and binary feedback, and demonstrate that scalar feedback benefits learning when properly handled. We collected binary or scalar feedback respectively from two groups of crowdworkers on a robot task. We found that when considering how consistently a participant labeled the same data, scalar feedback led to less consistency than binary feedback; however, the difference vanishes if small mismatches are allowed. Additionally, scalar and binary feedback show no significant differences in their correlations with key Reinforcement Learning targets. We then introduce Stabilizing TEacher Assessment DYnamics (STEADY) to improve learning from scalar feedback. Based on the idea that scalar feedback is muti-distributional, STEADY reconstructs underlying positive and negative feedback distributions and re-scales scalar feedback based on feedback statistics. We show that models trained with scalar feedback + STEADY outperform baselines, including binary feedback and raw scalar feedback, in a robot reaching task with non-expert human feedback. Our results show that both binary feedback and scalar feedback are dynamic, and scalar feedback is a promising signal for use in interactive Reinforcement Learning.","2153-0866","978-1-6654-9190-7","10.1109/IROS55552.2023.10342458","US National Science Foundation(grant numbers:IIS 2132887); ","https://ieeexplore.ieee.org/stamp/stamp.jsp?arnumber=10342458","","Negative feedback;Heuristic algorithms;Education;Thumb;Human-robot interaction;Reinforcement learning;Noise measurement","","6","","33","IEEE","13 Dec 2023","1-5 Oct. 2023","1-5 Oct. 2023","IEEE","IEEE Conferences"
"Multi-Arm Robot Task Planning for Fruit Harvesting Using Multi-Agent Reinforcement Learning","T. Li; F. Xie; Q. Qiu; Q. Feng","Intelligent Equipment Research Center, Beijing Academy of Agriculture and Forestry Sciences, Beijing, China; Intelligent Equipment Research Center, Beijing Academy of Agriculture and Forestry Sciences, Beijing, China; BIPT Academy of Artificial Intelligence, Beijing Institute of Petrochemical Technology, Beijing, China; Intelligent Equipment Research Center, Beijing Academy of Agriculture and Forestry Sciences, Beijing, China",2023 IEEE/RSJ International Conference on Intelligent Robots and Systems (IROS),"13 Dec 2023","2023","","","4176","4183","The emergence of harvesting robotics offers a promising solution to the issue of limited agricultural labor resources and the increasing demand for fruits. Despite notable advancements in the field of harvesting robotics, the utilization of such technology in orchards is still limited. The key challenge for harvesting robots is to improve the operational efficiency. Taking into account inner-arm conflicts, couplings of DoFs, and the dynamic tasks, we propose a task planning strategy for a harvesting robot with four arms in this paper. The proposed method employs a Markov game framework to formulate the four-arm robotic harvesting task, which avoids the computational complexity of solving an NP-hard scheduling problem. Furthermore, a multi-agent reinforcement learning (MARL) structure with a fully centralized collaboration protocol is used to train a MARL-based task planning network. Several simulations and orchard experiments are conducted to validate the effectiveness of the proposed method for a multi-arm harvesting robot in comparison with the existing method.","2153-0866","978-1-6654-9190-7","10.1109/IROS55552.2023.10341822","Beijing Nova Program(grant numbers:20220484023); ","https://ieeexplore.ieee.org/stamp/stamp.jsp?arnumber=10341822","","Protocols;Processor scheduling;Reinforcement learning;Markov processes;Manipulators;Planning;Labor resources","","14","","32","IEEE","13 Dec 2023","1-5 Oct. 2023","1-5 Oct. 2023","IEEE","IEEE Conferences"
"Orientation Control with Variable Stiffness Dynamical Systems","Y. Michel; M. Saveriano; F. J. Abu-Dakka; D. Lee","Chair of Human-Centered Assistive Robotics, Technical University of Munich, Munich, Germany; Department of Industrial Engineering, University of Trento, Trento, Italy; Munich Institute of Robotics and Machine Intelligence, Technical University of Munich, Munich, Germany; Autonomous Systems, TU Wien, Vienna, Austria",2023 IEEE/RSJ International Conference on Intelligent Robots and Systems (IROS),"13 Dec 2023","2023","","","4457","4463","Recently, several approaches have attempted to combine motion generation and control in one loop to equip robots with reactive behaviors, that cannot be achieved with traditional time-indexed tracking controllers. These approaches however mainly focused on positions, neglecting the orientation part which can be crucial to many tasks e.g. screwing. In this work, we propose a control algorithm that adapts the robot's rotational motion and impedance in a closed-loop manner. Given a first-order Dynamical System representing an orientation motion plan and a desired rotational stiffness profile, our approach enables the robot to follow the reference motion with an interactive behavior specified by the desired stiffness, while always being aware of the current orientation, represented as a Unit Quaternion (UQ). We rely on the Lie algebra to formulate our algorithm, since unlike positions, UQ feature constraints that should be respected in the devised controller. We validate our proposed approach in multiple robot experiments, showcasing the ability of our controller to follow complex orientation profiles, react safely to perturbations, and fulfill physical interaction tasks.","2153-0866","978-1-6654-9190-7","10.1109/IROS55552.2023.10342531","","https://ieeexplore.ieee.org/stamp/stamp.jsp?arnumber=10342531","","Tracking loops;Tracking;Heuristic algorithms;Perturbation methods;Aerospace electronics;Behavioral sciences;Task analysis","","1","","31","IEEE","13 Dec 2023","1-5 Oct. 2023","1-5 Oct. 2023","IEEE","IEEE Conferences"
"Reinforcement Learning Based Multi-Layer Bayesian Control for Snake Robots in Cluttered Scenes","J. Z. Qu; W. Z. Qu; L. Li; Y. Jia","Canadian Academy, Kobe, Hyogo, Japan; Canadian Academy, Kobe, Hyogo, Japan; Ritsumeikan University, Kusatsu, Shiga, Japan; Ritsumeikan University, Kusatsu, Shiga, Japan",2023 IEEE/RSJ International Conference on Intelligent Robots and Systems (IROS),"13 Dec 2023","2023","","","4702","4708","The majority of current research on reinforcement learning (RL) for snake robot control do not sufficiently account for the spatial and temporal dependencies within the robot or its interaction with its environment during movement. To address this issue, we propose an RL based multi-layer Bayesian method for autonomous snake robot control, which handles challenging scenarios and improves navigation efficiency. There are three major contributions: 1) An innovative hierarchical Bayesian framework unifies gait control, locomotion control, and stimulus reaction; 2) The dynamics of environment is modeled by density propagation and exploited by an LSTM-based agent to improve the learning process; 3) A stimulus reaction model is derived by combining spatial correlation among robot modules and temporal dependency along time sequence. Comparison experiments with a simulated snake robot show that performance of the proposed approach with challenging obstacles is superior to state-of-the-art baseline.","2153-0866","978-1-6654-9190-7","10.1109/IROS55552.2023.10342171","","https://ieeexplore.ieee.org/stamp/stamp.jsp?arnumber=10342171","","Legged locomotion;Uncertainty;Navigation;Snake robots;Stochastic processes;Process control;Reinforcement learning","","4","","17","IEEE","13 Dec 2023","1-5 Oct. 2023","1-5 Oct. 2023","IEEE","IEEE Conferences"
"Enhancing Value Estimation Policies by Post-Hoc Symmetry Exploitation in Motion Planning Tasks","Y. Hasan; A. M. Villegas-Suarez; E. C. Carter; A. Faust; L. Tapia","Department - of Computer Science, University of New Mexico, USA; Department - of Computer Science, University of New Mexico, USA; DEVCOM Army Research Laboratory, USA; Google Deepmind, USA; Department - of Computer Science, University of New Mexico, USA",2023 IEEE/RSJ International Conference on Intelligent Robots and Systems (IROS),"13 Dec 2023","2023","","","4812","4819","Motion planning tasks are often innately invariant to certain geometric transformations, or in other words, symmetric. This property, however, is not always reflected in learned policies that are trained on these tasks. Although this asymmetry can be addressed through data augmentation or additional training samples, doing so comes at a cost of increased training time. Instead of trying to remedy this issue during the learning process, we leverage this disparity during execution. We propose the symmetry exploitation policy, an augmentation in the post-hoc execution stage of RL policies. During the planning stage, we present the learned policy with an invariant, geometrically transformed version of the observation as an alternate perspective of the state. This allows the policy to produce multiple possible actions for a single state, and choose the action with the highest estimated value. Unlike other symmetry exploitation methods for learning solutions in motion planning, this method completely bypasses the need for additional training. We show the effect of the symmetry exploitation policy on DQN, A2C, and PPO policies, in three motion problems with different dimensions, observation types, and symmetries. The results show that by exploiting the symmetry of the task, a trained model achieves improved performance and better generalization, and can achieve comparable results to retraining, augmentation, or extended training, without incurring any additional training time. The efficacy is most prominent in more complex tasks, as 89 of the 100 models involved in the case study improve when using the method.","2153-0866","978-1-6654-9190-7","10.1109/IROS55552.2023.10341746","National Science Foundation (NSF)(grant numbers:IIS-1553266); Air Force Research Laboratory (AFRL)(grant numbers:FA9453-18-2-0022); Army Research Laboratory (ARL)(grant numbers:W911NF-19-2-0215); ","https://ieeexplore.ieee.org/stamp/stamp.jsp?arnumber=10341746","","Training;Costs;Dynamics;Estimation;Data augmentation;Planning;Task analysis","","2","","27","IEEE","13 Dec 2023","1-5 Oct. 2023","1-5 Oct. 2023","IEEE","IEEE Conferences"
"SCTOMP: Spatially Constrained Time-Optimal Motion Planning","J. Arrizabalaga; M. Ryll","Autonomous Aerial Systems, School of Engineering and Design, Technical University of Munich, Germany; Autonomous Aerial Systems, School of Engineering and Design, Technical University of Munich, Germany",2023 IEEE/RSJ International Conference on Intelligent Robots and Systems (IROS),"13 Dec 2023","2023","","","4827","4834","This work focuses on spatial time-optimal motion planning, a generalization of the exact time-optimal path following problem that allows a system to plan within a predefined space. In contrast to state-of-the-art methods, we drop the assumption of a given collision-free geometric reference. Instead, we present a three-stage motion planning method that solely relies on start and goal locations and a geometric representation of the environment to compute a time-optimal trajectory that is compliant with system dynamics and constraints. The proposed scheme first finds collision-free navigation corridors, second computes an obstacle-free Pythagorean Hodograph parametric spline along each corridor, and third, solves a spatially reformulated minimum-time optimization problem at each of these corridors. The spline obtained in the second stage is not a geometric reference, but an extension of the free space associated with its corridor, and thus, time-optimality of the solution is guaranteed. The validity of the proposed approach is demonstrated by a well-established planar example and benchmarked in a spatial system against state-of-the-art methodologies across a wide range of scenarios in highly congested environments. Video: https://youtu.be/zGExvnUEfOY","2153-0866","978-1-6654-9190-7","10.1109/IROS55552.2023.10341500","","https://ieeexplore.ieee.org/stamp/stamp.jsp?arnumber=10341500","","System dynamics;Navigation;Benchmark testing;Minimization;Planning;Trajectory;Splines (mathematics)","","5","","37","IEEE","13 Dec 2023","1-5 Oct. 2023","1-5 Oct. 2023","IEEE","IEEE Conferences"
"An Evaluation of Action Segmentation Algorithms on Bimanual Manipulation Datasets","A. Meixner; F. Krebs; N. Jaquier; T. Asfour","Institute for Anthropomatics and Robotics, Karlsruhe Institute of Technology, Germany; Institute for Anthropomatics and Robotics, Karlsruhe Institute of Technology, Germany; Institute for Anthropomatics and Robotics, Karlsruhe Institute of Technology, Germany; Institute for Anthropomatics and Robotics, Karlsruhe Institute of Technology, Germany",2023 IEEE/RSJ International Conference on Intelligent Robots and Systems (IROS),"13 Dec 2023","2023","","","4912","4919","Humans naturally execute many everyday manipulation actions with both arms simultaneously. Similarly, endowing robots with bimanual manipulation task models is key to efficiently perform complex manipulation tasks. To do so, a promising approach is to learn a library of task models from human demonstrations. However, this requires human motions to be meaningfully segmented. In this paper, we propose to segment the motion of each hand individually to account for different bimanual coordination patterns and provide a thorough evaluation of state-of-the-art segmentation algorithms on bimanual manipulation datasets. In particular, we compare segmentation algorithms at trajectory and semantic level with hierarchical algorithms. Moreover, our evaluation extensively studies the performances of various segmentation algorithms over a novel extension of the KIT Bimanual Manipulation Dataset featuring ~ 176 minutes of human motion recordings in household scenarios.","2153-0866","978-1-6654-9190-7","10.1109/IROS55552.2023.10341956","","https://ieeexplore.ieee.org/stamp/stamp.jsp?arnumber=10341956","","Motion segmentation;Robot kinematics;Semantics;Libraries;Trajectory;Recording;Task analysis","","5","","36","IEEE","13 Dec 2023","1-5 Oct. 2023","1-5 Oct. 2023","IEEE","IEEE Conferences"
"Learning Contact-Based State Estimation for Assembly Tasks","J. Pankert; M. Hutter","Robotic Systems Lab, ETH Zurich, Switzerland; Robotic Systems Lab, ETH Zurich, Switzerland",2023 IEEE/RSJ International Conference on Intelligent Robots and Systems (IROS),"13 Dec 2023","2023","","","5087","5094","Robotic object manipulation requires knowledge of the environment's state. In particular, the object poses of fixed elements in the environment relative to the robot and the in-hand poses of grasped objects are of interest. For insertion tasks with tight tolerances, the accuracy of vision systems to estimate the object and in-hand pose is not high enough. This work proposes a state estimation system that delivers precise estimates for both estimation problems. It uses contact detections and the precise forward kinematics that robot arms provide thanks to their high-resolution joint encoders. We propose a reinforcement-learning-based exploration strategy that decides how the robot should engage with the environment to reduce state uncertainty. The system is evaluated in several simulation and hardware experiments. We show that the learned policy can propose meaningful actions for object localization. In hardware experiments with precision-milled objects, sub-millimeter accuracy is achieved for the in-hand pose estimation task. With objects relevant to industrial tasks, i.e., a melting fuse and a fuse box, millimeter-level accuracy can be reached for both in-hand pose estimation and fixed object localization. In an integrated experiment, we show how a robot grasps a fuse, estimates the in-hand pose, and inserts it into a fuse box.","2153-0866","978-1-6654-9190-7","10.1109/IROS55552.2023.10342219","Swiss National Science Foundation; ","https://ieeexplore.ieee.org/stamp/stamp.jsp?arnumber=10342219","","Location awareness;Solid modeling;Uncertainty;Fuses;Service robots;Pose estimation;Hardware","","9","","18","IEEE","13 Dec 2023","1-5 Oct. 2023","1-5 Oct. 2023","IEEE","IEEE Conferences"
"TIMS: A Tactile Internet-Based Micromanipulation System with Haptic Guidance for Surgical Training","J. Lin; X. Guo; W. Fan; W. Li; Y. Wang; J. Liang; J. Liu; W. Liu; L. Wei; D. Zhang",NA; NA; NA; NA; NA; NA; NA; NA; NA; NA,2023 IEEE/RSJ International Conference on Intelligent Robots and Systems (IROS),"13 Dec 2023","2023","","","5114","5121","Microsurgery involves the dexterous manipulation of delicate tissue or fragile structures, such as small blood vessels and nerves, under a microscope. To address the limitations of imprecise manipulation of human hands, robotic systems have been developed to assist surgeons in performing complex microsurgical tasks with greater precision and safety. However, the steep learning curve for robot-assisted microsurgery (RAMS) and the shortage of well-trained surgeons pose significant challenges to the widespread adoption of RAMS. Therefore, the development of a versatile training system for RAMS is necessary, which can bring tangible benefits to both surgeons and patients. In this paper, we present a Tactile Internet-Based Micromanipulation System (TIMS) based on a ROS-Django web-based architecture for microsurgical training. This system can provide tactile feedback to operators via a wearable tactile display (WTD), while real-time data is transmitted through the internet via a ROS-Django framework. In addition, TIMS integrates haptic guidance to ‘guide’ the trainees to follow a desired trajectory provided by expert surgeons. Learning from demonstration based on Gaussian Process Regression (GPR) was used to generate the desired trajectory. We conducted user studies to verify the effectiveness of our proposed TIMS, comparing users' performance with and without tactile feedback and/or haptic guidance. For more details of this project, please view our website: https://sites.google.com/view/viewtims/home.","2153-0866","978-1-6654-9190-7","10.1109/IROS55552.2023.10341980","","https://ieeexplore.ieee.org/stamp/stamp.jsp?arnumber=10341980","","Training;Microscopy;Random access memory;Tactile sensors;Microsurgery;Real-time systems;Haptic interfaces","","7","","26","IEEE","13 Dec 2023","1-5 Oct. 2023","1-5 Oct. 2023","IEEE","IEEE Conferences"
"Learning-Augmented Model-Based Planning for Visual Exploration","Y. Li; A. Debnath; G. J. Stein; J. Košecká","Department of Computer Science, George Mason University, University Dr, Fairfax, VA, USA; Department of Computer Science, George Mason University, University Dr, Fairfax, VA, USA; Department of Computer Science, George Mason University, University Dr, Fairfax, VA, USA; Department of Computer Science, George Mason University, University Dr, Fairfax, VA, USA",2023 IEEE/RSJ International Conference on Intelligent Robots and Systems (IROS),"13 Dec 2023","2023","","","5165","5171","We consider the problem of time-limited robotic exploration in previously unseen environments where exploration is limited by a predefined amount of time. We propose a novel exploration approach using learning-augmented model-based planning. We generate a set of sub goals associated with frontiers on the current map and derive a Bellman Equation for exploration with these subgoals. Visual sensing and advances in semantic mapping of indoor scenes are exploited for training a deep convolutional neural network to estimate properties associated with each frontier: the expected unobserved area beyond the frontier and the expected time steps (discretized actions) required to explore it. The proposed model-based planner is guaranteed to explore the whole scene if time permits. We thoroughly evaluate our approach on a large-scale pseudo-realistic indoor dataset (Matterport3D) with the Habitat simulator. We compare our approach with classical and more recent RL-based exploration methods. Our approach surpasses the greedy strategies by 2.1% and the RL-based exploration methods by 8.4% in terms of coverage.","2153-0866","978-1-6654-9190-7","10.1109/IROS55552.2023.10341773","","https://ieeexplore.ieee.org/stamp/stamp.jsp?arnumber=10341773","","Training;Visualization;Three-dimensional displays;Semantics;Robot sensing systems;Mathematical models;Sensors","","10","","40","IEEE","13 Dec 2023","1-5 Oct. 2023","1-5 Oct. 2023","IEEE","IEEE Conferences"
"DMCL: Robot Autonomous Navigation via Depth Image Masked Contrastive Learning","J. Jiang; P. Li; X. Lv; Y. Yang","School of Electronics and Information, Hangzhou Dianzi University, Hangzhou, China; School of Electronics and Information, Hangzhou Dianzi University, Hangzhou, China; School of Electronics and Information, Hangzhou Dianzi University, Hangzhou, China; School of Electronics and Information, Hangzhou Dianzi University, Hangzhou, China",2023 IEEE/RSJ International Conference on Intelligent Robots and Systems (IROS),"13 Dec 2023","2023","","","5172","5178","Achieving high performance in deep reinforcement learning relies heavily on the ability to obtain good state representations from pixel inputs. However, learning an observation-space-to-action-space mapping from high-dimensional inputs is challenging in reinforcement learning, particularly when dealing with consecutive depth images as input states. In addition, we observe that the consecutive inputs of depth images are highly correlated for the autonomous navigation of a mobile robot, which inspires us to capture temporal correlations between consecutive inputs and infer scene change relationships. To this end, we propose a novel end-to-end robot vision navigation method dubbed DMCL, which obtains good spatial-temporal state representation via Depth image Masked Contrastive Learning. It reconstructs the latent representation from consecutive depth images masked in both spatial and temporal dimensions, resulting in a complete environment state representation. To obtain the optimal navigation policy, we leverage the Soft Actor-Critic reinforcement learning in conjunction with the above representation learning. Extensive experiments demonstrate that the proposed DMCL outperforms representative state-of-the-art methods. The source code will be made publicly available.","2153-0866","978-1-6654-9190-7","10.1109/IROS55552.2023.10341836","Fundamental Research Funds for the Provincial Universities of Zhejiang(grant numbers:GK239909299001-003); ","https://ieeexplore.ieee.org/stamp/stamp.jsp?arnumber=10341836","","Representation learning;Deep learning;Navigation;Source coding;Robot vision systems;Reinforcement learning;Mobile robots","","5","","35","IEEE","13 Dec 2023","1-5 Oct. 2023","1-5 Oct. 2023","IEEE","IEEE Conferences"
"Image-based Regularization for Action Smoothness in Autonomous Miniature Racing Car with Deep Reinforcement Learning","H. -G. Cao; I. Lee; B. -J. Hsu; Z. -. Y. Lee; Y. -W. Shih; H. -C. Wang; I. -C. Wu","Department of Computer Science, National Yang Ming Chiao Tung University, Taiwan; Department of Computer Science, National Yang Ming Chiao Tung University, Taiwan; Department of Computer Science, National Yang Ming Chiao Tung University, Taiwan; Department of Computer Science, National Yang Ming Chiao Tung University, Taiwan; Department of Computer Science, National Yang Ming Chiao Tung University, Taiwan; Department of Electrical and Computer Engineering, National Yang Ming Chiao Tung University, Taiwan; Department of Computer Science, National Yang Ming Chiao Tung University, Taiwan",2023 IEEE/RSJ International Conference on Intelligent Robots and Systems (IROS),"13 Dec 2023","2023","","","5179","5186","Deep reinforcement learning has achieved signif-icant results in low-level controlling tasks. However, for some applications like autonomous driving and drone flying, it is difficult to control behavior stably since the agent may suddenly change its actions which often lowers the controlling sys-tem's efficiency, induces excessive mechanical wear, and causes uncontrollable, dangerous behavior to the vehicle. Recently, a method called conditioning for action policy smoothness (CAPS) was proposed to solve the problem of jerkiness in low-dimensional features for applications such as quadrotor drones. To cope with high-dimensional features, this paper proposes image-based regularization for action smoothness (1-RAS) for solving jerky control in autonomous miniature car racing. We also introduce a control based on impact ratio, an adaptive regularization weight to control the smoothness constraint, called IR control. In the experiment, an agent with 1- RAS and IR control significantly improves the success rate from 59% to 95%. In the real-world-track experiment, the agent also outperforms other methods, namely reducing the average finish lap time, while also improving the completion rate even without real world training. This is also justified by an agent based on I-RAS winning the 2022 AWS DeepRacer Final Championship Cup.","2153-0866","978-1-6654-9190-7","10.1109/IROS55552.2023.10342029","","https://ieeexplore.ieee.org/stamp/stamp.jsp?arnumber=10342029","","Deep learning;Training;Reinforcement learning;Robustness;Trajectory;Behavioral sciences;Automobiles","","4","","23","IEEE","13 Dec 2023","1-5 Oct. 2023","1-5 Oct. 2023","IEEE","IEEE Conferences"
"Multi-Goal Audio-Visual Navigation Using Sound Direction Map","H. Kondoh; A. Kanezaki","Department of Computer Science, School of Computing, Tokyo Institute of Technology, Japan; Department of Computer Science, School of Computing, Tokyo Institute of Technology, Japan",2023 IEEE/RSJ International Conference on Intelligent Robots and Systems (IROS),"13 Dec 2023","2023","","","5219","5226","Over the past few years, there has been a great deal of research on navigation tasks in indoor environments using deep reinforcement learning agents. Most of these tasks use only visual information in the form of first-person images to navigate to a single goal. More recently, tasks that simultaneously use visual and auditory information to navigate to the sound source and even navigation tasks with multiple goals instead of one have been proposed. However, there has been no proposal for a generalized navigation task combining these two types of tasks and using both visual and auditory information in a situation where multiple sound sources are goals. In this paper, we propose a new framework for this generalized task: multi-goal audio-visual navigation. We first define the task in detail, and then we investigate the difficulty of the multi-goal audio-visual navigation task relative to the current navigation tasks by conducting experiments in various situations. The research shows that multi-goal audio-visual navigation has the difficulty of the implicit need to separate the sources of sound. Next, to mitigate the difficulties in this new task, we propose a method named sound direction map (SDM), which dynamically localizes multiple sound sources in a learning-based manner while making use of past memories. Experimental results show that the use of SDM significantly improves the performance of multiple baseline methods, regardless of the number of goals.","2153-0866","978-1-6654-9190-7","10.1109/IROS55552.2023.10341819","","https://ieeexplore.ieee.org/stamp/stamp.jsp?arnumber=10341819","","Degradation;Deep learning;Visualization;Source separation;Navigation;Reinforcement learning;Indoor environment","","6","","30","IEEE","13 Dec 2023","1-5 Oct. 2023","1-5 Oct. 2023","IEEE","IEEE Conferences"
"Directed Real-World Learned Exploration","M. Hutsebaut-Buysse; F. G. Guinjoan; E. Rademakers; S. Latré; A. B. Temsamani; K. Mets; E. Mannens; T. De Schepper","Department of Computer Science, imec IDLab, University of Antwerp; Flanders Make; Flanders Make; Department of Computer Science, imec IDLab, University of Antwerp; Flanders Make; Department of Computer Science, imec IDLab, University of Antwerp; Department of Computer Science, imec IDLab, University of Antwerp; Department of Computer Science, imec IDLab, University of Antwerp",2023 IEEE/RSJ International Conference on Intelligent Robots and Systems (IROS),"13 Dec 2023","2023","","","5227","5234","Automated Guided Vehicles (AGV) are omnipresent, and are able to carry out various kind of preprogrammed tasks. Unfortunately, a lot of manual configuration is still required in order to make these systems operational, and configuration needs to be re-done when the environment or task is changed. As an alternative to current inflexible methods, we employ a learning based method in order to perform directed exploration of a previously unseen environment. Instead of relying on handcrafted heuristic representations, the agent learns its own environmental representation through its embodiment. Our method offers loose coupling between the Reinforcement Learning (RL) agent, which is trained in simulation, and a separate, on real-world images trained task module. The uncertainty of the task module is used to direct the exploration behavior. As an example, we use a warehouse inventory task, and we show how directed exploration can improve the task performance through active data collection. We also propose a novel environment representation to efficiently tackle the sim2real gap in both sensing and actuation. We empirically evaluate the approach both in simulated environments and a real-world warehouse.","2153-0866","978-1-6654-9190-7","10.1109/IROS55552.2023.10341504","","https://ieeexplore.ieee.org/stamp/stamp.jsp?arnumber=10341504","","Training;Learning systems;Uncertainty;Remotely guided vehicles;Navigation;Robot vision systems;Reinforcement learning","","4","","36","IEEE","13 Dec 2023","1-5 Oct. 2023","1-5 Oct. 2023","IEEE","IEEE Conferences"
"Learning Whom to Trust in Navigation: Dynamically Switching Between Classical and Neural Planning","S. Dey; A. Sadek; G. Monaci; B. Chidlovskii; C. Wolf","Naver Labs Europe, ETH Zürich; Naver Labs Europe, Meylan, France; Naver Labs Europe, Meylan, France; Naver Labs Europe, Meylan, France; Naver Labs Europe, Meylan, France",2023 IEEE/RSJ International Conference on Intelligent Robots and Systems (IROS),"13 Dec 2023","2023","","","5235","5242","Navigation of terrestrial robots is typically addressed either with localization and mapping (SLAM) followed by classical planning on the dynamically created maps, or by machine learning (ML), often through end-to-end training with reinforcement learning (RL) or imitation learning (IL). Recently, modular designs have achieved promising results, and hybrid algorithms that combine ML with classical planning have been proposed. Existing methods implement these combinations with handcrafted functions, which cannot fully exploit the complementary nature of the policies and the complex regularities between scene structure and planning performance. Our work builds on the hypothesis that the strengths and weaknesses of neural planners and classical planners follow some regularities, which can be learned from training data, in particular from interactions. This is grounded on the assumption that, both, trained planners and the mapping algorithms underlying classical planning are subject to failure cases depending on the semantics of the scene and that this dependence is learnable: for instance, certain areas, objects or scene structures can be reconstructed easier than others. We propose a hierarchical method composed of a high-level planner dynamically switching between a classical and a neural planner. We fully train all neural policies in simulation and evaluate the method in both simulation and real experiments with a LoCoBot robot, showing significant gains in performance, in particular in the real environment. We also qualitatively conjecture on the nature of data regularities exploited by the high-level planner.","2153-0866","978-1-6654-9190-7","10.1109/IROS55552.2023.10342308","","https://ieeexplore.ieee.org/stamp/stamp.jsp?arnumber=10342308","","Training;Three-dimensional displays;Simultaneous localization and mapping;Navigation;Heuristic algorithms;Semantics;Training data","","2","","52","IEEE","13 Dec 2023","1-5 Oct. 2023","1-5 Oct. 2023","IEEE","IEEE Conferences"
"SEAL: Simultaneous Exploration and Localization for Multi-Robot Systems","E. Latif; R. Parasuraman","School of Computing, University of Georgia, Athens, GA, USA; School of Computing, University of Georgia, Athens, GA, USA",2023 IEEE/RSJ International Conference on Intelligent Robots and Systems (IROS),"13 Dec 2023","2023","","","5358","5365","The availability of accurate localization is critical for multi-robot exploration strategies; noisy or inconsistent localization causes failure in meeting exploration objectives. We aim to achieve high localization accuracy with contemporary exploration map belief and vice versa without needing global localization information. This paper proposes a novel simultaneous exploration and localization (SEAL) approach, which uses Gaussian Processes (GP)-based information fusion for maximum exploration while performing communication graph optimization for relative localization. Both these cross-dependent objectives were integrated through the Rao-Blackwellization technique. Distributed linearized convex hull optimization is used to select the next-best unexplored region for distributed exploration. SEAL outperformed cutting-edge methods on exploration and localization performance in extensive ROS-Gazebo simulations, illustrating the practicality of the approach in real-world applications.","2153-0866","978-1-6654-9190-7","10.1109/IROS55552.2023.10342157","","https://ieeexplore.ieee.org/stamp/stamp.jsp?arnumber=10342157","","Location awareness;Seals;Gaussian processes;Sensor phenomena and characterization;Robot sensing systems;Multi-robot systems;Noise measurement","","12","","23","IEEE","13 Dec 2023","1-5 Oct. 2023","1-5 Oct. 2023","IEEE","IEEE Conferences"
"Robust Electric Vehicle Balancing of Autonomous Mobility-on-Demand System: A Multi-Agent Reinforcement Learning Approach","S. He; S. Han; F. Miao","Department of Computer Science and Engineering, University of Connecticut, Storrs, CT; Department of Electrical and Computer Engineering, University of Illinois, Chicago; Department of Computer Science and Engineering, University of Connecticut, Storrs, CT",2023 IEEE/RSJ International Conference on Intelligent Robots and Systems (IROS),"13 Dec 2023","2023","","","5471","5478","Electric autonomous vehicles (EAVs) are getting attention in future autonomous mobility-on-demand (AMoD) systems due to their economic and societal benefits. However, EAVs' unique charging patterns (long charging time, high charging frequency, unpredictable charging behaviors, etc.) make it challenging to accurately predict the EAVs supply in E-AMoD systems. Furthermore, the mobility demand's prediction uncertainty makes it an urgent and challenging task to design an integrated vehicle balancing solution under supply and demand uncertainties. Despite the success of reinforcement learning-based E-AMoD balancing algorithms, state uncertainties under the EV supply or mobility demand remain unexplored. In this work, we design a multi-agent reinforcement learning (MARL)-based framework for EAVs balancing in E-AMoD systems, with adversarial agents to model both the EAVs supply and mobility demand uncertainties that may undermine the vehicle balancing solutions. We then propose a robust E-AMoD Balancing MARL (REBAMA) algorithm to train a robust EAVs balancing policy to balance both the supply-demand ratio and charging utilization rate across the whole city. Experiments show that our proposed robust method performs better compared with a non-robust MARL method that does not consider state uncertainties; it improves the reward, charging utilization fairness, and supply-demand fairness by 19.28%, 28.18%, and 3.97%, respectively. Compared with a robust optimization-based method, the proposed MARL algorithm can improve the reward, charging utilization fairness, and supply-demand fairness by 8.21%, 8.29%, and 9.42%, respectively.","2153-0866","978-1-6654-9190-7","10.1109/IROS55552.2023.10342263","National Science Foundation(grant numbers:CNS-1952096,CMMI-1932250,CNS-2047354); ","https://ieeexplore.ieee.org/stamp/stamp.jsp?arnumber=10342263","","Training;Time-frequency analysis;Uncertainty;Supply and demand;Urban areas;Reinforcement learning;Prediction algorithms","","8","","40","USGov","13 Dec 2023","1-5 Oct. 2023","1-5 Oct. 2023","IEEE","IEEE Conferences"
"Deep Reinforcement Learning-Based Intelligent Traffic Signal Controls with Optimized CO2 Emissions","P. Agand; A. Iskrov; M. Chen","Simon Fraser University, Burnaby, Canada; Breeze Traffic Inc., Vancouver, BC, Canada; Simon Fraser University, Burnaby, Canada",2023 IEEE/RSJ International Conference on Intelligent Robots and Systems (IROS),"13 Dec 2023","2023","","","5495","5500","Nowadays, transportation networks face the challenge of sub-optimal control policies that can have adverse effects on human health, the environment, and contribute to traffic congestion. Increased levels of air pollution and extended commute times caused by traffic bottlenecks make intersection traffic signal controllers a crucial component of modern transportation infrastructure. Despite several adaptive traffic signal controllers in literature, limited research has been conducted on their comparative performance. Furthermore, despite carbon dioxide (CO2) emissions' significance as a global issue, the literature has paid limited attention to this area. In this report, we propose EcoLight, a reward shaping scheme for reinforcement learning algorithms that not only reduces CO2 emissions but also achieves competitive results in metrics such as travel time. We compare the performance of tabular Q-Learning, DQN, SARSA, and A2C algorithms using metrics such as travel time, CO2 emissions, waiting time, and stopped time. Our evaluation considers multiple scenarios that encompass a range of road users (trucks, buses, cars) with varying pollution levels.","2153-0866","978-1-6654-9190-7","10.1109/IROS55552.2023.10341972","","https://ieeexplore.ieee.org/stamp/stamp.jsp?arnumber=10341972","","Measurement;Q-learning;Sensitivity analysis;Roads;Urban areas;Transportation;Robustness","","11","","32","IEEE","13 Dec 2023","1-5 Oct. 2023","1-5 Oct. 2023","IEEE","IEEE Conferences"
"A Two-Stage Based Social Preference Recognition in Multi-Agent Autonomous Driving System","J. Xue; D. Zhang; R. Xiong; Y. Wang; E. Liu","Dept of Information Science and Electronic Engineering, Zhejiang University, Hangzhou, China; Dept of Control Science and Engineering, Zhejiang University, Hangzhou, China; Dept of Control Science and Engineering, Zhejiang University, Hangzhou, China; Dept of Control Science and Engineering, Zhejiang University, Hangzhou, China; Dept of Information Science and Electronic Engineering, Zhejiang University, Hangzhou, China",2023 IEEE/RSJ International Conference on Intelligent Robots and Systems (IROS),"13 Dec 2023","2023","","","5507","5513","Multi-Agent Reinforcement Learning (MARL) has become a promising solution for constructing a multi-agent autonomous driving system (MADS) in complex and dense scenarios. But most methods consider agents acting selfishly, which leads to conflict behaviors. Some existing works incorporate the concept of social value orientation (SVO) to promote coordination, but they lack the knowledge of other agents' SVOs, resulting in conservative maneuvers. In this paper, we aim to tackle the mentioned problem by enabling the agents to understand other agents' SVOs. To accomplish this, we propose a two-stage system framework. Firstly, we train a policy by allowing the agents to share their ground truth SVOs to establish a coordinated traffic flow. Secondly, we develop a recognition network that estimates agents' SVOs and integrates it with the policy trained in the first stage. Experiments demonstrate that our developed method significantly improves the performance of the driving policy in MADS compared to two state-of-the-art MARL algorithms.","2153-0866","978-1-6654-9190-7","10.1109/IROS55552.2023.10341803","","https://ieeexplore.ieee.org/stamp/stamp.jsp?arnumber=10341803","","Reinforcement learning;Behavioral sciences;Autonomous vehicles;Intelligent robots","","5","","37","IEEE","13 Dec 2023","1-5 Oct. 2023","1-5 Oct. 2023","IEEE","IEEE Conferences"
"RLPG: Reinforcement Learning Approach for Dynamic Intra-Platoon Gap Adaptation for Highway On-Ramp Merging","S. R. Yadavalli; L. C. Das; M. Won","Department of Computer Science, University of Memphis, Memphis, TN, United States; Department of Computer Science, University of Memphis, Memphis, TN, United States; Department of Computer Science, University of Memphis, Memphis, TN, United States",2023 IEEE/RSJ International Conference on Intelligent Robots and Systems (IROS),"13 Dec 2023","2023","","","5514","5521","A platoon refers to a group of vehicles traveling together in very close proximity using automated driving technology. Owing to its immense capacity to improve fuel efficiency, driving safety, and driver comfort, platooning technology has garnered substantial attention from the autonomous vehicle research community. Although highly advantageous, recent research has uncovered that an excessively small intra-platoon gap can impede traffic flow during highway on-ramp merging. While existing control-based methods allow for adaptation of the intra-platoon gap to improve traffic flow, making an optimal control decision under the complex dynamics of traffic conditions remains a challenge due to the massive computational complexity. In this paper, we present the design, implementation, and evaluation of a novel reinforcement learning framework that adaptively adjusts the intra-platoon gap of an individual platoon member to maximize traffic flow in response to dynamically changing, complex traffic conditions for highway on-ramp merging. The framework's state space has been meticulously designed in consultation with the transportation literature to take into account critical traffic parameters that bear direct relevance to merging efficiency. An intra-platoon gap decision making method based on the deep deterministic policy gradient algorithm is created to incorporate the continuous action space to ensure precise and continuous adaptation of the intra-platoon gap. An extensive simulation study demonstrates the effectiveness of the reinforcement learning-based approach for significantly improving traffic flow in various highway on-ramp merging scenarios.","2153-0866","978-1-6654-9190-7","10.1109/IROS55552.2023.10341918","","https://ieeexplore.ieee.org/stamp/stamp.jsp?arnumber=10341918","","Adaptation models;Roads;Merging;Optimal control;Reinforcement learning;Safety;Vehicle dynamics","","2","","33","IEEE","13 Dec 2023","1-5 Oct. 2023","1-5 Oct. 2023","IEEE","IEEE Conferences"
"Effective Traffic Signal Control with Offline-to-Online Reinforcement Learning","J. Ma; F. Wu","The School of Computer Science and Technology, University of Science and Technology of China, Hefei, Anhui, China; The School of Computer Science and Technology, University of Science and Technology of China, Hefei, Anhui, China",2023 IEEE/RSJ International Conference on Intelligent Robots and Systems (IROS),"13 Dec 2023","2023","","","1","7","Reinforcement learning (RL) has emerged as a promising approach for optimizing traffic signal control (TSC) to ensure the efficient operation of transportation networks. However, the traditional trial-and-error technique in RL is usually impractical in real-world applications. Offline RL, which trains models using pre-collected datasets, is a more practical approach. However, this presents challenges such as suboptimal datasets and limited generalization of pre-trained models. To address this, we propose an offline-to-online RL framework for TSC that pre-trains a generalized model and quickly adapts to new traffic scenarios through online refinement. In the offline stage, we augment the pre-collected datasets to cover a diverse set of possible scenarios and use an offline RL method to pretrain a control model. To ensure generalization, we use FRAP-like network as our base model, which is designed to learn the basic logic for signal control. In the online stage, we introduce a discrepancy measure to tackle inconsistencies between offline pre-trained models and online scenarios and prioritize samples based on it. In the experiments, the proposed approach achieves competitive performance and reduces the training time needed for learning in new scenarios, compared to several baselines.","2153-0866","978-1-6654-9190-7","10.1109/IROS55552.2023.10341718","Major Research Plan of the National Natural Science Foundation of China(grant numbers:92048301); ","https://ieeexplore.ieee.org/stamp/stamp.jsp?arnumber=10341718","","Training;Adaptation models;Transportation;Reinforcement learning;Computational efficiency;Intelligent robots","","3","","23","IEEE","13 Dec 2023","1-5 Oct. 2023","1-5 Oct. 2023","IEEE","IEEE Conferences"
"Learning from Symmetry: Meta-Reinforcement Learning with Symmetrical Behaviors and Language Instructions","X. Yao; Z. Bing; G. Zhuang; K. Chen; H. Zhou; K. Huang; A. Knoll","School of Computation, Information and Technology, Technical University of Munich, Germany; School of Computation, Information and Technology, Technical University of Munich, Germany; School of Computation, Information and Technology, Technical University of Munich, Germany; School of Computation, Information and Technology, Technical University of Munich, Germany; School of Computation, Information and Technology, Technical University of Munich, Germany; School of Computer Science and Engineering, Sun Yat-sen University, China; School of Computation, Information and Technology, Technical University of Munich, Germany",2023 IEEE/RSJ International Conference on Intelligent Robots and Systems (IROS),"13 Dec 2023","2023","","","5574","5581","Meta-reinforcement learning (meta-RL) is a promising approach that enables the agent to learn new tasks quickly. However, most meta-RL algorithms show poor generalization in multi-task scenarios due to the insufficient task information provided only by rewards. Language-conditioned meta-RL improves the generalization capability by matching language instructions with the agent's behaviors. While both behaviors and language instructions have symmetry, which can speed up human learning of new knowledge. Thus, combining symmetry and language instructions into meta-RL can help improve the algorithm's generalization and learning efficiency. We propose a dual-MDP meta-reinforcement learning method that enables learning new tasks efficiently with symmetrical behav-iors and language instructions. We evaluate our method in mul-tiple challenging manipulation tasks, and experimental results show that our method can greatly improve the generalization and learning efficiency of meta-reinforcement learning. Videos are available at https://tumi6robot.wixsite.com/symmetry/.","2153-0866","978-1-6654-9190-7","10.1109/IROS55552.2023.10341769","","https://ieeexplore.ieee.org/stamp/stamp.jsp?arnumber=10341769","","Learning systems;Multitasking;Behavioral sciences;Task analysis;Intelligent robots;Videos","","8","","28","IEEE","13 Dec 2023","1-5 Oct. 2023","1-5 Oct. 2023","IEEE","IEEE Conferences"
"A Multiplicative Value Function for Safe and Efficient Reinforcement Learning","N. Bührer; Z. Zhang; A. Liniger; F. Yu; L. Van Gool","Computer Vision Lab, ETH Zurich, Switzerland; Computer Vision Lab, ETH Zurich, Switzerland; Computer Vision Lab, ETH Zurich, Switzerland; Computer Vision Lab, ETH Zurich, Switzerland; Computer Vision Lab, ETH Zurich, Switzerland",2023 IEEE/RSJ International Conference on Intelligent Robots and Systems (IROS),"13 Dec 2023","2023","","","5582","5589","An emerging field of sequential decision problems is safe Reinforcement Learning (RL), where the objective is to maximize the reward while obeying safety constraints. Being able to handle constraints is essential for deploying RL agents in real-world environments, where constraint violations can harm the agent and the environment. To this end, we propose a safe model-free RL algorithm with a novel multiplicative value function consisting of a safety critic and a reward critic. The safety critic predicts the probability of constraint violation and discounts the reward critic that only estimates constraint-free returns. By splitting responsibilities, we facilitate the learning task leading to increased sample efficiency. We integrate our approach into two popular RL algorithms, Proximal Policy Optimization and Soft Actor-Critic, and evaluate our method in four safety-focused environments, including classical RL benchmarks augmented with safety constraints and robot navigation tasks with images and raw Lidar scans as observations. Finally, we make the zero-shot sim-to-real transfer where a differential drive robot has to navigate through a cluttered room. Our code can be found at https://github.com/nikeke19/Safe-Mult-RL.","2153-0866","978-1-6654-9190-7","10.1109/IROS55552.2023.10342288","","https://ieeexplore.ieee.org/stamp/stamp.jsp?arnumber=10342288","","Laser radar;Codes;Navigation;Reinforcement learning;Benchmark testing;Prediction algorithms;Safety","","2","","45","IEEE","13 Dec 2023","1-5 Oct. 2023","1-5 Oct. 2023","IEEE","IEEE Conferences"
"Energy Constrained Multi-Agent Reinforcement Learning for Coverage Path Planning","C. Zhao; J. Liu; S. -U. Yoon; X. Li; H. Li; Z. Zhang","Southeast University, Nanjing, China; Samsung Electronics (China) R&D Center, Nanjing, China; Samsung Electronics, Gyeonggi-Do, South Korea; Southeast University, Nanjing, China; Southeast University, Nanjing, China; Southeast University, Nanjing, China",2023 IEEE/RSJ International Conference on Intelligent Robots and Systems (IROS),"13 Dec 2023","2023","","","5590","5597","For multi-agent area coverage path planning problem, existing researches regard it as a combination of Traveling Salesman Problem (TSP) and Coverage Path Planning (CPP). However, these approaches have disadvantages of poor observation ability in online phase and high computational cost in offline phase, making it difficult to be applied to energy-constrained Unmanned Aerial Vehicles (UAVs) and adjust strategy dynamically. In this paper, we decompose the task into two sub-problems: multi-agent path planning and sub-region CPP. We model the multi-agent path planning problem as a Collective Markov Decision Process (C-MDP), and design an Energy Constrained Multi-Agent Reinforcement Learning (ECMARL) algorithm based on the centralized training and distributed execution concept. Taking into account energy constraint of UAVs, the UAV propulsion power model is established to measure the energy consumption of UAVs, and load balancing strategy is applied to dynamically allocate target areas for each UAV. If the UAV is under energy-depleted situation, ECMARL can adjust the mission strategy in real time according to environmental information and energy storage conditions of other UAVs. When UAVs reach each sub-region of interest, Back-an-Forth Paths (BFPs) are adopted to solve CPP problem, which can ensure full coverage, optimality and complexity of the sub-problem. Comprehensive theoretical analysis and experiments demonstrate that ECMARL is superior to the traditional offline TSP-CPP strategy in terms of solution quality and computational time, and can effectively deal with the energy-constrained UAVs.","2153-0866","978-1-6654-9190-7","10.1109/IROS55552.2023.10341412","National Natural Science Foundation of China(grant numbers:62233003,62073072); ","https://ieeexplore.ieee.org/stamp/stamp.jsp?arnumber=10341412","","Training;Power measurement;Reinforcement learning;Traveling salesman problems;Propulsion;Markov processes;Autonomous aerial vehicles","","8","","50","IEEE","13 Dec 2023","1-5 Oct. 2023","1-5 Oct. 2023","IEEE","IEEE Conferences"
"Air-M: A Visual Reality Many-Agent Reinforcement Learning Platform for Large-Scale Aerial Unmanned System","J. Lou; W. Wu; S. Liao; R. Shi","Beihang University, Beijing, China; Beihang University, Beijing, China; Beihang University, Beijing, China; Beihang University, Beijing, China",2023 IEEE/RSJ International Conference on Intelligent Robots and Systems (IROS),"13 Dec 2023","2023","","","5598","5605","Reinforcement learning for swarms of flying robots is a challenging task that requires a large number of data samples. Moreover, the problem of sim-to-real transfer has long been a challenge in robotics algorithm deployment. To address these issues, we propose Air-M, a platform that facilitates large-scale drone swarm learning in a distributed docker container environment and deployment in a virtual reality setting. Air-M trains the policy network using physics engines and creates replicas of agents in docker containers, which helps amortize the computational cost. In addition, Air-M establishes an intermediate link between the simulation and the real world, allowing real drones to interact with virtual objects via virtual sensors. This enables the policy network to be trained using virtual agents and seamlessly transferred to real drones. Air-Mis highly scalable, accommodating hundreds of agents with dynamic models and virtual sensors. We evaluate the effectiveness of our approach by conducting experiments in three representative virtual scenarios with an increasing number of agents. Our results demonstrate that our method outperforms the state-of- the-art in terms of training efficiency and transferability, making it a promising platform for swarm robotics applications.","2153-0866","978-1-6654-9190-7","10.1109/IROS55552.2023.10341405","National Key R&D Program of China(grant numbers:2022ZDOl16401); State Key Laboratory of Software Development Environment(grant numbers:SKLSDE-2020ZX-01); ","https://ieeexplore.ieee.org/stamp/stamp.jsp?arnumber=10341405","","Training;Soft sensors;Reinforcement learning;Containers;Autonomous aerial vehicles;Libraries;Task analysis","","6","","22","IEEE","13 Dec 2023","1-5 Oct. 2023","1-5 Oct. 2023","IEEE","IEEE Conferences"
"Nonprehensile Planar Manipulation through Reinforcement Learning with Multimodal Categorical Exploration","J. Del Aguila Ferrandis; J. Moura; S. Vijayakumar","School of Informatics, The University of Edinburgh, Edinburgh, UK; School of Informatics, The University of Edinburgh, Edinburgh, UK; School of Informatics, The University of Edinburgh, Edinburgh, UK",2023 IEEE/RSJ International Conference on Intelligent Robots and Systems (IROS),"13 Dec 2023","2023","","","5606","5613","Developing robot controllers capable of achieving dexterous nonprehensile manipulation, such as pushing an object on a table, is challenging. The underactuated and hybrid-dynamics nature of the problem, further complicated by the uncertainty resulting from the frictional interactions, requires sophisticated control behaviors. Reinforcement Learning (RL) is a powerful framework for developing such robot controllers. However, previous RL literature addressing the nonprehensile pushing task achieves low accuracy, non-smooth trajectories, and only simple motions, i.e. without rotation of the manipulated object. We conjecture that previously used unimodal exploration strategies fail to capture the inherent hybrid-dynamics of the task, arising from the different possible contact interaction modes between the robot and the object, such as sticking, sliding, and separation. In this work, we propose a multimodal exploration approach through categorical distributions, which enables us to train planar pushing RL policies for arbitrary starting and target object poses, i.e. positions and orientations, and with improved accuracy. We show that the learned policies are robust to external disturbances and observation noise, and scale to tasks with multiple pushers. Furthermore, we validate the transferability of the learned policies, trained entirely in simulation, to a physical robot hardware using the KUKA iiwa robot arm. See our supplemental video: https://youtu.be/vTdvalmgrk4.","2153-0866","978-1-6654-9190-7","10.1109/IROS55552.2023.10341629","","https://ieeexplore.ieee.org/stamp/stamp.jsp?arnumber=10341629","","Uncertainty;Reinforcement learning;Manipulators;Hardware;Trajectory;Behavioral sciences;Task analysis","","16","","27","IEEE","13 Dec 2023","1-5 Oct. 2023","1-5 Oct. 2023","IEEE","IEEE Conferences"
"Efficient Domain Coverage for Vehicles with Second-Order Dynamics via Multi-Agent Reinforcement Learning","X. Zhao; R. C. Fetecau; M. Chen","Department of Mathematics, Simon Fraser University, Burnaby, BC, Canada (SFU); Department of Mathematics, Simon Fraser University, Burnaby, BC, Canada (SFU); School of Computing Science, SFU",2023 IEEE/RSJ International Conference on Intelligent Robots and Systems (IROS),"13 Dec 2023","2023","","","5614","5621","Collaborative autonomous multi-agent systems covering a specified area have many potential applications. Traditional approaches for such problems involve designing model-based control policies; however, state-of-the-art classical control policy still exhibits a large degree of sub-optimality. We present a combined reinforcement learning (RL) and control approach for the multi-agent coverage problem involving agents with second-order dynamics, with the RL component being based on the Multi-Agent Proximal Policy Optimization Algorithm (MAPPO). Our proposed network architecture includes the incorporation of LSTM and self-attention, which allows the trained policy to adapt to a variable number of agents. Our trained policy significantly outperforms the state-of-the-art classical control policy. We demonstrate our proposed method in a variety of simulated experiments.","2153-0866","978-1-6654-9190-7","10.1109/IROS55552.2023.10341748","","https://ieeexplore.ieee.org/stamp/stamp.jsp?arnumber=10341748","","Heuristic algorithms;Collaboration;Reinforcement learning;Network architecture;Vehicle dynamics;Task analysis;Collision avoidance","","3","","28","IEEE","13 Dec 2023","1-5 Oct. 2023","1-5 Oct. 2023","IEEE","IEEE Conferences"
"Domains as Objectives: Multi-Domain Reinforcement Learning with Convex-Coverage Set Learning for Domain Uncertainty Awareness","W. E. L. Ilboudo; T. Kobayashi; T. Matsubara","Division of Information Science, Nara Institute of Science and Technology, Nara, Japan; National Institute of Informatics/The Graduate University for Advanced Studies, SOKENDAI, Tokyo, Japan; Division of Information Science, Nara Institute of Science and Technology, Nara, Japan",2023 IEEE/RSJ International Conference on Intelligent Robots and Systems (IROS),"13 Dec 2023","2023","","","5622","5629","Domain randomization (DR) is a powerful framework that has allowed the transfer of policies from randomized domain (a.k.a. simulation) to real robots with little to no retraining requirement. However, because the policy has to perform well for many different domain conditions, DR tends to produce sub-optimal policies that can be too conservative on the target real system. This problem is further exacerbated the larger the randomized domain is. To tackle this issue, recent works have proposed to learn universal policies (UP) with domain knowledge such that they can adapt their behavior to each domain when paired with an online system identifier (OSI). However, in most applications, perfect identifications of the target domain can be impossible. In this paper, by drawing similarities between DR as a multi-domain reinforcement learning and multi-objective reinforcement learning (MORL), we propose to learn a UP over the convex coverage set borrowed from the MORL theory. Thanks to this, our method learns a UP that effectively captures different sub-domains of the uncertainty set and can therefore adapt its behavior based on an OSI uncertainty, unlocking the power of stochastic system identification with no retraining requirement. This pseudo-MORL framework also contains previous works in DR and robust reinforcement learning. We conduct simulations on Mujoco tasks and experiments on a real D'Claw robot, revealing the effectiveness of our domain-uncertainty-aware UP for sim-to-real transfer.","2153-0866","978-1-6654-9190-7","10.1109/IROS55552.2023.10342236","","https://ieeexplore.ieee.org/stamp/stamp.jsp?arnumber=10342236","","Uncertainty;Stochastic systems;Neural networks;Reinforcement learning;Open systems;Behavioral sciences;System identification","","1","","34","IEEE","13 Dec 2023","1-5 Oct. 2023","1-5 Oct. 2023","IEEE","IEEE Conferences"
"PIMbot: Policy and Incentive Manipulation for Multi-Robot Reinforcement Learning in Social Dilemmas","S. Nikkhoo; Z. Li; A. Samanta; Y. Li; C. Liu","University of California, Riverside; University of California, Riverside; University of California, Riverside; University of California, Riverside; University of California, Riverside",2023 IEEE/RSJ International Conference on Intelligent Robots and Systems (IROS),"13 Dec 2023","2023","","","5630","5636","Recent research has demonstrated the potential of reinforcement learning (RL) in enabling effective multi-robot collaboration, particularly in social dilemmas where robots face a trade-off between self-interests and collective benefits. However, environmental factors such as miscommunication and adversarial robots can impact cooperation, making it crucial to explore how multi-robot communication can be manipulated to achieve different outcomes. This paper presents a novel approach, namely PIMbot, to manipulating the reward function in multi-robot collaboration through two distinct forms of manipulation: policy and incentive manipulation. Our work introduces a new angle for manipulation in recent multi-agent RL social dilemmas that utilize a unique reward function for incentivization. By utilizing our proposed PIMbot mechanisms, a robot is able to manipulate the social dilemma environment effectively. PIMbot has the potential for both positive and negative impacts on the task outcome, where positive impacts lead to faster convergence to the global optimum and maximized rewards for any chosen robot. Conversely, negative impacts can have a detrimental effect on the overall task performance. We present comprehensive experimental results that demonstrate the effectiveness of our proposed methods in the Gazebo-simulated multi-robot environment. Our work provides insights into how inter-robot communication can be manipulated and has implications for various robotic applications.","2153-0866","978-1-6654-9190-7","10.1109/IROS55552.2023.10341884","","https://ieeexplore.ieee.org/stamp/stamp.jsp?arnumber=10341884","","Collaboration;Reinforcement learning;Environmental factors;Behavioral sciences;Multi-robot systems;Task analysis;Robots","","5","","20","IEEE","13 Dec 2023","1-5 Oct. 2023","1-5 Oct. 2023","IEEE","IEEE Conferences"
"A Robust and Constrained Multi-Agent Reinforcement Learning Electric Vehicle Rebalancing Method in AMoD Systems","S. He; Y. Wang; S. Han; S. Zou; F. Miao","Department of Computer Science and Engineering, University of Connecticut, Storrs, CT; Department of Electrical Engineering, University at Buffalo, The State University of New York; Department of Electrical and Computer Engineering, University of Illinois, Chicago; Department of Electrical Engineering, University at Buffalo, The State University of New York; Department of Computer Science and Engineering, University of Connecticut, Storrs, CT",2023 IEEE/RSJ International Conference on Intelligent Robots and Systems (IROS),"13 Dec 2023","2023","","","5637","5644","Electric vehicles (EVs) play critical roles in autonomous mobility-on-demand (AMoD) systems, but their unique charging patterns increase the model uncertainties in AMoD systems (e.g. state transition probability). Since there usually exists a mismatch between the training and test/true environments, incorporating model uncertainty into system design is of critical importance in real-world applications. However, model uncertainties have not been considered explicitly in EV AMoD system rebalancing by existing literature yet, and the coexistence of model uncertainties and constraints that the decision should satisfy makes the problem even more challenging. In this work, we design a robust and constrained multi-agent reinforcement learning (MARL) framework with state transition kernel uncertainty for EV AMoD systems. We then propose a robust and constrained MARL algorithm (ROCOMA) with robust natural policy gradients (RNPG) that trains a robust EV rebalancing policy to balance the supply-demand ratio and the charging utilization rate across the city under model uncertainty. Experiments show that the ROCOMA can learn an effective and robust rebalancing policy. It outperforms non-robust MARL methods in the presence of model uncertainties. It increases the system fairness by 19.6% and decreases the rebalancing costs by 75.8%.","2153-0866","978-1-6654-9190-7","10.1109/IROS55552.2023.10342342","National Science Foundation(grant numbers:CNS-1952096,CMMI-1932250,CNS-2047354,CCF-2106560,CCF-2007783); ","https://ieeexplore.ieee.org/stamp/stamp.jsp?arnumber=10342342","","Training;Uncertainty;Heuristic algorithms;Urban areas;Reinforcement learning;Electric vehicles;Vehicle dynamics","","9","","40","USGov","13 Dec 2023","1-5 Oct. 2023","1-5 Oct. 2023","IEEE","IEEE Conferences"
"Real-Time Model-Free Deep Reinforcement Learning for Force Control of a Series Elastic Actuator","R. Sambhus; A. Gokce; S. Welch; C. W. Herron; A. Leonessa","Terrestrial Robotics Engineering and Controls (TREC) Lab, Virginia Tech, Blacksburg, VA, USA; Terrestrial Robotics Engineering and Controls (TREC) Lab, Virginia Tech, Blacksburg, VA, USA; Terrestrial Robotics Engineering and Controls (TREC) Lab, Virginia Tech, Blacksburg, VA, USA; Terrestrial Robotics Engineering and Controls (TREC) Lab, Virginia Tech, Blacksburg, VA, USA; Terrestrial Robotics Engineering and Controls (TREC) Lab, Virginia Tech, Blacksburg, VA, USA",2023 IEEE/RSJ International Conference on Intelligent Robots and Systems (IROS),"13 Dec 2023","2023","","","5645","5652","Many state-of-the-art robotic applications utilize series elastic actuators (SEAs) with closed-loop force control to achieve complex tasks such as walking, lifting, and manipulation. Model-free PID control methods are more prone to instability due to nonlinearities in the SEA where cascaded model-based robust controllers can remove these effects to achieve stable force control. However, these model-based methods require detailed investigations to characterize the system accurately. Deep reinforcement learning (DRL) has proved to be an effective model-free method for continuous control tasks, where few works deal with hardware learning. This paper describes the training process of a DRL policy on the hardware of an SEA pendulum system for tracking force control trajectories from 0.05 - 0.35 Hz at 50 N amplitude using the Proximal Policy Optimization (PPO) algorithm. Safety mechanisms are developed and utilized for training the policy for over 21 hours (including overnight) without an operator present. The tracking performance is evaluated showing improvements of 25 N in mean absolute error when comparing the first 18 minutes of training to the full 21 hours for a 50 N amplitude, 0.1 Hz sinusoid desired force trajectory. Finally, the DRL policy exhibits better tracking and stability margins when compared to a model-free PID controller for a 50 N chirp force trajectory.","2153-0866","978-1-6654-9190-7","10.1109/IROS55552.2023.10341751","","https://ieeexplore.ieee.org/stamp/stamp.jsp?arnumber=10341751","","Training;Legged locomotion;Force;Reinforcement learning;Hardware;Stability analysis;Trajectory","","5","","26","IEEE","13 Dec 2023","1-5 Oct. 2023","1-5 Oct. 2023","IEEE","IEEE Conferences"
"An Approach to Design a Biomechanically-Inspired Reward Function to Solve a Patience Cube Under Reinforcement Learning Framework","J. Kim; H. -J. Jung; D. H. Sim; J. -H. Yoo; S. W. Kim; H. U. Yoon","Department of Computer Science, Yonsei University (Mirae), Wonju, Gangwon, Korea; Department of Computer Science, Yonsei University (Mirae), Wonju, Gangwon, Korea; Department of Computer Science, Yonsei University (Mirae), Wonju, Gangwon, Korea; Department of Computer Science, Yonsei University (Mirae), Wonju, Gangwon, Korea; Department of Computer Science, Yonsei University (Mirae), Wonju, Gangwon, Korea; Faculty of the Division of Software, Yonsei University (Mirae), Wonju, Gangwon, Korea",2023 IEEE/RSJ International Conference on Intelligent Robots and Systems (IROS),"13 Dec 2023","2023","","","5653","5660","This paper presents an approach to design a reward function by adopting both control theoretic and biomechanical perspectives. In reinforcement learning (RL), a reward function plays a crucial role for an RL agent training; especially, a task learning time and a task performance. Accordingly, designing a reward function becomes a key issue to train an RL agent generating human-like policy/strategy to perform dexterous manipulation. Since human beings are good at producing heuristic approaches to complete a given task, determining a set of basis functions as well as corresponding weights used not to be so straightforward. In this study, we consider solving a patience cube as an example of a dexterous manipulation task. In our approach, we first employed a quadratic regulator form as a backbone of a desired reward function. Next, the kinematic data of a controlled object and the sEMG data of a human expert were measured while performing a demonstration to solve a patience cube. Then, from the measured data, the weights of the basis functions were determined by utilizing muscle synergy extraction and inverse optimal control as two key tools. Finally, an RL agent was trained by the designed reward function and comparative analysis versus the other RL agents trained by prototypical weight settings was followed. The result showed that the RL agent trained by our approach yielded human-like learning curve as well as policy successfully and outperformed the others in terms of a task success rate and a task completion time. These findings substantiated the feasibility of extending our approach to an assistive robotic manipulator or prosthesis design to perform the activities of daily living.","2153-0866","978-1-6654-9190-7","10.1109/IROS55552.2023.10341831","National Research Foundation of Korea(NRF)(grant numbers:2021R1F1A1063339); Ministry of Trade, Industry & Energy (MOTIE, Korea)(grant numbers:20023014); ","https://ieeexplore.ieee.org/stamp/stamp.jsp?arnumber=10341831","","Biomechanics;Weight measurement;Training;Optimal control;Reinforcement learning;Kinematics;Muscles","","","","33","IEEE","13 Dec 2023","1-5 Oct. 2023","1-5 Oct. 2023","IEEE","IEEE Conferences"
"Interpretable Trajectory Prediction for Autonomous Vehicles via Counterfactual Responsibility","K. -C. Hsu; K. Leung; Y. Chen; J. F. Fisac; M. Pavone","Princeton University, while this work was carried out at NVIDIA; University of Washington and NVIDIA; NVIDIA; Princeton University; Stanford University and NVIDIA",2023 IEEE/RSJ International Conference on Intelligent Robots and Systems (IROS),"13 Dec 2023","2023","","","5918","5925","The ability to anticipate surrounding agents' behaviors is critical to enable safe and seamless autonomous vehicles (AVs). While phenomenological methods have successfully predicted future trajectories from scene context, these predictions lack interpretability. On the other hand, ontological approaches assume an underlying structure able to describe the interaction dynamics or agents' internal decision processes. Still, they often suffer from poor scalability or cannot reflect diverse human behaviors. This work proposes an interpretability framework for a phenomenological method through responsibility evaluations. We formulate responsibility as a measure of how much an agent takes into account the welfare of other agents through counterfactual reasoning. Additionally, this framework abstracts the computed responsibility sequences into different responsibility levels and grounds these latent levels into reward functions. The proposed responsibility-based interpretability framework is modular and easily integrated into a wide range of prediction models. To demonstrate the utility of the proposed framework in providing added interpretability, we adapt an existing AV prediction model and perform a simulation study on a real-world nuScenes traffic dataset. Experimental results show that we can perform offline ex-post traffic analysis by incorporating the responsibility signal and rendering interpretable but accurate online trajectory predictions.","2153-0866","978-1-6654-9190-7","10.1109/IROS55552.2023.10341712","","https://ieeexplore.ieee.org/stamp/stamp.jsp?arnumber=10341712","","Adaptation models;Computational modeling;Scalability;Predictive models;Rendering (computer graphics);Cognition;Trajectory","","5","","27","IEEE","13 Dec 2023","1-5 Oct. 2023","1-5 Oct. 2023","IEEE","IEEE Conferences"
"All Aware Robot Navigation in Human Environments Using Deep Reinforcement Learning","X. Lu; A. Faragasso; A. Yamashita; H. Asama","Department of Precision Engineering, The University of Tokyo, Tokyo, Japan; Department of Precision Engineering, The University of Tokyo, Tokyo, Japan; Department of Human and Engineered Environmental Studies, The University of Tokyo, Chiba, Japan; Department of Precision Engineering, The University of Tokyo, Tokyo, Japan",2023 IEEE/RSJ International Conference on Intelligent Robots and Systems (IROS),"13 Dec 2023","2023","","","5989","5996","Mobile robots functioning in human environments should behave with a secure and socially-compliant manner. Although many studies have revealed the effectiveness of Deep Reinforcement Learning (DRL) in robot navigation, most of them can only handle the presence of human as independent individuals. Failing to consider groups may lead to the robot getting stuck or behaving rudely, and omitting to separately handle obstacles from pedestrians will cause low efficiency. In this work, we present a novel all-aware neural network that utilizes DRL to process groups, obstacles, and individuals simultaneously. The proposed solution employs a new Group–Robot Interaction (GRI) subnetwork to encode the mutual effects between groups and the robot, and a modified Obstacle–Robot Unilateral interaction (ORU) subnetwork is presented to avoid obstacle collisions caused by sensing noises or motion uncertainties. In addition, the influences of a pedestrian, obstacle, and group on other pedestrians or groups, that indirectly affect the robot, are also integrated into the Human–Robot Interaction (HRI) subnetwork or GRI subnetwork respectively by using map tensors. Finally, the GRI, ORU, and HRI subnetworks are aggregated into a planning subnetwork to train and derive an all-aware robot navigation policy based on DRL. Evaluation results in both real-world and simulation experiments show that the proposed approach outperforms the current cutting-edge methods.","2153-0866","978-1-6654-9190-7","10.1109/IROS55552.2023.10341477","","https://ieeexplore.ieee.org/stamp/stamp.jsp?arnumber=10341477","","Deep learning;Pedestrians;Uncertainty;Navigation;Human-robot interaction;Reinforcement learning;Robot sensing systems","","6","","28","IEEE","13 Dec 2023","1-5 Oct. 2023","1-5 Oct. 2023","IEEE","IEEE Conferences"
"A Robotic Assistance Personalization Control Approach of Hip Exoskeletons for Gait Symmetry Improvement","Q. Zhang; X. Tu; J. Si; M. D. Lewek; H. Huang","Joint Department of Biomedical Engineering, North Carolina State University and the University of North Carolina at Chapel Hill, Raleigh, NC, USA; Department of Mechanical Engineering, Hubei University of Technology, Wuhan, Hubei, China; Department of Electrical, Computer, and Energy Engineering, Arizona State University, Tempe, AZ, USA; Department of Allied Health Sciences, The University of North Carolina at Chapel Hill, Chapel Hill, NC, USA; Joint Department of Biomedical Engineering, North Carolina State University and the University of North Carolina at Chapel Hill, Raleigh, NC, USA",2023 IEEE/RSJ International Conference on Intelligent Robots and Systems (IROS),"13 Dec 2023","2023","","","6125","6132","Healthy human locomotion functions with good gait symmetry depend on rhythmic coordination of the left and right legs, which can be deteriorated by neurological disorders like stroke and spinal cord injury. Powered exoskeletons are promising devices to improve impaired people's locomotion functions, like gait symmetry. However, given higher uncertainties and the time-varying nature of human-robot interaction, providing personalized robotic assistance from exoskeletons to achieve the best gait symmetry is challenging, especially for people with neurological disorders. In this paper, we propose a hierarchical control framework for a bilateral hip exoskeleton to provide the adaptive optimal hip joint assistance with a control objective of imposing the desired gait symmetry during walking. Three control levels are included in the hierarchical framework, including the high-level control to tune three control parameters based on a policy iteration reinforcement learning approach, the middle-level control to define the desired assistive torque profile based on a delayed output feedback control method, and the low-level control to achieve a good torque trajectory tracking performance. To evaluate the feasibility of the proposed control framework, five healthy young participants are recruited for treadmill walking experiments, where an artificial gait asymmetry is imitated as the hemiparesis post-stroke, and only the ‘paretic’ hip joint is controlled with the proposed framework. The pilot experimental studies demonstrate that the hierarchical control framework for the hip exoskeleton successfully (asymmetry index from 8.8% to − 0.5%) and efficiently (less than 4 minutes) achieved the desired gait symmetry by providing adaptive optimal assistance on the ‘paretic’ hip joint.","2153-0866","978-1-6654-9190-7","10.1109/IROS55552.2023.10341440","National Institute on Disability, Independent Living, and Rehabilitation Research(grant numbers:90ARHF0004,90REGE0017); National Institutes of Health(grant numbers:R21HD098570); National Science Foundation(grant numbers:2211739,2211740,1926998,1808752); ","https://ieeexplore.ieee.org/stamp/stamp.jsp?arnumber=10341440","","Legged locomotion;Neurological diseases;Torque;Uncertainty;Trajectory tracking;Robot kinematics;Exoskeletons","","7","","48","IEEE","13 Dec 2023","1-5 Oct. 2023","1-5 Oct. 2023","IEEE","IEEE Conferences"
"Robust Unmanned Surface Vehicle Navigation with Distributional Reinforcement Learning","X. Lin; J. McConnell; B. Englot","Department of Mechanical Engineering, Stevens Institute of Technology, Hoboken, NJ, USA; Department of Mechanical Engineering, Stevens Institute of Technology, Hoboken, NJ, USA; Department of Mechanical Engineering, Stevens Institute of Technology, Hoboken, NJ, USA",2023 IEEE/RSJ International Conference on Intelligent Robots and Systems (IROS),"13 Dec 2023","2023","","","6185","6191","Autonomous navigation of Unmanned Surface Vehicles (USV) in marine environments with current flows is challenging, and few prior works have addressed the sensor-based navigation problem in such environments under no prior knowledge of the current flow and obstacles. We propose a Distributional Reinforcement Learning (RL) based local path planner that learns return distributions which capture the uncertainty of action outcomes, and an adaptive algorithm that automatically tunes the level of sensitivity to the risk in the environment. The proposed planner achieves a more stable learning performance and converges to safer policies than a traditional RL based planner. Computational experiments demonstrate that comparing to a traditional RL based planner and classical local planning methods such as Artificial Potential Fields and the Bug Algorithm, the proposed planner is robust against environmental flows, and is able to plan trajectories that are superior in safety, time and energy consumption.","2153-0866","978-1-6654-9190-7","10.1109/IROS55552.2023.10342389","Office of Naval Research(grant numbers:N00014-20-1-2570,N00014-21-1-2161); ","https://ieeexplore.ieee.org/stamp/stamp.jsp?arnumber=10342389","","Training;Energy consumption;Uncertainty;Sensitivity;Navigation;Computer bugs;Reinforcement learning","","30","","44","IEEE","13 Dec 2023","1-5 Oct. 2023","1-5 Oct. 2023","IEEE","IEEE Conferences"
"SkiROS2: A Skill-Based Robot Control Platform for ROS","M. Mayr; F. Rovida; V. Krueger","Department of Computer Science, Faculty of Engineering (LTH), Lund University, Lund, Sweden; RiACT ApS, Copenhagen, Denmark; Department of Computer Science, Faculty of Engineering (LTH), Lund University, Lund, Sweden",2023 IEEE/RSJ International Conference on Intelligent Robots and Systems (IROS),"13 Dec 2023","2023","","","6273","6280","The need for autonomous robot systems in both the service and the industrial domain is larger than ever. In the latter, the transition to small batches or even “batch size 1” in production created a need for robot control system architectures that can provide the required flexibility. Such architectures must not only have a sufficient knowledge integration framework. It must also support autonomous mission execution and allow for interchangeability and interoperability between different tasks and robot systems. We introduce SkiROS2, a skill-based robot control platform on top of ROS. SkiROS2 proposes a layered, hybrid control structure for automated task planning, and reactive execution, supported by a knowledge base for reasoning about the world state and entities. The scheduling formulation builds on the extended behavior tree model that merges task-level planning and execution. This allows for a high degree of modularity and a fast reaction to changes in the environment. The skill formulation based on pre-, hold-and post-conditions allows to organize robot programs and to compose diverse skills reaching from perception to low-level control and the incorporation of external tools. We relate SkiROS2 to the field and outline three example use cases that cover task planning, reasoning, multisensory input, integration in a manufacturing execution system and reinforcement learning.","2153-0866","978-1-6654-9190-7","10.1109/IROS55552.2023.10342216","Knut and Alice Wallenberg Foundation; ","https://ieeexplore.ieee.org/stamp/stamp.jsp?arnumber=10342216","","Robot control;Systems architecture;Tutorials;Reinforcement learning;Production;Organizations;Cognition","","34","","36","IEEE","13 Dec 2023","1-5 Oct. 2023","1-5 Oct. 2023","IEEE","IEEE Conferences"
"Lyapunov Constrained Safe Reinforcement Learning for Multicopter Visual Servoing","D. Yu; M. Xu; Z. Liu; H. Wang","MoE Key Lab of Artificial Intelligence, AI Institute, Shanghai Jiao Tong University, Shanghai, China; Department of Automation, Shanghai Jiao Tong University, Shanghai, China; MoE Key Lab of Artificial Intelligence, AI Institute, Shanghai Jiao Tong University, Shanghai, China; Department of Automation, Shanghai Jiao Tong University, Shanghai, China",2023 IEEE/RSJ International Conference on Intelligent Robots and Systems (IROS),"13 Dec 2023","2023","","","6419","6424","Traditional methods based on Lyapunov analysis and learning-based approaches such as reinforcement learning (RL) are two powerful tools in visual servo tasks. Traditional methods are interpretable and their stability can be guar-anteed by Lyapunov analysis. However, they tend to have a high dependency on an accurate system dynamic model. RL approaches learn to act based on past experiences and thus have higher adaptability on disturbances and errors. However, the training process is long and its safety or stability is generally hard to guarantee, making real-world training risky. In this paper, we propose a residual RL framework for training a multicopter to finish visual servo tasks under disturbances, guided by the system safety in terms of system Lyapunov function. Such an approach compensates for the lack of disturbance-rejection ability of the traditional method, and optimizes stability explicitly so the RL agent makes safer actions both during the training and in the final policy. A comparison between our approach and the baselines is provided in simulation, and real-world experiments on a multicopter are also carried out to show our effectiveness. We believe that this work moves one step toward achieving RL applications on real-world robotic systems.","2153-0866","978-1-6654-9190-7","10.1109/IROS55552.2023.10341561","","https://ieeexplore.ieee.org/stamp/stamp.jsp?arnumber=10341561","","Training;Visualization;System dynamics;Reinforcement learning;Stability analysis;Visual servoing;Safety","","1","","19","IEEE","13 Dec 2023","1-5 Oct. 2023","1-5 Oct. 2023","IEEE","IEEE Conferences"
"A Highly Maneuverable Flying Squirrel Drone with Controllable Foldable Wings","J. -G. Kang; D. Lee; S. Han","Department of Convergence IT Engineering, Pohang University of Science and Technology (POSTECH), Pohang, South Korea; Department of Convergence IT Engineering, Pohang University of Science and Technology (POSTECH), Pohang, South Korea; Department of Convergence IT Engineering, Pohang University of Science and Technology (POSTECH), Pohang, South Korea",2023 IEEE/RSJ International Conference on Intelligent Robots and Systems (IROS),"13 Dec 2023","2023","","","6652","6659","Typical drones with multi rotors are generally less maneuverable due to unidirectional thrust, which may be unfavorable to agile flight in very narrow and confined spaces. This paper suggests a new bio-inspired drone that is empowered with high maneuverability in a lightweight and easy-to-carry way. The proposed flying squirrel inspired drone has controllable foldable wings to cover a wider range of flight attitudes and provide more maneuverable flight capability with stable tracking performance. The wings of a drone are fabricated with silicone membranes and sophisticatedly controlled by reinforcement learning based on human-demonstrated data. Specially, such learning based wing control serves to capture even the complex aerodynamics that are often impossible to model mathematically. It is shown through experiment that the proposed flying squirrel drone intentionally induces aerodynamic drag and hence provides the desired additional repulsive force even under saturated mechanical thrust. This work is very meaningful in demonstrating the potential of biomimicry and machine learning for realizing an animal-like agile drone.","2153-0866","978-1-6654-9190-7","10.1109/IROS55552.2023.10341386","","https://ieeexplore.ieee.org/stamp/stamp.jsp?arnumber=10341386","Flying squirrel;quadrotor;drone;biomimetics;reinforcement learning;learning from demonstration","Drag;Biomimetics;Force;Rotors;Reinforcement learning;Aerodynamics;Mathematical models","","5","","23","IEEE","13 Dec 2023","1-5 Oct. 2023","1-5 Oct. 2023","IEEE","IEEE Conferences"
"Spiking Reinforcement Learning with Memory Ability for Mapless Navigation","B. Yang; M. Yuan; C. Zhang; C. Hong; G. Pan; H. Tang","Research Institute of Intelligent Computing, Zhejiang Lab, Hangzhou, China; Research Institute of Intelligent Computing, Zhejiang Lab, Hangzhou, China; Research Institute of Intelligent Computing, Zhejiang Lab, Hangzhou, China; Research Institute of Intelligent Computing, Zhejiang Lab, Hangzhou, China; College of Computer Science and Technology, Zhejiang University, Hangzhou, China; College of Computer Science and Technology, Zhejiang University, Hangzhou, China",2023 IEEE/RSJ International Conference on Intelligent Robots and Systems (IROS),"13 Dec 2023","2023","","","1","8","Our study focuses on mapless navigation in robotics, which involves navigating without an established obstacle map of the environment. Spiking Neural Networks (SNNs) have recently been applied to this task using Deep Reinforcement Learning (DRL), but face challenges in dynamic and partially observable environments, as well as inaccuracies in transmitted data. To overcome these issues, we propose a Multi-Critic DDPG with Spiking Memory (MC-DDPGSM) framework. Our approach introduces a spiking Gate Recurrent Unit layer (Spiking-GRU) to provide memory function and evaluates the state-action value with multi-critic networks. The experimental results demonstrate that our method achieves better performance (success rate, navigation distance, navigation time spent, and power consumption) in complex navigation tasks compared to the state-of-the-art approaches. Furthermore, our model can be transferred to unseen environments without the need for fine-tuning.","2153-0866","978-1-6654-9190-7","10.1109/IROS55552.2023.10341738","","https://ieeexplore.ieee.org/stamp/stamp.jsp?arnumber=10341738","","Deep learning;Power demand;Navigation;Neural networks;Reinforcement learning;Logic gates;Task analysis","","9","","30","IEEE","13 Dec 2023","1-5 Oct. 2023","1-5 Oct. 2023","IEEE","IEEE Conferences"
"Human-Aware Navigation in Crowded Environments Using Adaptive Proxemic Area and Group Detection","C. Medina-Sánchez; S. Janzon; M. Zella; J. Capitán; P. J. Marrón","Faculty of Business Administration and Economics, Institute for Computer Science and Business Information Systems (ICB), University of Duisburg-Essen, Essen, Germany; Faculty of Business Administration and Economics, Institute for Computer Science and Business Information Systems (ICB), University of Duisburg-Essen, Essen, Germany; Faculty of Electrical Engineering and Computer Science, University of Applied Sciences Niederrhein, Krefeld, Germany; Department of System Engineering and Automation, University of Seville, Seville, Spain; Faculty of Business Administration and Economics, Institute for Computer Science and Business Information Systems (ICB), University of Duisburg-Essen, Essen, Germany",2023 IEEE/RSJ International Conference on Intelligent Robots and Systems (IROS),"13 Dec 2023","2023","","","6741","6748","Navigation is an essential task for social robots. However, certain rules must be followed to allow them to move without causing distraction or discomfort to people. Considering that the context surrounding robots and persons affects the expected behavior, this work defines a social area around a person that adapts to the real situation. In addition, the social context of a person is extended to identify groups of people, which the robot should take into account while navigating. With this understanding of the surrounding of the robot together with the ability to predict the trajectory of individuals as well as groups, the proposed solution not only effectively addresses collision avoidance while promoting socially acceptable behavior but also outperforms the majority of recent works in terms of accuracy. Furthermore, a dedicated policy is introduced to react to social navigation conflicts. The evaluation performed in a simulated environment shows that the computation of our proposed solution is at least 8 times faster than the best state-of-the-art approach while preserving comparable social conduct. Also, the results of realistic experiments performed using Gazebo and a real robot are reported.","2153-0866","978-1-6654-9190-7","10.1109/IROS55552.2023.10342385","","https://ieeexplore.ieee.org/stamp/stamp.jsp?arnumber=10342385","","Costs;Navigation;Social robots;Trajectory;Behavioral sciences;Resource management;Collision avoidance","","2","","29","IEEE","13 Dec 2023","1-5 Oct. 2023","1-5 Oct. 2023","IEEE","IEEE Conferences"
"Coordination of Bounded Rational Drones Through Informed Prior Policy","D. Pushp; J. Xu; L. Liu","The Luddy School of Informatics, Computing, and Engineering at Indiana University, Bloomington, IN, USA; The Luddy School of Informatics, Computing, and Engineering at Indiana University, Bloomington, IN, USA; The Luddy School of Informatics, Computing, and Engineering at Indiana University, Bloomington, IN, USA",2023 IEEE/RSJ International Conference on Intelligent Robots and Systems (IROS),"13 Dec 2023","2023","","","6779","6786","Biological agents, such as humans and animals, are capable of making decisions out of a very large number of choices in a limited time. They can do so because they use their prior knowledge to find a solution that is not necessarily optimal but good enough for the given task. In this work, we study the motion coordination of multiple drones under the above-mentioned paradigm, Bounded Rationality (BR), to achieve cooperative motion planning tasks. Specifically, we design a prior policy that provides useful goal-directed navigation heuristics in familiar environments and is adaptive in unfamiliar ones via Reinforcement Learning augmented with an environment-dependent exploration noise. Integrating this prior policy in the game-theoretic bounded rationality framework allows agents to quickly make decisions in a group considering other agents' computational constraints. Our investigation assures that agents with a well-informed prior policy increase the efficiency of the collective decision-making capability of the group. We have conducted rigorous experiments in simulation and in the real world to demonstrate that the ability of informed agents to navigate to the goal safely can guide the group to coordinate efficiently under the BR framework.","2153-0866","978-1-6654-9190-7","10.1109/IROS55552.2023.10342006","","https://ieeexplore.ieee.org/stamp/stamp.jsp?arnumber=10342006","","Uncertainty;Navigation;Decision making;Reinforcement learning;Robustness;Planning;Task analysis","","1","","28","IEEE","13 Dec 2023","1-5 Oct. 2023","1-5 Oct. 2023","IEEE","IEEE Conferences"
"A Minimal Collision Strategy of Synergy Between Pushing and Grasping for Large Clusters of Objects","C. Chen; S. Yan; M. Yuan; C. Tay; D. Choi; Q. Dan Le","Advanced Remanufacturing and Technology Centre (ARTC), Agency for Science, Technology and Research (A*STAR), Singapore, Republic of Singapore; Advanced Remanufacturing and Technology Centre (ARTC), Agency for Science, Technology and Research (A*STAR), Singapore, Republic of Singapore; Advanced Remanufacturing and Technology Centre (ARTC), Agency for Science, Technology and Research (A*STAR), Singapore, Republic of Singapore; Institute of High Performance Computing (IHPC), Agency for Science, Technology and Research (A*STAR), Singapore, Republic of Singapore; Institute of High Performance Computing (IHPC), Agency for Science, Technology and Research (A*STAR), Singapore, Republic of Singapore; Advanced Remanufacturing and Technology Centre (ARTC), Agency for Science, Technology and Research (A*STAR), Singapore, Republic of Singapore",2023 IEEE/RSJ International Conference on Intelligent Robots and Systems (IROS),"13 Dec 2023","2023","","","6817","6822","Grasping and moving objects in a large cluster is a common real scenario. In such scenarios, tens of objects are adjacent to each other, even stacked layer by layer, so that simple grasp would not work due to obstruction. In this paper, we propose a well-designed strategy to use synergy of pushing and grasping to automatically push and grasp objects in a large tightly packed cluster of objects. Our strategy is to detect and grasp isolated graspable objects first before other actions. We then use a smart strategy that pushes objects at the narrowest edge of the clusters. For push action, the robot pushes the edge at the perpendicular direction relative to the cluster, thus improving the performance of isolation and minimizing collisions. We have conducted experiments in both simulation and real-world environments with more than 20 cluttered objects and demonstrated that our solution outperforms existing deep learning based methods, especially in challenging cases, and achieves significantly higher completion rate, grasp success rate, picked rate and efficiency.","2153-0866","978-1-6654-9190-7","10.1109/IROS55552.2023.10341452","A*STAR(grant numbers:C211518004,IHL21_02_NTU); ","https://ieeexplore.ieee.org/stamp/stamp.jsp?arnumber=10341452","","Deep learning;Image edge detection;Grasping;Collision avoidance;Intelligent robots","","5","","21","IEEE","13 Dec 2023","1-5 Oct. 2023","1-5 Oct. 2023","IEEE","IEEE Conferences"
"MOMA-Force: Visual-Force Imitation for Real-World Mobile Manipulation","T. Yang; Y. Jing; H. Wu; J. Xu; K. Sima; G. Chen; Q. Sima; T. Kong",ByteDance Research; ByteDance Research; ByteDance Research; ByteDance Research; ByteDance Research; ByteDance Research; ByteDance Research; ByteDance Research,2023 IEEE/RSJ International Conference on Intelligent Robots and Systems (IROS),"13 Dec 2023","2023","","","6847","6852","In this paper, we present a novel method for mobile manipulators to perform multiple contact-rich manipulation tasks. While learning-based methods have the potential to generate actions in an end-to-end manner, they often suffer from insufficient action accuracy and robustness against noise. On the other hand, classical control-based methods can enhance system robustness, but at the cost of extensive parameter tuning. To address these challenges, we present MOMA-Force, a visual-force imitation method that seamlessly combines representation learning for perception, imitation learning for complex motion generation, and admittance whole-body control for system robustness and controllability. MOMA-Force enables a mobile manipulator to learn multiple complex contact-rich tasks with high success rates and small contact forces. In a real household setting, our method outperforms baseline methods in terms of task success rates. Moreover, our method achieves smaller contact forces and smaller force variances compared to baseline methods without force imitation. Overall, we offer a promising approach for efficient and robust mobile manipulation in the real world. Videos and more details can be found on https://visual-force-imitation.github.io.","2153-0866","978-1-6654-9190-7","10.1109/IROS55552.2023.10342371","","https://ieeexplore.ieee.org/stamp/stamp.jsp?arnumber=10342371","","Learning systems;Visualization;Force;Manipulators;Robustness;Trajectory;Admittance","","15","","35","IEEE","13 Dec 2023","1-5 Oct. 2023","1-5 Oct. 2023","IEEE","IEEE Conferences"
"Learning to Open Doors with an Aerial Manipulator","E. Cuniato; I. Geles; W. Zhang; O. Andersson; M. Tognon; R. Siegwart","Autonomous Systems Lab (ASL), ETH Zurich; Autonomous Systems Lab (ASL), ETH Zurich; Autonomous Systems Lab (ASL), ETH Zurich; Autonomous Systems Lab (ASL), ETH Zurich; Univ Rennes, CNRS, Inria, IRISA, Rennes Cedex, France; Autonomous Systems Lab (ASL), ETH Zurich",2023 IEEE/RSJ International Conference on Intelligent Robots and Systems (IROS),"13 Dec 2023","2023","","","6942","6948","The field of aerial manipulation has seen rapid advances, transitioning from push-and-slide tasks to interaction with articulated objects. The motion trajectory of these complex actions is usually hand-crafted or a result of online optimization methods like Model Predictive Control (MPC) or Model Predictive Path Integral (MPPI) control. However, these methods rely on heuristics or model simplifications to efficiently run on onboard hardware, limiting their robustness, and making them sensitive to disturbances and differences between the real environment and its model. In this work, we propose a Reinforcement Learning (RL) approach to learn reactive motion behaviors for a manipulation task while producing policies that are robust to disturbances and modeling errors. Specifically, we train a policy to perform a door-opening task with an Omnidirectional Micro Aerial Vehicle (OMAV). The policy is trained in a physics simulator and shown in the real world, where it is able to generalize also to door closing tasks never seen in training. We also compare our method against a state-of-the-art MPPI solution in simulation, showing a considerable increase in robustness and speed.","2153-0866","978-1-6654-9190-7","10.1109/IROS55552.2023.10342289","","https://ieeexplore.ieee.org/stamp/stamp.jsp?arnumber=10342289","","Training;Optimization methods;Reinforcement learning;Predictive models;Robustness;Trajectory;Task analysis","","10","","29","IEEE","13 Dec 2023","1-5 Oct. 2023","1-5 Oct. 2023","IEEE","IEEE Conferences"
"Adaptive PD Control Using Deep Reinforcement Learning for Local-Remote Teleoperation with Stochastic Time Delays","L. McCutcheon; S. Fallah","Department of Mechanical Engineering Sciences, CAV-Lab, University of Surrey; Department of Mechanical Engineering Sciences, CAV-Lab, University of Surrey",2023 IEEE/RSJ International Conference on Intelligent Robots and Systems (IROS),"13 Dec 2023","2023","","","7046","7053","Local-remote systems allow robots to execute complex tasks in hazardous environments such as space and nuclear power stations. However, establishing accurate positional mapping between local and remote devices can be difficult due to time delays that can compromise system performance and stability. Enhancing the synchronicity and stability of localremote systems is vital for enabling robots to interact with environments at greater distances and under highly challenging network conditions, including time delays. We introduce an adaptive control method employing reinforcement learning to tackle the time-delayed control problem. By adjusting controller parameters in real-time, this adaptive controller compensates for stochastic delays and improves synchronicity between local and remote robotic manipulators. To improve the adaptive PD controller's performance, we devise a model-based reinforcement learning approach that effectively incorporates multi-step delays into the learning framework. Utilizing this proposed technique, the local-remote system's performance is stabilized for stochastic communication time-delays of up to 290ms. Our results demonstrate that the suggested model-based reinforcement learning method surpasses the Soft-Actor Critic and augmented state Soft-Actor Critic techniques. Access the code at: https://github.com/CAV-Research-Lab/Predictive-Model-Delay-Correction","2153-0866","978-1-6654-9190-7","10.1109/IROS55552.2023.10341953","","https://ieeexplore.ieee.org/stamp/stamp.jsp?arnumber=10341953","","Adaptation models;Delay effects;System performance;Computational modeling;Stochastic processes;Reinforcement learning;Stability analysis","","5","","30","IEEE","13 Dec 2023","1-5 Oct. 2023","1-5 Oct. 2023","IEEE","IEEE Conferences"
"A Framework for Few-Shot Policy Transfer Through Observation Mapping and Behavior Cloning","Y. Shukla; B. Kesari; S. Goel; R. Wright; J. Sinapov","Department of Computer Science, Tufts University, Medford, Massachusetts, USA; Department of Computer Science, Tufts University, Medford, Massachusetts, USA; Department of Computer Science, Tufts University, Medford, Massachusetts, USA; Georgia Tech Research Institute, Atlanta, Georgia, USA; Department of Computer Science, Tufts University, Medford, Massachusetts, USA",2023 IEEE/RSJ International Conference on Intelligent Robots and Systems (IROS),"13 Dec 2023","2023","","","7104","7110","Despite recent progress in Reinforcement Learning for robotics applications, many tasks remain prohibitively difficult to solve because of the expensive interaction cost. Transfer learning helps reduce the training time in the target domain by transferring knowledge learned in a source domain. Sim2Real transfer helps transfer knowledge from a simulated robotic domain to a physical target domain. Knowledge transfer reduces the time required to train a task in the physical world, where the cost of interactions is high. However, most existing approaches assume exact correspondence in the task structure and the physical properties of the two domains. This work proposes a framework for Few-Shot Policy Transfer between two domains through Observation Mapping and Behavior Cloning. We use Generative Adversarial Networks (GANs) along with a cycle-consistency loss to map the observations between the source and target domains and later use this learned mapping to clone the successful source task behavior policy to the target domain. We observe successful behavior policy transfer with limited target task interactions and in cases where the source and target task are semantically dissimilar.","2153-0866","978-1-6654-9190-7","10.1109/IROS55552.2023.10342477","","https://ieeexplore.ieee.org/stamp/stamp.jsp?arnumber=10342477","","Training;Costs;Transfer learning;Cloning;Reinforcement learning;Generative adversarial networks;Behavioral sciences","","4","","34","IEEE","13 Dec 2023","1-5 Oct. 2023","1-5 Oct. 2023","IEEE","IEEE Conferences"
"Active Visual SLAM Based on Hierarchical Reinforcement Learning","W. Chen; W. Li; A. Yang; Y. Hu","Research Center for Intelligent Computing Systems, Chinese Academy of Sciencns, Institute of Computing Technology, Beijinz, China; Research Center for Intelligent Computing Systems, Chinese Academy of Sciencns, Institute of Computing Technology, Beijinz, China; Research Center for Intelligent Computing Systems, Chinese Academy of Sciencns, Institute of Computing Technology, Beijinz, China; Research Center for Intelligent Computing Systems, Chinese Academy of Sciencns, Institute of Computing Technology, Beijinz, China",2023 IEEE/RSJ International Conference on Intelligent Robots and Systems (IROS),"13 Dec 2023","2023","","","7155","7162","We present AVS-HRL, a modular Active visual SLAM system based on hierarchical reinforcement learning. The reward function explicitly considers the efficiency of exploration and the accuracy of mapping by utilizing the internal variables of SLAM, such as feature points distribution and loop-closure signal. Compared to end-to-end active SLAM methods, we designed a map reconstruction module that can correct the cumulative error in the incremental mapping process. Furthermore, the inputs of all neural network modules use more abstract and general information, such as grid maps, rather than raw sensor observations. We conducted experiments in two different simulators and real-world environments. In the noisy setting of Habitat environments, our method improves the accuracy of the mapped areas by 68.48% as an average of Gibson and MP3D datasets. Moreover, our method's generalization performance was demonstrated through direct transfer across different simulators and real-world environments.","2153-0866","978-1-6654-9190-7","10.1109/IROS55552.2023.10341780","National Natural Science Foundation of China(grant numbers:62003323,62176250); ","https://ieeexplore.ieee.org/stamp/stamp.jsp?arnumber=10341780","","Visualization;Simultaneous localization and mapping;Neural networks;Habitats;Reinforcement learning;Noise measurement;Task analysis","","3","","35","IEEE","13 Dec 2023","1-5 Oct. 2023","1-5 Oct. 2023","IEEE","IEEE Conferences"
"HELSA: Hierarchical Reinforcement Learning with Spatiotemporal Abstraction for Large-Scale Multi-Agent Path Finding","Z. Song; R. Zhang; X. Cheng","School of Software Engineering, Tongji University, Shanghai, China; School of Software Engineering, Tongji University, Shanghai, China; School of Electronics, Peking University, Beijing, China",2023 IEEE/RSJ International Conference on Intelligent Robots and Systems (IROS),"13 Dec 2023","2023","","","7318","7325","The Multi-Agent Path Finding (MAPF) problem is a critical challenge in dynamic multi-robot systems. Recent studies have revealed that multi-agent reinforcement learning (MARL) is a promising approach to solving MAPF problems in a fully decentralized manner. However, as the size of the multi-robot system increases, sample inefficiency becomes a major impediment to learning-based methods. This paper presents a hierarchical reinforcement learning (HRL) framework for large-scale multi-agent path finding, featuring applying spatial and temporal abstraction to capture intermediate reward and thus encourage efficient exploration. Specifically, we introduce a meta controller that partitions the map into interconnected regions and optimizes agents' region-wise paths towards globally better solutions. Additionally, we design a lower-level controller that efficiently solves each sub-problem by incorporating heuristic guidance and an inter-agent communication mechanism with RL-based policies. Our empirical results on test instances of various scales demonstrate that our method outperforms existing approaches in terms of both success rate and makespan.","2153-0866","978-1-6654-9190-7","10.1109/IROS55552.2023.10342261","National Key R&D Program of China(grant numbers:2021ZD0112700); National Natural Science Foundation of China(grant numbers:62271351,62125101,62341101); ","https://ieeexplore.ieee.org/stamp/stamp.jsp?arnumber=10342261","","Learning systems;Reinforcement learning;Routing;Spatiotemporal phenomena;Multi-robot systems;Task analysis;Intelligent robots","","7","","15","IEEE","13 Dec 2023","1-5 Oct. 2023","1-5 Oct. 2023","IEEE","IEEE Conferences"
"Learning to Schedule in Multi-Agent Pathfinding","K. Ahn; H. Park; J. Park","Department of Industrial and Systems Engineering, KAIST, Korea; Department of Industrial and Systems Engineering, KAIST, Korea; Department of Industrial and Systems Engineering, KAIST, Korea",2023 IEEE/RSJ International Conference on Intelligent Robots and Systems (IROS),"13 Dec 2023","2023","","","7326","7332","In this work, we consider the problem of allocating tasks and planning paths for multiple robots to operate cooper-atively. We formulate the problem as a bi-level optimization that involves optimizing the scheduling of robots and the collision-free path for each robot. To address the complexity of the environment with obstacles, we introduce a congestion-aware state representation technique with the aid of graph neural networks. We also derive a joint scheduling policy using multi-agent reinforcement learning, and we propose an additional auxiliary loss that promotes coordination among the robots. Through empirical evaluation, we demonstrate the effectiveness of our approach in solving the combined task allocation and path planning problem in a cooperative multi-robot system.","2153-0866","978-1-6654-9190-7","10.1109/IROS55552.2023.10342073","","https://ieeexplore.ieee.org/stamp/stamp.jsp?arnumber=10342073","","Schedules;Robot kinematics;Reinforcement learning;Path planning;Resource management;Multi-robot systems;Task analysis","","1","","26","IEEE","13 Dec 2023","1-5 Oct. 2023","1-5 Oct. 2023","IEEE","IEEE Conferences"
"Toward Human-Like Social Robot Navigation: A Large-Scale, Multi-Modal, Social Human Navigation Dataset","D. M. Nguyen; M. Nazeri; A. Payandeh; A. Datar; X. Xiao","Department of Computer Science, George Mason University; Department of Computer Science, George Mason University; Department of Computer Science, George Mason University; Department of Computer Science, George Mason University; Department of Computer Science, George Mason University",2023 IEEE/RSJ International Conference on Intelligent Robots and Systems (IROS),"13 Dec 2023","2023","","","7442","7447","Humans are well-adept at navigating public spaces shared with others, where current autonomous mobile robots still struggle: while safely and efficiently reaching their goals, humans communicate their intentions and conform to unwritten social norms on a daily basis; conversely, robots become clumsy in those daily social scenarios, getting stuck in dense crowds, surprising nearby pedestrians, or even causing collisions. While recent research on robot learning has shown promises in data-driven social robot navigation, good-quality training data is still difficult to acquire through either trial and error or expert demonstrations. In this work, we propose to utilize the body of rich, widely available, social human navigation data in many natural human-inhabited public spaces for robots to learn similar, human-like, socially compliant navigation behaviors. To be specific, we design an open-source egocentric data collection sensor suite wearable by walking humans to provide multimodal robot perception data; we collect a large-scale (~100 km, 20 hours, 300 trials, 13 humans) dataset in a variety of public spaces which contain numerous natural social navigation interactions; we analyze our dataset, demonstrate its usability, and point out future research directions and use cases.11Website: https://cs.gmu.edu/-xiao/Research/MuSoHu/","2153-0866","978-1-6654-9190-7","10.1109/IROS55552.2023.10342447","","https://ieeexplore.ieee.org/stamp/stamp.jsp?arnumber=10342447","","Legged locomotion;Pedestrians;Navigation;Social robots;Training data;Robot sensing systems;Robot learning","","32","","33","IEEE","13 Dec 2023","1-5 Oct. 2023","1-5 Oct. 2023","IEEE","IEEE Conferences"
"Risk-Sensitive Mobile Robot Navigation in Crowded Environment via Offline Reinforcement Learning","J. Wu; Y. Wang; H. Asama; Q. An; A. Yamashita","Department of Precision Engineering, Graduate School of Engineering, The University of Tokyo, Bunkyo-ku, Tokyo, Japan; Department of Precision Engineering, Graduate School of Engineering, The University of Tokyo, Bunkyo-ku, Tokyo, Japan; Department of Precision Engineering, Graduate School of Engineering, The University of Tokyo, Bunkyo-ku, Tokyo, Japan; Department of Human and Engineered Environmental Studies, Graduate School of Frontier Sciences, The University of Tokyo, Kashiwa, Chiba, Japan; Department of Human and Engineered Environmental Studies, Graduate School of Frontier Sciences, The University of Tokyo, Kashiwa, Chiba, Japan",2023 IEEE/RSJ International Conference on Intelligent Robots and Systems (IROS),"13 Dec 2023","2023","","","7456","7462","Mobile robot navigation in a human-populated environment has been of great interest to the research community in recent years, referred to as crowd navigation. Currently, offline reinforcement learning (RL)-based method has been introduced to this domain, for its ability to alleviate the sim2real gap brought by online RL which relies on simulators to execute training, and its scalability to use the same dataset to train for differently customized rewards. However, the performance of the navigation policy suffered from the distributional shift between the training data and the input during deployment, since when it gets an input out of the training data distribution, the learned policy has the risk of choosing an erroneous action that leads to catastrophic failure such as colliding with a human. To realize risk sensitivity and improve the safety of the offline RL agent during deployment, this work proposes a multipolicy control framework that combines offline RL navigation policy with a risk detector and a force-based risk-avoiding policy. In particular, a Lyapunov density model is learned using the latent feature of the offline RL policy and works as a risk detector to switch the control to the risk-avoiding policy when the robot has a tendency to go out of the area supported by the training data. Experimental results showed that the proposed method was able to learn navigation in a crowded scene from the offline trajectory dataset and the risk detector substantially reduces the collision rate of the vanilla offline RL agent while maintaining the navigation efficiency outperforming the state-of-the-art methods.","2153-0866","978-1-6654-9190-7","10.1109/IROS55552.2023.10341948","","https://ieeexplore.ieee.org/stamp/stamp.jsp?arnumber=10341948","","Training;Navigation;Training data;Reinforcement learning;Detectors;Data models;Safety","","4","","25","IEEE","13 Dec 2023","1-5 Oct. 2023","1-5 Oct. 2023","IEEE","IEEE Conferences"
"GP-Guided MPPI for Efficient Navigation in Complex Unknown Cluttered Environments","I. S. Mohamed; M. Ali; L. Liu","Luddy School of Informatics, Computing, and Engineering, Indiana University, Bloomington, IN, USA; Luddy School of Informatics, Computing, and Engineering, Indiana University, Bloomington, IN, USA; Luddy School of Informatics, Computing, and Engineering, Indiana University, Bloomington, IN, USA",2023 IEEE/RSJ International Conference on Intelligent Robots and Systems (IROS),"13 Dec 2023","2023","","","7463","7470","Robotic navigation in unknown, cluttered environ-ments with limited sensing capabilities poses significant chal-lenges in robotics. Local trajectory optimization methods, such as Model Predictive Path Intergal (MPPI), are a promising solution to this challenge. However, global guidance is required to ensure effective navigation, especially when encountering challenging environmental conditions or navigating beyond the planning horizon. This study presents the GP-MPPI, an online learning-based control strategy that integrates MPPI with a local perception model based on Sparse Gaussian Process (SGP). The key idea is to leverage the learning capability of SGP to construct a variance (uncertainty) surface, which enables the robot to learn about the navigable space surrounding it, identify a set of suggested subgoals, and ultimately recommend the optimal subgoal that minimizes a predefined cost function to the local MPPI planner. Afterward, MPPI computes the optimal control sequence that satisfies the robot and collision avoidance constraints. Such an approach eliminates the necessity of a global map of the environment or an offline training process. We validate the efficiency and robustness of our proposed control strategy through both simulated and real-world experiments of 2D autonomous navigation tasks in complex unknown en-vironments, demonstrating its superiority in guiding the robot safely towards its desired goal while avoiding obstacles and escaping entrapment in local minima. The GPU implementation of GP-MPPI, including the supplementary video, is available at https://github.com/IhabMohamed/GP-MPPI.","2153-0866","978-1-6654-9190-7","10.1109/IROS55552.2023.10341382","National Science Foundation(grant numbers:2006886,2047169); ","https://ieeexplore.ieee.org/stamp/stamp.jsp?arnumber=10341382","","Training;Uncertainty;Navigation;Optimal control;Aerospace electronics;Robot sensing systems;Cost function","","19","","29","IEEE","13 Dec 2023","1-5 Oct. 2023","1-5 Oct. 2023","IEEE","IEEE Conferences"
"V2X-Lead: LiDAR-Based End-to-End Autonomous Driving with Vehicle-to-Everything Communication Integration","Z. Deng; Y. Shi; W. Shen","School of Mechanical Science and Engineering, Huazhong University of Science and Technology, Wuhan, China; School of Mechanical Engineering, Dalian University of Technology, Dalian, China; School of Mechanical Science and Engineering, Huazhong University of Science and Technology, Wuhan, China",2023 IEEE/RSJ International Conference on Intelligent Robots and Systems (IROS),"13 Dec 2023","2023","","","7471","7478","This paper presents a LiDAR-based end-to-end autonomous driving method with Vehicle-to-Everything (V2X) communication integration, termed V2X-Lead, to address the challenges of navigating unregulated urban scenarios under mixed-autonomy traffic conditions. The proposed method aims to handle imperfect partial observations by fusing the onboard LiDAR sensor and V2X communication data. A model-free and off-policy deep reinforcement learning (DRL) algorithm is employed to train the driving agent, which incorporates a carefully designed reward function and multi-task learning technique to enhance generalization across diverse driving tasks and scenarios. Experimental results demonstrate the effectiveness of the proposed approach in improving safety and efficiency in the task of traversing unsignalized intersections in mixed-autonomy traffic, and its generalizability to previously unseen scenarios, such as roundabouts. The integration of V2X communication offers a significant data source for autonomous vehicles (AVs) to perceive their surroundings beyond onboard sensors, resulting in a more accurate and comprehensive perception of the driving environment and more safe and robust driving behavior.","2153-0866","978-1-6654-9190-7","10.1109/IROS55552.2023.10342375","National Key Research and Development Program of China(grant numbers:2018YFE0197700); Fundamental Research Funds for the Central Universities(grant numbers:2021yjsCXCY048,2021GCRC058); ","https://ieeexplore.ieee.org/stamp/stamp.jsp?arnumber=10342375","","Laser radar;Protocols;Soft sensors;Reinforcement learning;Multitasking;Robot sensing systems;Safety","","6","","33","IEEE","13 Dec 2023","1-5 Oct. 2023","1-5 Oct. 2023","IEEE","IEEE Conferences"
"C2: Co-design of Robots via Concurrent-Network Coupling Online and Offline Reinforcement Learning","C. Chen; P. Xiang; H. Lu; Y. Wang; R. Xiong","State Key Laboratory of Industrial Control and Technology, Zhejiang University, Hangzhou, China; State Key Laboratory of Industrial Control and Technology, Zhejiang University, Hangzhou, China; State Key Laboratory of Industrial Control and Technology, Zhejiang University, Hangzhou, China; State Key Laboratory of Industrial Control and Technology, Zhejiang University, Hangzhou, China; State Key Laboratory of Industrial Control and Technology, Zhejiang University, Hangzhou, China",2023 IEEE/RSJ International Conference on Intelligent Robots and Systems (IROS),"13 Dec 2023","2023","","","7487","7494","With the increasing computing power, using data-driven approaches to co-design a robot's morphology and controller has become a promising way. However, most existing data-driven methods require training the controller for each morphology to calculate fitness, which is time-consuming. In contrast, the dual-network framework utilizes data collected by individual networks under a specific morphology to train a population network that provides a surrogate function for morphology optimization. This approach replaces the traditional evaluation of a diverse set of candidates, thereby speeding up the training. Despite considerable results, the online training of both networks impedes their performance. To address this issue, we propose a concurrent network framework that combines online and offline reinforcement learning (RL) methods. By leveraging the behavior cloning term in a flexible manner, we achieve an effective combination of both networks. We conducted multiple sets of comparative experiments in the simulator and found that the proposed method effectively addresses issues present in the dual-network framework, leading to overall algorithmic performance improvement. Furthermore, we validated the algorithm on a real robot, demonstrating its feasibility in a practical application.","2153-0866","978-1-6654-9190-7","10.1109/IROS55552.2023.10341983","National Key R&D Program of China(grant numbers:2021ZD0114500); ","https://ieeexplore.ieee.org/stamp/stamp.jsp?arnumber=10341983","","Training;Sociology;Morphology;Reinforcement learning;Robot sensing systems;Control systems;Task analysis","","5","","37","IEEE","13 Dec 2023","1-5 Oct. 2023","1-5 Oct. 2023","IEEE","IEEE Conferences"
"Autonomous Exploration and Mapping for Mobile Robots via Cumulative Curriculum Reinforcement Learning","Z. Li; J. Xin; N. Li","Department of Automation, Shanghai Jiao Tong University, Shanghai, P.R. China; Ministry of Education of China, Key Laboratory of System Control and Information Processing, Shanghai, China; Shanghai Engi-neering Research Center of Intelligent Control and Management, Shanghai, China",2023 IEEE/RSJ International Conference on Intelligent Robots and Systems (IROS),"13 Dec 2023","2023","","","7495","7500","Deep reinforcement learning (DRL) has been widely applied in autonomous exploration and mapping tasks, but often struggles with the challenges of sampling efficiency, poor adaptability to unknown map sizes, and slow simulation speed. To speed up convergence, we combine curriculum learning (CL) with DRL, and first propose a Cumulative Curriculum Reinforcement Learning (CCRL) training framework to alleviate the issue of catastrophic forgetting faced by general CL. Besides, we present a novel state representation, which considers a local egocentric map and a global exploration map resized to the fixed dimension, so as to flexibly adapt to environments with various sizes and shapes. Additionally, for facilitating the fast training of DRL models, we develop a lightweight grid-based simulator, which can substantially accelerate simulation compared to popular robot simulation platforms such as Gazebo. Based on the customized simulator, comprehensive experiments have been conducted, and the results show that the CCRL framework not only mitigates the catastrophic forgetting problem, but also improves the sample efficiency and generalization of DRL models, compared to general CL as well as without a curriculum. Our code is available at https://github.com/BeamanLi/CCRL_Exploration.","2153-0866","978-1-6654-9190-7","10.1109/IROS55552.2023.10342066","","https://ieeexplore.ieee.org/stamp/stamp.jsp?arnumber=10342066","","Training;Deep learning;Adaptation models;Codes;Shape;Reinforcement learning;Mobile robots;Task analysis;Intelligent robots;Convergence","","15","","31","IEEE","13 Dec 2023","1-5 Oct. 2023","1-5 Oct. 2023","IEEE","IEEE Conferences"
"Learning to Solve Tasks with Exploring Prior Behaviours","R. Zhu; S. Li; T. Dai; C. Zhang; O. Celiktutan","Department of Engineering, King's College London; School of Computer Science and Technology, Harbin Institute of Technology; Department of Computing Science, University of Aberdeen; Institute for Interdisciplinary Information Sciences (IIIS), Tsinghua University; Department of Engineering, King's College London",2023 IEEE/RSJ International Conference on Intelligent Robots and Systems (IROS),"13 Dec 2023","2023","","","7501","7507","Demonstrations are widely used in Deep Reinforcement Learning (DRL) for facilitating solving tasks with sparse rewards. However, the tasks in real-world scenarios can often have varied initial conditions from the demonstration, which would require additional prior behaviours. For example, consider we are given the demonstration for the task of picking up an object from an open drawer, but the drawer is closed in the training. Without acquiring the prior behaviours of opening the drawer, the robot is unlikely to solve the task. To address this, in this paper we propose an Intrinsic Reward Driven Example-based Control (IRDEC). Our method can endow agents with the ability to explore and acquire the required prior behaviours and then connect to the task-specific behaviours in the demonstration to solve sparse-reward tasks without requiring additional demonstration of the prior behaviours. The performance of our method outperforms other baselines on three navigation tasks and one robotic manipulation task with sparse rewards. Codes are available at https://github.com/Ricky-Zhu/IRDEC.","2153-0866","978-1-6654-9190-7","10.1109/IROS55552.2023.10342272","","https://ieeexplore.ieee.org/stamp/stamp.jsp?arnumber=10342272","","Training;Deep learning;Codes;Navigation;Reinforcement learning;Task analysis;Intelligent robots","","3","","30","IEEE","13 Dec 2023","1-5 Oct. 2023","1-5 Oct. 2023","IEEE","IEEE Conferences"
"Comparing Quadrotor Control Policies for Zero-Shot Reinforcement Learning under Uncertainty and Partial Observability","S. Gronauer; D. Stümke; K. Diepold","TUM School of Computation, Information and Technology, Technical University of Munich, Munich, Germany; TUM School of Computation, Information and Technology, Technical University of Munich, Munich, Germany; TUM School of Computation, Information and Technology, Technical University of Munich, Munich, Germany",2023 IEEE/RSJ International Conference on Intelligent Robots and Systems (IROS),"13 Dec 2023","2023","","","7508","7514","To alleviate the sample complexity of reinforcement learning algorithms, simulations are a common approach to train control policies before deploying the policy on a real-world robot. However, a gap between simulation and reality generally persists, which endorses the aim to train robust policies already in simulation such that those can be transferred to a real robot at a high success rate. In this paper, we investigate history-dependent policies for drone control in the context of zero-shot transfer learning, where the training is conducted exclusively in simulation. We compare policies represented by feed-forward neural networks with recurrent neural networks and assess both performance and robustness on a real-world quadrotor. Furthermore, we study if an end-to-end learned representation can control a quadrotor based on raw onboard-sensor information only, rendering accurate state estimation from a Kalman filter obsolete. Our results show that recurrent control policies achieve similar performance and robustness as feed-forward policies when acting on state estimates. With raw sensory data, however, recurrent networks offer higher success rates for sim-to-real transfer than feed-forward networks. We also find that recurrent architectures are advantageous when system parameters such as latency are uncertain.","2153-0866","978-1-6654-9190-7","10.1109/IROS55552.2023.10341941","","https://ieeexplore.ieee.org/stamp/stamp.jsp?arnumber=10341941","","Training;Uncertainty;Transfer learning;Reinforcement learning;Robot sensing systems;Rendering (computer graphics);Robustness","","2","","26","IEEE","13 Dec 2023","1-5 Oct. 2023","1-5 Oct. 2023","IEEE","IEEE Conferences"
"Reducing Safety Interventions in Provably Safe Reinforcement Learning","J. Thumm; G. Pelat; M. Althoff","School of Informatics, Technical University of Munich, Garching, Germany; School of Informatics, Technical University of Munich, Garching, Germany; School of Informatics, Technical University of Munich, Garching, Germany",2023 IEEE/RSJ International Conference on Intelligent Robots and Systems (IROS),"13 Dec 2023","2023","","","7515","7522","Deep Reinforcement Learning (RL) has shown promise in addressing complex robotic challenges. In real-world applications, RL is often accompanied by failsafe controllers as a last resort to avoid catastrophic events. While necessary for safety, these interventions can result in undesirable behaviors, such as abrupt braking or aggressive steering. This paper proposes two safety intervention reduction methods: proactive replacement and proactive projection, which change the action of the agent if it leads to a potential failsafe intervention. These approaches are compared to state-of-the-art constrained RL on the OpenAI safety gym benchmark and a human-robot collab-oration task. Our study demonstrates that the combination of our method with provably safe RL leads to high-performing policies with zero safety violations and a low number of failsafe interventions. Our versatile method can be applied to a wide range of real-world robotic tasks, while effectively improving safety without sacrificing task performance.","2153-0866","978-1-6654-9190-7","10.1109/IROS55552.2023.10342464","","https://ieeexplore.ieee.org/stamp/stamp.jsp?arnumber=10342464","","Deep learning;Reinforcement learning;Manipulators;Robustness;Production facilities;Safety;Task analysis","","3","","40","IEEE","13 Dec 2023","1-5 Oct. 2023","1-5 Oct. 2023","IEEE","IEEE Conferences"
"Bootstrapping Adaptive Human-Machine Interfaces with Offline Reinforcement Learning","J. Gao; S. Reddy; G. Berseth; A. D. Dragan; S. Levine","Stanford University; University of California, Berkeley; University of California, Berkeley; University of California, Berkeley; University of California, Berkeley",2023 IEEE/RSJ International Conference on Intelligent Robots and Systems (IROS),"13 Dec 2023","2023","","","7523","7530","Adaptive interfaces can help users perform sequential decision-making tasks like robotic teleoperation given noisy, high-dimensional command signals (e.g., from a brain-computer interface). Recent advances in human-in-the-loop machine learning enable such systems to improve by interacting with users, but tend to be limited by the amount of data that they can collect from individual users in practice. In this paper, we propose a reinforcement learning algorithm to address this by training an interface to map raw command signals to actions using a combination of offline pre-training and online fine-tuning. To address the challenges posed by noisy command signals and sparse rewards, we develop a novel method for representing and inferring the user's long-term intent for a given trajectory. We primarily evaluate our method's ability to assist users who can only communicate through noisy, high-dimensional input channels through a user study in which 12 participants performed a simulated navigation task by using their eye gaze to modulate a 128-dimensional command signal from their webcam. The results show that our method enables successful goal navigation more often than a baseline directional interface, by learning to denoise user commands signals and provide shared autonomy assistance. We further evaluate on a simulated Sawyer pushing task with eye gaze control, and the Lunar Lander game with simulated user commands, and find that our method improves over baseline interfaces in these domains as well. Extensive ablation experiments with simulated user commands empirically motivate each component of our method.","2153-0866","978-1-6654-9190-7","10.1109/IROS55552.2023.10341779","UC Berkeley; ARO(grant numbers:W911NF-21-1-0097); Semiconductor Research Corporation; CIFAR; ","https://ieeexplore.ieee.org/stamp/stamp.jsp?arnumber=10341779","","Training;Space vehicles;Machine learning algorithms;Navigation;Webcams;Moon;Reinforcement learning","","","","59","IEEE","13 Dec 2023","1-5 Oct. 2023","1-5 Oct. 2023","IEEE","IEEE Conferences"
"End-to-End Reinforcement Learning for Torque Based Variable Height Hopping","R. Soni; D. Harnack; H. Isermann; S. Fushimi; S. Kumar; F. Kirchner","Department of Electronics Engineering, Indian Institute of Technology (Banaras Hindu University), Varanasi, India; DFKI GmbH Robotic-s Innovation Center, Bremen, Germany; DFKI GmbH Robotic-s Innovation Center, Bremen, Germany; Undergraduate Course Program of Mechanical and Systems Engineering, Kyoto University, Kyoto, Japan; DFKI GmbH Robotic-s Innovation Center, Bremen, Germany; DFKI GmbH Robotic-s Innovation Center, Bremen, Germany",2023 IEEE/RSJ International Conference on Intelligent Robots and Systems (IROS),"13 Dec 2023","2023","","","7531","7538","Legged locomotion is arguably the most suited and versatile mode to deal with natural or unstructured terrains. Intensive research into dynamic walking and running controllers has recently yielded great advances, both in the optimal control and reinforcement learning (RL) literature. Hopping is a challenging dynamic task involving a flight phase and has the potential to increase the traversability of legged robots. Model based control for hopping typically relies on accurate detection of different jump phases, such as lift-off or touch down, and using different controllers for each phase. In this paper, we present a end-to-end RL based torque controller that learns to implicitly detect the relevant jump phases, removing the need to provide manual heuristics for state detection. We also extend a method for simulation to reality transfer of the learned controller to contact rich dynamic tasks, resulting in successful deployment on the robot after training without parameter tuning.","2153-0866","978-1-6654-9190-7","10.1109/IROS55552.2023.10342187","","https://ieeexplore.ieee.org/stamp/stamp.jsp?arnumber=10342187","","Training;Legged locomotion;Torque;Torque control;Neural networks;Propioception;Optimal control","","9","","41","IEEE","13 Dec 2023","1-5 Oct. 2023","1-5 Oct. 2023","IEEE","IEEE Conferences"
"Offline Reinforcement Learning for Quadrotor Control: Overcoming the Ground Effect","L. Sacchetto; M. Korte; S. Gronauer; M. Kissel; K. Diepold","School of Computation, Information and Technology, Technical University of Munich, Munich, Germany; School of Computation, Information and Technology, Technical University of Munich, Munich, Germany; School of Computation, Information and Technology, Technical University of Munich, Munich, Germany; School of Computation, Information and Technology, Technical University of Munich, Munich, Germany; School of Computation, Information and Technology, Technical University of Munich, Munich, Germany",2023 IEEE/RSJ International Conference on Intelligent Robots and Systems (IROS),"13 Dec 2023","2023","","","7539","7544","Applying Reinforcement Learning to solve real-world optimization problems presents significant challenges because of the large amount of data normally required. A popular solution is to train the algorithms in a simulation and transfer the weights to the real system. However, sim-to-real approaches are prone to fail when the Reality Gap is too big, e.g. in robotic systems with complex and non-linear dynamics. In this work, we propose the use of Offline Reinforcement Learning as a viable alternative to sim-to-real policy transfer to address such instances. On the example of a small quadrotor, we show that the ground effect causes problems in an otherwise functioning zero-shot sim-to-real framework. Our sim-to-real experiments show that, even with the explicit modelling of the ground effect and the employing of popular transfer techniques, the trained policies fail to capture the physical nuances necessary to perform a real-world take-off maneuver. Contrariwise, we show that state-of-the-art Offline Reinforcement Learning algorithms represent a feasible, reliable and sample efficient alternative in this use case.","2153-0866","978-1-6654-9190-7","10.1109/IROS55552.2023.10341599","","https://ieeexplore.ieee.org/stamp/stamp.jsp?arnumber=10341599","","Training;Heuristic algorithms;Reinforcement learning;Reliability;Optimization;Intelligent robots;Quadrotors","","1","","26","IEEE","13 Dec 2023","1-5 Oct. 2023","1-5 Oct. 2023","IEEE","IEEE Conferences"
"Dynamic Decision Frequency with Continuous Options","A. Karimi; J. Jin; J. Luo; A. R. Mahmood; M. Jagersand; S. Tosatto","Department of Computer Science, University of Alberta, Edmonton, Canada; Noah's Ark Lab, Huawei Technologies Canada, Edmonton, Canada; Noah's Ark Lab, Huawei Technologies Canada, Edmonton, Canada; Department of Computer Science, University of Alberta, Edmonton, Canada; Department of Computer Science, University of Alberta, Edmonton, Canada; Department of Computer Science, Digital Science Center, University of Innsbruck, Innsbruck, Austria",2023 IEEE/RSJ International Conference on Intelligent Robots and Systems (IROS),"13 Dec 2023","2023","","","7545","7552","In classic reinforcement learning algorithms, agents make decisions at discrete and fixed time intervals. The duration between decisions becomes a crucial hyperparameter, as setting it too short may increase the problem's difficulty by requiring the agent to make numerous decisions to achieve its goal while setting it too long can result in the agent losing control over the system. However, physical systems do not necessarily require a constant control frequency, and for learning agents, it is often preferable to operate with a low frequency when possible and a high frequency when necessary. We propose a framework called Continuous-Time Continuous-Options (CTCO), where the agent chooses options as sub-policies of variable durations. These options are time-continuous and can interact with the system at any desired frequency providing a smooth change of actions. We demonstrate the effectiveness of CTCO by comparing its performance to classical RL and temporal-abstraction RL methods on simulated continuous control tasks with various action-cycle times. We show that our algorithm's performance is not affected by the choice of environment interaction frequency. Furthermore, we demonstrate the efficacy of CTCO in facilitating exploration in a real-world visual reaching task for a 7 DOF robotic arm with sparse rewards.","2153-0866","978-1-6654-9190-7","10.1109/IROS55552.2023.10342408","NSERC of Canada; ","https://ieeexplore.ieee.org/stamp/stamp.jsp?arnumber=10342408","","Visualization;Time-frequency analysis;Heuristic algorithms;Reinforcement learning;Manipulators;Control systems;High frequency","","1","","27","IEEE","13 Dec 2023","1-5 Oct. 2023","1-5 Oct. 2023","IEEE","IEEE Conferences"
"Imitation Is Not Enough: Robustifying Imitation with Reinforcement Learning for Challenging Driving Scenarios","Y. Lu; J. Fu; G. Tucker; X. Pan; E. Bronstein; R. Roelofs; B. Sapp; B. White; A. Faust; S. Whiteson; D. Anguelov; S. Levine","Waymo Research; Waymo Research; Google Research, Brain Team; Waymo Research; Waymo Research; Waymo Research; Waymo Research; Waymo Research; Google Research, Brain Team; Waymo Research; Waymo Research; Google Research, Brain Team",2023 IEEE/RSJ International Conference on Intelligent Robots and Systems (IROS),"13 Dec 2023","2023","","","7553","7560","Imitation learning (IL) is a simple and powerful way to use high-quality human driving data, which can be collected at scale, to produce human-like behavior. However, policies based on imitation learning alone often fail to sufficiently account for safety and reliability concerns. In this paper, we show how imitation learning combined with reinforcement learning using simple rewards can substan-tially improve the safety and reliability of driving policies over those learned from imitation alone. In particular, we train a policy on over lOOk miles of urban driving data, and measure its effectiveness in test scenarios grouped by different levels of collision likelihood. Our analysis shows that while imitation can perform well in low-difficulty scenarios that are well-covered by the demonstration data, our proposed approach significantly improves robustness on the most challenging scenarios (over 38 % reduction in failures). To our knowledge, this is the first application of a combined imitation and reinforcement learning approach in autonomous driving that utilizes large amounts of real- world human driving data.","2153-0866","978-1-6654-9190-7","10.1109/IROS55552.2023.10342038","","https://ieeexplore.ieee.org/stamp/stamp.jsp?arnumber=10342038","","Training;Atmospheric measurements;Reinforcement learning;Particle measurements;Robustness;Safety;Behavioral sciences","","67","","54","IEEE","13 Dec 2023","1-5 Oct. 2023","1-5 Oct. 2023","IEEE","IEEE Conferences"
"Boosting Feedback Efficiency of Interactive Reinforcement Learning by Adaptive Learning from Scores","S. Liu; C. Wu; Y. Li; L. Zhang","Department of Engineering Mathematics, University of Bristol, UK; RAL, Baidu Research; School of Mechanical Engineering, Beijing Institute of Technology, Beijing, China; RAL, Baidu Research",2023 IEEE/RSJ International Conference on Intelligent Robots and Systems (IROS),"13 Dec 2023","2023","","","7561","7567","Interactive reinforcement learning has shown promise in learning complex robotic tasks. However, the process can be human-intensive due to the requirement of a large amount of interactive feedback. This paper presents a new method that uses scores provided by humans instead of pairwise preferences to improve the feedback efficiency of interactive reinforcement learning. Our key insight is that scores can yield significantly more data than pairwise preferences. Specifically, we require a teacher to interactively score the full trajectories of an agent to train a behavioral policy in a sparse reward environment. To avoid unstable scores given by humans negatively impacting the training process, we propose an adaptive learning scheme. This enables the learning paradigm to be insensitive to imperfect or unreliable scores. We extensively evaluate our method for robotic locomotion and manipulation tasks. The results show that the proposed method can efficiently learn near-optimal policies by adaptive learning from scores while requiring less feedback compared to pairwise preference learning methods. The source codes are publicly available at https://github.com/SSKKai/Interactive-Scoring-IRL.","2153-0866","978-1-6654-9190-7","10.1109/IROS55552.2023.10341990","","https://ieeexplore.ieee.org/stamp/stamp.jsp?arnumber=10341990","","Training;Learning systems;Adaptive learning;Source coding;Reinforcement learning;Boosting;Behavioral sciences","","1","","47","IEEE","13 Dec 2023","1-5 Oct. 2023","1-5 Oct. 2023","IEEE","IEEE Conferences"
"Dual Variable Actor-Critic for Adaptive Safe Reinforcement Learning","J. Lee; J. Heo; D. Kim; G. Lee; S. Oh","Graduate School of Artificial Intelligence (GSAI) and ASRI, Seoul National University, Seoul, Korea; Department of Electrical and Computer Enginnering and ASRI, Seoul National University, Seoul, Korea; Department of Electrical and Computer Enginnering and ASRI, Seoul National University, Seoul, Korea; Department of Electrical and Computer Enginnering and ASRI, Seoul National University, Seoul, Korea; Graduate School of Artificial Intelligence (GSAI) and ASRI, Seoul National University, Seoul, Korea",2023 IEEE/RSJ International Conference on Intelligent Robots and Systems (IROS),"13 Dec 2023","2023","","","7568","7573","Satisfying safety constraints in reinforcement learning (RL) is an important issue, especially in real-world applications. Many studies have approached safe RL with the Lagrangian method, which introduces dual variables. However, applying a trained policy with the optimal dual variable to a new environment can be hazardous since the optimal value of the dual variable, which represents a level of safety, depends on the environmental setting. To this end, we propose a new framework, dual variable actor-critic (DVAC), that solves the safe RL problem by simultaneously training a single policy over different safety levels. We introduce a universal policy and universal Q-function, which have a dual variable as an argument. Then, we extend the soft actor-critic so that the universal policy is guaranteed to converge to the Pareto optimal policy sets. We evaluate the proposed method in simulation and real-world environments. The universal policy learned with the proposed method ranges from extremely safe to high performance according to the dual variables, and is nearly Pareto optimal compared to policies learned with the baseline methods. In addition, the agent is able to adapt to environments with unseen state distributions without additional training by identifying a suitable dual variable using the proposed method.","2153-0866","978-1-6654-9190-7","10.1109/IROS55552.2023.10341973","Institute of Information & Communications Technology Planning & Evaluation (IITP)(grant numbers:2019-0-01190); ","https://ieeexplore.ieee.org/stamp/stamp.jsp?arnumber=10341973","","Training;Reinforcement learning;Pareto optimization;Safety;Trajectory;Intelligent robots","","1","","21","IEEE","13 Dec 2023","1-5 Oct. 2023","1-5 Oct. 2023","IEEE","IEEE Conferences"
"Hierarchical Semi-Supervised Learning Framework for Surgical Gesture Segmentation and Recognition Based on Multi-Modality Data","Z. Yuan; J. Lin; D. Zhang","Department of Engineering Mathematics, University of Bristol, Bristol, United Kingdom; Department of Engineering Mathematics, University of Bristol, Bristol, United Kingdom; Department of Engineering Mathematics, University of Bristol, Bristol, United Kingdom",2023 IEEE/RSJ International Conference on Intelligent Robots and Systems (IROS),"13 Dec 2023","2023","","","7659","7666","Segmenting and recognizing surgical operation trajectories into distinct, meaningful gestures is a critical preliminary step in surgical workflow analysis for robot-assisted surgery. This step is necessary for facilitating learning from demonstrations for autonomous robotic surgery, evaluating surgical skills, and so on. In this work, we develop a hierarchical semi-supervised learning framework for surgical gesture segmentation using multi-modality data (i.e. kinematics and vision data). More specifically, surgical tasks are initially segmented based on distance characteristics-based profiles and variance characteristics-based profiles constructed using kinematics data. Subsequently, a Transformer-based network with a pre-trained ‘ResNet-18’ backbone is used to extract visual features from the surgical operation videos. By combining the potential segmentation points obtained from both modalities, we can determine the final segmentation points. Furthermore, gesture recognition can be implemented based on supervised learning. The proposed approach has been evaluated using data from the publicly available JIGSAWS database, including Suturing, Needle Passing, and Knot Tying tasks. The results reveal an average F1 score of 0.623 for segmentation and an accuracy of 0.856 for recognition. For more details about this paper, please visit our website: https://sites.google.com/view/surseg/home.","2153-0866","978-1-6654-9190-7","10.1109/IROS55552.2023.10341673","","https://ieeexplore.ieee.org/stamp/stamp.jsp?arnumber=10341673","","Visualization;Surgery;Kinematics;Semisupervised learning;Feature extraction;Transformers;Needles","","2","","28","IEEE","13 Dec 2023","1-5 Oct. 2023","1-5 Oct. 2023","IEEE","IEEE Conferences"
"Primitive Skill-Based Robot Learning from Human Evaluative Feedback","A. Hiranaka; M. Hwang; S. Lee; C. Wang; L. Fei-Fei; J. Wu; R. Zhang","Department of Mechanical Engineering; Department of Computer Science, Stanford University, CA, USA; Department of Computer Science, Stanford University, CA, USA; Department of Computer Science, Stanford University, CA, USA; Department of Computer Science, Stanford University, CA, USA; Department of Computer Science, Stanford University, CA, USA; Department of Computer Science, Stanford University, CA, USA",2023 IEEE/RSJ International Conference on Intelligent Robots and Systems (IROS),"13 Dec 2023","2023","","","7817","7824","Reinforcement learning (RL) algorithms face significant challenges when dealing with long-horizon robot manipulation tasks in real-world environments due to sample inefficiency and safety issues. To overcome these challenges, we propose a novel framework, SEED, which leverages two approaches: reinforcement learning from human feedback (RLHF) and primitive skill-based reinforcement learning. Both approaches are particularly effective in addressing sparse reward issues and the complexities involved in long-horizon tasks. By combining them, SEED reduces the human effort required in RLHF and increases safety in training robot manipulation with RL in real-world settings. Additionally, parameterized skills provide a clear view of the agent's high-level intentions, allowing humans to evaluate skill choices before they are executed. This feature makes the training process even safer and more efficient. To evaluate the performance of SEED, we conducted extensive experiments on five manipulation tasks with varying levels of complexity. Our results show that SEED significantly outperforms state-of-the-art RL algorithms in sample efficiency and safety. In addition, SEED also exhibits a substantial reduction of human effort compared to other RLHF methods. Further details and video results can be found at https://seediros23.github.io/.","2153-0866","978-1-6654-9190-7","10.1109/IROS55552.2023.10341912","","https://ieeexplore.ieee.org/stamp/stamp.jsp?arnumber=10341912","","Training;Costs;Reinforcement learning;Robot learning;Safety;Complexity theory;Task analysis","","11","","44","IEEE","13 Dec 2023","1-5 Oct. 2023","1-5 Oct. 2023","IEEE","IEEE Conferences"
"Improving Human-Robot Interaction Effectiveness in Human-Robot Collaborative Object Transportation Using Force Prediction","J. E. Domínguez-Vidal; A. Sanfeliu","Institut de Robòtica i Informàtica Industrial (CSIC-UPC), Barcelona, Spain; Institut de Robòtica i Informàtica Industrial (CSIC-UPC), Barcelona, Spain",2023 IEEE/RSJ International Conference on Intelligent Robots and Systems (IROS),"13 Dec 2023","2023","","","7839","7845","In this work, we analyse the use of a prediction of the human's force in a Human-Robot collaborative object transportation task at a middle distance. We check that this force prediction can improve multiple parameters associated with effective Human-Robot Interaction (HRI) such as perception of the robot's contribution to the task, comfort or trust in the robot in a physical Human Robot Interaction (pHRI). We present a Deep Learning model that allows to predict the force that a human will exert in the next 1 $s$ using as inputs the force previously exerted by the human, the robot's velocity and environment information obtained from the robot's LiDAR. Its success rate is up to 92.3% in testset and up to 89.1 % in real experiments. We demonstrate that this force prediction, in addition to being able to be used directly to detect changes in the human's intention, can be processed to obtain an estimate of the human's desired trajectory. We have validated this approach with a user study involving 18 volunteers.","2153-0866","978-1-6654-9190-7","10.1109/IROS55552.2023.10342517","","https://ieeexplore.ieee.org/stamp/stamp.jsp?arnumber=10342517","Physical Human-Robot Interaction;Object Transportation;Human-in-the-Loop;Force Prediction","Deep learning;Force;Human-robot interaction;Collaboration;Transportation;Predictive models;Transformers","","11","","32","IEEE","13 Dec 2023","1-5 Oct. 2023","1-5 Oct. 2023","IEEE","IEEE Conferences"
"VARIQuery: VAE Segment-Based Active Learning for Query Selection in Preference-Based Reinforcement Learning","D. Marta; S. Holk; C. Pek; J. Tumova; I. Leite","Division of Robotics, Perception and Learning, School of Electrical Engineering and Computer Science, KTH Royal Institute of Technology, Stockholm, Sweden; Division of Robotics, Perception and Learning, School of Electrical Engineering and Computer Science, KTH Royal Institute of Technology, Stockholm, Sweden; Division of Robotics, Perception and Learning, School of Electrical Engineering and Computer Science, KTH Royal Institute of Technology, Stockholm, Sweden; Division of Robotics, Perception and Learning, School of Electrical Engineering and Computer Science, KTH Royal Institute of Technology, Stockholm, Sweden; Division of Robotics, Perception and Learning, School of Electrical Engineering and Computer Science, KTH Royal Institute of Technology, Stockholm, Sweden",2023 IEEE/RSJ International Conference on Intelligent Robots and Systems (IROS),"13 Dec 2023","2023","","","7878","7885","Human-in-the-loop reinforcement learning (RL) methods actively integrate human knowledge to create reward functions for various robotic tasks. Learning from preferences shows promise as alleviates the requirement of demonstrations by querying humans on state-action sequences. However, the limited granularity of sequence-based approaches complicates temporal credit assignment. The amount of human querying is contingent on query quality, as redundant queries result in excessive human involvement. This paper addresses the often-overlooked aspect of query selection, which is closely related to active learning (AL). We propose a novel query selection approach that leverages variational autoencoder (VAE) representations of state sequences. In this manner, we formulate queries that are diverse in nature while simultaneously taking into account reward model estimations. We compare our approach to the current state-of-the-art query selection methods in preference-based RL, and find ours to be either on-par or more sample efficient through extensive benchmarking on simulated environments relevant to robotics. Lastly, we conduct an online study to verify the effectiveness of our query selection approach with real human feedback and examine several metrics related to human effort.","2153-0866","978-1-6654-9190-7","10.1109/IROS55552.2023.10341795","KTH; Swedish Foundation for Strategic Research(grant numbers:SSF FFL18-0199); Knut and Alice Wallenberg Foundation; ","https://ieeexplore.ieee.org/stamp/stamp.jsp?arnumber=10341795","","Measurement;Visualization;Estimation;Clustering algorithms;Reinforcement learning;Market research;Human in the loop","","13","","46","IEEE","13 Dec 2023","1-5 Oct. 2023","1-5 Oct. 2023","IEEE","IEEE Conferences"
"Learning Joint Policies for Human-Robot Dialog and Co-Navigation","Y. Hayamizu; Z. Yu; S. Zhang","SUNY, Binghamton; Columbia University; SUNY, Binghamton",2023 IEEE/RSJ International Conference on Intelligent Robots and Systems (IROS),"13 Dec 2023","2023","","","7893","7898","Service robots need language capabilities for communicating with people, and navigation skills for beyond-proximity interaction in the real world. When the robot explores the real world with people side by side, there is the compound problem of human-robot dialog and co-navigation. The human-robot team uses dialog to decide where to go, and their shared spatial awareness affects the dialog state. In this paper, we develop a framework that learns a joint policy for human-robot dialog and co-navigation toward efficiently and accurately completing tour guide and information delivery tasks. We show that our approach outperforms baselines from the literature in task completion rate and execution time, and demonstrate our approach in the real world.","2153-0866","978-1-6654-9190-7","10.1109/IROS55552.2023.10341663","National Science Foundation(grant numbers:NRI-1925044); Ford Motor Company(grant numbers:2019-2023); ","https://ieeexplore.ieee.org/stamp/stamp.jsp?arnumber=10341663","","Service robots;Navigation;Compounds;Task analysis;Intelligent robots","","","","32","IEEE","13 Dec 2023","1-5 Oct. 2023","1-5 Oct. 2023","IEEE","IEEE Conferences"
"Initial Task Allocation for Multi-Human Multi-Robot Teams with Attention-Based Deep Reinforcement Learning","R. Wang; D. Zhao; B. -C. Min","Department of Computer and Information Technology, SMART Laboratory, Purdue University, West Lafayette, IN, USA; Department of Computer and Information Technology, SMART Laboratory, Purdue University, West Lafayette, IN, USA; Department of Computer and Information Technology, SMART Laboratory, Purdue University, West Lafayette, IN, USA",2023 IEEE/RSJ International Conference on Intelligent Robots and Systems (IROS),"13 Dec 2023","2023","","","7915","7922","Multi-human multi-robot teams have great potential for complex and large-scale tasks through the collaboration of humans and robots with diverse capabilities and expertise. To efficiently operate such highly heterogeneous teams and maximize team performance timely, sophisticated initial task allocation strategies that consider individual differences across team members and tasks are required. While existing works have shown promising results in reallocating tasks based on agent state and performance, the neglect of the inherent heterogeneity of the team hinders their effectiveness in realistic scenarios. In this paper, we present a novel formulation of the initial task allocation problem in multi-human multi-robot teams as a contextual multi-attribute decision-make process and propose an attention-based deep reinforcement learning approach. We introduce a cross-attribute attention module to encode the latent and complex dependencies of multiple attributes in the state representation. We conduct a case study in a massive threat surveillance scenario and demonstrate the strengths of our model.","2153-0866","978-1-6654-9190-7","10.1109/IROS55552.2023.10341410","National Science Foundation (NSF)(grant numbers:IIS-1846221); ","https://ieeexplore.ieee.org/stamp/stamp.jsp?arnumber=10341410","","Deep learning;Representation learning;Adaptation models;Surveillance;Decision making;Collaboration;Reinforcement learning","","14","","27","IEEE","13 Dec 2023","1-5 Oct. 2023","1-5 Oct. 2023","IEEE","IEEE Conferences"
"User Interactions and Negative Examples to Improve the Learning of Semantic Rules in a Cognitive Exercise Scenario","A. Suárez-Hernández; A. Andriella; C. Torras; G. Alenyà","CSIC-UPC, Parc Tecnologic de Barcelona, Institut de Robotica i Informatica Industrial, Barcelona, Spain; Pal Robotics, Barcelona, Spain; CSIC-UPC, Parc Tecnologic de Barcelona, Institut de Robotica i Informatica Industrial, Barcelona, Spain; CSIC-UPC, Parc Tecnologic de Barcelona, Institut de Robotica i Informatica Industrial, Barcelona, Spain",2023 IEEE/RSJ International Conference on Intelligent Robots and Systems (IROS),"13 Dec 2023","2023","","","7953","7960","Enabling a robot to perform new tasks is a complex endeavor, usually beyond the reach of non-technical users. For this reason, research efforts that aim at empowering end-users to teach robots new abilities using intuitive modes of interaction are valuable. In this article, we present INtuitive PROgramming 2 (INPRO2), a learning framework that allows inferring planning actions from demonstrations given by a human teacher. INPRO2 operates in an assistive scenario, in which the robot may learn from a healthcare professional (a therapist or caregiver) new cognitive exercises that can be later administered to patients with cognitive impairment. INPRO2 features significant improvements over previous work, namely: (1) exploitation of negative examples; (2) proactive interaction with the teacher to ask questions about the legality of certain movements; and (3) learning goals in addition to legal actions. Through simulations, we show the performance of different proactive strategies for gathering negative examples. Real-world experiments with human teachers and a TIAGo robot are also presented to qualitatively illustrate INPRO2.","2153-0866","978-1-6654-9190-7","10.1109/IROS55552.2023.10341942","","https://ieeexplore.ieee.org/stamp/stamp.jsp?arnumber=10341942","","Industries;Technological innovation;Law;Semantics;Europe;Medical services;Planning","","3","","22","IEEE","13 Dec 2023","1-5 Oct. 2023","1-5 Oct. 2023","IEEE","IEEE Conferences"
"Online Human Capability Estimation Through Reinforcement Learning and Interaction","C. Sun; A. G. Cohn; M. Leonetti","School of Computing, University of Leeds; School of Computing, University of Leeds; Department of Informatics, King's College, London",2023 IEEE/RSJ International Conference on Intelligent Robots and Systems (IROS),"13 Dec 2023","2023","","","7984","7991","Service robots are expected to assist users in a constantly growing range of environments and tasks. People may be unique in many ways, and online adaptation of robots is central to personalized assistance. We focus on collaborative tasks in which the human collaborator may not be fully ablebodied, with the aim for the robot to automatically determine the best level of support. We propose a methodology for online adaptation based on Reinforcement Learning and Bayesian inference. As the Reinforcement Learning process continuously adjusts the robot's behavior, the actions that become part of the improved policy are used by the Bayesian inference module as local evidence of human capability, which can be generalized across the state space. The estimated capabilities are then used as pre-conditions to collaborative actions, so that the robot can quickly disable actions that the person seems unable to perform. We demonstrate and validate our approach on two simulated tasks and one real-world collaborative task across a range of motion and sensing capabilities.","2153-0866","978-1-6654-9190-7","10.1109/IROS55552.2023.10341868","","https://ieeexplore.ieee.org/stamp/stamp.jsp?arnumber=10341868","","Q-learning;Service robots;Estimation;Collaboration;Robot sensing systems;Bayes methods;Sensors","","1","","16","IEEE","13 Dec 2023","1-5 Oct. 2023","1-5 Oct. 2023","IEEE","IEEE Conferences"
"Deconfounded Opponent Intention Inference for Football Multi-Player Policy Learning","S. Wang; Y. Pan; Z. Pu; B. Liu; J. Yi","School of Artificial Intelligence, University of Chinese Academy of Sciences, Beijing, China; Institute of Automation, Chinese Academy of Sciences, Beijing, China; School of Artificial Intelligence, University of Chinese Academy of Sciences, Beijing, China; School of Artificial Intelligence, University of Chinese Academy of Sciences, Beijing, China; School of Artificial Intelligence, University of Chinese Academy of Sciences, Beijing, China",2023 IEEE/RSJ International Conference on Intelligent Robots and Systems (IROS),"13 Dec 2023","2023","","","8054","8061","Due to the high complexity of a football match, the opponents' strategies are variable and unknown. Thus predicting the opponents' future intentions accurately based on current situation is crucial for football players' decision-making. To better anticipate the opponents and learn more effective strategies, a deconfounded opponent intention inference (DOII) method for football multi-player policy learning is proposed in this paper. Specifically, opponents' intentions are inferred by an opponent intention supervising module. Furthermore, for some confounders which affect the causal relationship among the players and the opponents, a decon-founded trajectory graph module is designed to mitigate the influence of these confounders and increase the accuracy of the inferences about opponents' intentions. Besides, an opponent-based incentive module is designed to improve the players' sensitivity to the opponents' intentions and further to train reasonable players' strategies. Representative results indicate that DOII can effectively improve the performance of players' strategies in the Google Research Football environment, which validates the superiority of the proposed method.","2153-0866","978-1-6654-9190-7","10.1109/IROS55552.2023.10341469","National Key Research, Development Program of China(grant numbers:2020AAA0103404); Beijing Nova Program(grant numbers:20220484077); ","https://ieeexplore.ieee.org/stamp/stamp.jsp?arnumber=10341469","","Sensitivity;Simulation;Decision making;Trajectory;Internet;Complexity theory;Intelligent robots","","1","","38","IEEE","13 Dec 2023","1-5 Oct. 2023","1-5 Oct. 2023","IEEE","IEEE Conferences"
"Stroke-Based Rendering and Planning for Robotic Performance of Artistic Drawing","I. Ilinkin; D. Song; Y. J. Kim","Department of computer science, Gettysburg College, U.S.A.; Department of computer science and engineering, Ewha womans university, Korea; Department of computer science and engineering, Ewha womans university, Korea",2023 IEEE/RSJ International Conference on Intelligent Robots and Systems (IROS),"13 Dec 2023","2023","","","8062","8068","We present a new robotic drawing system based on stroke-based rendering (SBR). Our motivation is the artistic quality of the whole performance. Not only should the generated strokes in the final drawing resemble the input image, but the stroke sequence should also exhibit a human artist's planning process. Thus, when a robot executes the drawing task, both the drawing results and the way the robot executes would look artistic. Our SBR system is based on image segmentation and depth estimation. It generates the drawing strokes in an order that allows for the intended shape to be perceived quickly and for its detailed features to be filled in and emerge gradually when observed by the human. This ordering represents a stroke plan that the drawing robot should follow to create an artistic rendering of images. We experimentally demonstrate that our SBR-based drawing makes visually pleasing artistic images, and our robotic system can replicate the result with proper sequences of stroke drawing.","2153-0866","978-1-6654-9190-7","10.1109/IROS55552.2023.10341808","ITRC; IITP(grant numbers:IITP-2023-2020-0-01460); NRF(grant numbers:2021R1A4A1032582,2022R1A2B5B03001385); ","https://ieeexplore.ieee.org/stamp/stamp.jsp?arnumber=10341808","","Image segmentation;Shape;Estimation;Rendering (computer graphics);Planning;Task analysis;Robots","","3","","33","IEEE","13 Dec 2023","1-5 Oct. 2023","1-5 Oct. 2023","IEEE","IEEE Conferences"
"Learning Compliant Stiffness by Impedance Control-Aware Task Segmentation and Multi-Objective Bayesian Optimization with Priors","M. Okada; M. Komatsu; R. Okumura; T. Taniguchi","Digital & AI Technology Center, Technology Division, Panasonic Holdings Corporation, Japan; Robotics Promotion Office, Manufacturing Innovation Division, Panasonic Holdings Corporation, Japan; Digital & AI Technology Center, Technology Division, Panasonic Holdings Corporation, Japan; Ritsumeikan University, College of Information Science and Engineering, Japan",2023 IEEE/RSJ International Conference on Intelligent Robots and Systems (IROS),"13 Dec 2023","2023","","","8155","8162","Rather than traditional position control, impedance control is preferred to ensure the safe operation of industrial robots programmed from demonstrations. However, variable stiffness learning studies have focused on task performance rather than safety (or compliance). Thus, this paper proposes a novel stiffness learning method to satisfy both task performance and compliance requirements. The proposed method optimizes the task and compliance objectives ($T/C$ objectives) simultaneously via multi-objective Bayesian optimization. We define the stiffness search space by segmenting a demonstration into task phases, each with constant responsible stiffness. The segmentation is performed by identifying impedance control-aware switching linear dynamics (IC-SLD) from the demonstration. We also utilize the stiffness obtained by proposed IC-SLD as priors for efficient optimization. Experiments on simulated tasks and a real robot demonstrate that IC-SLD-based segmentation and the use of priors improve the optimization efficiency compared to existing baseline methods.","2153-0866","978-1-6654-9190-7","10.1109/IROS55552.2023.10342096","","https://ieeexplore.ieee.org/stamp/stamp.jsp?arnumber=10342096","","Learning systems;Position control;Switches;Aerospace electronics;Control systems;Bayes methods;Safety","","6","","48","IEEE","13 Dec 2023","1-5 Oct. 2023","1-5 Oct. 2023","IEEE","IEEE Conferences"
"Efficient Exploration Using Extra Safety Budget in Constrained Policy Optimization","H. Xu; S. Wang; Z. Wang; Y. Zhang; Q. Zhuo; Y. Gao; T. Zhang","Department of Automation, Tsinghua University.; Department of IIIS, Tsinghua University; Beijing Aerospace Automatic Control Institute; Department of IIIS, Tsinghua University; Department of Automation, Tsinghua University.; Department of IIIS, Tsinghua University; Department of Automation, Tsinghua University.",2023 IEEE/RSJ International Conference on Intelligent Robots and Systems (IROS),"13 Dec 2023","2023","","","8163","8169","Reinforcement learning (RL) has achieved promising results on most robotic control tasks. Safety of learning-based controllers is an essential notion of ensuring the effectiveness of the controllers. Current methods adopt whole consistency constraints during the training, thus resulting in inefficient exploration in the early stage. In this paper, we propose an algorithm named Constrained Policy Optimization with Extra Safety Budget (ESB-CPO) to strike a balance between the exploration efficiency and the constraints satis-faction. In the early stage, our method loosens the practical constraints of unsafe transitions (adding extra safety bud-get) with the aid of a new metric we propose. With the training process, the constraints in our optimization problem become tighter. Meanwhile, theoretical analysis and practical experiments demonstrate that our method gradually meets the cost limit's demand in the final training stage. When evaluated on Safety-Gym and Bullet-Safety-Gym benchmarks, our method has shown its advantages over baseline algorithms in terms of safety and optimality. Remarkably, our method gains remarkable performance improvement under the same cost limit compared with baselines.","2153-0866","978-1-6654-9190-7","10.1109/IROS55552.2023.10342149","National Natural Science Foundation of China(grant numbers:U21B6002); ","https://ieeexplore.ieee.org/stamp/stamp.jsp?arnumber=10342149","","Training;Measurement;Costs;Estimation;Reinforcement learning;Stability analysis;Safety","","4","","30","IEEE","13 Dec 2023","1-5 Oct. 2023","1-5 Oct. 2023","IEEE","IEEE Conferences"
"Flexible Gear Assembly with Visual Servoing and Force Feedback","J. Ming; D. Bargmann; H. Cao; M. Caccamo","School of Engineering and Design, Technical University of Munich (TUM), Munich, Germany; Fraunhofer Institute for Manufacturing Engineering and Automation, Stuttgart, Germany; School of Engineering and Design, Technical University of Munich (TUM), Munich, Germany; School of Engineering and Design, Technical University of Munich (TUM), Munich, Germany",2023 IEEE/RSJ International Conference on Intelligent Robots and Systems (IROS),"13 Dec 2023","2023","","","8276","8282","This paper presents a vision-guided two-stage approach with force feedback to achieve high-precision and flexible gear assembly. The proposed approach integrates YOLO to coarsely localize the target workpiece in a searching phase and deep reinforcement learning (DRL) to complete the insertion. Specifically, DRL addresses the challenge of partial visibility when the on-wrist camera is too close to the workpiece of a small size. Moreover, we use force feedback to improve the robustness of the vision-guided assembly process. To reduce the effort of collecting training data on real robots, we use synthetic RGB images for training YOLO and construct an offline interaction environment leveraging sampled real-world data for training DRL agents. The proposed approach was evaluated in an industrial gear assembly experiment, which requires an assembly clearance of 0.3 mm, demonstrating high robustness and efficiency in gear searching and insertion from arbitrary positions.","2153-0866","978-1-6654-9190-7","10.1109/IROS55552.2023.10341833","","https://ieeexplore.ieee.org/stamp/stamp.jsp?arnumber=10341833","","YOLO;Training;Deep learning;Three-dimensional displays;Gears;Force feedback;Reinforcement learning","","7","","28","IEEE","13 Dec 2023","1-5 Oct. 2023","1-5 Oct. 2023","IEEE","IEEE Conferences"
"End-to-End Learning of Deep Visuomotor Policy for Needle Picking","H. Lin; B. Li; X. Chu; Q. Dou; Y. Liu; K. W. Samuel Au","Department of Mechanical and Automation Engineering, The Chinese University of Hong Kong, Hong Kong; Department of Mechanical and Automation Engineering, The Chinese University of Hong Kong, Hong Kong; Department of Mechanical and Automation Engineering, The Chinese University of Hong Kong, Hong Kong; Department of Computer Science and En-gineering, The Chinese University of Hong Kong, Hong Kong; Department of Mechanical and Automation Engineering, The Chinese University of Hong Kong, Hong Kong; Department of Mechanical and Automation Engineering, The Chinese University of Hong Kong, Hong Kong",2023 IEEE/RSJ International Conference on Intelligent Robots and Systems (IROS),"13 Dec 2023","2023","","","8487","8494","Needle picking is a challenging manipulation task in robot-assisted surgery due to the characteristics of small slender shapes of needles, needles' variations in shapes and sizes, and demands for millimeter-level control. Prior works, heavily relying on the prior of needles (e.g., geometric models), are hard to scale to unseen needles' variations. In this paper, we present the first end- to-end learning method to train deep visuomotor policy for needle picking. Concretely, we propose DreamerfD to maximally leverage demonstrations to improve the learning efficiency of a state-of-the-art model-based reinforcement learning method, DreamerV2; Since Variational Auto-Encoder (VAE) in DreamerV2 is difficult to scale to high-resolution images, we propose Dynamic Spotlight Adaptation to represent control-related visual signals in a low-resolution image space; Virtual Clutch is also proposed to reduce per-formance degradation due to significant error between prior and posterior encoded states at the beginning of a rollout. We conducted extensive experiments in simulation to evaluate the performance, robustness, in-domain variation adaptation, and effectiveness of individual components of our method. Our method, trained by 8k demonstration timesteps and 140k online policy timesteps, can achieve a remarkable success rate of 80%. Furthermore, our method effectively demonstrated its superiority in generalization to unseen in-domain variations including needle variations and image disturbance, highlighting its robustness and versatility. Codes and videos are available at https://sites.google.com/view/DreamerfD.","2153-0866","978-1-6654-9190-7","10.1109/IROS55552.2023.10342194","","https://ieeexplore.ieee.org/stamp/stamp.jsp?arnumber=10342194","","Learning systems;Visualization;Shape;Surgery;Reinforcement learning;Needles;Robustness","","12","","34","IEEE","13 Dec 2023","1-5 Oct. 2023","1-5 Oct. 2023","IEEE","IEEE Conferences"
"Value-Informed Skill Chaining for Policy Learning of Long-Horizon Tasks with Surgical Robot","T. Huang; K. Chen; W. Wei; J. Li; Y. Long; Q. Dou","The Department of Computer Science and Engineering, The Chinese University of Hong Kong; The Department of Computer Science and Engineering, The Chinese University of Hong Kong; The Department of Computer Science and Engineering, The Chinese University of Hong Kong; The Department of Computer Science and Engineering, The Chinese University of Hong Kong; The Department of Computer Science and Engineering, The Chinese University of Hong Kong; The Department of Computer Science and Engineering, The Chinese University of Hong Kong",2023 IEEE/RSJ International Conference on Intelligent Robots and Systems (IROS),"13 Dec 2023","2023","","","8495","8501","Reinforcement learning is still struggling with solving long-horizon surgical robot tasks which involve multiple steps over an extended duration of time due to the policy exploration challenge. Recent methods try to tackle this problem by skill chaining, in which the long-horizon task is decomposed into multiple subtasks for easing the exploration burden and subtask policies are temporally connected to complete the whole long-horizon task. However, smoothly connecting all subtask policies is difficult for surgical robot scenarios. Not all states are equally suitable for connecting two adjacent subtasks. An undesired terminate state of the previous subtask would make the current subtask policy unstable and result in a failed execution. In this work, we introduce value-informed skill chaining (ViSkill), a novel reinforcement learning framework for long-horizon surgical robot tasks. The core idea is to distinguish which terminal state is suitable for starting all the following subtask policies. To achieve this target, we introduce a state value function that estimates the expected success probability of the entire task given a state. Based on this value function, a chaining policy is learned to instruct subtask policies to terminate at the state with the highest value so that all subsequent policies are more likely to be connected for accomplishing the task. We demonstrate the effectiveness of our method on three complex surgical robot tasks from SurRoL, a comprehensive surgical simulation platform, achieving high task success rates and execution efficiency. Code is available at https: / /github. com/med-air/ViSkill.","2153-0866","978-1-6654-9190-7","10.1109/IROS55552.2023.10342180","","https://ieeexplore.ieee.org/stamp/stamp.jsp?arnumber=10342180","","Medical robotics;Codes;Reinforcement learning;Task analysis;Intelligent robots;Software development management","","4","","38","IEEE","13 Dec 2023","1-5 Oct. 2023","1-5 Oct. 2023","IEEE","IEEE Conferences"
"Template Model Inspired Task Space Learning for Robust Bipedal Locomotion","G. A. Castillo; B. Weng; S. Yang; W. Zhang; A. Hereid","Electrical and Computer Engineering, Ohio State University, Columbus, OH, USA; Electrical and Computer Engineering, Ohio State University, Columbus, OH, USA; SUSTech Institute of Robotics, Southern University of Science and Technology (SUSTech), China; SUSTech Institute of Robotics, Southern University of Science and Technology (SUSTech), China; Mechanical and Aerospace Engineering, Ohio State University, Columbus, OH, USA",2023 IEEE/RSJ International Conference on Intelligent Robots and Systems (IROS),"13 Dec 2023","2023","","","8582","8589","This work presents a hierarchical framework for bipedal locomotion that combines a Reinforcement Learning (RL)-based high-level (HL) planner policy for the online generation of task space commands with a model-based low-level (LL) controller to track the desired task space trajectories. Different from traditional end-to-end learning approaches, our HL policy takes insights from the angular momentum-based linear inverted pendulum (ALIP) to carefully design the observation and action spaces of the Markov Decision Process (MDP). This simple yet effective design creates an insightful mapping between a low-dimensional state that effectively captures the complex dynamics of bipedal locomotion and a set of task space outputs that shape the walking gait of the robot. The HL policy is agnostic to the task space LL controller, which increases the flexibility of the design and generalization of the framework to other bipedal robots. This hierarchical design results in a learning-based framework with improved performance, data efficiency, and robustness compared with the ALIP model-based approach and state-of-the-art learning-based frameworks for bipedal locomotion. The proposed hierarchical controller is tested in three different robots, Rabbit, a five-link underactuated planar biped; Walker2D, a seven-link fully-actuated planar biped; and Digit, a 3D humanoid robot with 20 actuated joints. The trained policy naturally learns human-like locomotion behaviors and is able to effectively track a wide range of walking speeds while preserving the robustness and stability of the walking gait even under adversarial conditions.","2153-0866","978-1-6654-9190-7","10.1109/IROS55552.2023.10341263","National Science Foundation(grant numbers:FRR-21441568); National Natural Science Foundation of China(grant numbers:62073159); ","https://ieeexplore.ieee.org/stamp/stamp.jsp?arnumber=10341263","","Legged locomotion;Torso;Three-dimensional displays;Aerospace electronics;Stairs;Robustness;Behavioral sciences","","26","","26","IEEE","13 Dec 2023","1-5 Oct. 2023","1-5 Oct. 2023","IEEE","IEEE Conferences"
"Temporal Logic-Based Intent Monitoring for Mobile Robots","H. Yoon; S. Sankaranarayanan","Department of Computer Science, University of Colorado, Boulder, USA; Department of Computer Science, University of Colorado, Boulder, USA",2023 IEEE/RSJ International Conference on Intelligent Robots and Systems (IROS),"13 Dec 2023","2023","","","8643","8650","We propose a framework that uses temporal logic specifications to predict and monitor the intent of a robotic agent through passive observations of its actions over time. Our approach uses a set of possible hypothesized intents specified as Büchi automata, obtained from translating temporal logic formulae. Based on observing the actions of the robot, we update the probabilities of each hypothesis using Bayes rule. Observations of robot actions provide strong evidence for its “immediate” short-term goals, whereas temporal logic specifications describe behaviors over a “never-ending” infinite time horizon. To bridge this gap, we use a two-level hierarchical monitoring approach. At the lower level, we track the immediate short-term goals of the robot which are modeled as atomic propositions in the temporal logic formalism. We apply our approach to predicting intent of human workers and thus their movements in an indoor space based on the publicly available THOR dataset. We show how our approach correctly labels each agent with their appropriate intents after relatively few observations while predicting their future actions accurately over longer time horizons.","2153-0866","978-1-6654-9190-7","10.1109/IROS55552.2023.10341623","","https://ieeexplore.ieee.org/stamp/stamp.jsp?arnumber=10341623","","Bridges;Tracking;Automata;Behavioral sciences;Mobile robots;Robots;Monitoring","","1","","29","IEEE","13 Dec 2023","1-5 Oct. 2023","1-5 Oct. 2023","IEEE","IEEE Conferences"
"Reinforcement Learning Under Probabilistic Spatio-Temporal Constraints with Time Windows","X. Lin; A. Koochakzadeh; Y. Yazıcıoğlu; D. Aksaray","Department of Aerospace Engineering and Mechanics, University of Minnesota, Minneapolis, MN; Department of Electrical and Computer Engineering, Purdue University, West Lafayette, IN; Department of Mechanical and Industrial Engineering, Northeastern University, Boston, MA; Department of Electrical and Computer Engineering, Northeastern University, Boston, MA",2023 IEEE/RSJ International Conference on Intelligent Robots and Systems (IROS),"13 Dec 2023","2023","","","8680","8686","We propose an automata-theoretic approach for reinforcement learning (RL) under complex spatio-temporal constraints with time windows. The problem is formulated using a Markov decision process under a bounded temporal logic constraint. Different from existing RL methods that can eventually learn optimal policies satisfying such constraints, our proposed approach enforces a desired probability of constraint satisfaction throughout learning. This is achieved by translating the bounded temporal logic constraint into a total automaton and avoiding “unsafe” actions based on the available prior information regarding the transition probabilities, i.e., a pair of upper and lower bounds for each transition probability. We provide theoretical guarantees on the resulting probability of constraint satisfaction. We also provide numerical results in a scenario where a robot explores the environment to discover high-reward regions while fulfilling some periodic pick-up and delivery tasks that are encoded as temporal logic constraints.","2153-0866","978-1-6654-9190-7","10.1109/IROS55552.2023.10342259","DARPA(grant numbers:HR0011-21-2-0015); ","https://ieeexplore.ieee.org/stamp/stamp.jsp?arnumber=10342259","","Learning automata;Reinforcement learning;Markov processes;Probabilistic logic;Time factors;Task analysis;Intelligent robots","","1","","22","IEEE","13 Dec 2023","1-5 Oct. 2023","1-5 Oct. 2023","IEEE","IEEE Conferences"
"Hybrid Learning- and Model-Based Planning and Control of In-Hand Manipulation","R. S. Zarrin; R. Jitosho; K. Yamane","Honda Research Institute USA, San Jose, CA; Mechanical Engineering department, Stanford University, Stanford, CA; Path Robotics Inc, Columbus, OH",2023 IEEE/RSJ International Conference on Intelligent Robots and Systems (IROS),"13 Dec 2023","2023","","","8720","8726","This paper presents a hierarchical framework for planning and control of in-hand manipulation of a rigid object involving grasp changes using fully-actuated multifin-gered robotic hands. While the framework can be applied to the general dexterous manipulation, we focus on a more complex definition of in-hand manipulation, where at the goal pose the hand has to reach a grasp suitable for using the object as a tool. The high level planner determines the object trajectory as well as the grasp changes, i.e. adding, removing, or sliding fingers, to be executed by the low-level controller. While the grasp sequence is planned online by a learning-based policy to adapt to variations, the trajectory planner and the low-level controller for object tracking and contact force control are exclusively model-based to robustly realize the plan. By infusing the knowledge about the physics of the problem and the low-level controller into the grasp planner, it learns to successfully generate grasps similar to those generated by model-based optimization approaches, obviating the high computation cost of online running of such methods to account for variations. By performing experiments in physics simulation for realistic tool use scenarios, we show the success of our method on different tool-use tasks and dexterous hand models. Additionally, we show that this hybrid method offers more robustness to trajectory and task variations compared to a model-based method.","2153-0866","978-1-6654-9190-7","10.1109/IROS55552.2023.10342153","","https://ieeexplore.ieee.org/stamp/stamp.jsp?arnumber=10342153","","Computational modeling;Robustness;Hardware;Trajectory;Planning;Object tracking;Task analysis","","7","","30","IEEE","13 Dec 2023","1-5 Oct. 2023","1-5 Oct. 2023","IEEE","IEEE Conferences"
"Dexterous Soft Hands Linearize Feedback-Control for In-Hand Manipulation","A. Sieler; O. Brock","Robotics and Biology Laboratory, Technische Universität Berlin; Robotics and Biology Laboratory, Technische Universität Berlin",2023 IEEE/RSJ International Conference on Intelligent Robots and Systems (IROS),"13 Dec 2023","2023","","","8757","8764","This paper presents a feedback-control framework for in-hand manipulation (IHM) with dexterous soft hands that enables the acquisition of manipulation skills in the real-world within minutes. We choose the deformation state of the soft hand as the control variable. To control for a desired deformation state, we use coarsley approximated Jacobians of the actuation-deformation dynamics. These Jacobian are obtained via explorative actions. This is enabled by the self-stabilizing properties of compliant hands, which allow us to use linear feedback control in the presence of complex contact dynamics. To evaluate the effectiveness of our approach, we show the generalization capabilities for a learned manipulation skill to variations in object size by 100 %, 360 degree changes in palm inclination and to disabling up to 50 % of the involved actuators. In addition, complex manipulations can be obtained by sequencing such feedback-skills.","2153-0866","978-1-6654-9190-7","10.1109/IROS55552.2023.10341438","Deutsche Forschungs-gemeinschaft (DFG, German Research Foundation) under Germany's Excellence Strategy – EXC 2002/1 “Science of Intelligence”(grant numbers:390523135); ","https://ieeexplore.ieee.org/stamp/stamp.jsp?arnumber=10341438","","Jacobian matrices;Actuators;Sequential analysis;Deformation;Feedback control;Behavioral sciences;Intelligent robots","","9","","37","IEEE","13 Dec 2023","1-5 Oct. 2023","1-5 Oct. 2023","IEEE","IEEE Conferences"
"Autonomous Swarm Robot Coordination via Mean-Field Control Embedding Multi-Agent Reinforcement Learning","H. Tang; H. Zhang; Z. Shi; X. Chen; W. Ding; X. -P. Zhang","Tsinghua-Berkeley Shenzhen Institute, Tsinghua Shenzhen International Graduate School, Tsinghua University, Shenzhen, China; Tsinghua-Berkeley Shenzhen Institute, Tsinghua Shenzhen International Graduate School, Tsinghua University, Shenzhen, China; Tsinghua-Berkeley Shenzhen Institute, Tsinghua Shenzhen International Graduate School, Tsinghua University, Shenzhen, China; Tsinghua-Berkeley Shenzhen Institute, Tsinghua Shenzhen International Graduate School, Tsinghua University, Shenzhen, China; RISC-V International Open Source Laboratory, Shenzhen, China; RISC-V International Open Source Laboratory, Shenzhen, China",2023 IEEE/RSJ International Conference on Intelligent Robots and Systems (IROS),"13 Dec 2023","2023","","","8820","8826","The learning approaches of designing a controller to guide the collective behavior of swarm robots have gained significant attention in recent years. However, the scalability of swarm robots and their inherent stochasticity complicate the control problem due to increasing complexity, unpredictability, and non-linearity. Despite considerable progress made in swarm robotics, addressing these challenges remains a significant issue. In this work, we model the stochastic dynamics of a swarm robot system and then propose a novel control framework based on a mean-field control (MFC) embedding multi-agent reinforcement learning (MARL) approach named MF-MARL to deal with these challenges. While MARL is able to deal with stochasticity statistically, we integrate MFC, allowing MF-MARL to cope with large-scale robots. Moreover, we apply statistical moments of robots' state and control action to discretize continuous input and enable MF-MARL to be applied in continuous scenarios. To demonstrate the effectiveness of MF-MARL, we evaluate the performance of the robots on a specific swarm simulation platform. The experimental results show that our algorithm outperforms the traditional algorithms both in navigation and manipulation tasks. Finally, we demonstrate the adaptability of the proposed algorithm through the component failure test.","2153-0866","978-1-6654-9190-7","10.1109/IROS55552.2023.10341749","Guangdong Innovative and Entrepreneurial Research Team Program(grant numbers:2021ZT09L197); ","https://ieeexplore.ieee.org/stamp/stamp.jsp?arnumber=10341749","","Navigation;Robot kinematics;Scalability;Swarm robotics;Stochastic processes;Reinforcement learning;Complexity theory","","3","","35","IEEE","13 Dec 2023","1-5 Oct. 2023","1-5 Oct. 2023","IEEE","IEEE Conferences"
"Decentralized Multi-Agent Reinforcement Learning with Global State Prediction","J. Bloom; P. Paliwal; A. Mukherjee; C. Pinciroli","Robotics Engineering, Worcester Polytechnic Institute, Worcester, MA, USA; Robotics Engineering, Worcester Polytechnic Institute, Worcester, MA, USA; Robotics Engineering, Worcester Polytechnic Institute, Worcester, MA, USA; Robotics Engineering, Worcester Polytechnic Institute, Worcester, MA, USA",2023 IEEE/RSJ International Conference on Intelligent Robots and Systems (IROS),"13 Dec 2023","2023","","","8854","8861","Deep reinforcement learning (DRL) has seen re-markable success in the control of single robots. However, applying DRL to robot swarms presents significant challenges. A critical challenge is non-stationarity, which occurs when two or more robots update individual or shared policies concurrently, thereby engaging in an interdependent training process with no guarantees of convergence. Circumventing non-stationarity typically involves training the robots with global information about other agents' states and/or actions. In contrast, in this paper we explore how to remove the need for global information. We pose our problem as a Partially Observable Markov Decision Process, due to the absence of global knowledge on other agents. Using collective transport as a testbed scenario, we study two approaches to multi-agent training. In the first, the robots exchange no messages, and are trained to rely on implicit communication through push-and-pull on the object to transport. In the second approach, we introduce Global State Prediction (GSP), a network trained to form a belief over the swarm as a whole and predict its future states. We provide a comprehensive study over four well-known deep reinforcement learning algorithms in environments with obstacles, measuring performance as the successful transport of the object to a goal location within a desired time-frame. Through an ablation study, we show that including GSP boosts performance and increases robustness when compared with methods that use global knowledge.","2153-0866","978-1-6654-9190-7","10.1109/IROS55552.2023.10341563","","https://ieeexplore.ieee.org/stamp/stamp.jsp?arnumber=10341563","","Training;Deep learning;Robot kinematics;Message passing;Reinforcement learning;Markov processes;Prediction algorithms","","3","","42","IEEE","13 Dec 2023","1-5 Oct. 2023","1-5 Oct. 2023","IEEE","IEEE Conferences"
"Long-Short Term Policy for Visual Object Navigation","Y. Bai; X. Song; W. Li; S. Zhang; S. Jiang","Key Laboratory of Intelligent Information Processing, Institute of Computing Technology, Chinese Academy of Sciences (CAS), Beijing, China; Key Laboratory of Intelligent Information Processing, Institute of Computing Technology, Chinese Academy of Sciences (CAS), Beijing, China; Key Laboratory of Intelligent Information Processing, Institute of Computing Technology, Chinese Academy of Sciences (CAS), Beijing, China; Key Laboratory of Intelligent Information Processing, Institute of Computing Technology, Chinese Academy of Sciences (CAS), Beijing, China; Key Laboratory of Intelligent Information Processing, Institute of Computing Technology, Chinese Academy of Sciences (CAS), Beijing, China",2023 IEEE/RSJ International Conference on Intelligent Robots and Systems (IROS),"13 Dec 2023","2023","","","9035","9042","The goal of visual object navigation for an agent is to find the target objects accurately. Recent works mainly focus on the feature of embedding, attempting to learn better features with different variants, such as object distribution and graph representations. However, some typical navigation problems in complex environments, such as partially known and obstacle problems, may not be effectively addressed by previous feature embedding methods. In this paper, we propose a framework with a long-short objective policy, where the hidden states are classified according to the navigation objectives at that moment and separately rewarded. Specifically, we consider two objectives: the long-term objective is to go closer to the target, and the short-term objective is for obstacle avoidance and exploration. To alleviate the effect of long-term and short-term alternation, we build a state memory and propose an adjustment gate to update the state memory. Finally, all past hidden states are reweighted and combined for action prediction with an action-boosting gate. Experimental results on RoboTHOR show that the proposed method can significantly outperform the state-of-the-art.","2153-0866","978-1-6654-9190-7","10.1109/IROS55552.2023.10341652","National Natural Science Foundation of China(grant numbers:62125207,62272443,62032022,U1936203); Beijing Natural Science Foundation(grant numbers:Z190020,JQ22012); ","https://ieeexplore.ieee.org/stamp/stamp.jsp?arnumber=10341652","","Visualization;Navigation;Reinforcement learning;Logic gates;Boosting;Space exploration;Collision avoidance","","3","","34","IEEE","13 Dec 2023","1-5 Oct. 2023","1-5 Oct. 2023","IEEE","IEEE Conferences"
"Enhanced Robot Navigation with Human Geometric Instruction","H. Deguchi; S. Taguchi; K. Shibata; S. Koide","Toyota Central R&D Labs., Inc., Aichi, Japan; Toyota Central R&D Labs., Inc., Aichi, Japan; Toyota Central R&D Labs., Inc., Aichi, Japan; Toyota Central R&D Labs., Inc., Aichi, Japan",2023 IEEE/RSJ International Conference on Intelligent Robots and Systems (IROS),"13 Dec 2023","2023","","","9071","9078","Recently, robot navigation methods using human instructions have been actively studied, including visual language navigation. Although language is one of the most promising forms of instruction, words often contain ambiguities. To complement this problem, we propose to use geometric instruction as a clue to the task goal. Specifically, in our proposed system, we assume that the robot receives a rough position of the target from human gesture. The robot adaptively estimates the reliability of this geometric instruction, and switches between exploration and instruction-following modes depending on the reliability value. We conducted evaluation of our method using a 3D simulation environment, and show that the task success rate and other metrics improve compared with the baseline methods.","2153-0866","978-1-6654-9190-7","10.1109/IROS55552.2023.10342107","","https://ieeexplore.ieee.org/stamp/stamp.jsp?arnumber=10342107","","Measurement;Visualization;Three-dimensional displays;Navigation;Search methods;Reinforcement learning;Reliability","","4","","25","IEEE","13 Dec 2023","1-5 Oct. 2023","1-5 Oct. 2023","IEEE","IEEE Conferences"
"BRNES: Enabling Security and Privacy-Aware Experience Sharing in Multiagent Robotic and Autonomous Systems","M. T. Hossain; H. M. La; S. Badsha; A. Netchaev","The Advanced Robotics and Automation Lab, Computer Science and Engineering, University of Nevada, Reno, Nevada, USA; The Advanced Robotics and Automation Lab, Computer Science and Engineering, University of Nevada, Reno, Nevada, USA; Bosch Engineering, North America; The U.S. Army Corps.",2023 IEEE/RSJ International Conference on Intelligent Robots and Systems (IROS),"13 Dec 2023","2023","","","9269","9276","Although experience sharing (ES) accelerates multiagent reinforcement learning (MARL) in an advisor-advisee framework, attempts to apply ES to decentralized multiagent systems have so far relied on trusted environments and over-looked the possibility of adversarial manipulation and inference. Nevertheless, in a real-world setting, some Byzantine attackers, disguised as advisors, may provide false advice to the advisee and catastrophically degrade the overall learning performance. Also, an inference attacker, disguised as an advisee, may conduct several queries to infer the advisors' private information and make the entire ES process questionable in terms of privacy leakage. To address and tackle these issues, we propose a novel MARL framework (BRNES) that heuristically selects a dynamic neighbor zone for each advisee at each learning step and adopts a weighted experience aggregation technique to reduce Byzantine attack impact. Furthermore, to keep the agent's private information safe from adversarial inference attacks, we leverage the local differential privacy (LDP)-induced noise during the ES process. Our experiments show that our framework outperforms the state-of-the-art in terms of the steps to goal, obtained reward, and time to goal metrics. Particularly, our evaluation shows that the proposed framework is 8.32x faster than the current non-private frameworks and 1.41x faster than the private frameworks in an adversarial setting.","2153-0866","978-1-6654-9190-7","10.1109/IROS55552.2023.10341559","U.S. National Science Foundation(grant numbers:NSF-CAREER: 1846513,NSF-PFI-TT: 1919127); ","https://ieeexplore.ieee.org/stamp/stamp.jsp?arnumber=10341559","","Measurement;Privacy;Differential privacy;Autonomous systems;Reinforcement learning;Security;Task analysis","","2","","29","IEEE","13 Dec 2023","1-5 Oct. 2023","1-5 Oct. 2023","IEEE","IEEE Conferences"
"SCRIMP: Scalable Communication for Reinforcement- and Imitation-Learning-Based Multi-Agent Pathfinding","Y. Wang; B. Xiang; S. Huang; G. Sartoretti","Department of Mechanical Engineering, College of Design and Engineering, National University of Singapore, Singapore; Department of Mechanical Engineering, College of Design and Engineering, National University of Singapore, Singapore; Department of Mechanical Engineering, College of Design and Engineering, National University of Singapore, Singapore; Department of Mechanical Engineering, College of Design and Engineering, National University of Singapore, Singapore",2023 IEEE/RSJ International Conference on Intelligent Robots and Systems (IROS),"13 Dec 2023","2023","","","9301","9308","Trading off performance guarantees in favor of scalability, the Multi-Agent Path Finding (MAPF) community has recently started to embrace Multi-Agent Reinforcement Learning (MARL), where agents learn to collaboratively generate individual, collision-free (but often suboptimal) paths. Scalability is usually achieved by assuming a local field of view (FOV) around the agents, helping scale to arbitrary world sizes. However, this assumption significantly limits the amount of information available to the agents, making it difficult for them to enact the type of joint maneuvers needed in denser MAPF tasks. In this paper, we propose SCRIMP, where agents learn individual policies from even very small (down to $3\mathrm{x}3$) FOVs, by relying on a highly-scalable global communication mechanism based on a modified transformer. We further equip agents with a state-value-based tie-breaking strategy to further improve performance in symmetric situations, and introduce intrinsic rewards to encourage exploration while mitigating the long-term credit assignment problem. Empirical evaluations on a set of experiments indicate that SCRIMP can achieve higher performance with improved scalability compared to other state-of-the-art learning-based MAPF planners with larger FOVs, and even yields similar performance as a classical centralized planner in many cases. Ablation studies further validate the effectiveness of our proposed techniques. Finally, we show that our trained model can be directly implemented on real robots for online MAPF through high-fidelity simulations in gazebo.","2153-0866","978-1-6654-9190-7","10.1109/IROS55552.2023.10342305","","https://ieeexplore.ieee.org/stamp/stamp.jsp?arnumber=10342305","","Learning systems;Scalability;Stochastic processes;Information sharing;Reinforcement learning;Transformers;Global communication","","54","","28","IEEE","13 Dec 2023","1-5 Oct. 2023","1-5 Oct. 2023","IEEE","IEEE Conferences"
"Control Transformer: Robot Navigation in Unknown Environments Through PRM-Guided Return-Conditioned Sequence Modeling","D. Lawson; A. H. Qureshi","Department of Computer Science, Purdue University, West Lafayette, IN, USA; Department of Computer Science, Purdue University, West Lafayette, IN, USA",2023 IEEE/RSJ International Conference on Intelligent Robots and Systems (IROS),"13 Dec 2023","2023","","","9324","9331","Learning long-horizon tasks such as navigation has presented difficult challenges for successfully applying reinforcement learning to robotics. From another perspective, under known environments, sampling-based planning can robustly find collision-free paths in environments without learning. In this work, we propose Control Transformer that models return-conditioned sequences from low-level policies guided by a sampling-based Probabilistic Roadmap (PRM) planner. We demonstrate that our framework can solve long-horizon navigation tasks using only local information. We evaluate our approach on partially-observed maze navigation with MuJoCo robots, including Ant, Point, and Humanoid. We show that Control Transformer can successfully navigate through mazes and transfer to unknown environments. Additionally, we apply our method to a differential drive robot (Turtlebot3) and show zero-shot sim2real transfer under noisy observations.","2153-0866","978-1-6654-9190-7","10.1109/IROS55552.2023.10341628","","https://ieeexplore.ieee.org/stamp/stamp.jsp?arnumber=10341628","","Navigation;Humanoid robots;Reinforcement learning;Transformers;Probabilistic logic;Planning;Noise measurement","","7","","39","IEEE","13 Dec 2023","1-5 Oct. 2023","1-5 Oct. 2023","IEEE","IEEE Conferences"
"Enhancing Sample Efficiency and Uncertainty Compensation in Learning-Based Model Predictive Control for Aerial Robots","K. Y. Chee; T. C. Silva; M. A. Hsieh; G. J. Pappas","GRASP Laboratory, University of Pennsylvania, Philadelphia, PA, USA; GRASP Laboratory, University of Pennsylvania, Philadelphia, PA, USA; GRASP Laboratory, University of Pennsylvania, Philadelphia, PA, USA; GRASP Laboratory, University of Pennsylvania, Philadelphia, PA, USA",2023 IEEE/RSJ International Conference on Intelligent Robots and Systems (IROS),"13 Dec 2023","2023","","","9435","9441","The recent increase in data availability and reliability has led to a surge in the development of learning-based model predictive control (MPC) frameworks for robot systems. Despite attaining substantial performance improvements over their non-learning counterparts, many of these frameworks rely on an offline learning procedure to synthesize a dynamics model. This implies that uncertainties encountered by the robot during deployment are not accounted for in the learning process. On the other hand, learning-based MPC methods that learn dynamics models online are computationally expensive and often require a significant amount of data. To alleviate these shortcomings, we propose a novel learning-enhanced MPC framework that incorporates components from C1 adaptive control into learning-based MPC. This integration enables the accurate compensation of both matched and unmatched uncertainties in a sample-efficient way, enhancing the control performance during deployment. In our proposed framework, we present two variants and apply them to the control of a quadrotor system. Through simulations and physical experiments, we demonstrate that the proposed framework not only allows the synthesis of an accurate dynamics model on-the-fly, but also significantly improves the closed-loop control performance under a wide range of spatio-temporal uncertainties.","2153-0866","978-1-6654-9190-7","10.1109/IROS55552.2023.10341774","NSF(grant numbers:IIS 1910308); ONR(grant numbers:N00014-22-1-2157); ","https://ieeexplore.ieee.org/stamp/stamp.jsp?arnumber=10341774","","Adaptation models;Uncertainty;Fuses;Computational modeling;Reliability;Adaptive control;Surges","","8","","32","IEEE","13 Dec 2023","1-5 Oct. 2023","1-5 Oct. 2023","IEEE","IEEE Conferences"
"Sample-Efficient Real-Time Planning with Curiosity Cross-Entropy Method and Contrastive Learning","M. Kotb; C. Weber; S. Wermter","Department of Informatics, Knowledge Technology Group, Universität Hamburg, Hamburg, Germany; Department of Informatics, Knowledge Technology Group, Universität Hamburg, Hamburg, Germany; Department of Informatics, Knowledge Technology Group, Universität Hamburg, Hamburg, Germany",2023 IEEE/RSJ International Conference on Intelligent Robots and Systems (IROS),"13 Dec 2023","2023","","","9456","9463","Model-based reinforcement learning (MBRL) with real-time planning has shown great potential in locomotion and manipulation control tasks. However, the existing planning methods, such as the Cross-Entropy Method (CEM), do not scale well to complex high-dimensional environments. One of the key reasons for underperformance is the lack of exploration, as these planning methods only aim to maximize the cumulative extrinsic reward over the planning horizon. Furthermore, planning inside the compact latent space in the absence of observations makes it challenging to use curiosity-based intrinsic motivation. We propose Curiosity CEM (CCEM), an improved version of the CEM algorithm for encouraging exploration via curiosity. Our proposed method maximizes the sum of state-action $Q$ values over the planning horizon, in which these $Q$ values estimate the future extrinsic and intrinsic reward, hence encouraging to reach novel observations. In addition, our model uses contrastive representation learning to efficiently learn latent representations. Experiments on image-based continuous control tasks from the DeepMind Control suite show that CCEM is by a large margin more sample-efficient than previous MBRL algorithms and compares favorably with the best model-free RL methods.","2153-0866","978-1-6654-9190-7","10.1109/IROS55552.2023.10342018","German Research Foundation DFG under project CML(grant numbers:TRR 169); ","https://ieeexplore.ieee.org/stamp/stamp.jsp?arnumber=10342018","","Representation learning;Reinforcement learning;Real-time systems;Planning;Task analysis;Intelligent robots","","3","","46","IEEE","13 Dec 2023","1-5 Oct. 2023","1-5 Oct. 2023","IEEE","IEEE Conferences"
"Underactuated MIMO Airship Control Based on Online Data-Driven Reinforcement Learning","D. Boase; W. Gueaieb; M. S. Miah","Derek Boase and Wail Gueaieb are with the School of Electrical Engineering and Computer Science, University of Ottawa, Ottawa, ON, Canada; Derek Boase and Wail Gueaieb are with the School of Electrical Engineering and Computer Science, University of Ottawa, Ottawa, ON, Canada; Department of Electrical and Computer Engineering, Bradley University, Peoria, IL, Usa",2023 IEEE/RSJ International Conference on Intelligent Robots and Systems (IROS),"13 Dec 2023","2023","","","9464","9471","In this work, a novel online model-free controller for an underactuated dirigible is developed based on reinforcement learning and optimal control theory. A reinforcement learning structure is used while overcoming the dependence of the value function on future values by introducing a neural network that is adapted using input-output data. The suboptimal critic neural network is structured such that optimality is guaranteed over the interval from which the data is valid. The system performance is validated using a highly realistic physics engine, Gazebo, with the robot operating system (ROS) interface and the results are compared to the performance of a model-based controller specifically designed to control the airship model. It is emphasized that the proposed formulation does not leverage any knowledge of vehicle dynamics and thus is considered a vehicle agnostic control strategy.","2153-0866","978-1-6654-9190-7","10.1109/IROS55552.2023.10341752","NSERC(grant numbers:RGPIN-2014-06512); ","https://ieeexplore.ieee.org/stamp/stamp.jsp?arnumber=10341752","","Training;Atmospheric modeling;System performance;Operating systems;Neural networks;Optimal control;Reinforcement learning","","3","","30","IEEE","13 Dec 2023","1-5 Oct. 2023","1-5 Oct. 2023","IEEE","IEEE Conferences"
"Grasp Stability Assessment Through Attention-Guided Cross-Modality Fusion and Transfer Learning","Z. Zhang; Z. Zhou; H. Wang; Z. Zhang; H. Huang; Q. Cao","School of Mechanical Engineering, Shanghai Jiao Tong University, Shanghai, P.R. China; School of Mechanical Engineering, Shanghai Jiao Tong University, Shanghai, P.R. China; School of Mechanical Engineering, Shanghai Jiao Tong University, Shanghai, P.R. China; School of Mechanical Engineering, Shanghai Jiao Tong University, Shanghai, P.R. China; Beijing Institute of Control Engineering, Beijing, P.R. China; School of Mechanical Engineering, Shanghai Jiao Tong University, Shanghai, P.R. China",2023 IEEE/RSJ International Conference on Intelligent Robots and Systems (IROS),"13 Dec 2023","2023","","","9472","9479","Extensive research has been conducted on assessing grasp stability, a crucial prerequisite for achieving optimal grasping strategies, including the minimum force grasping policy. However, existing works employ basic feature-level fusion techniques to combine visual and tactile modalities, resulting in the inadequate utilization of complementary information and the inability to model interactions between unimodal features. This work proposes an attention-guided cross-modality fusion architecture to comprehensively integrate visual and tactile features. This model mainly comprises convolutional neural networks (CNNs), self-attention, and cross-attention mechanisms. In addition, most existing methods collect datasets from real-world systems, which is time-consuming and high-cost, and the datasets collected are comparatively limited in size. This work establishes a robotic grasping system through physics simulation to collect a multimodal dataset. To address the sim-to-real transfer gap, we propose a migration strategy encompassing domain randomization and domain adaptation techniques. The experimental results demonstrate that the proposed fusion framework achieves markedly enhanced prediction performance (approximately 10%) compared to other baselines. Moreover, our findings suggest that the trained model can be reliably transferred to real robotic systems, indicating its potential to address real-world challenges.","2153-0866","978-1-6654-9190-7","10.1109/IROS55552.2023.10342411","China's National Key Research and Development Program(grant numbers:2018AAA0102700); ","https://ieeexplore.ieee.org/stamp/stamp.jsp?arnumber=10342411","","Visualization;Adaptation models;Force;Transfer learning;Grasping;Reinforcement learning;Stability analysis","","12","","36","IEEE","13 Dec 2023","1-5 Oct. 2023","1-5 Oct. 2023","IEEE","IEEE Conferences"
"On-Robot Bayesian Reinforcement Learning for POMDPs","H. Nguyen; S. Katt; Y. Xiao; C. Amato","Khoury College of Computer Sciences, Northeastern University, Boston, MA, USA; Khoury College of Computer Sciences, Northeastern University, Boston, MA, USA; Khoury College of Computer Sciences, Northeastern University, Boston, MA, USA; Khoury College of Computer Sciences, Northeastern University, Boston, MA, USA",2023 IEEE/RSJ International Conference on Intelligent Robots and Systems (IROS),"13 Dec 2023","2023","","","9480","9487","Robot learning is often difficult due to the expense of gathering data. The need for large amounts of data can, and should, be tackled with effective algorithms and leveraging expert information on robot dynamics. Bayesian reinforcement learning (BRL), thanks to its sample efficiency and ability to exploit prior knowledge, is uniquely positioned as such a solution method. Unfortunately, the application of BRL has been limited due to the difficulties of representing expert knowledge as well as solving the subsequent inference problem. This paper advances BRL for robotics by proposing a specialized framework for physical systems. In particular, we capture this knowledge in a factored representation, then demonstrate the posterior factorizes in a similar shape, and ultimately formalize the model in a Bayesian framework. We then introduce a sample-based online solution method, based on Monte-Carlo tree search and particle filtering, specialized to solve the resulting model. This approach can, for example, utilize typical low-level robot simulators and handle uncertainty over unknown dynamics of the environment. We empirically demonstrate its efficiency by performing on-robot learning in two human-robot interaction tasks with uncertainty about human behavior, achieving near-optimal performance after only a handful of real-world episodes. A video of learned policies is at https://youtu.be/H9xp60ngOes.","2153-0866","978-1-6654-9190-7","10.1109/IROS55552.2023.10342114","","https://ieeexplore.ieee.org/stamp/stamp.jsp?arnumber=10342114","","Uncertainty;Monte Carlo methods;Shape;Heuristic algorithms;Reinforcement learning;Robot learning;Bayes methods","","1","","32","IEEE","13 Dec 2023","1-5 Oct. 2023","1-5 Oct. 2023","IEEE","IEEE Conferences"
"A Decision Tree-based Monitoring and Recovery Framework for Autonomous Robots with Decision Uncertainties","R. Peddi; N. Bezzo","Department of Systems and Information Engineering and Electrical and Computer Engineering, University of Virginia, Charlottesville, VA, USA; Department of Systems and Information Engineering and Electrical and Computer Engineering, University of Virginia, Charlottesville, VA, USA",2023 IEEE/RSJ International Conference on Intelligent Robots and Systems (IROS),"13 Dec 2023","2023","","","9722","9728","Autonomous mobile robots (AMR) operating in the real world often need to make critical decisions that directly impact their own safety and the safety of their surroundings. Learning-based approaches for decision making have gained popularity in recent years, since decisions can be made very quickly and with reasonable levels of accuracy for many applications. These approaches, however, typically return only one decision, and if the learner is poorly trained or observations are noisy, the decision may be incorrect. This problem is further exacerbated when the robot is making decisions about its own failures, such as faulty actuators or sensors and external disturbances, when a wrong decision can immediately cause damage to the robot. In this paper, we consider this very case study: a robot dealing with such failures must quickly assess uncertainties and make safe decisions. We propose an uncertainty aware learning-based failure detection and recovery approach, in which we leverage Decision Tree theory along with Model Predictive Control to detect and explain which failure is compromising the system, assess uncertainties associated with the failure, and lastly, find and validate corrective controls to recover the system. Our approach is validated with simulations and real experiments on a faulty unmanned ground vehicle (UGV) navigation case study, demonstrating recovery to safety under uncertainties.","2153-0866","978-1-6654-9190-7","10.1109/IROS55552.2023.10342207","","https://ieeexplore.ieee.org/stamp/stamp.jsp?arnumber=10342207","","Uncertainty;Navigation;Decision making;Robot sensing systems;Safety;Sensors;Decision trees","","4","","24","IEEE","13 Dec 2023","1-5 Oct. 2023","1-5 Oct. 2023","IEEE","IEEE Conferences"
"A Safety Filter for Realizing Safe Robot Navigation in Crowds","K. Feng; Z. Lu; J. Xu; H. Chen; Y. Lou","School of Mechatronics Engineering and Automation, Harbin Institute of Technology Shenzhen, Shenzhen, Guangdong, China; School of Mechatronics Engineering and Automation, Harbin Institute of Technology Shenzhen, Shenzhen, Guangdong, China; School of Mechatronics Engineering and Automation, Harbin Institute of Technology Shenzhen, Shenzhen, Guangdong, China; School of Mechatronics Engineering and Automation, Harbin Institute of Technology Shenzhen, Shenzhen, Guangdong, China; School of Mechatronics Engineering and Automation, Harbin Institute of Technology Shenzhen, Shenzhen, Guangdong, China",2023 IEEE/RSJ International Conference on Intelligent Robots and Systems (IROS),"13 Dec 2023","2023","","","9729","9736","It is challenging to realize the safe navigation of mobile robots in crowds. Most of the previous studies may lead to unsafe robot navigation in crowds, as safety guarantee is lacked. To solve this problem, we devise a safety filter (SF) that enables realization of safe robot navigation in crowds, and provides safety guarantees by verifying whether the optimal action recommended by an unsafe method is safe and, if not, corrects the action. The three main processes performed by the SF applied to given robot are (1) construction of the safe state constraints of the robot using a safe set; (2) construction of the safe action constraints of the robot based on discrete-time generalized velocity obstacles (DGVOs); and (3) determination of a feasible solution of the SF design problem, or, if none can be found, replacement of the above hard constraints with heuristic soft constraints. We used the SF with a reaction-based method and three learning-based methods in simulation experiments of random and non-random crowds, and the results showed that the SF decreases the collision rates and danger rates and thereby increases the success rates of these methods. We also deployed the SF with three learning-based methods on an mr1000 robot in real-world experiments, and the results showed that the SF enabled the robot using learning-based methods to navigate to its goal without colliding with humans.","2153-0866","978-1-6654-9190-7","10.1109/IROS55552.2023.10342054","National Natural Science Foundation of China(grant numbers:U1813224,62173113); ","https://ieeexplore.ieee.org/stamp/stamp.jsp?arnumber=10342054","","Learning systems;Navigation;Safety;Mobile robots;Collision avoidance;Robots;Intelligent robots","","1","","20","IEEE","13 Dec 2023","1-5 Oct. 2023","1-5 Oct. 2023","IEEE","IEEE Conferences"
"Learning Open-Loop Saccadic Control of a 3D Biomimetic Eye Using the Actor-Critic Algorithm","H. Granado; R. J. Alitappeh; A. John; A. J. Van Opstal; A. Bernardino","ISR, Instituto Superior Técnico Lisboa, Portugal; Univ. of Science and Technology of Mazandaran, Iran; ISR, Instituto Superior Técnico Lisboa, Portugal; Neurophysics Section, DCN, Radboud University, Netherlands; ISR, Instituto Superior Técnico Lisboa, Portugal",2023 IEEE/RSJ International Conference on Intelligent Robots and Systems (IROS),"13 Dec 2023","2023","","","9832","9838","The application of reinforcement learning algorithms to robotics has increased over the last decade, especially for the control of robots with non-linear dynamics and a redundant number of degrees of freedom using classic control techniques. Here we study the control of a biomimetic robotic eye with three extraocular muscle pairs as a prime example. Using an actor-critic algorithm, this paper aims to link reinforcement learning to this control problem, and create a framework that will learn the open-loop control of saccadic movements of the robotic eye. The basis for the implemented control is inspired by the primate physiological pulsed control signal, which is generated, integrated and sent to the appropriate muscles to perform the saccade. The metric that evaluates the saccadic output is also inspired by the primate oculomotor system and is used to shape the reward function. This methodology was applied to a simplified 3D physical model of the human eye as a proof of concept. The algorithm managed to learn a saccadic control strategy in 3D. The trajectories obtained, have similar non-linear dynamics as those recorded in humans and their 3D rotational kinematics are constrained by Listing's law.","2153-0866","978-1-6654-9190-7","10.1109/IROS55552.2023.10341913","","https://ieeexplore.ieee.org/stamp/stamp.jsp?arnumber=10341913","","Measurement;Weight measurement;Solid modeling;Three-dimensional displays;Heuristic algorithms;Biomimetics;Biological system modeling","","2","","20","IEEE","13 Dec 2023","1-5 Oct. 2023","1-5 Oct. 2023","IEEE","IEEE Conferences"
"Robot Learning to Mop Like Humans Using Video Demonstrations","S. Gaurav; A. Crookes; D. Hoying; V. Narayanaswamy; H. Venkataraman; M. Barker; V. Vasudevan; B. Ziebart","Procter & Gamble, United States; Procter & Gamble, United States; Procter & Gamble, United States; Department of Computer Science, University of Illinois at Chicago, Chicago, IL; Department of Computer Science, University of Illinois at Chicago, Chicago, IL; Procter & Gamble, United States; Procter & Gamble, United States; Department of Computer Science, University of Illinois at Chicago, Chicago, IL",2023 IEEE/RSJ International Conference on Intelligent Robots and Systems (IROS),"13 Dec 2023","2023","","","9947","9954","Though mopping the floor is a mundane and tedious daily task, enabling robots to perform it comparably to humans remains a challenge. Hand-coding desired mopping behaviors for variable surfaces and situations is particularly difficult. In this paper, we develop a robotic system for mopping the floor by mimicking the human behavior demonstrated in videos. Our baseline robotic system uses traditional computer vision techniques for tracking and inverse kinematics. Our proposed robot mop learning system comprises advanced computer vision techniques, Time Contrastive Network (TCN), and reinforcement learning. Using these, we devise a reward function for the mopping task. We use a Universal 10e robotic arm attached to a mop to perform the mopping task and a first-person camera attached on top of the robotic arm to provide feedback for robotic learning. We evaluate our proposed robot mop learning system's imitative similarity using optical flow, distance in mop location, and force applied to the floor, as well as cleaning efficiency using a white glove method.","2153-0866","978-1-6654-9190-7","10.1109/IROS55552.2023.10342231","Procter & Gamble; ","https://ieeexplore.ieee.org/stamp/stamp.jsp?arnumber=10342231","","Computer vision;Robot vision systems;Reinforcement learning;Manipulators;Robot learning;Behavioral sciences;Task analysis","","3","","50","IEEE","13 Dec 2023","1-5 Oct. 2023","1-5 Oct. 2023","IEEE","IEEE Conferences"
"Constrained Reinforcement Learning and Formal Verification for Safe Colonoscopy Navigation","D. Corsi; L. Marzari; A. Pore; A. Farinelli; A. Casals; P. Fiorini; D. Dall'Alba","Department of Computer Science, University of Verona, Italy; Department of Computer Science, University of Verona, Italy; Department of Computer Science, University of Verona, Italy; Department of Computer Science, University of Verona, Italy; Research Centre for Biomedical Engineering (CREB), Technical University of Catalonia (UPC), Spain; Department of Computer Science, University of Verona, Italy; Department of Computer Science, University of Verona, Italy",2023 IEEE/RSJ International Conference on Intelligent Robots and Systems (IROS),"13 Dec 2023","2023","","","10289","10294","The field of robotic Flexible Endoscopes (FEs) has progressed significantly, offering a promising solution to reduce patient discomfort. However, the limited autonomy of most robotic FEs results in non-intuitive and challenging manoeuvres, constraining their application in clinical settings. While previous studies have employed lumen tracking for autonomous navigation, they fail to adapt to the presence of obstructions and sharp turns when the endoscope faces the colon wall. In this work, we propose a Deep Reinforcement Learning (DRL)-based navigation strategy that eliminates the need for lumen tracking. However, the use of DRL methods poses safety risks as they do not account for potential hazards associated with the actions taken. To ensure safety, we exploit a Constrained Reinforcement Learning (CRL) method to restrict the policy in a predefined safety regime. Moreover, we present a model selection strategy that utilises Formal Verification (FV) to choose a policy that is entirely safe before deployment. We validate our approach in a virtual colonoscopy environment and report that out of the 300 trained policies, we could identify three policies that are entirely safe. Our work demonstrates that CRL, combined with model selection through FV, can improve the robustness and safety of robotic behaviour in surgical applications.","2153-0866","978-1-6654-9190-7","10.1109/IROS55552.2023.10341789","","https://ieeexplore.ieee.org/stamp/stamp.jsp?arnumber=10341789","","Virtual colonoscopy;Navigation;Endoscopes;Reinforcement learning;Lumen;Iron;Safety","","8","","22","IEEE","13 Dec 2023","1-5 Oct. 2023","1-5 Oct. 2023","IEEE","IEEE Conferences"
"Learning Joint Space Reference Manifold for Reliable Physical Assistance","A. Razmjoo; T. Brecelj; K. Savevska; A. Ude; T. Petrič; S. Calinon","Idiap Research Institute, CH; Jožef Stefan Institute, SI; Jožef Stefan Institute, SI; Jožef Stefan Institute, SI; Jožef Stefan Institute, SI; Idiap Research Institute, CH",2023 IEEE/RSJ International Conference on Intelligent Robots and Systems (IROS),"13 Dec 2023","2023","","","10412","10417","This paper presents a study on the use of the Talos humanoid robot for performing assistive sit-to-stand or stand-to-sit tasks. In such tasks, the human exerts a large amount of force (100–200 N) within a very short time (2–8 s), posing significant challenges in terms of human unpredictability and robot stability control. To address these challenges, we propose an approach for finding a spatial reference for the robot, which allows the robot to move according to the force exerted by the human and control its stability during the task. Specifically, we focus on the problem of finding a 1D manifold for the robot, while assuming a simple controller to guide its movement on this manifold. To achieve this, we use a functional representation to parameterize the manifold and solve an optimization problem that takes into account the robot's stability and the unpredictability of human behavior. We demonstrate the effectiveness of our approach through simulations and experiments with the Talos robot, showing robustness and adaptability.","2153-0866","978-1-6654-9190-7","10.1109/IROS55552.2023.10342173","","https://ieeexplore.ieee.org/stamp/stamp.jsp?arnumber=10342173","","Manifolds;Uncertainty;Robot kinematics;Force;Redundancy;Stability analysis;Robustness","","1","","20","IEEE","13 Dec 2023","1-5 Oct. 2023","1-5 Oct. 2023","IEEE","IEEE Conferences"
"evoBOT – Design and Learning-Based Control of a Two-Wheeled Compound Inverted Pendulum Robot","P. Klokowski; J. Eßer; N. Gramse; B. Pschera; M. Plitt; F. Feldmeier; S. Bajpai; C. Jestel; N. Bach; O. Urbann; S. Kerner","Department IoT and Embedded Systems, Fraunhofer IML, Germany; Department AI and Autonomous Systems, Fraunhofer IML, Germany; Department IoT and Embedded Systems, Fraunhofer IML, Germany; Department IoT and Embedded Systems, Fraunhofer IML, Germany; Department IoT and Embedded Systems, Fraunhofer IML, Germany; Department AI and Autonomous Systems, Fraunhofer IML, Germany; Department AI and Autonomous Systems, Fraunhofer IML, Germany; Department AI and Autonomous Systems, Fraunhofer IML, Germany; Department AI and Autonomous Systems, Fraunhofer IML, Germany; Department AI and Autonomous Systems, Fraunhofer IML, Germany; Department AI and Autonomous Systems, Fraunhofer IML, Germany",2023 IEEE/RSJ International Conference on Intelligent Robots and Systems (IROS),"13 Dec 2023","2023","","","10425","10432","This paper introduces evoBOT, a novel robot platform for research on highly dynamic locomotion and human-machine interaction. evoBOT is capable of performing complex tasks such as handovers or manipulation while moving at high speeds. We provide an overview of the robot's core features and the underlying design decisions on both the mechanical and the electronic level. Moreover, we propose a reinforcement learning (RL) based control approach for training highly dynamic motions that is evaluated on a first set of robotic tasks, including robust balancing and dynamic locomotion. Lastly, we conduct extensive benchmarking on the adopted sim-to-real methods and present an initial sim-to-real pipeline for first transfer of the trained policies to the real robot. To accelerate robotics research in this direction, the full simulation model of the robot is released as open-source.","2153-0866","978-1-6654-9190-7","10.1109/IROS55552.2023.10342128","","https://ieeexplore.ieee.org/stamp/stamp.jsp?arnumber=10342128","","Training;Dynamics;Pipelines;Neural networks;Reinforcement learning;Robot sensing systems;Task analysis","","14","","35","IEEE","13 Dec 2023","1-5 Oct. 2023","1-5 Oct. 2023","IEEE","IEEE Conferences"
"Next-Best-View Selection from Observation Viewpoint Statistics","S. Aravecchia; A. Richard; M. Clausel; C. Pradalier","IRL2958 GT-CNRS, Metz, France; University of Luxembourg, Luxembourg; Université de Lorraine, Nancy, France; IRL2958 GT-CNRS, Metz, France",2023 IEEE/RSJ International Conference on Intelligent Robots and Systems (IROS),"13 Dec 2023","2023","","","10505","10510","This paper discusses the problem of autonomously constructing a qualitative map of an unknown 3D environment using a 3D-Lidar. In this case, how can we effectively integrate the quality of the 3D-reconstruction into the selection of the Next-Best-View? Here, we address the challenge of estimating the quality of the currently reconstructed map in order to guide the exploration policy, in the absence of ground truth, which is typically the case in exploration scenarios. Our key contribution is a method to build a prior on the quality of the reconstruction from the data itself. Indeed, we not only prove that this quality depends on statistics from the observation viewpoints, but we also demonstrate that we can enhance the quality of the reconstruction by leveraging these statistics during the exploration. To do so, we propose to integrate them into Next-Best-View selection policies, in which the information gain is directly computed based on these statistics. Finally, we demonstrate the robustness of our approach, even in challenging environments, with noise in the robot localization, and we further validate it through a real-world experiment.","2153-0866","978-1-6654-9190-7","10.1109/IROS55552.2023.10341982","","https://ieeexplore.ieee.org/stamp/stamp.jsp?arnumber=10341982","","Deep learning;Three-dimensional displays;Statistical analysis;Buildings;Reinforcement learning;Robustness;Robot localization","","","","15","IEEE","13 Dec 2023","1-5 Oct. 2023","1-5 Oct. 2023","IEEE","IEEE Conferences"
"Learned Parameter Selection for Robotic Information Gathering","C. E. Denniston; G. Salhotra; A. Kangaslahti; D. A. Caron; G. S. Sukhatme",University of Southern California; University of Southern California; USC; University of Southern California; University of Southern California,2023 IEEE/RSJ International Conference on Intelligent Robots and Systems (IROS),"13 Dec 2023","2023","","","10519","10526","When robots are deployed in the field for environmental monitoring they typically execute pre-programmed motions, such as lawnmower paths, instead of adaptive methods, such as informative path planning. One reason for this is that adaptive methods are dependent on parameter choices that are both critical to set correctly and difficult for the non-specialist to choose. Here, we show how to automatically configure a planner for informative path planning by training a reinforcement learning agent to select planner parameters at each iteration of informative path planning. We demonstrate our method with 37 instances of 3 distinct environments, and compare it against pure (end-to-end) reinforcement learning techniques, as well as approaches that do not use a learned model to change the planner parameters. Our method shows a 9.53% mean improvement in the cumulative reward across diverse environments when compared to end-to-end learning based methods; we also demonstrate via a field experiment how it can be readily used to facilitate high performance deployment of an information gathering robot.","2153-0866","978-1-6654-9190-7","10.1109/IROS55552.2023.10342080","California State Water Resources Control Board(grant numbers:19-003-150); ","https://ieeexplore.ieee.org/stamp/stamp.jsp?arnumber=10342080","","Training;Learning systems;Reinforcement learning;Trajectory;Environmental monitoring;Intelligent robots","","1","","41","IEEE","13 Dec 2023","1-5 Oct. 2023","1-5 Oct. 2023","IEEE","IEEE Conferences"
"SDF-Pack: Towards Compact Bin Packing with Signed-Distance-Field Minimization","J. -H. Pan; K. -H. Hui; X. Gao; S. Zhu; Y. -H. Liu; P. -A. Heng; C. -W. Fu","Department of Computer Science and Engineering, The Chinese University of Hong Kong; Department of Computer Science and Engineering, The Chinese University of Hong Kong; Department of Computer Science and Engineering, The Chinese University of Hong Kong; Hong Kong Centre for Logistics Robotics; Department of Mechanical and Automation Engineering, The Chinese University of Hong Kong; Department of Computer Science and Engineering, The Chinese University of Hong Kong; Department of Computer Science and Engineering, The Chinese University of Hong Kong",2023 IEEE/RSJ International Conference on Intelligent Robots and Systems (IROS),"13 Dec 2023","2023","","","10612","10619","Robotic bin packing is very challenging, especially when considering practical needs such as object variety and packing compactness. This paper presents SDF-Pack, a new approach based on signed distance field (SDF) to model the geometric condition of objects in a container and compute the object placement locations and packing orders for achieving a more compact bin packing. Our method adopts a truncated SDF representation to localize the computation, and based on it, we formulate the SDF -minimization heuristic to find optimized placements to compactly pack objects with the existing ones. To further improve space utilization, if the packing sequence is controllable, our method can suggest which object to be packed next. Experimental results on a large variety of everyday objects show that our method can consistently achieve higher packing compactness over 1,000 packing cases, enabling us to pack more objects into the container, compared with the existing heuristics under various packing settings. The code is publicly available at: https://github.com/kwpoon/SDF-Pack.","2153-0866","978-1-6654-9190-7","10.1109/IROS55552.2023.10341940","","https://ieeexplore.ieee.org/stamp/stamp.jsp?arnumber=10341940","","Codes;Computational modeling;Reinforcement learning;Containers;Aerospace electronics;Minimization;Robustness","","10","","30","IEEE","13 Dec 2023","1-5 Oct. 2023","1-5 Oct. 2023","IEEE","IEEE Conferences"
"Pre-and Post-Contact Policy Decomposition for Non-Prehensile Manipulation with Zero-Shot Sim-To-Real Transfer","M. Kim; J. Han; J. Kim; B. Kim",Kim Jaechul Graduate School of AI at KAIST; Kim Jaechul Graduate School of AI at KAIST; Kim Jaechul Graduate School of AI at KAIST; Kim Jaechul Graduate School of AI at KAIST,2023 IEEE/RSJ International Conference on Intelligent Robots and Systems (IROS),"13 Dec 2023","2023","","","10644","10651","We present a system for non-prehensile manipulation that require a significant number of contact mode transitions and the use of environmental contacts to successfully manipulate an object to a target location. Our method is based on deep reinforcement learning which, unlike state-of-the-art planning algorithms, does not require apriori knowledge of the physical parameters of the object or environment such as friction coefficients or centers of mass. The planning time is reduced to the simple feed-forward prediction time on a neural network. We propose a computational structure, action space design, and curriculum learning scheme that facilitates efficient exploration and sim-to-real transfer. In challenging real-world non-prehensile manipulation tasks, we show that our method can generalize over different objects, and succeed even for novel objects not seen during training. Project website: https://sites.google.com/view/nonprenehsile-decomposition","2153-0866","978-1-6654-9190-7","10.1109/IROS55552.2023.10341657","","https://ieeexplore.ieee.org/stamp/stamp.jsp?arnumber=10341657","","Training;Deep learning;Friction;Neural networks;Reinforcement learning;Prediction algorithms;Planning","","11","","38","IEEE","13 Dec 2023","1-5 Oct. 2023","1-5 Oct. 2023","IEEE","IEEE Conferences"
"Lunar Excavator Mission Operations Using Dynamic Movement Primitives","J. M. Cloud; M. Q. Tram; W. J. Beksi; M. A. DuPuis","Advanced Engineering Development Branch, NE-L6, NASA John F. Kennedy Space Center, Kennedy Space Center, FL, USA; Advanced Engineering Development Branch, NE-L6, NASA John F. Kennedy Space Center, Kennedy Space Center, FL, USA; Department of Computer Science and Engineering, The Univer-sity of Texas at Arlington, Arlington, TX, USA; Advanced Engineering Development Branch, NE-L6, NASA John F. Kennedy Space Center, Kennedy Space Center, FL, USA",2023 IEEE/RSJ International Conference on Intelligent Robots and Systems (IROS),"13 Dec 2023","2023","","","10708","10715","To support sustainable infrastructure on the Moon, NASA must leverage robots to extract lunar resources for in-situ processing and construction. As part of this effort, NASA is launching the in-situ resource utilization (ISRU) Pilot Excavator later this decade to validate a robotic regolith excavator based on the Regolith Advanced Surface Systems Operations Robot (RASSOR). RASSOR is designed to extract and transport regolith to meet the needs of ISRU architectures. During its mission, Pilot Excavator will be tasked with driving in test patterns to demonstrate the operational concept. One possible test pattern is a circular trajectory around the lander while avoiding surface hazards such as lunar rocks. To this end, we utilize dynamic movement primitives to represent navigation sequences as primitive trajectories. We introduce a novel obstacle avoidance parameter, which is configured to avoid rocks throughout testing exercises. We demonstrate the effectiveness our method in a newly developed simulation tool called the Simulated Excavation Environment for Lunar Operations (SEELO) using models based on the NASA RASSOR 2.0 excavator. Our results show that the robot is able to safety and robustly navigate the lunar surface with densely populated rock obstacles while retaining the desired circle pattern behavior.","2153-0866","978-1-6654-9190-7","10.1109/IROS55552.2023.10342005","","https://ieeexplore.ieee.org/stamp/stamp.jsp?arnumber=10342005","Space Robotics and Automation;Learning from Demonstration;Mining Robots","Navigation;Moon;NASA;Excavation;Rocks;Trajectory;Behavioral sciences","","4","","42","IEEE","13 Dec 2023","1-5 Oct. 2023","1-5 Oct. 2023","IEEE","IEEE Conferences"
"Attention for Robot Touch: Tactile Saliency Prediction for Robust Sim-to-Real Tactile Control","Y. Lin; M. Comi; A. Church; D. Zhang; N. F. Lepora","Department of Engineering Mathematics, Bristol Robotics Laboratory, University of Bristol, Bristol, U.K.; Department of Engineering Mathematics, Bristol Robotics Laboratory, University of Bristol, Bristol, U.K.; Department of Engineering Mathematics, Bristol Robotics Laboratory, University of Bristol, Bristol, U.K.; Department of Engineering Mathematics, Bristol Robotics Laboratory, University of Bristol, Bristol, U.K.; Department of Engineering Mathematics, Bristol Robotics Laboratory, University of Bristol, Bristol, U.K.",2023 IEEE/RSJ International Conference on Intelligent Robots and Systems (IROS),"13 Dec 2023","2023","","","10806","10812","High-resolution tactile sensing can provide accurate information about local contact in contact-rich robotic tasks. However, the deployment of such tasks in unstructured environments remains under-investigated. To improve the robustness of tactile robot control in unstructured environments, we propose and study a new concept: tactile saliency for robot touch, inspired by the human touch attention mechanism from neuroscience and the visual saliency prediction problem from computer vision. In analogy to visual saliency, this concept involves identifying key information in tactile images captured by a tactile sensor. While visual saliency datasets are commonly annotated by humans, manually labelling tactile images is challenging due to their counterintuitive patterns. To address this challenge, we propose a novel approach comprised of three interrelated networks: 1) a Contact Depth Network (ConDepNet), which generates a contact depth map to localize deformation in a real tactile image that contains target and noise features; 2) a Tactile Saliency Network (TacSalNet), which predicts a tactile saliency map to describe the target areas for an input contact depth map; 3) and a Tactile Noise Generator (TacNGen), which generates noise features to train the TacSalNet. Experimental results in contact pose estimation and edge-following in the presence of distractors showcase the accurate prediction of target features from real tactile images. Overall, our tactile saliency prediction approach gives robust sim-to-real tactile control in environments with unknown distractors. Project page: https://sites.google.com/view/tactile-saliency/.","2153-0866","978-1-6654-9190-7","10.1109/IROS55552.2023.10341888","","https://ieeexplore.ieee.org/stamp/stamp.jsp?arnumber=10341888","","Visualization;Neuroscience;Robot control;Pose estimation;Tactile sensors;Robustness;Sensors","","4","","24","IEEE","13 Dec 2023","1-5 Oct. 2023","1-5 Oct. 2023","IEEE","IEEE Conferences"
"Sequential Neural Barriers for Scalable Dynamic Obstacle Avoidance","H. Yu; C. Hirayama; C. Yu; S. Herbert; S. Gao",NA; NA; NA; NA; NA,2023 IEEE/RSJ International Conference on Intelligent Robots and Systems (IROS),"13 Dec 2023","2023","","","11241","11248","There are two major challenges for scaling up robot navigation around dynamic obstacles: the complex interaction dynamics of the obstacles can be hard to model analytically, and the complexity of planning and control grows exponentially in the number of obstacles. Data-driven and learning-based methods are thus particularly valuable in this context. However, data-driven methods are sensitive to distribution drift, making it hard to train and generalize learned models across different obstacle densities. We propose a novel method for compositional learning of Sequential Neural Control Barrier models (SN-CBFs) to achieve scalability. Our approach exploits an important observation: the spatial interaction patterns of multiple dynamic obstacles can be decomposed and predicted through temporal sequences of states for each obstacle. Through decomposition, we can generalize control policies trained only with a small number of obstacles, to environments where the obstacle density can be 100x higher. We demonstrate the benefits of the proposed methods in improving dynamic collision avoidance in comparison with existing methods including potential fields, end-to-end reinforcement learning, and model-predictive control. We also perform hardware experiments and show the practical effectiveness of the approach in the supplementary video.","2153-0866","978-1-6654-9190-7","10.1109/IROS55552.2023.10341605","","https://ieeexplore.ieee.org/stamp/stamp.jsp?arnumber=10341605","","Training;Scalability;Robot control;Reinforcement learning;Predictive models;Robot sensing systems;Probabilistic logic","","15","","49","IEEE","13 Dec 2023","1-5 Oct. 2023","1-5 Oct. 2023","IEEE","IEEE Conferences"
"Arena-Rosnav 2.0: A Development and Benchmarking Platform for Robot Navigation in Highly Dynamic Environments","L. Kästner; R. Carstens; H. Zeng; J. Kmiecik; T. Bhuiyan; N. Khorsandhi; V. Shcherbyna; J. Lambrecht","The Chair of Industry Grade Networks and Clouds, Technical University Berlin (TUB), Germany; The Chair of Industry Grade Networks and Clouds, Technical University Berlin (TUB), Germany; The Chair of Robotics, Artificial Intelligence and Real-time Systems, Technical University Munich (TUM), Germany; The Chair of Industry Grade Networks and Clouds, Technical University Berlin (TUB), Germany; The Chair of Industry Grade Networks and Clouds, Technical University Berlin (TUB), Germany; The Chair of Industry Grade Networks and Clouds, Technical University Berlin (TUB), Germany; The Chair of Industry Grade Networks and Clouds, Technical University Berlin (TUB), Germany; The Chair of Industry Grade Networks and Clouds, Technical University Berlin (TUB), Germany",2023 IEEE/RSJ International Conference on Intelligent Robots and Systems (IROS),"13 Dec 2023","2023","","","11257","11264","Following up on our previous works, in this paper, we present Arena-Rosnav 2.0 an extension to our previous works Arena-Bench [1] and Arena-Rosnav [2], which adds a variety of additional modules for developing and benchmarking robotic navigation approaches. The platform is fundamentally restructured and provides unified APIs to add additional functionalities such as planning algorithms, simulators, or evaluation functionalities. We have included more realistic simulation and pedestrian behavior and provide a profound documentation to lower the entry barrier. We evaluated our system by first, conducting a user study in which we asked experienced researchers as well as new practitioners and students to test our system. The feedback was mostly positive and a high number of participants are utilizing our system for other research endeavors. Finally, we demonstrate the feasibility of our system by integrating two new simulators and a variety of state of the art navigation approaches and benchmark them against one another. The platform is openly available at https://github.com/Arena-Rosnav.","2153-0866","978-1-6654-9190-7","10.1109/IROS55552.2023.10342152","","https://ieeexplore.ieee.org/stamp/stamp.jsp?arnumber=10342152","","Training;Navigation;Documentation;Tutorials;Benchmark testing;User interfaces;Robot sensing systems","","10","","34","IEEE","13 Dec 2023","1-5 Oct. 2023","1-5 Oct. 2023","IEEE","IEEE Conferences"
"Data-Efficient Policy Selection for Navigation in Partial Maps via Subgoal-Based Abstraction","A. Paudel; G. J. Stein","Department of Computer Science, George Mason University, Fairfax, Virginia, USA; Department of Computer Science, George Mason University, Fairfax, Virginia, USA",2023 IEEE/RSJ International Conference on Intelligent Robots and Systems (IROS),"13 Dec 2023","2023","","","11281","11288","We present a novel approach for fast and reliable policy selection for navigation in partial maps. Leveraging the recent learning-augmented model-based Learning over Subgoals Planning (LSP) abstraction to plan, our robot reuses data collected during navigation to evaluate how well other alternative policies could have performed via a procedure we call offline all-policy replay. Costs from offline alt-policy replay constrain policy selection among the LSP-based policies during deployment, allowing for improvements in convergence speed, cumulative regret and average navigation cost. With only lim-ited prior knowledge about the nature of unseen environments, we achieve at least 67% and as much as 96% improvements on cumulative regret over the baseline bandit approach in our experiments in simulated maze and office-like environments.","2153-0866","978-1-6654-9190-7","10.1109/IROS55552.2023.10342047","National Science Foundation(grant numbers:2232733); ","https://ieeexplore.ieee.org/stamp/stamp.jsp?arnumber=10342047","","Costs;Navigation;Data models;Planning;Reliability;Intelligent robots;Convergence","","1","","35","IEEE","13 Dec 2023","1-5 Oct. 2023","1-5 Oct. 2023","IEEE","IEEE Conferences"
"Accelerating Reinforcement Learning for Autonomous Driving Using Task-Agnostic and Ego-Centric Motion Skills","T. Zhou; L. Wang; R. Chen; W. Wang; Y. Liu","SenseTime Research, Beijing, China; University of Toronto, Toronto, ON, CA; SenseTime Research, Beijing, China; California PATH, UC Berkeley, CA, USA; SenseTime Research, Beijing, China",2023 IEEE/RSJ International Conference on Intelligent Robots and Systems (IROS),"13 Dec 2023","2023","","","11289","11296","Efficient and effective exploration in continuous space is a central problem in applying reinforcement learning (RL) to autonomous driving. Skills learned from expert demonstrations or designed for specific tasks can benefit the exploration, but they are usually costly-collected, unbalanced/suboptimal, or failing to transfer to diverse tasks. However, human drivers can adapt to varied driving tasks without demonstrations by taking efficient and structural explorations in the entire skill space rather than a limited space with task-specific skills. Inspired by the above fact, we propose an RL algorithm exploring all feasible motion skills instead of a limited set of task-specific and object-centric skills. Without demonstrations, our method can still perform well in diverse tasks. First, we build a task-agnostic and ego-centric (TaEc) motion skill library in a pure motion perspective, which is diverse enough to be reusable in different complex tasks. The motion skills are then encoded into a low-dimension latent skill space, in which RL can do exploration efficiently. Validations in various challenging driving scenarios demonstrate that our proposed method, TaEc-RL, outperforms its counterparts significantly in learning efficiency and task performance.","2153-0866","978-1-6654-9190-7","10.1109/IROS55552.2023.10341449","","https://ieeexplore.ieee.org/stamp/stamp.jsp?arnumber=10341449","","Visualization;Roads;Reinforcement learning;Color;Libraries;Space exploration;Task analysis","","12","","42","IEEE","13 Dec 2023","1-5 Oct. 2023","1-5 Oct. 2023","IEEE","IEEE Conferences"
"ITIRRT: A Decoupled Framework for the Integration of Machine Learning Into Path Planning","T. Barbie; S. Mukai","OMRON Corporation, Kyoto, Japan; OMRON Corporation, Kyoto, Japan",2023 IEEE/RSJ International Conference on Intelligent Robots and Systems (IROS),"13 Dec 2023","2023","","","11313","11320","Machine learning models have been successfully applied in many separate domains in the recent years. Yet, there is still a large disconnect with the path planning community mainly due to implementation difficulty. In this paper, we identify the issues and present a path planning framework that aims to ease the integration of machine learning models. The framework is divided into two phases: prediction and planning. During the prediction phase machine learning models are used to predict a path solution which, while not perfect, is enough to jump-start our proposed planner. The planning phase begins with the initialization of multiple independent tree data structures and, during execution, our planner merges the different trees until a path is found. Due to the architecture of our framework, the prediction and the planning phases are totally decoupled, resulting in a planner that treats the information given by the prediction model as a guess and not as a path to be corrected. This also allows our planner to maintain its probabilistic completeness. Our planner was evaluated on simulated environments and on a small robotic arm. We show that our planner can successfully leverage predicted paths to significantly improve the planning performances. We also demonstrate the flexibility of our framework by integrating multiple machine learning models of varying complexity.","2153-0866","978-1-6654-9190-7","10.1109/IROS55552.2023.10341747","","https://ieeexplore.ieee.org/stamp/stamp.jsp?arnumber=10341747","","Tree data structures;Computational modeling;Machine learning;Computer architecture;Predictive models;Probabilistic logic;Manipulators","","1","","37","IEEE","13 Dec 2023","1-5 Oct. 2023","1-5 Oct. 2023","IEEE","IEEE Conferences"
"Navigation Among Movable Obstacles Using Machine Learning Based Total Time Cost Optimization","K. Zhang; E. Lucet; J. A. dit Sandretto; D. Filliat","List, CEA, Université Paris-Saclay, Palaiseau, France; List, CEA, Université Paris-Saclay, Palaiseau, France; U2IS, ENSTA Paris, Institut Polytechnique de Paris, Palaiseau, France; U2IS, ENSTA Paris, Institut Polytechnique de Paris, Palaiseau, France",2023 IEEE/RSJ International Conference on Intelligent Robots and Systems (IROS),"13 Dec 2023","2023","","","11321","11327","Most navigation approaches treat obstacles as static objects and choose to bypass them. However, the detour could be costly or could lead to failures in indoor environments. The recently developed navigation among movable obstacles (NAMO) methods prefer to remove all the movable obstacles blocking the way, which might be not the best choice when planning and moving obstacles takes a long time. We propose a pipeline where the robot solves the NAMO problems by optimizing the total time to reach the goal. This is achieved by a supervised learning approach that can predict the time of planning and performing obstacle motion before actually doing it if this leads to faster goal reaching. Besides, a pose generator based on reinforcement learning is proposed to decide where the robot can move the obstacle. The method is evaluated in two kinds of simulation environments and the results demonstrate its advantages compared to the classical bypass and obstacle removal strategies.","2153-0866","978-1-6654-9190-7","10.1109/IROS55552.2023.10341355","","https://ieeexplore.ieee.org/stamp/stamp.jsp?arnumber=10341355","","Costs;Navigation;Supervised learning;Pipelines;Reinforcement learning;Generators;Planning","","1","","18","IEEE","13 Dec 2023","1-5 Oct. 2023","1-5 Oct. 2023","IEEE","IEEE Conferences"
"NaviSTAR: Socially Aware Robot Navigation with Hybrid Spatio-Temporal Graph Transformer and Preference Learning","W. Wang; R. Wang; L. Mao; B. -C. Min","Department of Computer and Information Technology, SMART Laboratory, Purdue University, West Lafayette, IN, USA; Department of Computer and Information Technology, SMART Laboratory, Purdue University, West Lafayette, IN, USA; College of Mechanical and Electrical Engineering, Beijing University of Chemical Technology, Beijing, China; Department of Computer and Information Technology, SMART Laboratory, Purdue University, West Lafayette, IN, USA",2023 IEEE/RSJ International Conference on Intelligent Robots and Systems (IROS),"13 Dec 2023","2023","","","11348","11355","Developing robotic technologies for use in human society requires ensuring the safety of robots' navigation behaviors while adhering to pedestrians' expectations and social norms. However, understanding complex human-robot interactions (HRI) to infer potential cooperation and response among robots and pedestrians for cooperative collision avoid-ance is challenging. To address these challenges, we propose a novel socially-aware navigation benchmark called NaviS Tar, which utilizes a hybrid Spatio- Temporal grAph tRansformer to understand interactions in human-rich environments fusing crowd multi-modal dynamic features. We leverage an off-policy reinforcement learning algorithm with preference learning to train a policy and a reward function network with supervi-sor guidance. Additionally, we design a social score function to evaluate the overall performance of social navigation. To compare, we train and test our algorithm with other state-of-the-art methods in both simulator and real-world scenarios independently. Our results show that NaviSTAR outperforms previous methods with outstanding performance11The source code and experiment videos of this work are available at: https://sites.google.com/view/san-navistar","2153-0866","978-1-6654-9190-7","10.1109/IROS55552.2023.10341395","","https://ieeexplore.ieee.org/stamp/stamp.jsp?arnumber=10341395","","Training;Pedestrians;Navigation;Heuristic algorithms;Source coding;Human-robot interaction;Transformers","","20","","27","IEEE","13 Dec 2023","1-5 Oct. 2023","1-5 Oct. 2023","IEEE","IEEE Conferences"
"PTDRL: Parameter Tuning Using Deep Reinforcement Learning","E. Goldsztejn; T. Feiner; R. Brafman","Department of Computer Science, Ben Gurion University; Elbit Systems; Department of Computer Science, Ben Gurion University",2023 IEEE/RSJ International Conference on Intelligent Robots and Systems (IROS),"13 Dec 2023","2023","","","11356","11362","A variety of autonomous navigation algorithms exist that allow robots to move around in a safe and fast manner. Many of these algorithms require parameter re-tuning when facing new environments. In this paper, we propose PTDRL, a parameter-tuning strategy that adaptively selects from a fixed set of parameters those that maximize the expected reward for a given navigation system. Our learning strategy can be used for different environments, different platforms, and different user preferences. Specifically, we attend to the problem of social navigation in indoor spaces, using a classical motion planning algorithm as our navigation system and training its parameters to optimize its behavior. Experimental results show that PTDRL can outperform other online parameter-tuning strategies.","2153-0866","978-1-6654-9190-7","10.1109/IROS55552.2023.10342140","","https://ieeexplore.ieee.org/stamp/stamp.jsp?arnumber=10342140","","Training;Deep learning;Navigation;Reinforcement learning;Planning;Behavioral sciences;Tuning","","4","","28","IEEE","13 Dec 2023","1-5 Oct. 2023","1-5 Oct. 2023","IEEE","IEEE Conferences"
"Generating Scenarios from High-Level Specifications for Object Rearrangement Tasks","S. van Waveren; C. Pek; I. Leite; J. Tumova; D. Kragic","School of Interactive Computing, Georgia Institute of Technology, Atlanta, GA, USA; Department of Cognitive Robotics, Delft University of Technology, Delft, the Netherlands; Division of Robotics, Perception, and Learning, KTH Royal Institute of Technology, Stockholm, Sweden; Division of Robotics, Perception, and Learning, KTH Royal Institute of Technology, Stockholm, Sweden; Division of Robotics, Perception, and Learning, KTH Royal Institute of Technology, Stockholm, Sweden",2023 IEEE/RSJ International Conference on Intelligent Robots and Systems (IROS),"13 Dec 2023","2023","","","11420","11427","Rearranging objects is an essential skill for robots. To quickly teach robots new rearrangements tasks, we would like to generate training scenarios from high-level specifications that define the relative placement of objects for the task at hand. Ideally, to guide the robot's learning we also want to be able to rank these scenarios according to their difficulty. Prior work has shown how generating diverse scenario from specifications and providing the robot with easy-to-difficult samples can improve the learning. Yet, existing scenario generation methods typically cannot generate diverse scenarios while controlling their difficulty. We address this challenge by conditioning generative models on spatial logic specifications to generate spatially-structured scenarios that meet the specification and desired difficulty level. Our experiments showed that generative models are more effective and data-efficient than rejection sam-pling and that the spatially-structured scenarios can drastically improve training of downstream tasks by orders of magnitude.","2153-0866","978-1-6654-9190-7","10.1109/IROS55552.2023.10341369","Swedish Foundation for Strategic Research (SSF)(grant numbers:FFL18-0199); ","https://ieeexplore.ieee.org/stamp/stamp.jsp?arnumber=10341369","","Training;Computational modeling;Semantics;Reinforcement learning;Robot learning;Scenario generation;Task analysis","","2","","58","IEEE","13 Dec 2023","1-5 Oct. 2023","1-5 Oct. 2023","IEEE","IEEE Conferences"
