"Document Title",Authors,"Author Affiliations","Publication Title",Date Added To Xplore,"Publication Year","Volume","Issue","Start Page","End Page","Abstract","ISSN",ISBNs,"DOI",Funding Information,PDF Link,"Author Keywords","IEEE Terms","Mesh_Terms",Article Citation Count,Patent Citation Count,"Reference Count","License",Online Date,Issue Date,"Meeting Date","Publisher",Document Identifier
"Gaussian Process-based Interpretable Runtime Adaptation for Safe Autonomous Systems Operations in Unstructured Environments","C. Gall; N. Bezzo","Department of Aerospace Engineering and Geodesy, University of Stuttgart, Stuttgart, Germany; Departments of Engineering Systems and Environment and Electrical and Computer Engineering, University of Virginia, Charlottesville, VA, USA",2021 IEEE/RSJ International Conference on Intelligent Robots and Systems (IROS),"16 Dec 2021","2021","","","123","129","Autonomous vehicles may not behave as expected when subject to environmental disturbances. For instance, control commands suitable for driving on dry, paved roads may lead to unsafe conditions and undesired deviations when on slippery dirt or icy roads. Furthermore, it becomes increasingly important to offer human-understandable explanations of autonomous robots’ actions – especially when they operate in a space shared with humans such as public roads. In this work, we present an interpretable, risk-aware online adaptation approach that leverages a combination of Gaussian process regression and decision tree theory. Our approach predicts the system state in unknown environments using pre-trained models, which are continuously refined during runtime using a fast lookup table-based procedure. Every time the originally intended behavior is predicted to cause an unsafe state, our method computes a set of safe behaviors under the current model uncertainty and risk. The most suitable behavior is subsequently selected depending on mission requirements and a human-understandable explanation about the system’s decision-making is delivered. The proposed framework is applied to unmanned ground vehicles and validated in simulations, in which we demonstrate a successful safety-critical cargo delivery through a priori unknown, rough and slippery terrain.","2153-0866","978-1-6654-1714-3","10.1109/IROS51168.2021.9636490","","https://ieeexplore.ieee.org/stamp/stamp.jsp?arnumber=9636490","","Adaptation models;Runtime;Uncertainty;Roads;Computational modeling;Gaussian processes;Predictive models","","5","","19","IEEE","16 Dec 2021","27 Sept.-1 Oct. 2021","27 Sept.-1 Oct. 2021","IEEE","IEEE Conferences"
"Latent Attention Augmentation for Robust Autonomous Driving Policies","R. Cheng; C. Agia; F. Shkurti; D. Meger; G. Dudek","Mobile Robotics Lab (MRL), McGill University, Montreal, Quebec, Canada; Robot Vision and Learning Lab (RVL), University of Toronto, Toronto, Ontario, Canada; Robot Vision and Learning Lab (RVL), University of Toronto, Toronto, Ontario, Canada; Mobile Robotics Lab (MRL), McGill University, Montreal, Quebec, Canada; Mobile Robotics Lab (MRL), McGill University, Montreal, Quebec, Canada",2021 IEEE/RSJ International Conference on Intelligent Robots and Systems (IROS),"16 Dec 2021","2021","","","130","136","Model-free reinforcement learning has become a viable approach for vision-based robot control. However, sample complexity and adaptability to domain shifts remain persistent challenges when operating in high-dimensional observation spaces (images, LiDAR), such as those that are involved in autonomous driving. In this paper, we propose a flexible framework by which a policy’s observations are augmented with robust attention representations in the latent space to guide the agent’s attention during training. Our method encodes local and global descriptors of the augmented state representations into a compact latent vector, and scene dynamics are approximated by a recurrent network that processes the latent vectors in sequence. We outline two approaches for constructing attention maps; a supervised pipeline leveraging semantic segmentation networks, and an unsupervised pipeline relying only on classical image processing techniques. We conduct our experiments in simulation and test the learned policy against varying seasonal effects and weather conditions. Our design decisions are supported in a series of ablation studies. The results demonstrate that our state augmentation method both improves learning efficiency and encourages robust domain adaptation when compared to common end-to-end frameworks and methods that learn directly from intermediate representations.","2153-0866","978-1-6654-1714-3","10.1109/IROS51168.2021.9636449","","https://ieeexplore.ieee.org/stamp/stamp.jsp?arnumber=9636449","","Training;Adaptation models;Pipelines;Urban areas;Semantics;Robot control;Reinforcement learning","","5","","47","IEEE","16 Dec 2021","27 Sept.-1 Oct. 2021","27 Sept.-1 Oct. 2021","IEEE","IEEE Conferences"
"COCOI: Contact-aware Online Context Inference for Generalizable Non-planar Pushing","Z. Xu; W. Yu; A. Herzog; W. Lu; C. Fu; M. Tomizuka; Y. Bai; C. K. Liu; D. Ho","Everyday Robots, X The Moonshot Factory, Mountain View, CA, USA; Robotics at Google, Mountain View, CA, USA; Everyday Robots, X The Moonshot Factory, Mountain View, CA, USA; Everyday Robots, X The Moonshot Factory, Mountain View, CA, USA; Everyday Robots, X The Moonshot Factory, Mountain View, CA, USA; University of California, Berkeley, Berkeley, CA, USA; Everyday Robots, X The Moonshot Factory, Mountain View, CA, USA; Stanford University, Stanford, CA, USA; Everyday Robots, X The Moonshot Factory, Mountain View, CA, USA",2021 IEEE/RSJ International Conference on Intelligent Robots and Systems (IROS),"16 Dec 2021","2021","","","176","182","General contact-rich manipulation problems are long-standing challenges in robotics due to the difficulty of understanding complicated contact physics. Deep reinforcement learning (RL) has shown great potential in solving robot manipulation tasks. However, existing RL policies have limited adaptability to environments with diverse dynamics properties, which is pivotal in solving many contact-rich manipulation tasks. In this work, we propose Contact-aware Online COntext Inference (COCOI), a deep RL method that encodes a context embedding of dynamics properties online using contact-rich interactions. We sample sensor data using a novel contact-aware strategy and formulate an interpretable dynamics transition module. We study this method based on a novel and challenging non-planar pushing task, where the robot uses a monocular camera image and wrist force torque sensor reading to push an object to a goal location while keeping it upright. We run extensive experiments to demonstrate the capability of COCOI in a wide range of settings and dynamics properties in simulation, and also in a sim-to-real transfer scenario on a real robot (Webpage: https://context-inference.github.io/).","2153-0866","978-1-6654-1714-3","10.1109/IROS51168.2021.9636836","","https://ieeexplore.ieee.org/stamp/stamp.jsp?arnumber=9636836","","Wrist;Torque;Dynamics;Robot vision systems;Reinforcement learning;History;Task analysis","","8","","32","IEEE","16 Dec 2021","27 Sept.-1 Oct. 2021","27 Sept.-1 Oct. 2021","IEEE","IEEE Conferences"
"DeepKoCo: Efficient latent planning with a task-relevant Koopman representation","B. van der Heijden; L. Ferranti; J. Kober; R. Babuška","Cognitive Robotics at the Faculty of 3mE, Delft University of Technology, The Netherlands; Cognitive Robotics at the Faculty of 3mE, Delft University of Technology, The Netherlands; Cognitive Robotics at the Faculty of 3mE, Delft University of Technology, The Netherlands; Cognitive Robotics at the Faculty of 3mE, Delft University of Technology, The Netherlands",2021 IEEE/RSJ International Conference on Intelligent Robots and Systems (IROS),"16 Dec 2021","2021","","","183","189","This paper presents DeepKoCo, a novel modelbased agent that learns a latent Koopman representation from images. This representation allows DeepKoCo to plan efficiently using linear control methods, such as linear model predictive control. Compared to traditional agents, DeepKoCo learns taskrelevant dynamics, thanks to the use of a tailored lossy autoencoder network that allows DeepKoCo to learn latent dynamics that reconstruct and predict only observed costs, rather than all observed dynamics. As our results show, DeepKoCo achieves a similar final performance as traditional model-free methods on complex control tasks, while being considerably more robust to distractor dynamics, making the proposed agent more amenable for real-life applications.","2153-0866","978-1-6654-1714-3","10.1109/IROS51168.2021.9636408","","https://ieeexplore.ieee.org/stamp/stamp.jsp?arnumber=9636408","Model-based reinforcement learning;Koopman theory;model-predictive control","Costs;Planning;Task analysis;Intelligent robots;Image reconstruction;Predictive control","","5","","23","IEEE","16 Dec 2021","27 Sept.-1 Oct. 2021","27 Sept.-1 Oct. 2021","IEEE","IEEE Conferences"
"Low Dimensional State Representation Learning with Robotics Priors in Continuous Action Spaces","N. Botteghi; K. Alaa; M. Poel; B. Sirmacek; C. Brune; A. Mersha; S. Stramigioli","Faculty of Electrical Engineering, Mathematics and Computer Science, University of Twente, Enschede, The Netherlands; Intelligent Driving Functions R&D Center, IAV GmbH (Volkswagen Group), Berlin, Germany; Faculty of Electrical Engineering, Mathematics and Computer Science, University of Twente, Enschede, The Netherlands; Department of Computer Science, Jönköping University, Jönköping, Sweden; Faculty of Electrical Engineering, Mathematics and Computer Science, University of Twente, Enschede, The Netherlands; Research Group of Mechatronics, Saxion University of Applied Sciences, Enschede, The Netherlands; Faculty of Electrical Engineering, Mathematics and Computer Science, University of Twente, Enschede, The Netherlands",2021 IEEE/RSJ International Conference on Intelligent Robots and Systems (IROS),"16 Dec 2021","2021","","","190","197","Reinforcement learning algorithms have proven to be capable of solving complicated robotics tasks in an end-to-end fashion without any need for hand-crafted features or policies. Especially in the context of robotics, in which the cost of real-world data is usually extremely high, Reinforcement Learning solutions achieving high sample efficiency are needed. In this paper, we propose a framework combining the learning of a low-dimensional state representation, from high-dimensional observations coming from the robot’s raw sensory readings, with the learning of the optimal policy, given the learned state representation. We evaluate our framework in the context of mobile robot navigation in the case of continuous state and action spaces. Moreover, we study the problem of transferring what learned in the simulated virtual environment to the real robot without further retraining using real-world data in the presence of visual and depth distractors, such as lighting changes and moving obstacles. A video of our experiments can be found at: https://youtu.be/rUdGPKr2Wuo.","2153-0866","978-1-6654-1714-3","10.1109/IROS51168.2021.9635936","","https://ieeexplore.ieee.org/stamp/stamp.jsp?arnumber=9635936","","Representation learning;Visualization;Navigation;Virtual environments;Reinforcement learning;Robot sensing systems;Mathematical models","","6","","28","IEEE","16 Dec 2021","27 Sept.-1 Oct. 2021","27 Sept.-1 Oct. 2021","IEEE","IEEE Conferences"
"Acceleration of Actor-Critic Deep Reinforcement Learning for Visual Grasping by State Representation Learning Based on a Preprocessed Input Image","T. Kim; Y. Park; Y. Park; S. H. Lee; I. Hong Suh","Department of Electronics and Computer Engineering, Hanyang University, Korea; Department of Electronics and Computer Engineering, Hanyang University, Korea; Department of Electronics and Computer Engineering, Hanyang University, Korea; Innovative Smart Manufacturing R&D Department, Korea Institute of Industrial Technology; CogAplex Co., Ltd",2021 IEEE/RSJ International Conference on Intelligent Robots and Systems (IROS),"16 Dec 2021","2021","","","198","205","For robotic grasping tasks with diverse target objects, some deep learning-based methods have achieved state-of-the-art results using direct visual input. In contrast, actor-critic deep reinforcement learning (RL) methods typically perform very poorly when applied to grasp diverse objects, especially when learning from raw images and sparse rewards. To render these RL techniques feasible for vision-based grasping tasks, we used state representation learning (SRL), in which we encode essential information for subsequent use in RL. However, typical representation learning procedures are unsuitable for extracting pertinent information for learning grasping skills owing to the high complexity of visual inputs for representation learning, in which a robot attempts to grasp a target object. We found that the proposed preprocessed input image is the key to capturing effectively a compact representation. This enables deep RL to learn robotic grasping skills from highly varied and diverse visual inputs. Further, we demonstrate the effectiveness of the proposed approach with varying levels of preprocessing in a realistic simulated environment. We also describe how the resulting model can be transferred to a real-world robot and also demonstrate a 68% success rate on real-world grasp attempts.","2153-0866","978-1-6654-1714-3","10.1109/IROS51168.2021.9635931","","https://ieeexplore.ieee.org/stamp/stamp.jsp?arnumber=9635931","","Representation learning;Training;Learning systems;Visualization;Data preprocessing;Grasping;Reinforcement learning","","12","","38","IEEE","16 Dec 2021","27 Sept.-1 Oct. 2021","27 Sept.-1 Oct. 2021","IEEE","IEEE Conferences"
"Lvio-Fusion: A Self-adaptive Multi-sensor Fusion SLAM Framework Using Actor-critic Method","Y. Jia; H. Luo; F. Zhao; G. Jiang; Y. Li; J. Yan; Z. Jiang; Z. Wang","School of Computer Science (National Pilot Software Engineering School), Beijing University of Posts and Telecommunications, Beijing, China; Beijing Key Laboratory of Mobile Computing and Pervasive Device, Institute of Computing Technology, Chinese Academy of Sciences, Beijing, China; School of Computer Science (National Pilot Software Engineering School), Beijing University of Posts and Telecommunications, Beijing, China; School of Computer Science (National Pilot Software Engineering School), Beijing University of Posts and Telecommunications, Beijing, China; School of Computer Science (National Pilot Software Engineering School), Beijing University of Posts and Telecommunications, Beijing, China; School of Computer Science (National Pilot Software Engineering School), Beijing University of Posts and Telecommunications, Beijing, China; School of Artificial Intelligence, Beijing University of Posts and Telecommunications, Beijing, China; School of Artificial Intelligence, Beijing Technology and Business University, Beijing, China",2021 IEEE/RSJ International Conference on Intelligent Robots and Systems (IROS),"16 Dec 2021","2021","","","286","293","State estimation with sensors is essential for mobile robots. Due to different performance of sensors in different environments, how to fuse measurements of various sensors is a problem. In this paper, we propose a tightly coupled multi-sensor fusion framework, Lvio-Fusion, which fuses stereo camera, Lidar, IMU, and GPS based on the graph optimization. Especially for urban traffic scenes, we introduce a segmented global pose graph optimization with GPS and loop-closure, which can eliminate accumulated drifts. Additionally, we creatively use a actor-critic method in reinforcement learning to adaptively adjust sensors’ weight. After training, actor-critic agent can provide the system better and dynamic sensors’ weight. We evaluate the performance of our system on public datasets and compare it with other state-of-the-art methods, which shows that the proposed method achieves high estimation accuracy and robustness to various environments. And our implementations are open source and highly scalable.","2153-0866","978-1-6654-1714-3","10.1109/IROS51168.2021.9635905","Research and Development; Beijing University of Posts and Telecommunications; National Natural Science Foundation of China; Research and Development; ","https://ieeexplore.ieee.org/stamp/stamp.jsp?arnumber=9635905","","Simultaneous localization and mapping;Laser radar;Fuses;Reinforcement learning;Sensor fusion;Cameras;Robustness","","50","","31","IEEE","16 Dec 2021","27 Sept.-1 Oct. 2021","27 Sept.-1 Oct. 2021","IEEE","IEEE Conferences"
"Exploring Learning for Intercepting Projectiles with a Robot-Held Stick","J. E. G. Baxter; T. Adamson; S. Sugaya; L. Tapia","Department of Computer Science, University of New Mexico, Albuquerque, NM, USA; Department of Computer Science, University of New Mexico, Albuquerque, NM, USA; Department of Computer Science, University of New Mexico, Albuquerque, NM, USA; Department of Computer Science, University of New Mexico, Albuquerque, NM, USA",2021 IEEE/RSJ International Conference on Intelligent Robots and Systems (IROS),"16 Dec 2021","2021","","","369","376","For many tasks, including table tennis, catching, and sword fighting, a critical step is intercepting the incoming object with a robot arm or held tool. Solutions to robot arm interception via learning, specifically reinforcement learning (RL), have become prevalent, as they provide robust solutions to the robot arm interception problem, even for high degree of freedom robotic systems. Despite numerous solutions, there has been little exploration into the factors of learning that impact solution quality. Thus, there is little insight into what problem features lead to better learning success. In this paper, we explore the parameters that impact solution quality. We find that link position observations outperform joint angle observations in terms of learning speed, performance, ability to utilize more than one frame of observation, and generalization to situations not trained for. These results are immediately applicable to RL for robot arm interception tasks.","2153-0866","978-1-6654-1714-3","10.1109/IROS51168.2021.9635993","National Science Foundation; ","https://ieeexplore.ieee.org/stamp/stamp.jsp?arnumber=9635993","","Projectiles;Neurons;Kinematics;Reinforcement learning;Arms;Manipulators;Task analysis","","","","32","IEEE","16 Dec 2021","27 Sept.-1 Oct. 2021","27 Sept.-1 Oct. 2021","IEEE","IEEE Conferences"
"Learning Connectivity for Data Distribution in Robot Teams","E. Tolstaya; L. Butler; D. Mox; J. Paulos; V. Kumar; A. Ribeiro","Dept. of Electrical and Systems Eng., University of Pennsylvania, USA; Dept. of Electrical and Systems Eng., University of Pennsylvania, USA; Dept. of Mechanical Eng. and Applied Mechanics, University of Pennsylvania, USA; Dept. of Mechanical Eng. and Applied Mechanics, University of Pennsylvania, USA; Dept. of Electrical and Systems Eng., University of Pennsylvania, USA; Dept. of Electrical and Systems Eng., University of Pennsylvania, USA",2021 IEEE/RSJ International Conference on Intelligent Robots and Systems (IROS),"16 Dec 2021","2021","","","413","420","Many algorithms for control of multi-robot teams operate under the assumption that low-latency, global state information necessary to coordinate agent actions can readily be disseminated among the team. However, in harsh environments with no existing communication infrastructure, robots must form ad-hoc networks, forcing the team to operate in a distributed fashion. To overcome this challenge, we propose a task-agnostic, decentralized, low-latency method for data distribution in ad-hoc networks using Graph Neural Networks (GNN). Our approach enables multi-agent algorithms based on global state information to function by ensuring it is available at each robot. To do this, agents glean information about the topology of the network from packet transmissions and feed it to a GNN running locally which instructs the agent when and where to transmit the latest state information. We train the distributed GNN communication policies via reinforcement learning using the average Age of Information as the reward function and show that it improves training stability compared to task-specific reward functions. Our approach performs favorably compared to industry-standard methods for data distribution such as random flooding and round robin. We also show that the trained policies generalize to larger teams of both static and mobile agents.","2153-0866","978-1-6654-1714-3","10.1109/IROS51168.2021.9636873","National Science Foundation; ","https://ieeexplore.ieee.org/stamp/stamp.jsp?arnumber=9636873","","Wireless communication;Training;Service robots;Robot kinematics;Spread spectrum communication;Ad hoc networks;Topology","","7","","33","IEEE","16 Dec 2021","27 Sept.-1 Oct. 2021","27 Sept.-1 Oct. 2021","IEEE","IEEE Conferences"
"Trajectory-Constrained Deep Latent Visual Attention for Improved Local Planning in Presence of Heterogeneous Terrain","S. Wapnick; T. Manderson; D. Meger; G. Dudek","Mobile Robotics Laboratory, School of Computer Science, McGill University, Montreal, Canada; Mobile Robotics Laboratory, School of Computer Science, McGill University, Montreal, Canada; Mobile Robotics Laboratory, School of Computer Science, McGill University, Montreal, Canada; Mobile Robotics Laboratory, School of Computer Science, McGill University, Montreal, Canada",2021 IEEE/RSJ International Conference on Intelligent Robots and Systems (IROS),"16 Dec 2021","2021","","","460","467","We present a reward-predictive, model-based learning method featuring trajectory-constrained visual attention for use in mapless, local visual navigation tasks. Our method learns to place visual attention at locations in latent image space which follow trajectories caused by vehicle control actions to later enhance predictive accuracy during planning. Our attention model is jointly optimized by the task-specific loss and additional trajectory-constraint loss, allowing adaptability yet encouraging a regularized structure for improved generalization and reliability. Importantly, visual attention is applied in latent feature map space instead of raw image space to promote efficient planning. We validated our model in visual navigation tasks of planning low turbulence, collision-free trajectories in off-road settings and hill climbing with locking differentials in the presence of slippery terrain. Experiments involved randomized procedural generated simulation and real-world environments. We found our method improved generalization and learning efficiency when compared to no-attention and self-attention alternatives.","2153-0866","978-1-6654-1714-3","10.1109/IROS51168.2021.9636422","","https://ieeexplore.ieee.org/stamp/stamp.jsp?arnumber=9636422","","Learning systems;Space vehicles;Visualization;Adaptation models;Navigation;Aerospace electronics;Planning","","5","","35","IEEE","16 Dec 2021","27 Sept.-1 Oct. 2021","27 Sept.-1 Oct. 2021","IEEE","IEEE Conferences"
"NavTuner: Learning a Scene-Sensitive Family of Navigation Policies","H. Ma; J. S. Smith; P. A. Vela","College of Computing, Georgia Institute of Technology, Atlanta, GA, USA; School of Electrical and Computer Engineering and the Institute for Robotics and Intelligent Machines, Georgia Institute of Technology, Atlanta, GA, USA; School of Electrical and Computer Engineering and the Institute for Robotics and Intelligent Machines, Georgia Institute of Technology, Atlanta, GA, USA",2021 IEEE/RSJ International Conference on Intelligent Robots and Systems (IROS),"16 Dec 2021","2021","","","492","499","The advent of deep learning has inspired research into end-to-end learning for a variety of problem domains in robotics. For navigation, the resulting methods may not have the generalization properties desired let alone match the performance of traditional methods. Instead of learning a navigation policy, we explore learning an adaptive policy in the parameter space of an existing navigation module. Having adaptive parameters provides the navigation module with a family of policies that can be dynamically reconfigured based on the local scene structure and addresses the common assertion in machine learning that engineered solutions are inflexible. Of the methods tested, reinforcement learning (RL) is shown to provide a significant performance boost to a modern navigation method through reduced sensitivity of its success rate to environmental clutter. The outcomes indicate that RL as a meta-policy learner, or dynamic parameter tuner, effectively robustifies algorithms sensitive to external, measurable nuisance factors.","2153-0866","978-1-6654-1714-3","10.1109/IROS51168.2021.9636185","","https://ieeexplore.ieee.org/stamp/stamp.jsp?arnumber=9636185","","Deep learning;Adaptation models;Sensitivity;Tuners;Codes;Navigation;Heuristic algorithms","","1","","43","IEEE","16 Dec 2021","27 Sept.-1 Oct. 2021","27 Sept.-1 Oct. 2021","IEEE","IEEE Conferences"
"Human Motion Imitation using Optimal Control with Time-Varying Weights","S. Ishida; T. Harada; P. Carreno-Medrano; D. Kulić; G. Venture","Department of Mechanical System Engineering, Tokyo University of Agriculture and Technology, Tokyo, Japan; Robotics Technology Dept., Technology Research Center, Sumitomo Heavy Industries, Ltd., Tokyo, Japan; Department of Electrical and Computer Systems Engineering, Monash University, Melbourne, Australia; Department of Electrical and Computer Systems Engineering, Monash University, Melbourne, Australia; Department of Mechanical System Engineering, Tokyo University of Agriculture and Technology, Tokyo, Japan",2021 IEEE/RSJ International Conference on Intelligent Robots and Systems (IROS),"16 Dec 2021","2021","","","608","615","Research in biomechanics hypothesizes that human motion is optimal with respect to an unknown cost function that varies depending on the action and/or task. This unknown cost function is often approximated as the weighted sum of a set of features or basis cost functions. As a person performs a sequence of actions, the weights associated to each of these basis functions are likely to vary over time. Given a human demonstration and the corresponding cost weight trajectory recovered via inverse optimal control (IOC), this paper proposes an optimal control (OC) method that can generate robot motion based on human movement using time-varying cost function weights. By using time-varying weights, the proposed optimal control method can handle changing optimization criteria without segmentation. The method is evaluated both in simulation and with recorded human data. Using human demonstration data, we demonstrate the reproduction of pick-and-place motions with an average end-effector error at the pick place location within 0.82 cm, which is significantly lower than the average trajectory error, indicating that the approach correctly prioritizes reaching the pick and place locations without manual segmentation.","2153-0866","978-1-6654-1714-3","10.1109/IROS51168.2021.9636520","","https://ieeexplore.ieee.org/stamp/stamp.jsp?arnumber=9636520","Optimal control;Motion generation;Robot motion strategy","Robot motion;Motion segmentation;Optimal control;Manuals;Cost function;End effectors;Trajectory","","10","","32","IEEE","16 Dec 2021","27 Sept.-1 Oct. 2021","27 Sept.-1 Oct. 2021","IEEE","IEEE Conferences"
"Capturing Skill State in Curriculum Learning for Human Skill Acquisition","K. Ghonasgi; R. Mirsky; S. Narvekar; B. Masetty; A. M. Haith; P. Stone; A. D. Deshpande","Mechanical Engineering Department, Rehabilitation and Neuromuscular Robotics Lab, The University of Texas at Austin, TX, USA; Computer Science Department, Learning Agents Research Group, The University of Texas at Austin, TX, USA; Computer Science Department, Learning Agents Research Group, The University of Texas at Austin, TX, USA; Mechanical Engineering Department, Rehabilitation and Neuromuscular Robotics Lab, The University of Texas at Austin, TX, USA; Neuroscience Department, BLAM Lab, Johns Hopkins University, MD, USA; Computer Science Department, Learning Agents Research Group, The University of Texas at Austin, TX, USA; Mechanical Engineering Department, Rehabilitation and Neuromuscular Robotics Lab, The University of Texas at Austin, TX, USA",2021 IEEE/RSJ International Conference on Intelligent Robots and Systems (IROS),"16 Dec 2021","2021","","","771","776","Humans learn complex motor skills with practice and training. Though the learning process is not fully understood, several theories from motor learning, neuroscience, education, and game design suggest that curriculum-based training may be the key to efficient skill acquisition. However, designing such a curriculum and understanding its effects on learning are challenging problems. In this paper, we define the Human-skill Curriculum Markov Decision Process (H-CMDP) to systematize the design of training protocols. We also identify a vocabulary of performance features to enable the approximation for a human’s skill level across a variety of cognitive and motor tasks. A novel task domain is introduced as a testbed to evaluate the effectiveness of our approach. Human subject experiments show that (1) participants can learn to improve their performance in tasks within this domain, (2) the learning is quantifiable via our performance features, and (3) the domain is flexible enough to create distinct levels of difficulty. The long-term goal of this work is to systematize the process of curriculum-based training toward the design of protocols for robot-mediated rehabilitation.","2153-0866","978-1-6654-1714-3","10.1109/IROS51168.2021.9636850","Facebook; ","https://ieeexplore.ieee.org/stamp/stamp.jsp?arnumber=9636850","","Training;Vocabulary;Protocols;Neuroscience;Atmospheric measurements;Games;Markov processes","","8","","37","IEEE","16 Dec 2021","27 Sept.-1 Oct. 2021","27 Sept.-1 Oct. 2021","IEEE","IEEE Conferences"
"Dual-Filtering for On-Line Simultaneously Estimate Weights and Phase Parameter of Probabilistic Movement Primitives for Human-Robot Collaboration","R. C. Luo; L. Mai","Department of Electrical Engineering, National Taiwan University, Taipei, Taiwan; Department of Electrical Engineering, National Taiwan University, Taipei, Taiwan",2021 IEEE/RSJ International Conference on Intelligent Robots and Systems (IROS),"16 Dec 2021","2021","","","784","790","The Probabilistic Movement Primitives (ProMPs) is an essential issue and framework for robotics Learning from Demonstration (LfD). It has been successfully applied to the robotics field in tasks such as skill acquisition and Human-Robot Collaboration (HRC). In this paper, we focus on its adaptability in the HRC scenario, in which the adaptability of the ProMPs allows the robot to predict the future movement of its human partner and plan its movement accordingly, given the observed human movement. Most of the existing works about the application of the ProMPs in HRC either only focus on the estimation of the weights on-line and lack the estimation of the phase parameter or merely depend on the prior distribution of the phase parameter. As a result, these methods can lead to a misinterpretation of the basis matrix when the divergence between the prior distribution and the posterior distribution of the phase parameter becomes large, resulting in a divergence of the estimation of the weights. In this paper, we propose a Dual-Filtering method for the ProMPs, which is able to simultaneously on-line estimate the weights and phase parameter for the ProMPs. The preliminary experimental result demonstrates the proposed method is able to provide better prediction performance and more accurate estimation of the phase parameter in comparison with the previous works.","2153-0866","978-1-6654-1714-3","10.1109/IROS51168.2021.9636654","","https://ieeexplore.ieee.org/stamp/stamp.jsp?arnumber=9636654","","Estimation;Collaboration;Probabilistic logic;Kalman filters;Task analysis;Dynamical systems;Computational complexity","","","","30","IEEE","16 Dec 2021","27 Sept.-1 Oct. 2021","27 Sept.-1 Oct. 2021","IEEE","IEEE Conferences"
"Sampling-based Inverse Reinforcement Learning Algorithms with Safety Constraints","J. Fischer; C. Eyberg; M. Werling; M. Lauer","Institute of Measurement and Control Systems, Karlsruhe Institute of Technology (KIT), Karlsruhe, Germany; Institute of Measurement and Control Systems, Karlsruhe Institute of Technology (KIT), Karlsruhe, Germany; BMWGroup, Unterschleissheim, Germany; Institute of Measurement and Control Systems, Karlsruhe Institute of Technology (KIT), Karlsruhe, Germany",2021 IEEE/RSJ International Conference on Intelligent Robots and Systems (IROS),"16 Dec 2021","2021","","","791","798","Planning for robotic systems is frequently formulated as an optimization problem. Instead of manually tweaking the parameters of the cost function, they can be learned from human demonstrations by Inverse Reinforcement Learning (IRL). Common IRL approaches employ a maximum entropy trajectory distribution that can be learned with soft reinforcement learning, where the reward maximization is regularized with an entropy objective. The consideration of safety constraints is of paramount importance for human-robot collaboration. For this reason, our work addresses maximum entropy IRL in constrained environments. Our contribution to this research area is threefold: (1) We propose Constrained Soft Reinforcement Learning (CSRL), an extension of soft reinforcement learning to Constrained Markov Decision Processes (CMDPs). (2) We transfer maximum entropy IRL to CMDPs based on CSRL. (3) We show that using importance sampling in maximum entropy IRL in constrained environments introduces a bias and fails to achieve feature matching. In our evaluation we consider the tactical lane change decision of an autonomous vehicle in a highway scenario modeled in the SUMO traffic simulation.","2153-0866","978-1-6654-1714-3","10.1109/IROS51168.2021.9636672","","https://ieeexplore.ieee.org/stamp/stamp.jsp?arnumber=9636672","Reinforcement Learning;Inverse Reinforcement Learning;Maximum Entropy;Constraints;Safety;SUMO","Road transportation;Monte Carlo methods;Reinforcement learning;Traffic control;Markov processes;Entropy;Safety","","14","","27","IEEE","16 Dec 2021","27 Sept.-1 Oct. 2021","27 Sept.-1 Oct. 2021","IEEE","IEEE Conferences"
"AutoPhoto: Aesthetic Photo Capture using Reinforcement Learning","H. AlZayer; H. Lin; K. Bala","Department of Computer Science, Cornell University, Ithaca, NY, USA; Department of Computer Science, Cornell University, Ithaca, NY, USA; Department of Computer Science, Cornell University, Ithaca, NY, USA",2021 IEEE/RSJ International Conference on Intelligent Robots and Systems (IROS),"16 Dec 2021","2021","","","944","951","The process of capturing a well-composed photo is difficult and it takes years of experience to master. We propose a novel pipeline for an autonomous agent to automatically capture an aesthetic photograph by navigating within a local region in a scene. Instead of classical optimization over heuristics such as the rule-of-thirds, we adopt a data-driven aesthetics estimator to assess photo quality. A reinforcement learning framework is used to optimize the model with respect to the learned aesthetics metric. We train our model in simulation with indoor scenes, and we demonstrate that our system can capture aesthetic photos in both simulation and real world environments on a ground robot. To our knowledge, this is the first system that can automatically explore an environment to capture an aesthetic photo with respect to a learned aesthetic estimator. Source code is at https://github.com/HadiZayer/AutoPhoto","2153-0866","978-1-6654-1714-3","10.1109/IROS51168.2021.9636788","","https://ieeexplore.ieee.org/stamp/stamp.jsp?arnumber=9636788","","Photography;Measurement;Codes;Navigation;Pipelines;Reinforcement learning;Autonomous agents","","11","","38","IEEE","16 Dec 2021","27 Sept.-1 Oct. 2021","27 Sept.-1 Oct. 2021","IEEE","IEEE Conferences"
"Learning Robotic Contact Juggling","K. Tanaka; M. Hamaya; D. Joshi; F. von Drigalski; R. Yonetani; T. Matsubara; Y. Ijiri","OMRON SINIC X Corporation, Tokyo, Japan; OMRON SINIC X Corporation, Tokyo, Japan; OMRON SINIC X Corporation, Tokyo, Japan; OMRON SINIC X Corporation, Tokyo, Japan; OMRON SINIC X Corporation, Tokyo, Japan; Graduate School of Information Science, Nara Institute of Science and Technology, Nara, Japan; OMRON SINIC X Corporation, Tokyo, Japan",2021 IEEE/RSJ International Conference on Intelligent Robots and Systems (IROS),"16 Dec 2021","2021","","","958","964","Robotic contact juggling is a challenging task in which robots must control the movement of a ball rapidly and indirectly without holding it while keeping the ball in and sometimes out of contact with the robot’s body. In this work, we address the problem of learning such robotic contact juggling from trial and error via model-based reinforcement learning (MBRL). The key insight is that complex robot-ball interactions of the contact juggling actually consist of a small set of simple dynamics that each corresponds to a distinct interaction ""primitive"" such as touching and releasing the ball. Accordingly, we develop a tailored MBRL method that incrementally fits a set of simple dynamics models to the movements of a robot and a ball while also learning a switching model that can select a proper dynamics model depending on the current state and action. The learned model can then be used in an MBRL framework to seek optimal juggling control. We demonstrated the effectiveness of our approach on a simulator of contact juggling performed by a robotic arm.","2153-0866","978-1-6654-1714-3","10.1109/IROS51168.2021.9636790","","https://ieeexplore.ieee.org/stamp/stamp.jsp?arnumber=9636790","","Switches;Reinforcement learning;Manipulators;Robot learning;Trajectory;Task analysis;Robots","","4","","26","IEEE","16 Dec 2021","27 Sept.-1 Oct. 2021","27 Sept.-1 Oct. 2021","IEEE","IEEE Conferences"
"Towards a User Adaptive Assistive Robot: Learning from Demonstration Using Navigation Functions","X. S. Papageorgiou; A. C. Dometios; C. S. Tzafestas","Embodied Interaction and Robotics Group, ILSP, ATHENA RC, Athens, Greece; School of Electrical and Computer Engineering, National Technical University of Athens, Greece; School of Electrical and Computer Engineering, National Technical University of Athens, Greece",2021 IEEE/RSJ International Conference on Intelligent Robots and Systems (IROS),"16 Dec 2021","2021","","","965","970","Elderly and mobility impaired people need special attention during bathing activities, since these tasks are demanding in body flexibility. Our aim is to build an assistive robotic bathing system, in order to increase the independence and safety of this procedure. Towards this end, the expertise of professional carers for bathing sequences and appropriate motions have to be adopted, in order to achieve natural, physical human - robot interaction. In this paper a Navigation Function (NF) approach is proposed in order to reproduce the way an expert clinical carer executes the bathing activities by means of construction repulsive potential fields (""virtual obstacles"") for an assistive bath robot. The produced vector field, constructed based on the demonstration procedure, is used for real-time motion behavior planning tasks, which exploits the visual information from Depth sensors and the advantages of the NF approach, to estimate the reference pose for the end- effector of the assistive robotic system. The proposed method guarantees globally asymptotic convergence to the learned from demonstration washing motion, within the deformable and moving body-part limits, while in addition, restricted areas on the body surface are avoided. The proposed method is evaluated using real experimental data, obtained from human subjects during pouring water task demonstration.","2153-0866","978-1-6654-1714-3","10.1109/IROS51168.2021.9636200","","https://ieeexplore.ieee.org/stamp/stamp.jsp?arnumber=9636200","","Visualization;Navigation;Robot sensing systems;Sensor systems;Sensors;Assistive robots;Older adults","","1","","31","IEEE","16 Dec 2021","27 Sept.-1 Oct. 2021","27 Sept.-1 Oct. 2021","IEEE","IEEE Conferences"
"A Multimodal and Hybrid Framework for Human Navigational Intent Inference","Z. Zhang; J. Rhim; A. Lim; M. Chen","School of Computing Science, Simon Fraser University, Burnaby, BC, Canada; School of Computing Science, Simon Fraser University, Burnaby, BC, Canada; School of Computing Science, Simon Fraser University, Burnaby, BC, Canada; School of Computing Science, Simon Fraser University, Burnaby, BC, Canada",2021 IEEE/RSJ International Conference on Intelligent Robots and Systems (IROS),"16 Dec 2021","2021","","","993","1000","Understanding human navigational intent is essential for robots to be able to interact with and navigate around humans safely and naturally. Current methods typically perform inference through only one mode of perception such as human motion trajectory, and a single theoretical framework such as a learning-based or classical approach. In contrast, this paper studies prediction of human navigational intent using multimodal perception within a hybrid framework. Our framework consists of two modules: a) a learning-based prediction module to predict a human’s future goal position, and b) a classical control theory-inspired reconstruction module to reconstruct a possible future trajectory or a set of possible future positions using the predicted future goal position. For the prediction module, we propose an end-to-end LSTM-CNN hybrid neural network for predicting a human’s future position in the real world, given human motion, human body pose and head orientation. This visual information from an egocentric perspective is used to make predictions of a human’s future position in world space, essential for robotic navigation algorithms and planning. In the reconstruction module, we present two control theoretic methods to reconstruct possible future trajectories of human: trajectory generation for differentially flat system and reachability analysis. We evaluate the performance of our framework on a newly collected dataset called SFU-Store-Nav. Experimental results reveal that our method outperforms various baselines especially when a relatively small amount of data is available.","2153-0866","978-1-6654-1714-3","10.1109/IROS51168.2021.9635900","","https://ieeexplore.ieee.org/stamp/stamp.jsp?arnumber=9635900","","Visualization;Navigation;Neural networks;Aerospace electronics;Prediction algorithms;Trajectory;Control theory","","6","","40","IEEE","16 Dec 2021","27 Sept.-1 Oct. 2021","27 Sept.-1 Oct. 2021","IEEE","IEEE Conferences"
"Benchmarking Off-The-Shelf Solutions to Robotic Assembly Tasks","W. Lian; T. Kelch; D. Holz; A. Norton; S. Schaal","Intrinsic Innovation LLC, Mountain View, CA, USA; Intrinsic Innovation LLC, Mountain View, CA, USA; Intrinsic Innovation LLC, Mountain View, CA, USA; New England Robotics Validation and Experimentation (NERVE) Center, University of Massachusetts Lowell, Lowell, MA, USA; Intrinsic Innovation LLC, Mountain View, CA, USA",2021 IEEE/RSJ International Conference on Intelligent Robots and Systems (IROS),"16 Dec 2021","2021","","","1046","1053","In recent years, many learning based approaches have been studied to realize robotic manipulation and assembly tasks, often including vision and force/tactile feedback. How-ever, it is unclear what the baseline state-of-the-art performance is and what the bottleneck problems are. In this work, we evaluate off-the-shelf (OTS) industrial solutions on a recently introduced benchmark, the National Institute of Standards and Technology (NIST) Assembly Task Board. A set of assembly tasks is introduced and baseline methods are provided to understand their intrinsic difficulty. Multiple sensor-based robotic solutions are then evaluated, including hybrid force/motion control and 2D/3D pattern matching. An end-to-end integrated solution that accomplishes the tasks is also provided.The results and findings throughout the study reveal a few noticeable factors that impede the adoptions of the OTS solutions: dependency on expertise, limited applicability, lack of interoperability, no scene awareness or error recovery mechanisms, and high cost. This paper also provides a first attempt of an objective benchmark performance on the NIST Assembly Task Boards as a reference comparison for future works on this problem.","2153-0866","978-1-6654-1714-3","10.1109/IROS51168.2021.9636586","","https://ieeexplore.ieee.org/stamp/stamp.jsp?arnumber=9636586","","Costs;Service robots;NIST;Benchmark testing;Robot sensing systems;Hardware;Software","","17","","21","IEEE","16 Dec 2021","27 Sept.-1 Oct. 2021","27 Sept.-1 Oct. 2021","IEEE","IEEE Conferences"
"Combining Learning from Demonstration with Learning by Exploration to Facilitate Contact-Rich Tasks","Y. Shi; Z. Chen; Y. Wu; D. Henkel; S. Riedel; H. Liu; Q. Feng; J. Zhang","Department of Informatics, TAMS (Technical Aspects of Multimodal Systems), Universität Hamburg; Agile Robots AG; Technische Universität Munchen; Agile Robots AG; Agile Robots AG; Technische Universität Munchen; Technische Universität Munchen; Department of Informatics, TAMS (Technical Aspects of Multimodal Systems), Universität Hamburg",2021 IEEE/RSJ International Conference on Intelligent Robots and Systems (IROS),"16 Dec 2021","2021","","","1062","1069","Collaborative robots are expected to work alongside humans and directly replace human workers in some cases, thus effectively responding to rapid changes in assembly lines. Current methods for programming contact-rich tasks, particularly in heavily constrained spaces, tend to be fairly inefficient. Therefore, faster and more intuitive approaches are urgently required for robot teaching. This study focuses on combining visual servoing-based learning from demonstration (LfD) and force-based learning by exploration (LbE) to enable the fast and intuitive programming of contact-rich tasks with minimal user efforts. Two learning approaches were developed and integrated into a framework, one relying on human-to-robot motion mapping (visual servoing approach) and the other relying on force-based reinforcement learning. The developed framework implements the noncontact demonstration teaching method based on the visual servoing approach and optimizes the demonstrated robot target positions according to the detected contact state. The developed framework is compared with two most commonly used baseline techniques, i.e., teach pendant-based teaching and hand-guiding teaching. Furthermore, the efficiency and reliability of the framework are validated via comparison experiments involving the teaching and execution of contact-rich tasks. The proposed framework shows the best performance in terms of the teaching time, execution success rate, risk of damage, and ease of use.","2153-0866","978-1-6654-1714-3","10.1109/IROS51168.2021.9636417","National Science Foundation; ","https://ieeexplore.ieee.org/stamp/stamp.jsp?arnumber=9636417","","Visualization;Education;Collaboration;Reinforcement learning;Programming;Elasticity;Visual servoing","","13","","43","IEEE","16 Dec 2021","27 Sept.-1 Oct. 2021","27 Sept.-1 Oct. 2021","IEEE","IEEE Conferences"
"Autonomous Drone Racing with Deep Reinforcement Learning","Y. Song; M. Steinweg; E. Kaufmann; D. Scaramuzza","Department of Informatics, Robotics and Perception Group, University of Zurich; Department of Informatics, Robotics and Perception Group, University of Zurich; Department of Informatics, Robotics and Perception Group, University of Zurich; Department of Informatics, Robotics and Perception Group, University of Zurich",2021 IEEE/RSJ International Conference on Intelligent Robots and Systems (IROS),"16 Dec 2021","2021","","","1205","1212","In many robotic tasks, such as autonomous drone racing, the goal is to travel through a set of waypoints as fast as possible. A key challenge for this task is planning the timeoptimal trajectory, which is typically solved by assuming perfect knowledge of the waypoints to pass in advance. The resulting solution is either highly specialized for a single-track layout, or suboptimal due to simplifying assumptions about the platform dynamics. In this work, a new approach to near-time-optimal trajectory generation for quadrotors is presented. Leveraging deep reinforcement learning and relative gate observations, our approach can compute near-time-optimal trajectories and adapt the trajectory to environment changes. Our method exhibits computational advantages over approaches based on trajectory optimization for non-trivial track configurations. The proposed approach is evaluated on a set of race tracks in simulation and the real world, achieving speeds of up to 60kmh−1 with a physical quadrotor.","2153-0866","978-1-6654-1714-3","10.1109/IROS51168.2021.9636053","European Research Council; ","https://ieeexplore.ieee.org/stamp/stamp.jsp?arnumber=9636053","","Training;Scalability;Layout;Reinforcement learning;Logic gates;Trajectory;Planning","","181","","29","IEEE","16 Dec 2021","27 Sept.-1 Oct. 2021","27 Sept.-1 Oct. 2021","IEEE","IEEE Conferences"
"Connecting Deep-Reinforcement-Learning-based Obstacle Avoidance with Conventional Global Planners using Waypoint Generators","L. Kästner; X. Zhao; T. Buiyan; J. Li; Z. Shen; J. Lambrecht; C. Marx","Chair Industry Grade Networks and Clouds, Faculty of Electrical Engineering, and Computer Science, Berlin Institute of Technology, Berlin, Germany; Chair Industry Grade Networks and Clouds, Faculty of Electrical Engineering, and Computer Science, Berlin Institute of Technology, Berlin, Germany; Chair Industry Grade Networks and Clouds, Faculty of Electrical Engineering, and Computer Science, Berlin Institute of Technology, Berlin, Germany; Chair Industry Grade Networks and Clouds, Faculty of Electrical Engineering, and Computer Science, Berlin Institute of Technology, Berlin, Germany; Chair Industry Grade Networks and Clouds, Faculty of Electrical Engineering, and Computer Science, Berlin Institute of Technology, Berlin, Germany; Chair Industry Grade Networks and Clouds, Faculty of Electrical Engineering, and Computer Science, Berlin Institute of Technology, Berlin, Germany; Chair Industry Grade Networks and Clouds, Faculty of Electrical Engineering, and Computer Science, Berlin Institute of Technology, Berlin, Germany",2021 IEEE/RSJ International Conference on Intelligent Robots and Systems (IROS),"16 Dec 2021","2021","","","1213","1220","Deep Reinforcement Learning has emerged as an efficient dynamic obstacle avoidance method in highly dynamic environments. It has the potential to replace overly conservative or inefficient navigation approaches. However, integrating Deep Reinforcement Learning into existing navigation systems is still an open frontier due to the myopic nature of Deep-Reinforcement-Learning-based navigation, which hinders its widespread integration into current navigation systems. In this paper, we propose the concept of an intermediate planner to interconnect novel Deep-Reinforcement-Learning-based obstacle avoidance with conventional global planning methods using waypoint generation. Therefore, we integrate different waypoint generators into existing navigation systems and compare the joint system against traditional ones. We found an increased performance in terms of safety, efficiency and path smoothness, especially in highly dynamic environments.","2153-0866","978-1-6654-1714-3","10.1109/IROS51168.2021.9636039","","https://ieeexplore.ieee.org/stamp/stamp.jsp?arnumber=9636039","","Navigation;Buildings;Reinforcement learning;Robot sensing systems;Generators;Safety;Planning","","26","","21","IEEE","16 Dec 2021","27 Sept.-1 Oct. 2021","27 Sept.-1 Oct. 2021","IEEE","IEEE Conferences"
"Minimizing Safety Interference for Safe and Comfortable Automated Driving with Distributional Reinforcement Learning","D. Kamran; T. Engelgeh; M. Busch; J. Fischer; C. Stiller","Institute of Measurement and Control Systems, Karlsruhe Institute of Technology (KIT), Karlsruhe, Germany; Karlsruhe Institute of Technology (KIT), Karlsruhe, Germany; Karlsruhe Institute of Technology (KIT), Karlsruhe, Germany; Institute of Measurement and Control Systems, Karlsruhe Institute of Technology (KIT), Karlsruhe, Germany; Institute of Measurement and Control Systems, Karlsruhe Institute of Technology (KIT), Karlsruhe, Germany",2021 IEEE/RSJ International Conference on Intelligent Robots and Systems (IROS),"16 Dec 2021","2021","","","1236","1243","Despite recent advances in reinforcement learning (RL), its application in safety critical domains like autonomous vehicles is still challenging. Although penalizing RL agents for risky situations can help to learn safe policies, it may also lead to highly conservative behavior. In this paper, we propose a distributional RL framework in order to learn adaptive policies which allow to tune their level of conservativity at run-time based on the desired comfort and utility. Using a proactive safety verification approach, the proposed framework can guarantee that actions generated from RL are failsafe according to the worst-case assumptions. Concurrently, the policy is encouraged to minimize safety interference and generate more comfortable behavior. We trained and evaluated the proposed approach and baseline policies using a high level simulator with a variety of randomized scenarios including several corner cases which rarely happen in reality but are very crucial. In light of our experiments, the behavior of policies learned using distributional RL is adaptive at run-time and robust to the environment uncertainty. Quantitatively, the learned distributional RL agent reduces the average driving time more than 50% compared to the normal DQN policy. It also requires 83% less safety interference compared to the rule-based policy while only slightly increasing the average driving time. We also study sensitivity of the learned policy in environments with higher perception noise and show that our algorithm learns policies that can still drive reliable when the perception noise is two times higher than in the training configuration in automated merging and crossing at occluded intersections.","2153-0866","978-1-6654-1714-3","10.1109/IROS51168.2021.9636847","","https://ieeexplore.ieee.org/stamp/stamp.jsp?arnumber=9636847","","Training;Uncertainty;Sensitivity;Merging;Interference;Reinforcement learning;Reliability engineering","","27","","35","IEEE","16 Dec 2021","27 Sept.-1 Oct. 2021","27 Sept.-1 Oct. 2021","IEEE","IEEE Conferences"
"Delay Aware Universal Notice Network: Real world multi-robot transfer learning","S. Beaussant; S. Lengagne; B. Thuilot; O. Stasse","Université Clermont Auvergne, CNRS, Clermont Auvergne INP, Institut Pascal, Clermont-Ferrand, France; Université Clermont Auvergne, CNRS, Clermont Auvergne INP, Institut Pascal, Clermont-Ferrand, France; Université Clermont Auvergne, CNRS, Clermont Auvergne INP, Institut Pascal, Clermont-Ferrand, France; LAAS-CNRS, Université de Toulouse, CNRS, Toulouse, France",2021 IEEE/RSJ International Conference on Intelligent Robots and Systems (IROS),"16 Dec 2021","2021","","","1251","1258","General purpose simulators provide cheap training data to learn complex robotic skills. However, the transition from simulation to reality is often very challenging for the agent. One major issue is the delay on the physical robot that may deteriorate the performance of the deployed agent. Furthermore, once a successfully trained learning-based control policy is available, re-purposing the knowledge acquired by the agent to enable a structurally distinct agent to perform the same task is hazardous if done naively. In this work, we address the above issues with a single method, the DA-UNN (Delay Aware Universal Notice Network), which decomposes the knowledge into robot-specific and task-specific modules for fast transfer. Our framework deals with delays immanent to physical systems in order to improve sim2real transfer. We evaluate the efficiency of our approach using simulated and actual robots on a dynamic manipulation task where delay management is crucial.","2153-0866","978-1-6654-1714-3","10.1109/IROS51168.2021.9635917","","https://ieeexplore.ieee.org/stamp/stamp.jsp?arnumber=9635917","Transfer learning;Sim2real;Reinforcement learning;Robotic task;delay","Knowledge engineering;Transfer learning;Training data;Delays;Task analysis;Manipulator dynamics;Intelligent robots","","2","","22","IEEE","16 Dec 2021","27 Sept.-1 Oct. 2021","27 Sept.-1 Oct. 2021","IEEE","IEEE Conferences"
"Bayesian Meta-Learning for Few-Shot Policy Adaptation Across Robotic Platforms","A. Ghadirzadeh; X. Chen; P. Poklukar; C. Finn; M. Björkman; D. Kragic",Stanford University; KTH Royal Institute of Technology; KTH Royal Institute of Technology; Stanford University; KTH Royal Institute of Technology; KTH Royal Institute of Technology,2021 IEEE/RSJ International Conference on Intelligent Robots and Systems (IROS),"16 Dec 2021","2021","","","1274","1280","Reinforcement learning methods can achieve significant performance but require a large amount of training data collected on the same robotic platform. A policy trained with expensive data is rendered useless after making even a minor change to the robot hardware. In this paper, we address the challenging problem of adapting a policy, trained to perform a task, to a novel robotic hardware platform given only few demonstrations of robot motion trajectories on the target robot. We formulate it as a few-shot meta-learning problem where the goal is to find a meta-model that captures the common structure shared across different robotic platforms such that data-efficient adaptation can be performed. We achieve such adaptation by introducing a learning framework consisting of a probabilistic gradient-based meta-learning algorithm that models the uncertainty arising from the few-shot setting with a low-dimensional latent variable. We experimentally evaluate our framework on a simulated reaching and a real-robot picking task using 400 simulated robots generated by varying the physical parameters of an existing set of robotic platforms. Our results show that the proposed method can successfully adapt a trained policy to different robotic platforms with novel physical parameters and the superiority of our meta-learning algorithm compared to state-of-the-art methods for the introduced few-shot policy adaptation problem.","2153-0866","978-1-6654-1714-3","10.1109/IROS51168.2021.9636628","","https://ieeexplore.ieee.org/stamp/stamp.jsp?arnumber=9636628","","Robot motion;Adaptation models;Uncertainty;Training data;Reinforcement learning;Probabilistic logic;Hardware","","23","","48","IEEE","16 Dec 2021","27 Sept.-1 Oct. 2021","27 Sept.-1 Oct. 2021","IEEE","IEEE Conferences"
"Shaping Progressive Net of Reinforcement Learning for Policy Transfer with Human Evaluative Feedback","R. Juan; J. Huang; R. Gomez; K. Nakamura; Q. Sha; B. He; G. Li","College of Information Science and Engineering, Ocean University of China, Qingdao, China; College of Information Science and Engineering, Ocean University of China, Qingdao, China; Honda Research Institute Japan Co., Ltd, Wako, Japan; Honda Research Institute Japan Co., Ltd, Wako, Japan; College of Information Science and Engineering, Ocean University of China, Qingdao, China; College of Information Science and Engineering, Ocean University of China, Qingdao, China; College of Information Science and Engineering, Ocean University of China, Qingdao, China",2021 IEEE/RSJ International Conference on Intelligent Robots and Systems (IROS),"16 Dec 2021","2021","","","1281","1288","Deep reinforcement learning has achieved significant success in many fields, but will confront sampling efficiency and safety problems when applying to robot control in the real world. Sim-to-real transfer learning was proposed to make use of samples in the simulation and overcome the gap between simulation and real world. In this paper, we focus on improving Progressive Neural Network — an effective sim-to-real learning method, by proposing Interactive Progressive Network Learning (IPNL). IPNL integrates progressive network and interactive reinforcement learning (interactive RL) which learns from evaluative feedback provided by an observing human trainer. We test our method using five RL tasks with discrete or continuous actions in OpenAI Gym and a sinusoids curve following task with AUV simulator on the Gazebo platform. Our results suggest that while Progressive Network has good performance when transferring from tasks with low-dimensional state space to those with high-dimensional one but has little effect for transferring from high-dimensional tasks to low-dimensional ones, IPNL allows an agent to learn a more stable policy with better performance faster for both cases. More importantly, our further analysis indicate that there is a synergy between Progressive Network and interactive RL for improving the agent’s learning. Our results in the path following of AUV shed light on the potential of applying our method in the real world tasks.","2153-0866","978-1-6654-1714-3","10.1109/IROS51168.2021.9636061","","https://ieeexplore.ieee.org/stamp/stamp.jsp?arnumber=9636061","","Learning systems;Transfer learning;Robot control;Neural networks;Reinforcement learning;Safety;Task analysis","","8","","25","IEEE","16 Dec 2021","27 Sept.-1 Oct. 2021","27 Sept.-1 Oct. 2021","IEEE","IEEE Conferences"
"POMP++: Pomcp-based Active Visual Search in unknown indoor environments","F. Giuliari; A. Castellini; R. Berra; A. D. Bue; A. Farinelli; M. Cristani; F. Setti; Y. Wang","Department of Electrical, Electronics and Telecommunication Engineering, University of Genoa, Italy; Department of Computer Science, University of Verona, Italy; Department of Computer Science, University of Verona, Italy; Visual Geometry and Modelling (VGM) and Pattern Analysis and Computer Vision (PAVIS), Fondazione Istituto Italiano di Tecnologia, Italy; Department of Computer Science, University of Verona, Italy; Department of Computer Science, University of Verona, Italy; Department of Computer Science, University of Verona, Italy; Visual Geometry and Modelling (VGM) and Pattern Analysis and Computer Vision (PAVIS), Fondazione Istituto Italiano di Tecnologia, Italy",2021 IEEE/RSJ International Conference on Intelligent Robots and Systems (IROS),"16 Dec 2021","2021","","","1523","1530","In this paper, we focus on the problem of learning online an optimal policy for Active Visual Search (AVS) of objects in unknown indoor environments. We propose POMP++, a planning strategy that introduces a novel formulation on top of the classic Partially Observable Monte Carlo Planning (POMCP) framework, to allow training-free online policy learning in unknown environments. We present a new belief reinvigoration strategy that enables the use of POMCP with a dynamically growing state space to address the online generation of the floor map. We evaluate our method on two public benchmark datasets, AVD that is acquired by real robotic platforms and Habitat ObjectNav that is rendered from real 3D scene scans, achieving the best success rate with an improvement of >10% over the state-of-the-art methods.","2153-0866","978-1-6654-1714-3","10.1109/IROS51168.2021.9635866","","https://ieeexplore.ieee.org/stamp/stamp.jsp?arnumber=9635866","","Training;Visualization;Three-dimensional displays;Monte Carlo methods;Semantics;Benchmark testing;Search problems","","10","","32","IEEE","16 Dec 2021","27 Sept.-1 Oct. 2021","27 Sept.-1 Oct. 2021","IEEE","IEEE Conferences"
"Mapless Humanoid Navigation Using Learned Latent Dynamics","A. Brandenburger; D. Rodriguez; S. Behnke","Autonomous Intelligent Systems (AIS) Group, Computer Science Institute VI, University of Bonn, Germany; Autonomous Intelligent Systems (AIS) Group, Computer Science Institute VI, University of Bonn, Germany; Autonomous Intelligent Systems (AIS) Group, Computer Science Institute VI, University of Bonn, Germany",2021 IEEE/RSJ International Conference on Intelligent Robots and Systems (IROS),"16 Dec 2021","2021","","","1555","1561","In this paper, we propose a novel Deep Reinforcement Learning approach to address the mapless navigation problem, in which the locomotion actions of a humanoid robot are taken online based on the knowledge encoded in learned models. Planning happens by generating open-loop trajectories in a learned latent space that captures the dynamics of the environment. Our planner considers visual (RGB images) and non-visual observations (e.g., attitude estimations). This confers the agent upon awareness not only of the scenario, but also of its own state. In addition, we incorporate a termination likelihood predictor model as an auxiliary loss function of the control policy, which enables the agent to anticipate terminal states of success and failure. In this manner, the sample efficiency of the approach for episodic tasks is increased. Our model is evaluated on the NimbRo-OP2X humanoid robot that navigates in scenes avoiding collisions efficiently in simulation and with the real hardware.","2153-0866","978-1-6654-1714-3","10.1109/IROS51168.2021.9636593","","https://ieeexplore.ieee.org/stamp/stamp.jsp?arnumber=9636593","","Visualization;Navigation;Tracking;Humanoid robots;Reinforcement learning;Predictive models;Planning","","4","","30","IEEE","16 Dec 2021","27 Sept.-1 Oct. 2021","27 Sept.-1 Oct. 2021","IEEE","IEEE Conferences"
"Success Weighted by Completion Time: A Dynamics-Aware Evaluation Criteria for Embodied Navigation","N. Yokoyama; S. Ha; D. Batra","College of Electrical Engineering and College of Computing, Georgia Institute of Technology, Atlanta, GA, USA; College of Electrical Engineering and College of Computing, Georgia Institute of Technology, Atlanta, GA, USA; College of Electrical Engineering and College of Computing, Georgia Institute of Technology, Atlanta, GA, USA",2021 IEEE/RSJ International Conference on Intelligent Robots and Systems (IROS),"16 Dec 2021","2021","","","1562","1569","We present Success weighted by Completion Time (SCT), a new metric for evaluating navigation performance for mobile robots. Several related works on navigation have used Success weighted by Path Length (SPL) as the primary method of evaluating the path an agent makes to a goal location, but SPL is limited in its ability to properly evaluate agents with complex dynamics. In contrast, SCT explicitly takes the agent’s dynamics model into consideration, and aims to accurately capture how well the agent has approximated the fastest navigation behavior afforded by its dynamics. While several embodied navigation works use point-turn dynamics, we focus on unicycle-cart dynamics for our agent, which better exempli-fies the dynamics model of popular mobile robotics platforms (e.g., LoCoBot, TurtleBot, Fetch, etc.). We also present RRT*-Unicycle, an algorithm for unicycle dynamics that estimates the fastest collision-free path and completion time from a starting pose to a goal location in an environment containing obstacles. We experiment with deep reinforcement learning and reward shaping to train and compare the navigation performance of agents with different dynamics models. In evaluating these agents, we show that in contrast to SPL, SCT is able to capture the advantages in navigation speed a unicycle model has over a simpler point-turn model of dynamics. Lastly, we show that we can successfully deploy our trained models and algorithms outside of simulation in the real world. We embody our agents in a real robot to navigate an apartment, and show that they can generalize in a zero-shot manner. A video summary is available here: https://youtu.be/QOQ56XVIYVE","2153-0866","978-1-6654-1714-3","10.1109/IROS51168.2021.9636743","","https://ieeexplore.ieee.org/stamp/stamp.jsp?arnumber=9636743","","Measurement;Legged locomotion;Training;Navigation;Heuristic algorithms;Reinforcement learning;Approximation algorithms","","24","","21","IEEE","16 Dec 2021","27 Sept.-1 Oct. 2021","27 Sept.-1 Oct. 2021","IEEE","IEEE Conferences"
"Task Driven Skill Learning in a Soft-Robotic Arm","P. Oikonomou; A. Dometios; M. Khamassi; C. S. Tzafestas","School of Electrical and Computer Engineering, National Technical University of Athens, Greece; School of Electrical and Computer Engineering, National Technical University of Athens, Greece; School of Electrical and Computer Engineering, National Technical University of Athens, Greece; School of Electrical and Computer Engineering, National Technical University of Athens, Greece",2021 IEEE/RSJ International Conference on Intelligent Robots and Systems (IROS),"16 Dec 2021","2021","","","1716","1723","In this paper we introduce a novel technique that aims to dynamically control a two-module bio-inspired soft-robotic arm in order to qualitatively reproduce a path defined by sparse way-points. The main idea behind this work is based on the assumption that a complex trajectory may be derived as a combination of a discrete set of parameterizable simple movements, as suggested by Movement Primitive (MP) theory. Capitalising on recent advances in this field, the proposed controller uses a Probabilistic MP (ProMP) model which initially creates an abstract mapping in the primitive-level between the task and the actuation space, and subsequently guides the movement’s composition by exploiting its unique properties - conditioning and blending. At the same time, a learning-based adaptive controller updates the composition parameters by estimating the inverse kinematics of the robot, while an auxiliary process through replanning ensures that the trajectory complies with the new estimation. The learning architecture is evaluated on both a simulation model, and a real soft-robotic arm. The research findings show that the proposed methodology constitutes a novel approach that successfully manages to simplify the trajectory control task for robots of complex dynamics when high-precision is not required.","2153-0866","978-1-6654-1714-3","10.1109/IROS51168.2021.9636812","Centre National de la Recherche Scientifique; ","https://ieeexplore.ieee.org/stamp/stamp.jsp?arnumber=9636812","Robot Learning;Probabilistic Movement Primitives;Reinforcement learning;Soft Robotics","Adaptation models;Process control;Estimation;Kinematics;Aerospace electronics;Probabilistic logic;Manipulators","","6","","28","IEEE","16 Dec 2021","27 Sept.-1 Oct. 2021","27 Sept.-1 Oct. 2021","IEEE","IEEE Conferences"
"SurRoL: An Open-source Reinforcement Learning Centered and dVRK Compatible Platform for Surgical Robot Learning","J. Xu; B. Li; B. Lu; Y. -H. Liu; Q. Dou; P. -A. Heng","Department of Computer Science and Engineering, The Chinese University of Hong Kong; Department of Mechanical and Automation Engineering, T Stone Robotics Institute, The Chinese University of Hong Kong; Department of Mechanical and Automation Engineering, T Stone Robotics Institute, The Chinese University of Hong Kong; Department of Mechanical and Automation Engineering, T Stone Robotics Institute, The Chinese University of Hong Kong; Department of Computer Science and Engineering, The Chinese University of Hong Kong; Department of Computer Science and Engineering, The Chinese University of Hong Kong",2021 IEEE/RSJ International Conference on Intelligent Robots and Systems (IROS),"16 Dec 2021","2021","","","1821","1828","Autonomous surgical execution relieves tedious routines and surgeon’s fatigue. Recent learning-based methods, especially reinforcement learning (RL) based methods, achieve promising performance for dexterous manipulation, which usually requires the simulation to collect data efficiently and reduce the hardware cost. The existing learning-based simulation platforms for medical robots suffer from limited scenarios and simplified physical interactions, which degrades the real-world performance of learned policies. In this work, we designed SurRoL, an RL-centered simulation platform for surgical robot learning compatible with the da Vinci Research Kit (dVRK). The designed SurRoL integrates a user-friendly RL library for algorithm development and a real-time physics engine, which is able to support more PSM/ECM scenarios and more realistic physical interactions. Ten learning-based surgical tasks are built in the platform, which are common in the real autonomous surgical execution. We evaluate SurRoL using RL algorithms in simulation, provide in-depth analysis, deploy the trained policies on the real dVRK, and show that our SurRoL achieves better transferability in the real world.","2153-0866","978-1-6654-1714-3","10.1109/IROS51168.2021.9635867","","https://ieeexplore.ieee.org/stamp/stamp.jsp?arnumber=9635867","","Learning systems;Medical robotics;Reinforcement learning;Real-time systems;Libraries;Hardware;Task analysis","","100","","37","IEEE","16 Dec 2021","27 Sept.-1 Oct. 2021","27 Sept.-1 Oct. 2021","IEEE","IEEE Conferences"
"Cooperative Assistance in Robotic Surgery through Multi-Agent Reinforcement Learning","P. M. Scheikl; B. Gyenes; T. Davitashvili; R. Younis; A. Schulze; B. P. Müller-Stich; G. Neumann; M. Wagner; F. Mathis-Ullrich","Institute for Anthropomatics and Robotics, Karlsruhe Institute of Technology, Karlsruhe, Germany; Institute for Anthropomatics and Robotics, Karlsruhe Institute of Technology, Karlsruhe, Germany; Department for General, Visceral and Transplantation Surgery, Heidelberg University Hospital, Heidelberg, Germany; Department for General, Visceral and Transplantation Surgery, Heidelberg University Hospital, Heidelberg, Germany; Department for General, Visceral and Transplantation Surgery, Heidelberg University Hospital, Heidelberg, Germany; Department for General, Visceral and Transplantation Surgery, Heidelberg University Hospital, Heidelberg, Germany; Institute for Anthropomatics and Robotics, Karlsruhe Institute of Technology, Karlsruhe, Germany; Department for General, Visceral and Transplantation Surgery, Heidelberg University Hospital, Heidelberg, Germany; Institute for Anthropomatics and Robotics, Karlsruhe Institute of Technology, Karlsruhe, Germany",2021 IEEE/RSJ International Conference on Intelligent Robots and Systems (IROS),"16 Dec 2021","2021","","","1859","1864","Cognitive cooperative assistance in robot-assisted surgery holds the potential to increase quality of care in minimally invasive interventions. Automation of surgical tasks promises to reduce the mental exertion and fatigue of surgeons. In this work, multi-agent reinforcement learning is demonstrated to be robust to the distribution shift introduced by pairing a learned policy with a human team member. Multi-agent policies are trained directly from images in simulation to control multiple instruments in a sub task of the minimally invasive removal of the gallbladder. These agents are evaluated individually and in cooperation with humans to demonstrate their suitability as autonomous assistants. Compared to human teams, the hybrid teams with artificial agents perform better considering completion time (44.4% to 71.2% shorter) as well as number of collisions (44.7% to 98.0% fewer). Path lengths, however, increase under control of an artificial agent (11.4% to 33.5% longer). A multi-agent formulation of the learning problem was favored over a single-agent formulation on this surgical sub task, due to the sequential learning of the two instruments. This approach may be extended to other tasks that are difficult to formulate within the standard reinforcement learning framework. Multi-agent reinforcement learning may shift the paradigm of cognitive robotic surgery towards seamless cooperation between surgeons and assistive technologies.","2153-0866","978-1-6654-1714-3","10.1109/IROS51168.2021.9636193","","https://ieeexplore.ieee.org/stamp/stamp.jsp?arnumber=9636193","","Laparoscopes;Minimally invasive surgery;Medical robotics;Instruments;Reinforcement learning;Gallbladder;Fatigue","","24","","22","IEEE","16 Dec 2021","27 Sept.-1 Oct. 2021","27 Sept.-1 Oct. 2021","IEEE","IEEE Conferences"
"XAI-N: Sensor-based Robot Navigation using Expert Policies and Decision Trees","A. M. Roth; J. Liang; D. Manocha","Department of Computer Science, University of Maryland, College Park, Maryland, USA; Department of Computer Science, University of Maryland, College Park, Maryland, USA; Department of Computer Science, University of Maryland, College Park, Maryland, USA",2021 IEEE/RSJ International Conference on Intelligent Robots and Systems (IROS),"16 Dec 2021","2021","","","2053","2060","We present a novel sensor-based learning navigation algorithm to compute a collision-free trajectory for a robot in dense and dynamic environments with moving obstacles or targets. Our approach uses deep reinforcement learning-based expert policy that is trained using a sim2real paradigm. In order to increase the reliability and handle the failure cases of the expert policy, we combine with a policy extraction technique to transform the resulting policy into a decision tree format. We use properties of decision trees to analyze and modify the policy and improve performance of navigation algorithm including smoothness, frequency of oscillation, frequency of immobilization, and obstruction of target. Overall, we are able to modify the policy to design an improved learning algorithm without retraining. We highlight the benefits of our approach in simulated environments and navigating a Clearpath Jackal robot among moving pedestrians. (Videos at this url: https://gamma.umd.edu/researchdirections/xrl/navviper)","2153-0866","978-1-6654-1714-3","10.1109/IROS51168.2021.9636759","Arm; ","https://ieeexplore.ieee.org/stamp/stamp.jsp?arnumber=9636759","","Navigation;Heuristic algorithms;Transforms;Robot sensing systems;Trajectory;Decision trees;Reliability","","15","","50","IEEE","16 Dec 2021","27 Sept.-1 Oct. 2021","27 Sept.-1 Oct. 2021","IEEE","IEEE Conferences"
"Reinforcement Learning Control of a Forestry Crane Manipulator","J. Andersson; K. Bodin; D. Lindmark; M. Servin; E. Wallin","Department of Physics, Umeå University; Algoryx Simulation AB; Algoryx Simulation AB; Department of Physics, Umeå University; Department of Physics, Umeå University",2021 IEEE/RSJ International Conference on Intelligent Robots and Systems (IROS),"16 Dec 2021","2021","","","2121","2126","Forestry machines are heavy vehicles performing complex manipulation tasks in unstructured production forest environments. Together with the complex dynamics of the onboard hydraulically actuated cranes, the rough forest terrains have posed a particular challenge in forestry automation. In this study, the feasibility of applying reinforcement learning control to forestry crane manipulators is investigated in a simulated environment. Our results show that it is possible to learn successful actuator-space control policies for energy efficient log grasping by invoking a simple curriculum in a deep reinforcement learning setup. Given the pose of the selected logs, our best control policy reaches a grasping success rate of 97%. Including an energy-optimization goal in the reward function, the energy consumption is significantly reduced compared to control policies learned without incentive for energy optimization, while the increase in cycle time is marginal. The energy-optimization effects can be observed in the overall smoother motion and acceleration profiles during crane manipulation.","2153-0866","978-1-6654-1714-3","10.1109/IROS51168.2021.9636219","","https://ieeexplore.ieee.org/stamp/stamp.jsp?arnumber=9636219","","Cranes;Automation;Uncertainty;Forestry;Grasping;Reinforcement learning;Trajectory","","34","","20","IEEE","16 Dec 2021","27 Sept.-1 Oct. 2021","27 Sept.-1 Oct. 2021","IEEE","IEEE Conferences"
"A Learning Approach to Robot-Agnostic Force-Guided High Precision Assembly","J. Luo; H. Li","Autodesk Research, San Francisco, United States; Autodesk Research, San Francisco, United States",2021 IEEE/RSJ International Conference on Intelligent Robots and Systems (IROS),"16 Dec 2021","2021","","","2151","2157","In this work we propose a learning approach to high-precision robotic assembly problems. We focus on the contact-rich phase, where the assembly pieces are in close contact with each other. Unlike many learning-based approaches that heavily rely on vision or spatial tracking, our approach takes force/torque in task space as the only observation. Our training environment is robotless, as the end-effector is not attached to any specific robot. Trained policies can then be applied to different robotic arms without re-training. This approach can greatly reduce complexity to perform contact-rich robotic assembly in the real world, especially in unstructured settings such as in architectural construction. To achieve it, we have developed a new distributed RL agent, named Recurrent Distributed DDPG (RD2), which extends Ape-X DDPG[1] with recurrency and makes two structural improvements on prioritized experience replay[2]. Our results show that RD2 is able to solve two fundamental high-precision assembly tasks, lap-joint and peg-in-hole, and outperforms two state-of-the-art algorithms, Ape-X DDPG and PPO with LSTM. We have successfully evaluated our robot-agnostic policies on three robotic arms, Kuka KR60, Franka Panda, and UR10, in simulation. The video presenting our experiments is available at https://sites.google.com/view/rd2-rl","2153-0866","978-1-6654-1714-3","10.1109/IROS51168.2021.9636328","","https://ieeexplore.ieee.org/stamp/stamp.jsp?arnumber=9636328","","Robotic assembly;Training;End effectors;Complexity theory;Task analysis;Robots;Intelligent robots","","11","","27","IEEE","16 Dec 2021","27 Sept.-1 Oct. 2021","27 Sept.-1 Oct. 2021","IEEE","IEEE Conferences"
"Inclined Quadrotor Landing using Deep Reinforcement Learning","J. E. Kooi; R. Babuška","Department of Cognitive Robotics, Delft Center for Systems and Control, Delft University of Technology, Delft, The Netherlands; Department of Cognitive Robotics, Delft University of Technology, Delft, The Netherlands",2021 IEEE/RSJ International Conference on Intelligent Robots and Systems (IROS),"16 Dec 2021","2021","","","2361","2368","Landing a quadrotor on an inclined surface is a challenging maneuver. The final state of any inclined landing trajectory is not an equilibrium, which precludes the use of most conventional control methods. We propose a deep reinforcement learning approach to design an autonomous landing controller for inclined surfaces. Using the proximal policy optimization (PPO) algorithm with sparse rewards and a tailored curriculum learning approach, an inclined landing policy can be trained in simulation in less than 90 minutes on a standard laptop. The policy then directly runs on a real Crazyflie 2.1 quadrotor and successfully performs real inclined landings in a flying arena. A single policy evaluation takes approximately 2.5 ms, which makes it suitable for a future embedded implementation on the quadrotor.","2153-0866","978-1-6654-1714-3","10.1109/IROS51168.2021.9636096","","https://ieeexplore.ieee.org/stamp/stamp.jsp?arnumber=9636096","","Portable computers;Reinforcement learning;Trajectory;Standards;Optimization;Intelligent robots","","39","","30","IEEE","16 Dec 2021","27 Sept.-1 Oct. 2021","27 Sept.-1 Oct. 2021","IEEE","IEEE Conferences"
"Self-Supervised Online Reward Shaping in Sparse-Reward Environments","F. Memarian; W. Goo; R. Lioutikov; S. Niekum; U. Topcu","Oden Institute for Computational Engineering and Sciences, University of Texas, Austin, TX, USA; Personal Autonomous Robotics Lab (PeARL), The University of Texas, Austin, TX, USA; Personal Autonomous Robotics Lab (PeARL), The University of Texas, Austin, TX, USA; Personal Autonomous Robotics Lab (PeARL), The University of Texas, Austin, TX, USA; Department of Aerospace Engineering and Engineering Mechanics, University of Texas, Austin, TX, USA",2021 IEEE/RSJ International Conference on Intelligent Robots and Systems (IROS),"16 Dec 2021","2021","","","2369","2375","We introduce Self-supervised Online Reward Shaping (SORS), which aims to improve the sample efficiency of any RL algorithm in sparse-reward environments by automatically densifying rewards. The proposed framework alternates between classification-based reward inference and policy update steps—the original sparse reward provides a self-supervisory signal for reward inference by ranking trajectories that the agent observes, while the policy update is performed with the newly inferred, typically dense reward function. We introduce theory that shows that, under certain conditions, this alteration of the reward function will not change the optimal policy of the original MDP, while potentially increasing learning speed significantly. Experimental results on several sparse-reward environments demonstrate that, across multiple domains, the proposed algorithm is not only significantly more sample efficient than a standard RL baseline using sparse rewards, but, at times, also achieves similar sample efficiency compared to when hand-designed dense reward functions are used.","2153-0866","978-1-6654-1714-3","10.1109/IROS51168.2021.9636020","National Science Foundation; University of Texas at Austin; ","https://ieeexplore.ieee.org/stamp/stamp.jsp?arnumber=9636020","","Reinforcement learning;Inference algorithms;Trajectory;Classification algorithms;Standards;Intelligent robots","","39","","32","IEEE","16 Dec 2021","27 Sept.-1 Oct. 2021","27 Sept.-1 Oct. 2021","IEEE","IEEE Conferences"
"CLAMGen: Closed-Loop Arm Motion Generation via Multi-view Vision-Based RL","I. Akinola; Z. Wang; P. Allen","Department of Computer Science, Columbia University, New York; Department of Computer Science, Columbia University, New York; Department of Computer Science, Columbia University, New York",2021 IEEE/RSJ International Conference on Intelligent Robots and Systems (IROS),"16 Dec 2021","2021","","","2376","2382","We propose a vision-based reinforcement learning (RL) approach for closed-loop trajectory generation in an arm reaching problem. Arm trajectory generation is a fundamental robotics problem which entails finding collision-free paths to move the robot’s body (e.g. arm) in order to satisfy a goal (e.g. place end-effector at a point). While classical methods typically require the model of the environment to solve a planning, search or optimization problem, learning-based approaches hold the promise of directly mapping from observations to robot actions. However, learning a collision-avoidance policy using RL remains a challenge for various reasons, including, but not limited to, partial observability, poor exploration, low sample efficiency, and learning instabilities. To address these challenges, we present a residual-RL method that leverages a greedy goal-reaching RL policy as the base to improve exploration, and the base policy is augmented with residual state-action values and residual actions learned from images to avoid obstacles. Further more, we introduce novel learning objectives and techniques to improve 3D understanding from multiple image views and sample efficiency of our algorithm. Compared to RL baselines, our method achieves superior performance in terms of success rate.","2153-0866","978-1-6654-1714-3","10.1109/IROS51168.2021.9636369","National Science Foundation; ","https://ieeexplore.ieee.org/stamp/stamp.jsp?arnumber=9636369","","Q-learning;Three-dimensional displays;Robot vision systems;Cameras;Search problems;Trajectory;Planning","","1","","41","IEEE","16 Dec 2021","27 Sept.-1 Oct. 2021","27 Sept.-1 Oct. 2021","IEEE","IEEE Conferences"
"Residual Feedback Learning for Contact-Rich Manipulation Tasks with Uncertainty","A. Ranjbar; N. A. Vien; H. Ziesche; J. Boedecker; G. Neumann",Albert-Ludwigs-Universität Freiburg; Bosch Center for Artificial Intelligence (BCAI); Bosch Center for Artificial Intelligence (BCAI); Albert-Ludwigs-Universität Freiburg; Karlsruhe Institute of Technology,2021 IEEE/RSJ International Conference on Intelligent Robots and Systems (IROS),"16 Dec 2021","2021","","","2383","2390","While classic control theory offers state of the art solutions in many problem scenarios, it is often desired to improve beyond the structure of such solutions and surpass their limitations. To this end, residual policy learning (RPL) offers a formulation to improve existing controllers with reinforcement learning (RL) by learning an additive ""residual"" to the output of a given controller. However, the applicability of such an approach highly depends on the structure of the controller. Often, internal feedback signals of the controller limit an RL algorithm to adequately change the policy and, hence, learn the task. We propose a new formulation that addresses these limitations by also modifying the feedback signals to the controller with an RL policy and show superior performance of our approach on a contact-rich peg-insertion task under position and orientation uncertainty. In addition, we use a recent Cartesian impedance control architecture as the control framework which can be available to us as a black-box while assuming no knowledge about its input/output structure, and show the difficulties of standard RPL. Furthermore, we introduce an adaptive curriculum for the given task to gradually increase the task difficulty in terms of position and orientation uncertainty. A video showing the results can be found at https://youtu.be/SAZm_Krze7U.","2153-0866","978-1-6654-1714-3","10.1109/IROS51168.2021.9636176","","https://ieeexplore.ieee.org/stamp/stamp.jsp?arnumber=9636176","","Uncertainty;Additives;Reinforcement learning;Control theory;Impedance;Task analysis;Standards","","11","","28","IEEE","16 Dec 2021","27 Sept.-1 Oct. 2021","27 Sept.-1 Oct. 2021","IEEE","IEEE Conferences"
"DEALIO: Data-Efficient Adversarial Learning for Imitation from Observation","F. Torabi; G. Warnell; P. Stone","Department of Computer Science, The University of Texas at Austin, USA; Department of Computer Science, Army Research Laboratory, USA, The University of Texas at Austin, USA; Department of Computer Science, The University of Texas at Austin and Sony AI, USA",2021 IEEE/RSJ International Conference on Intelligent Robots and Systems (IROS),"16 Dec 2021","2021","","","2391","2397","In imitation learning from observation (IfO), a learning agent seeks to imitate a demonstrating agent using only observations of the demonstrated behavior without access to the control signals generated by the demonstrator. Recent methods based on adversarial imitation learning have led to state-of-the-art performance on IfO problems, but they typically suffer from high sample complexity due to a reliance on data-inefficient, model-free reinforcement learning algorithms. This issue makes them impractical to deploy in real-world settings, where gathering samples can incur high costs in terms of time, energy, and risk. In this work, we hypothesize that we can incorporate ideas from model-based reinforcement learning with adversarial methods for IfO in order to increase the data efficiency of these methods without sacrificing performance. Specifically, we consider time-varying linear Gaussian policies, and propose a method that integrates the linear-quadratic regulator with path integral policy improvement into an existing adversarial IfO framework. The result is a more data-efficient IfO algorithm with better performance, which we show empirically in four simulation domains: using far fewer interactions with the environment, the proposed method exhibits similar or better performance than the existing technique.","2153-0866","978-1-6654-1714-3","10.1109/IROS51168.2021.9636169","","https://ieeexplore.ieee.org/stamp/stamp.jsp?arnumber=9636169","","Regulators;Costs;Reinforcement learning;Data models;Adversarial machine learning;Complexity theory;Intelligent robots","","4","","38","IEEE","16 Dec 2021","27 Sept.-1 Oct. 2021","27 Sept.-1 Oct. 2021","IEEE","IEEE Conferences"
"Learning to Design and Construct Bridge without Blueprint","Y. Li; T. Kong; L. Li; Y. Li; Y. Wu","Institute for Interdisciplinary Information Sciences, Tsinghua University, Beijing, China; ByteDance AI Lab, Beijing, China; University of California Santa Barbara; ByteDance AI Lab, Beijing, China; Institute for Interdisciplinary Information Sciences, Tsinghua University, Beijing, China",2021 IEEE/RSJ International Conference on Intelligent Robots and Systems (IROS),"16 Dec 2021","2021","","","2398","2405","Autonomous assembly has been a desired functionality of many intelligent robot systems. We study a new challenging assembly task, designing and constructing a bridge without a blueprint. In this task, the robot needs to first design a feasible bridge architecture for arbitrarily wide cliffs and then manipulate the blocks reliably to construct a stable bridge according to the proposed design. In this paper, we propose a bi-level approach to tackle this task. At the high level, the system learns a bridge blueprint policy in a physical simulator using deep reinforcement learning and curriculum learning. A policy is represented as an attention-based neural network with object-centric input, which enables generalization to different number of blocks and cliff widths. For low-level control, we implement a motion-planning-based policy for real-robot motion control, which can be directly combined with a trained blueprint policy for real-world bridge construction without tuning. In our field study, our bi-level robot system demonstrates the capability of manipulating blocks to construct a diverse set of bridges with different architectures.","2153-0866","978-1-6654-1714-3","10.1109/IROS51168.2021.9636280","","https://ieeexplore.ieee.org/stamp/stamp.jsp?arnumber=9636280","","Bridges;Shape;Neural networks;Reinforcement learning;Reliability engineering;Manipulators;Task analysis","","7","","35","IEEE","16 Dec 2021","27 Sept.-1 Oct. 2021","27 Sept.-1 Oct. 2021","IEEE","IEEE Conferences"
"Interpretable Run-Time Prediction and Planning in Co-Robotic Environments","R. Peddi; N. Bezzo","Department of Systems and Information Engineering and the Charles L. Brown Department of Electrical and Computer Engineering, University of Virginia, Charlottesville, VA, USA; Department of Systems and Information Engineering and the Charles L. Brown Department of Electrical and Computer Engineering, University of Virginia, Charlottesville, VA, USA",2021 IEEE/RSJ International Conference on Intelligent Robots and Systems (IROS),"16 Dec 2021","2021","","","2504","2510","Mobile robots are traditionally developed to be reactive and avoid collisions with surrounding humans, often moving in unnatural ways without following social protocols, forcing people to behave very differently from human-human interaction rules. Humans, on the other hand, are seamlessly able to understand why they may interfere with surrounding humans and change their behavior based on their reasoning, resulting in smooth, intuitive avoiding behaviors. In this paper, we propose an approach for a mobile robot to avoid interfering with the desired paths of surrounding humans. We leverage a library of previously observed trajectories to design a decision-tree based interpretable monitor that: i) predicts whether the robot is interfering with surrounding humans, ii) explains what behaviors are causing either prediction, and iii) plans corrective behaviors if interference is predicted. We also propose a validation scheme to improve the predictive model at run-time. The proposed approach is validated with simulations and experiments involving an unmanned ground vehicle (UGV) performing go-to-goal operations in the presence of humans, demonstrating non-interfering behaviors and run-time learning.","2153-0866","978-1-6654-1714-3","10.1109/IROS51168.2021.9636282","Advanced Research Projects Agency; ","https://ieeexplore.ieee.org/stamp/stamp.jsp?arnumber=9636282","","Protocols;Interference;Predictive models;Libraries;Land vehicles;Trajectory;Planning","","3","","21","IEEE","16 Dec 2021","27 Sept.-1 Oct. 2021","27 Sept.-1 Oct. 2021","IEEE","IEEE Conferences"
"Multi-Agent Reinforcement Learning for Visibility-based Persistent Monitoring","J. Chen; A. Baskaran; Z. Zhang; P. Tokekar","University of Maryland, USA; University of Maryland, USA; University of Maryland, USA; University of Maryland, USA",2021 IEEE/RSJ International Conference on Intelligent Robots and Systems (IROS),"16 Dec 2021","2021","","","2563","2570","The Visibility-based Persistent Monitoring (VPM) problem seeks to find a set of trajectories (or controllers) for robots to persistently monitor a changing environment. Each robot has a sensor, such as a camera, with a limited field-of-view that is obstructed by obstacles in the environment. The robots may need to coordinate with each other to ensure no point in the environment is left unmonitored for long periods of time. We model the problem such that there is a penalty that accrues every time step if a point is left unmonitored. However, the dynamics of the penalty are unknown to us. We present a Multi-Agent Reinforcement Learning (MARL) algorithm for the VPM problem. Specifically, we present a Multi-Agent Graph Attention Proximal Policy Optimization (MA-G-PPO) algorithm that takes as input the local observations of all agents combined with a low resolution global map to learn a policy for each agent. The graph attention allows agents to share their information with others leading to an effective joint policy. Our main focus is to understand how effective MARL is for the VPM problem. We investigate five research questions with this broader goal. We find that MA-G-PPO is able to learn a better policy than the non-RL baseline in most cases, the effectiveness depends on agents sharing information with each other, and the policy learnt shows emergent behavior for the agents.","2153-0866","978-1-6654-1714-3","10.1109/IROS51168.2021.9635898","National Science Foundation; Office of Naval Research; ","https://ieeexplore.ieee.org/stamp/stamp.jsp?arnumber=9635898","","Training;Robot kinematics;Heuristic algorithms;Robot vision systems;Reinforcement learning;Trajectory;Kernel","","15","","30","IEEE","16 Dec 2021","27 Sept.-1 Oct. 2021","27 Sept.-1 Oct. 2021","IEEE","IEEE Conferences"
"An Adversarial Objective for Scalable Exploration","B. Bucher; K. Schmeckpeper; N. Matni; K. Daniilidis","GRASP Laboratory, University of Pennsylvania; GRASP Laboratory, University of Pennsylvania; GRASP Laboratory, University of Pennsylvania; GRASP Laboratory, University of Pennsylvania",2021 IEEE/RSJ International Conference on Intelligent Robots and Systems (IROS),"16 Dec 2021","2021","","","2670","2677","Collecting new experience is costly in many robotic tasks, so determining how to efficiently explore in a new environment to learn as much as possible in as few trials as possible is an important problem for robotics. In this paper, we propose a method for exploring for the purpose of learning a dynamics model. Our key idea is to minimize a score given by a discriminator network as an objective for a planner which chooses actions. This discriminator is optimized jointly with a prediction model and enables our active learning approach to sample sequences of observations and actions which result in predictions considered the least realistic by the discriminator. Comparable existing exploration methods cannot operate in many prediction-planning pipelines used in robotic learning without hardware modifications to standard robotics platforms in order to accommodate their large compute requirements, so the primary contribution of our adversarial exploration method is scalability. We demonstrate progressively increased performance of our adversarial exploration approach compared to leading model-based exploration strategies as compute is restricted in simulated environments. We further demonstrate the ability of our adversarial method to scale to a robotic manipulation prediction-planning pipeline where we improve sample efficiency and prediction performance for a domain transfer problem.","2153-0866","978-1-6654-1714-3","10.1109/IROS51168.2021.9636298","","https://ieeexplore.ieee.org/stamp/stamp.jsp?arnumber=9636298","","Computational modeling;Scalability;Pipelines;Predictive models;Hardware;Data models;Task analysis","","2","","53","IEEE","16 Dec 2021","27 Sept.-1 Oct. 2021","27 Sept.-1 Oct. 2021","IEEE","IEEE Conferences"
"Robotic Occlusion Reasoning for Efficient Object Existence Prediction","M. Li; C. Weber; M. Kerzel; J. H. Lee; Z. Zeng; Z. Liu; S. Wermter","Department of Informatics Knowledge Technology, Knowledge Technology, University of Hamburg, Hamburg, Germany; Department of Informatics Knowledge Technology, Knowledge Technology, University of Hamburg, Hamburg, Germany; Department of Informatics Knowledge Technology, Knowledge Technology, University of Hamburg, Hamburg, Germany; Department of Informatics Knowledge Technology, Knowledge Technology, University of Hamburg, Hamburg, Germany; Department of Computer Science and Technology, Tsinghua University, Beijing, China; Department of Computer Science and Technology, Tsinghua University, Beijing, China; Department of Informatics Knowledge Technology, Knowledge Technology, University of Hamburg, Hamburg, Germany",2021 IEEE/RSJ International Conference on Intelligent Robots and Systems (IROS),"16 Dec 2021","2021","","","2686","2692","Reasoning about potential occlusions is essential for robots to efficiently predict whether an object exists in an environment. Though existing work shows that a robot with active perception can achieve various tasks, it is still unclear if occlusion reasoning can be achieved. To answer this question, we introduce the task of robotic object existence prediction: when being asked about an object, a robot needs to move as few steps as possible around a table with randomly placed objects to predict whether the queried object exists. To address this problem, we propose a novel recurrent neural network model that can be jointly trained with supervised and reinforcement learning methods using a curriculum training strategy. Experimental results show that 1) both active perception and occlusion reasoning are necessary to successfully achieve the task; 2) the proposed model demonstrates a good occlusion reasoning ability by achieving a similar prediction accuracy to an exhaustive exploration baseline while requiring only about 10% of the baseline’s number of movement steps on average; and 3) the model generalizes to novel object combinations with a moderate loss of accuracy.","2153-0866","978-1-6654-1714-3","10.1109/IROS51168.2021.9635947","China Scholarship Council; ","https://ieeexplore.ieee.org/stamp/stamp.jsp?arnumber=9635947","","Training;Recurrent neural networks;Supervised learning;Active perception;Training data;Reinforcement learning;Predictive models","","6","","21","IEEE","16 Dec 2021","27 Sept.-1 Oct. 2021","27 Sept.-1 Oct. 2021","IEEE","IEEE Conferences"
"Towards a Manipulator System for Disposal of Waste from Patients Undergoing Chemotherapy","H. -Y. Li; L. S. Ho; A. Athukorala; W. Y. Lu; A. Dharmawan; J. L. F. Guo; M. M. L. Tan; K. C. Wong; N. S. Ng; M. M. X. Tan; H. C. Oh; D. Tiang; W. W. Hong; F. Tan; G. K. Png; I. Khoo; C. Yuen; P. P. Hsu; C. Ee Lee; U. -X. Tan","Pillar of Engineering Product Development, Singapore University of Technology and Design, Singapore; National Cancer Centre Singapore, Singapore; Pillar of Engineering Product Development, Singapore University of Technology and Design, Singapore; Pillar of Engineering Product Development, Singapore University of Technology and Design, Singapore; Pillar of Engineering Product Development, Singapore University of Technology and Design, Singapore; National Cancer Centre Singapore, Singapore; National Cancer Centre Singapore, Singapore; Changi General Hospital, Singapore; Changi General Hospital, Singapore; Changi General Hospital, Singapore; Changi General Hospital, Singapore; Singapore Health Services, Singapore; Singapore Health Services, Singapore; Singapore Health Services, Singapore; Changi General Hospital, Singapore; SIIX-AGT Medtech Pte. Ltd, Singapore; Pillar of Engineering Product Development, Singapore University of Technology and Design, Singapore; Singapore Health Services, Singapore; Singapore Health Services, Singapore; Pillar of Engineering Product Development, Singapore University of Technology and Design, Singapore",2021 IEEE/RSJ International Conference on Intelligent Robots and Systems (IROS),"16 Dec 2021","2021","","","2949","2955","There has been an increasing demand to automate the non-patient care matters so that the clinical staff can focus on delivering patient care. For example, out-patients undergoing chemotherapy increases their toilet usage frequency due to the treatment. As they are undergoing chemotherapy, their output waste contains a level of chemical. This task is compulsory yet troublesome and time-consuming so it is often desired to be removed from the nursing staff for them to focus on patient care. Hence, in this paper, we propose a manipulator system to automatically dispose the bedpan used by patients undergoing chemotherapy. The main technical challenge lies in the removal of the bedpan from the commode as the interaction of the grasping is highly dynamic, along with the different conditions of the bedpans. To address this manipulation issue, a Residual Reinforcement Learning (RRL) method that leverages vision-based commode pose estimation and the reinforcement learning (RL)-based uncertainty compensation for improvement of the grasping accuracy is proposed to increase the robustness of the disposal. The experiments conducted show that the manipulator can dispose the bedpan without human intervention and the proposed method achieves a 100 % success rate while the traditional method without RL is only 50 %.","2153-0866","978-1-6654-1714-3","10.1109/IROS51168.2021.9636865","","https://ieeexplore.ieee.org/stamp/stamp.jsp?arnumber=9636865","","Training;Chemotherapy;Uncertainty;Q-learning;Pose estimation;Medical services;Grasping","","1","","25","IEEE","16 Dec 2021","27 Sept.-1 Oct. 2021","27 Sept.-1 Oct. 2021","IEEE","IEEE Conferences"
"Human-Robot Collaboration for Heavy Object Manipulation: Kinesthetic Teaching of the Role of Wheeled Mobile Manipulator","H. Xing; A. Torabi; L. Ding; H. Gao; W. Li; V. K. Mushahwar; M. Tavakoli","State Key Laboratory of Robotics and System, Harbin Institute of Technology, Harbin, China; Department of Electrical and Computer Engineering, University of Alberta, Alberta, Canada; State Key Laboratory of Robotics and System, Harbin Institute of Technology, Harbin, China; State Key Laboratory of Robotics and System, Harbin Institute of Technology, Harbin, China; State Key Laboratory of Robotics and System, Harbin Institute of Technology, Harbin, China; Department of Medicine, Division of Physical Medicine and Rehabilitation, University of Alberta, Alberta, Canada; Department of Electrical and Computer Engineering, University of Alberta, Alberta, Canada",2021 IEEE/RSJ International Conference on Intelligent Robots and Systems (IROS),"16 Dec 2021","2021","","","2962","2969","Human-robot collaboration (HRC) significantly extends robotic systems’ applications when working in spaces like houses, hospitals, or laboratories. However, new challenges appear during a close collaboration between humans and robots and imitating the movement of humans by robots. Learning from demonstration (LfD), or kinesthetic teaching, is a popular approach to help teach a robot human behavior by demonstrations without the need to explicitly reprogram the robot for different procedures. In this paper, we propose a method for object manipulation, including lifting, carrying, and lowering the object through a collaboration of a human with a wheeled mobile manipulator (WMM). The WMM is first trained with the help of a human demonstrator to collaborate with the user to execute the task. Then, the WMM will independently cooperate with the user by reproducing the learned skills to perform the same task. The redundancy of the WMM will also be employed to enhance its force exertion capability in the vertical direction to offset the object’s weight. The advantages and effectiveness of the proposed method are investigated through experiments.","2153-0866","978-1-6654-1714-3","10.1109/IROS51168.2021.9635910","National Natural Science Foundation of China; China Scholarship Council; ","https://ieeexplore.ieee.org/stamp/stamp.jsp?arnumber=9635910","","Training;Torque;Force;Redundancy;Laboratories;Collaboration;Manipulators","","14","","23","IEEE","16 Dec 2021","27 Sept.-1 Oct. 2021","27 Sept.-1 Oct. 2021","IEEE","IEEE Conferences"
"Semantic-aware Active Perception for UAVs using Deep Reinforcement Learning","L. Bartolomei; L. Teixeira; M. Chli","Vision For Robotics Lab, ETH Zürich, Switzerland; Vision For Robotics Lab, ETH Zürich, Switzerland; Vision For Robotics Lab, ETH Zürich, Switzerland",2021 IEEE/RSJ International Conference on Intelligent Robots and Systems (IROS),"16 Dec 2021","2021","","","3101","3108","This work presents a semantic-aware path-planning pipeline for Unmanned Aerial Vehicles (UAVs) using deep reinforcement learning for vision-based navigation in challenging environments. Driven by the maturity of works in semantic segmentation, the proposed path-planning architecture uses reinforcement learning to distinguish the parts of the scene that are perceptually more informative using semantic cues, in effect guiding more robust, repeatable, and accurate navigation of the UAV to the predefined goal destination. Assuming that the UAV performs vision-based state estimation, such as keyframe-based visual odometry, and semantic segmentation onboard, the proposed deep policy network continuously evaluates the optimal relative perceptual informativeness of each semantic class in view. A perception-aware path planner uses these informativeness values to perform trajectory optimization in order to generate the next best action with respect to the current state and the perception quality of the surroundings, essentially guiding the UAV to avoid flying over perceptually degraded regions. Thanks to the use of semantic cues, the policy can be trained in a large number of non-photorealistic randomly-generated scenes, and results to an architecture that is generalizable to environments with the same semantic classes, independently of their visual appearance. Extensive evaluations on challenging, photorealistic simulations reveal a remarkable improvement in robustness and success rate with the proposed approach over the state of the art in active perception. Video – https://youtu.be/RaO3whUBVnc","2153-0866","978-1-6654-1714-3","10.1109/IROS51168.2021.9635893","National Science Foundation; ","https://ieeexplore.ieee.org/stamp/stamp.jsp?arnumber=9635893","","Visualization;Uncertainty;Navigation;Semantics;Pipelines;Active perception;Reinforcement learning","","30","","26","IEEE","16 Dec 2021","27 Sept.-1 Oct. 2021","27 Sept.-1 Oct. 2021","IEEE","IEEE Conferences"
"Prioritized Indoor Exploration with a Dynamic Deadline","S. Datta; S. Akella","Department of Computer Science, University of North Carolina at Charlotte, NC, USA; Department of Computer Science, University of North Carolina at Charlotte, NC, USA",2021 IEEE/RSJ International Conference on Intelligent Robots and Systems (IROS),"16 Dec 2021","2021","","","3131","3137","Indoor exploration using mobile robots has typically focused on exploring the entire environment without considering deadlines. This paper introduces a priority-based exploration algorithm for situations with an initially unknown and dynamically assigned deadline. The goal of our exploration strategy is to determine the geometric structure of an unknown environment as rapidly as possible and return to the home location. This is necessary for dangerous environments where an initial rapid robot exploration provides critical information about the layout for subsequent operations. For example, firefighters, for whom time is of the essence, can utilize the map generated by this robotic exploration to navigate a building on fire. We present a three-part strategy to solve this problem. First, we represent the physical environment as an exploration graph, whose vertices represent the local environment with its geometric and semantic information. Second, we assign priority values to these vertices based on their environment regions. Third, we present a graph exploration algorithm that employs the vertex priorities. Simulation experiments on a set of graph environments and Gazebo environments demonstrate that, in contrast to prior approaches that ignore the semantic information, our priority-based exploration algorithm enables the robot to efficiently explore more of the environment while satisfying its deadline constraints.","2153-0866","978-1-6654-1714-3","10.1109/IROS51168.2021.9636199","","https://ieeexplore.ieee.org/stamp/stamp.jsp?arnumber=9636199","","Simultaneous localization and mapping;Navigation;Heuristic algorithms;Buildings;Semantics;Neural networks;Layout","","","","21","IEEE","16 Dec 2021","27 Sept.-1 Oct. 2021","27 Sept.-1 Oct. 2021","IEEE","IEEE Conferences"
"Spatial Action Maps Augmented with Visit Frequency Maps for Exploration Tasks","Z. Wang; N. Papanikolopoulos","Minnesota Robotics Institute (MnRI), University of Minnesota, Minneapolis, MN, USA; Faculty of the Department of Computer Science and Engineering, University of Minnesota, Minneapolis, MN, USA",2021 IEEE/RSJ International Conference on Intelligent Robots and Systems (IROS),"16 Dec 2021","2021","","","3175","3181","Reinforcement learning has been widely applied in exploration, navigation, manipulation, and other fields. Most of the relevant techniques generate kinematic commands (e.g., move, stop, turn) for agents based on the current state information. However, recent dense action representations based research, such as spatial action maps, pointing way-points to the agent in the same domain as its observation of the state shows great promise in mobile manipulation tasks. Inspired by that, we make the first step towards using a spatial action maps based method to effectively explore novel environmental spaces. To reduce the chance of redundant exploration, the visit frequency map (VFM) and its corresponding reward function are introduced to direct the agent to actively search previously unexplored areas. In the experimental section, our work was compared to the same method without VFM and the method based on traditional steering commands with the same input data in various environments. The results show conclusively that our method is more efficient than other methods. The project page is: https://github.com/zxwang96/sam-exploration","2153-0866","978-1-6654-1714-3","10.1109/IROS51168.2021.9636813","","https://ieeexplore.ieee.org/stamp/stamp.jsp?arnumber=9636813","","Training;Navigation;Reinforcement learning;Kinematics;Frequency diversity;Space exploration;Task analysis","","6","","26","IEEE","16 Dec 2021","27 Sept.-1 Oct. 2021","27 Sept.-1 Oct. 2021","IEEE","IEEE Conferences"
"Learning Symbolic Operators for Task and Motion Planning","T. Silver; R. Chitnis; J. Tenenbaum; L. P. Kaelbling; T. Lozano-Pérez",MIT Computer Science and Artificial Intelligence Laboratory; MIT Computer Science and Artificial Intelligence Laboratory; MIT Computer Science and Artificial Intelligence Laboratory; MIT Computer Science and Artificial Intelligence Laboratory; MIT Computer Science and Artificial Intelligence Laboratory,2021 IEEE/RSJ International Conference on Intelligent Robots and Systems (IROS),"16 Dec 2021","2021","","","3182","3189","Robotic planning problems in hybrid state and action spaces can be solved by integrated task and motion planners (TAMP) that handle the complex interaction between motion-level decisions and task-level plan feasibility. TAMP approaches rely on domain-specific symbolic operators to guide the task-level search, making planning efficient. In this work, we formalize and study the problem of operator learning for TAMP. Central to this study is the view that operators define a lossy abstraction of the transition model of a domain. We then propose a bottom-up relational learning method for operator learning and show how the learned operators can be used for planning in a TAMP system. Experimentally, we provide results in three domains, including long-horizon robotic planning tasks. We find our approach to substantially outperform several baselines, including three graph neural network-based model-free approaches from the recent literature. Video: https://youtu.be/iVfpX9BpBRo. Code: https://git.io/JCT0g","2153-0866","978-1-6654-1714-3","10.1109/IROS51168.2021.9635941","","https://ieeexplore.ieee.org/stamp/stamp.jsp?arnumber=9635941","","Learning systems;Reinforcement learning;Planning;Task analysis;Standards;Intelligent robots","","35","","30","IEEE","16 Dec 2021","27 Sept.-1 Oct. 2021","27 Sept.-1 Oct. 2021","IEEE","IEEE Conferences"
"Sample-efficient Reinforcement Learning Representation Learning with Curiosity Contrastive Forward Dynamics Model","T. Nguyen; T. M. Luu; T. Vu; C. D. Yoo","Faculty of Electrical Engineering, Korea Advanced Institute of Science and Technology, Daejeon, Republic of Korea; Faculty of Electrical Engineering, Korea Advanced Institute of Science and Technology, Daejeon, Republic of Korea; Faculty of Electrical Engineering, Korea Advanced Institute of Science and Technology, Daejeon, Republic of Korea; Faculty of Electrical Engineering, Korea Advanced Institute of Science and Technology, Daejeon, Republic of Korea",2021 IEEE/RSJ International Conference on Intelligent Robots and Systems (IROS),"16 Dec 2021","2021","","","3471","3477","Developing an agent in reinforcement learning (RL) that is capable of performing complex control tasks directly from high-dimensional observation such as raw pixels is a challenge as efforts still need to be made towards improving sample efficiency and generalization of RL algorithm. This paper considers a learning framework for a Curiosity Contrastive Forward Dynamics Model (CCFDM) to achieve a more sample-efficient RL based directly on raw pixels. CCFDM incorporates a forward dynamics model (FDM) and performs contrastive learning to train its deep convolutional neural network-based image encoder (IE) to extract conducive spatial and temporal information to achieve a more sample efficiency for RL. In addition, during training, CCFDM provides intrinsic rewards, produced based on FDM prediction error, and encourages the curiosity of the RL agent to improve exploration. The diverge and less-repetitive observations provided by both our exploration strategy and data augmentation available in contrastive learning improve not only the sample efficiency but also the generalization . Performance of existing model-free RL methods such as Soft Actor-Critic built on top of CCFDM outperforms prior state-of-the-art pixel-based RL methods on the DeepMind Control Suite benchmark.","2153-0866","978-1-6654-1714-3","10.1109/IROS51168.2021.9636536","","https://ieeexplore.ieee.org/stamp/stamp.jsp?arnumber=9636536","","Training;Representation learning;Heuristic algorithms;Reinforcement learning;Predictive models;Frequency division multiplexing;Data mining","","16","","54","IEEE","16 Dec 2021","27 Sept.-1 Oct. 2021","27 Sept.-1 Oct. 2021","IEEE","IEEE Conferences"
"A Joint Imitation-Reinforcement Learning Framework for Reduced Baseline Regret","S. Dey; S. Pendurkar; G. Sharon; J. P. Hanna","Department of Computer Science and Engineering, Texas A&M University, College Station, TX, USA; Department of Computer Science and Engineering, Texas A&M University, College Station, TX, USA; Department of Computer Science and Engineering, Texas A&M University, College Station, TX, USA; Computer Sciences Department, University of Wisconsin—Madison, Madison, WI, USA",2021 IEEE/RSJ International Conference on Intelligent Robots and Systems (IROS),"16 Dec 2021","2021","","","3485","3491","In various control task domains, existing controllers provide a baseline level of performance that—though possibly suboptimal—should be maintained. Reinforcement learning (RL) algorithms that rely on extensive exploration of the state and action space can be used to optimize a control policy. However, fully exploratory RL algorithms may decrease performance below a baseline level during training. In this paper, we address the issue of online optimization of a control policy while minimizing regret with respect to a baseline policy performance. We present a joint imitation-reinforcement learning framework, denoted JIRL. The learning process in JIRL assumes the availability of a baseline policy and is designed with two objectives in mind (a) training while leveraging demonstrations from the baseline policy to minimize regret with respect to the baseline policy, and (b) eventually surpassing the baseline performance. JIRL addresses these objectives by initially learning to imitate the baseline policy and gradually shifting control from the baseline to an RL agent. Experimental results show that JIRL effectively accomplishes the aforementioned objectives in several, continuous action-space domains. The results demonstrate that JIRL is comparable to a state-of-the-art algorithm in its final performance while incurring significantly lower baseline regret during training. Moreover, the results show a reduction factor of up to 21 in baseline regret over a trust-region-based approach that guarantees monotonic policy improvement.","2153-0866","978-1-6654-1714-3","10.1109/IROS51168.2021.9636294","","https://ieeexplore.ieee.org/stamp/stamp.jsp?arnumber=9636294","","Training;Measurement uncertainty;Process control;Switches;Reinforcement learning;Control systems;Entropy","","5","","37","IEEE","16 Dec 2021","27 Sept.-1 Oct. 2021","27 Sept.-1 Oct. 2021","IEEE","IEEE Conferences"
"Passing Through Narrow Gaps with Deep Reinforcement Learning","B. Tidd; A. Cosgun; J. Leitner; N. Hudson","Queensland University of Technology (QUT), Australia; Monash University, Australia; Queensland University of Technology (QUT), Australia; Robotics and Autonomous Systems Group, CSIRO, Pullenvale, QLD, Australia",2021 IEEE/RSJ International Conference on Intelligent Robots and Systems (IROS),"16 Dec 2021","2021","","","3492","3498","The DARPA subterranean challenge requires teams of robots to traverse difficult and diverse underground environments. Traversing small gaps is one of the challenging scenarios that robots encounter. Imperfect sensor information makes it difficult for classical navigation methods, where behaviours require significant manual fine tuning. In this paper we present a deep reinforcement learning method for autonomously navigating through small gaps, where contact between the robot and the gap may be required. We first learn a gap behaviour policy to get through small gaps (only centimeters wider than the robot). We then learn a goal-conditioned behaviour selection policy that determines when to activate the gap behaviour policy. We train our policies in simulation and demonstrate their effectiveness with a large tracked robot in simulation and on the real platform. In simulation experiments, our approach achieves 93% success rate when the gap behaviour is activated manually by an operator, and 63% with autonomous activation using the behaviour selection policy. In real robot experiments, our approach achieves a success rate of 73% with manual activation, and 40% with autonomous behaviour selection. While we show the feasibility of our approach in simulation, the difference in performance between simulated and real world scenarios highlight the difficulty of direct sim-to-real transfer for deep reinforcement learning policies. In both the simulated and real world environments alternative methods were unable to traverse the gap.","2153-0866","978-1-6654-1714-3","10.1109/IROS51168.2021.9636773","","https://ieeexplore.ieee.org/stamp/stamp.jsp?arnumber=9636773","","Training;Navigation;Reinforcement learning;Manuals;Robot sensing systems;Reliability;Noise measurement","","6","","27","IEEE","16 Dec 2021","27 Sept.-1 Oct. 2021","27 Sept.-1 Oct. 2021","IEEE","IEEE Conferences"
"HARL-A: Hardware Agnostic Reinforcement Learning Through Adversarial Selection","L. Jackson; S. Eckersley; P. Senior; S. Hadfield",University of Surrey; Surrey Satellite Technology Limited; Surrey Satellite Technology Limited; University of Surrey,2021 IEEE/RSJ International Conference on Intelligent Robots and Systems (IROS),"16 Dec 2021","2021","","","3499","3505","The use of reinforcement learning (RL) has led to huge advancements in the field of robotics. However data scarcity, brittle convergence and the gap between simulation & real world environments, mean that most common RL approaches are subject to over fitting and fail to generalise to unseen environments. Hardware agnostic policies would mitigate this by allowing a single network to operate in a variety of test domains, where dynamics vary due to changes in robotic morphologies or internal parameters. We utilise the idea that learning to adapt a known and successful control policy is easier and more flexible than jointly learning numerous control policies for different morphologies.This paper presents the idea of Hardware Agnostic Reinforcement Learning using Adversarial selection (HARL-A). In this approach training examples are sampled using a novel adversarial loss function. This is designed to self regulate morphologies based on their learning potential. Simply applying our learning potential based loss function to current state-of-the-art already provides ~ 30% improvement in performance. Meanwhile experiments using the full implementation of HARL-A report an average increase of 70% to a standard RL baseline and 55% compared with current state-of-the-art.","2153-0866","978-1-6654-1714-3","10.1109/IROS51168.2021.9636167","Engineering and Physical Sciences Research Council; ","https://ieeexplore.ieee.org/stamp/stamp.jsp?arnumber=9636167","","Measurement;Training;Morphology;Training data;Reinforcement learning;Network architecture;Hardware","","2","","27","IEEE","16 Dec 2021","27 Sept.-1 Oct. 2021","27 Sept.-1 Oct. 2021","IEEE","IEEE Conferences"
"Motion Planning for Autonomous Vehicles in the Presence of Uncertainty Using Reinforcement Learning","K. Rezaee; P. Yadmellat; S. Chamorro","Noah’s Ark Lab., Huawei Technologies, Markham, Ontario, Canada; Noah’s Ark Lab., Huawei Technologies, Markham, Ontario, Canada; ECE Department, Université de Sherbrooke, Sherbrooke, Quebec, Canada",2021 IEEE/RSJ International Conference on Intelligent Robots and Systems (IROS),"16 Dec 2021","2021","","","3506","3511","Motion planning under uncertainty is one of the main challenges in developing autonomous driving vehicles. In this work, we focus on the uncertainty in sensing and perception, resulted from a limited field of view, occlusions, and sensing range. This problem is often tackled by considering hypothetical hidden objects in occluded areas or beyond the sensing range to guarantee passive safety. However, this may result in conservative planning and expensive computation, particularly when numerous hypothetical objects need to be considered. We propose a reinforcement learning (RL) based solution to manage uncertainty by optimizing for the worst case outcome. This approach is in contrast to traditional RL, where the agents try to maximize the average expected reward. The proposed approach is built on top of the Distributional RL with its policy optimization maximizing the stochastic outcomes’ lower bound. This modification can be applied to a range of RL algorithms. As a proof-of-concept, the approach is applied to two different RL algorithms, Soft Actor-Critic and DQN. The approach is evaluated against two challenging scenarios of pedestrians crossing with occlusion and curved roads with a limited field of view. The algorithm is trained and evaluated using the SUMO traffic simulator. The proposed approach yields much better motion planning behavior compared to conventional RL algorithms and behaves comparably to humans driving style.","2153-0866","978-1-6654-1714-3","10.1109/IROS51168.2021.9636480","","https://ieeexplore.ieee.org/stamp/stamp.jsp?arnumber=9636480","","Uncertainty;Roads;Reinforcement learning;Robot sensing systems;Planning;Sensors;Safety","","22","","20","IEEE","16 Dec 2021","27 Sept.-1 Oct. 2021","27 Sept.-1 Oct. 2021","IEEE","IEEE Conferences"
"Safe Continuous Control with Constrained Model-Based Policy Optimization","M. A. Zanger; K. Daaboul; J. Marius Zöllner","Karlsruhe Institute of Technology, Karlsruhe, Germany; Karlsruhe Institute of Technology, Karlsruhe, Germany; Karlsruhe Institute of Technology, Karlsruhe, Germany",2021 IEEE/RSJ International Conference on Intelligent Robots and Systems (IROS),"16 Dec 2021","2021","","","3512","3519","The applicability of reinforcement learning (RL) algorithms in real-world domains often requires adherence to safety constraints, a need difficult to address given the asymptotic nature of the classic RL optimization objective. In contrast to the traditional RL objective, safe exploration considers the maximization of expected returns under safety constraints expressed in expected cost returns. We introduce a model-based safe exploration algorithm for constrained high-dimensional control to address the often prohibitively high sample complexity of model-free safe exploration algorithms. Further, we provide theoretical and empirical analyses regarding the implications of model-usage on constrained policy optimization problems and introduce a practical algorithm that accelerates policy search with model-generated data. The need for accurate estimates of a policy’s constraint satisfaction is in conflict with accumulating model-errors. We address this issue by quantifying model-uncertainty as the expected Kullback-Leibler divergence between predictions of an ensemble of probabilistic dynamics models and constrain this error-measure, resulting in an adaptive resampling scheme and dynamically limited rollout horizons. We evaluate this approach on several simulated constrained robot locomotion tasks with high-dimensional action- and state-spaces. Our empirical studies find that our algorithm reaches model-free performances with a 10-20 fold reduction of training samples while maintaining approximate constraint satisfaction levels of model-free methods.","2153-0866","978-1-6654-1714-3","10.1109/IROS51168.2021.9635984","","https://ieeexplore.ieee.org/stamp/stamp.jsp?arnumber=9635984","","Training;Adaptation models;Heuristic algorithms;Predictive models;Prediction algorithms;Approximation algorithms;Data models","","9","","30","IEEE","16 Dec 2021","27 Sept.-1 Oct. 2021","27 Sept.-1 Oct. 2021","IEEE","IEEE Conferences"
"Fast-Learning Grasping and Pre-Grasping via Clutter Quantization and Q-map Masking","D. Ren; X. Ren; X. Wang; S. T. Digumarti; G. Shi","School of Mechatronic Engineering and Automation, Shanghai University, Shanghai, China; School of Mechatronic Engineering and Automation, Shanghai University, Shanghai, China; School of Mechatronic Engineering and Automation, Shanghai University, Shanghai, China; Sydney Institute for Robotics and Intelligent Systems, The University of Sydney, Sydney, NSW, Australia; Sydney Institute for Robotics and Intelligent Systems, The University of Sydney, Sydney, NSW, Australia",2021 IEEE/RSJ International Conference on Intelligent Robots and Systems (IROS),"16 Dec 2021","2021","","","3611","3618","Grasping objects in cluttered scenarios is a challenging task in robotics. Performing pre-grasp actions such as pushing and shifting to scatter objects is a way to reduce clutter. Based on deep reinforcement learning, we propose a Fast-Learning Grasping (FLG) framework, that can integrate pre-grasping actions along with grasping to pick up objects from cluttered scenarios with reduced real-world training time. We associate rewards for performing moving actions with the change of environmental clutter and utilize a hybrid triggering method, leading to data-efficient learning and synergy. Then we use the output of an extended fully convolutional network as the value function of each pixel point of the workspace and establish an accurate estimation of the grasp probability for each action. We also introduce a mask function as prior knowledge to enable the agents to focus on the accurate pose adjustment to improve the effectiveness of collecting training data and, hence, to learn efficiently. We carry out pre-training of the FLG over simulated environment, and then the learnt model is transferred to the real world with minimal fine-tuning for further learning during actions. Experimental results demonstrate a 94% grasp success rate and the ability to generalize to novel objects. Compared to state-of-the-art approaches in the literature, the proposed FLG framework can achieve similar or higher grasp success rate with lesser amount of training in the real world. Supplementary video is available at https://youtu.be/KTGj1fGU6ho.","2153-0866","978-1-6654-1714-3","10.1109/IROS51168.2021.9636165","","https://ieeexplore.ieee.org/stamp/stamp.jsp?arnumber=9636165","","Training;Quantization (signal);Training data;Estimation;Grasping;Reinforcement learning;Clutter","","10","","28","IEEE","16 Dec 2021","27 Sept.-1 Oct. 2021","27 Sept.-1 Oct. 2021","IEEE","IEEE Conferences"
"Joint Space Control via Deep Reinforcement Learning","V. Kumar; D. Hoeller; B. Sundaralingam; J. Tremblay; S. Birchfield",Georgia Tech.; Georgia Tech.; Georgia Tech.; Georgia Tech.; Georgia Tech.,2021 IEEE/RSJ International Conference on Intelligent Robots and Systems (IROS),"16 Dec 2021","2021","","","3619","3626","The dominant way to control a robot manipulator uses hand-crafted differential equations leveraging some form of inverse kinematics / dynamics. We propose a simple, versatile joint-level controller that dispenses with differential equations entirely. A deep neural network, trained via model-free reinforcement learning, is used to map from task space to joint space. Experiments show the method capable of achieving similar error to traditional methods, while greatly simplifying the process by automatically handling redundancy, joint limits, and acceleration / deceleration profiles. The basic technique is extended to avoid obstacles by augmenting the input to the network with information about the nearest obstacles. Results are shown both in simulation and on a real robot via sim-to-real transfer of the learned policy. We show that it is possible to achieve sub-centimeter accuracy, both in simulation and the real world, with a moderate amount of training.","2153-0866","978-1-6654-1714-3","10.1109/IROS51168.2021.9636477","","https://ieeexplore.ieee.org/stamp/stamp.jsp?arnumber=9636477","","Training;Redundancy;Transfer learning;Reinforcement learning;Differential equations;Aerospace electronics;Real-time systems","","21","","56","IEEE","16 Dec 2021","27 Sept.-1 Oct. 2021","27 Sept.-1 Oct. 2021","IEEE","IEEE Conferences"
"A Multi-Target Trajectory Planning of a 6-DoF Free-Floating Space Robot via Reinforcement Learning","S. Wang; X. Zheng; Y. Cao; T. Zhang","Department of Automation, Institute of Navigation and Control, Tsinghua University, Beijing, China; Department of Computer Science, City University of Hong Kong, Hong Kong, China; Beijing Institute of Control Engineering, Beijing, China; Department of Automation, Institute of Navigation and Control, Tsinghua University, Beijing, China",2021 IEEE/RSJ International Conference on Intelligent Robots and Systems (IROS),"16 Dec 2021","2021","","","3724","3730","Space robots have played an essential role in space junk removal. Compared with traditional model-based methods, model-free reinforcement learning methods are promising in tackling space capture missions, which is challenging due to the dynamic singular problem and measuring errors of dynamics parameters. Nevertheless, current research mostly focus on the single-target environment. In this paper, we propose a multi-target trajectory planning strategy of a 6-DoF free-floating space robot optimized by the Proximal Policy Optimization (PPO) algorithm. Furthermore, we adopt some augmentation techniques to improve the PPO algorithm on precision and stability of reaching multiple targets. In particular, we introduce an Action Ensembles Based on Poisson Distribution (AEP) method, which facilitates the policy to efficiently approximate the optimal policy. Our method can be easily extended to realize the task that the end-effector tracks a specific trajectory. We evaluate our approach on four tasks: circle trajectory tracking, external disturbances at joints, different masses of the base, and even single joint failure, without any further fine-tuning. The results suggest that the planning strategy has comparably high adaptability and anti-inference capacity. Qualitative results (videos) are available at [36].","2153-0866","978-1-6654-1714-3","10.1109/IROS51168.2021.9636681","","https://ieeexplore.ieee.org/stamp/stamp.jsp?arnumber=9636681","","Trajectory planning;Heuristic algorithms;Reinforcement learning;Approximation algorithms;Stability analysis;Robustness;End effectors","","24","","28","IEEE","16 Dec 2021","27 Sept.-1 Oct. 2021","27 Sept.-1 Oct. 2021","IEEE","IEEE Conferences"
"Learning to Play Pursuit-Evasion with Visibility Constraints","S. Engin; Q. Jiang; V. Isler",University of Minnesota; University of Minnesota; University of Minnesota,2021 IEEE/RSJ International Conference on Intelligent Robots and Systems (IROS),"16 Dec 2021","2021","","","3858","3863","We study the problem of pursuit-evasion for a single pursuer and an evader in polygonal environments where the players have visibility constraints. The pursuer is tasked with catching the evader as quickly as possible while the evader tries to avoid being captured. We formalize this problem as a zero-sum game where the players have private observations and conflicting objectives.One of the challenging aspects of this game is due to limited visibility. When a player, for example, the pursuer does not see the evader, it needs to reason about all possible locations of the evader. This causes an exponential increase in the size of the state space as compared to the arena size. To overcome the challenges associated with large state spaces, we introduce a new learning-based method that compresses the game state and uses it to plan actions for the players. The results indicate that our method outperforms the existing reinforcement learning methods, and performs competitively against the current state-of-the-art randomized strategy in complex environments.","2153-0866","978-1-6654-1714-3","10.1109/IROS51168.2021.9635959","","https://ieeexplore.ieee.org/stamp/stamp.jsp?arnumber=9635959","","Learning systems;Games;Reinforcement learning;Task analysis;Game theory;Intelligent robots","","5","","27","IEEE","16 Dec 2021","27 Sept.-1 Oct. 2021","27 Sept.-1 Oct. 2021","IEEE","IEEE Conferences"
"OHPL: One-shot Hand-eye Policy Learner","C. Oh; Y. L. Pang; A. Cavallaro","Centre for Intelligent Sensing, Queen Mary University of London, London, United Kingdom; Centre for Intelligent Sensing, Queen Mary University of London, London, United Kingdom; Centre for Intelligent Sensing, Queen Mary University of London, London, United Kingdom",2021 IEEE/RSJ International Conference on Intelligent Robots and Systems (IROS),"16 Dec 2021","2021","","","3904","3910","The control of a robot for manipulation tasks generally relies on object detection and pose estimation. An attractive alternative is to learn control policies directly from raw input data. However, this approach is time-consuming and expensive since learning the policy requires many trials with robot actions in the physical environment. To reduce the training cost, the policy can be learned in simulation with a large set of synthetic images. The limit of this approach is the domain gap between the simulation and the robot workspace. In this paper, we propose to learn a policy for robot reaching movements from a single image captured directly in the robot workspace from a camera placed on the end-effector (a hand-eye camera). The idea behind the proposed policy learner is that view changes seen from the hand-eye camera produced by actions in the robot workspace are analogous to locating a region-of-interest in a single image by performing sequential object localisation. This similar view change enables training of object reaching policies using reinforcement-learning-based sequential object localisation. To facilitate the adaptation of the policy to view changes in the robot workspace, we further present a dynamic filter that learns to bias an input state to remove irrelevant information for an action decision. The proposed policy learner can be used as a powerful representation for robotic tasks, and we validate it on static and moving object reaching tasks.","2153-0866","978-1-6654-1714-3","10.1109/IROS51168.2021.9636835","CHIST-ERA; ","https://ieeexplore.ieee.org/stamp/stamp.jsp?arnumber=9636835","","Training;Robot vision systems;Robot control;Pose estimation;Object detection;Cameras;Task analysis","","1","","49","IEEE","16 Dec 2021","27 Sept.-1 Oct. 2021","27 Sept.-1 Oct. 2021","IEEE","IEEE Conferences"
"Deformable Elasto-Plastic Object Shaping using an Elastic Hand and Model-Based Reinforcement Learning","C. Matl; R. Bajcsy","Department of Electrical Engineering and Computer Science, University of California, Berkeley, CA, USA; Department of Electrical Engineering and Computer Science, University of California, Berkeley, CA, USA",2021 IEEE/RSJ International Conference on Intelligent Robots and Systems (IROS),"16 Dec 2021","2021","","","3955","3962","Deformable solid objects such as clay or dough are prevalent in industrial and home environments. However, robotic manipulation of such objects has largely remained unexplored in literature due to the high complexity involved in representing and modeling their deformation. This work addresses the problem of shaping elasto-plastic dough by proposing to use a novel elastic end-effector to roll dough in a reinforcement learning framework. The transition model for the end-effector-to-dough interactions is learned from one hour of robot exploration, and doughs of different hydration levels are rolled out into varying lengths. Experimental results are encouraging, with the proposed framework accomplishing the task of rolling out dough into a specified length with 60% fewer actions than a heuristic method. Furthermore, we show that estimating stiffness using the soft end-effector can be used to effectively initialize models, improving robot performance by approximately 40% over incorrect model initialization.","2153-0866","978-1-6654-1714-3","10.1109/IROS51168.2021.9636808","National Science Foundation; ","https://ieeexplore.ieee.org/stamp/stamp.jsp?arnumber=9636808","","Deformable models;Solid modeling;Shape;Service robots;Reinforcement learning;Solids;End effectors","","19","","36","IEEE","16 Dec 2021","27 Sept.-1 Oct. 2021","27 Sept.-1 Oct. 2021","IEEE","IEEE Conferences"
"Temporal Force Synergies in Human Grasping","J. Starke; M. Keller; A. Asfour","Institute for Anthropomatics and Robotics, Karlsruhe Institute of Technology, Karlsruhe, Germany; Institute for Anthropomatics and Robotics, Karlsruhe Institute of Technology, Karlsruhe, Germany; Institute for Anthropomatics and Robotics, Karlsruhe Institute of Technology, Karlsruhe, Germany",2021 IEEE/RSJ International Conference on Intelligent Robots and Systems (IROS),"16 Dec 2021","2021","","","3963","3970","Humans can intuitively grasp objects of different shape and weight. Throughout the grasp execution they control and coordinate the grasp forces at all contact points between the hand and the object to achieve a stable grasp. Dexterous grasping with humanoid hands relies on the perfect coordination between grasp posture and force balance at the contact points in a high dimensional space and remains a challenge. In this paper, we present temporal force synergies describing the change in human grasp forces during the grasp execution in a low-dimensional space based on two new grasp synergy models: 1) static force synergies that are derived by a Principal Component Analysis and represent temporal grasp forces as a sequence of time-independent synergy configurations and 2) dynamic force synergies that are learned by a recurrent neural network and encode the temporal change of grasp forces throughout grasp execution in a latent synergy space clustered by grasp types. We show that both synergy spaces encode human grasp forces with an error of less than 2% and allow the generation of human-like grasp force patterns. Grasp forces for stable grasps described by the dynamic force synergies achieve a grasp quality comparable to demonstrated human grasps in simulation.","2153-0866","978-1-6654-1714-3","10.1109/IROS51168.2021.9636223","Ministry of Education; ","https://ieeexplore.ieee.org/stamp/stamp.jsp?arnumber=9636223","","Smoothing methods;Shape;Force;Dynamics;Grasping;Reinforcement learning;Aerospace electronics","","5","","39","IEEE","16 Dec 2021","27 Sept.-1 Oct. 2021","27 Sept.-1 Oct. 2021","IEEE","IEEE Conferences"
"Trajectory-based Split Hindsight Reverse Curriculum Learning","J. Wu; D. Zhang; S. Zhong; H. Qiao","State Key Laboratory for Management and Control of Complex Systems, Institute of Automation, Chinese Academy of Sciences, Beijing, China; State Key Laboratory for Management and Control of Complex Systems, Institute of Automation, Chinese Academy of Sciences, Beijing, China; State Key Laboratory for Management and Control of Complex Systems, Institute of Automation, Chinese Academy of Sciences, Beijing, China; School of Artificial Intelligence, University of Chinese Academy of Sciences, Beijing, China",2021 IEEE/RSJ International Conference on Intelligent Robots and Systems (IROS),"16 Dec 2021","2021","","","3971","3978","Grasping is one of the most fundamental problems in robotic manipulation. In recent years, with the development of data-driven methods, reinforcement learning has been used in solving robotic grasping problems. However, grasping is a long-horizon and sparse reward task, whose natural reward only appears when the task is successfully achieved. Therefore, it brings great challenges to the deployment of reinforcement learning methods. To tackle this difficulty, we propose a new method called Trajectory-based Split Hindsight Reverse Curriculum Learning. This method of reverse learning from the goal can greatly improve the learning efficiency and the final performance of the tasks. Specifically, based on referred trajectories, the agent starts to learn in a small state space near the goal and then gradually in larger state spaces until covering the entire state space. Through split hindsight experience replay, the sampled trajectory is divided into segments that match the current subspace's size; then, they are modified to successful trajectories to enable more efficient learning. In both simulation and real-world experiments, our method surpasses the existing methods and achieves the goal-oriented grasping tasks with higher success rates and better data efficiencies. The detailed experimental results can be viewed at https://youtu.be/7uNRzmRZhDk.","2153-0866","978-1-6654-1714-3","10.1109/IROS51168.2021.9636842","National Key Research and Development Program of China; National Natural Science Foundation of China; National Natural Science Foundation of China; ","https://ieeexplore.ieee.org/stamp/stamp.jsp?arnumber=9636842","","Visualization;Heuristic algorithms;Stacking;Grasping;Reinforcement learning;Gaussian distribution;Data models","","1","","31","IEEE","16 Dec 2021","27 Sept.-1 Oct. 2021","27 Sept.-1 Oct. 2021","IEEE","IEEE Conferences"
"Autonomous Bi-Manual Surgical Suturing Based on Skills Learned from Demonstration","K. L. Schwaner; I. Iturrate; J. K. H. Andersen; P. T. Jensen; T. R. Savarimuthu","Faculty of Engineering, SDU Robotics, The Mærsk Mc-Kinney Møller Institute, University of Southern Denmark, Odense, Denmark; Faculty of Engineering, SDU Robotics, The Mærsk Mc-Kinney Møller Institute, University of Southern Denmark, Odense, Denmark; Faculty of Engineering, SDU Robotics, The Mærsk Mc-Kinney Møller Institute, University of Southern Denmark, Odense, Denmark; Department of Gynaecology and Obstetrics, Aarhus University Hospital, Aarhus, Denmark; Faculty of Engineering, SDU Robotics, The Mærsk Mc-Kinney Møller Institute, University of Southern Denmark, Odense, Denmark",2021 IEEE/RSJ International Conference on Intelligent Robots and Systems (IROS),"16 Dec 2021","2021","","","4017","4024","We present a novel application of Learning from Demonstration to realize a fully autonomous bi-manual surgical suturing task, including needle pick up, insertion, re-grasping, extraction and hand-over. Surgical action primitives are learned from a single human demonstration and encoded into an action library from which they are pulled to compose more elaborate tasks at planning/execution time. The method is demonstrated in a non-clinical setting, using unmodified surgical instruments with a custom surgical robot system. We use stereo vision to automatically detect the suture needle and entry points to close the control loop and generalize tasks to different task conditions. The suturing task is shown to generalize well to differing initial conditions with a success rate of 17 % for the full task, a mean subtask success rate of 75 % and mean needle insertion error of 3.3 mm over the course of 46 trial task executions at human speed. Failures could all be attributed to erroneous vision-based detection, pose estimation and robot calibration.","2153-0866","978-1-6654-1714-3","10.1109/IROS51168.2021.9636432","","https://ieeexplore.ieee.org/stamp/stamp.jsp?arnumber=9636432","","Instruments;Pose estimation;Robot vision systems;Surgery;Needles;Libraries;Calibration","","19","","33","IEEE","16 Dec 2021","27 Sept.-1 Oct. 2021","27 Sept.-1 Oct. 2021","IEEE","IEEE Conferences"
"Safe Reinforcement Learning using Formal Verification for Tissue Retraction in Autonomous Robotic-Assisted Surgery","A. Pore; D. Corsi; E. Marchesini; D. Dall’Alba; A. Casals; A. Farinelli; P. Fiorini","Department of Computer Science, University of Verona, Verona, Italy; Department of Computer Science, University of Verona, Verona, Italy; Department of Computer Science, University of Verona, Verona, Italy; Department of Computer Science, University of Verona, Verona, Italy; Center of Research in Biomedical Engineering, Universitat Politècnica de Catalunya, Barcelona, Spain; Department of Computer Science, University of Verona, Verona, Italy; Department of Computer Science, University of Verona, Verona, Italy",2021 IEEE/RSJ International Conference on Intelligent Robots and Systems (IROS),"16 Dec 2021","2021","","","4025","4031","Deep Reinforcement Learning (DRL) is a viable solution for automating repetitive surgical subtasks due to its ability to learn complex behaviours in a dynamic environment. This task automation could lead to reduced surgeon’s cognitive workload, increased precision in critical aspects of the surgery, and fewer patient-related complications. However, current DRL methods do not guarantee any safety criteria as they maximise cumulative rewards without considering the risks associated with the actions performed. Due to this limitation, the application of DRL in the safety-critical paradigm of robot-assisted Minimally Invasive Surgery (MIS) has been constrained. In this work, we introduce a Safe-DRL framework that incorporates safety constraints for the automation of surgical subtasks via DRL training. We validate our approach in a virtual scene that replicates a tissue retraction task commonly occurring in multiple phases of an MIS. Furthermore, to evaluate the safe behaviour of the robotic arms, we formulate a formal verification tool for DRL methods that provides the probability of unsafe configurations. Our results indicate that a formal analysis guarantees safety with high confidence such that the robotic instruments operate within the safe workspace and avoid hazardous interaction with other anatomical structures.","2153-0866","978-1-6654-1714-3","10.1109/IROS51168.2021.9636175","","https://ieeexplore.ieee.org/stamp/stamp.jsp?arnumber=9636175","","Training;Automation;Tissue damage;Virtual environments;Reinforcement learning;Safety;Trajectory","","41","","31","IEEE","16 Dec 2021","27 Sept.-1 Oct. 2021","27 Sept.-1 Oct. 2021","IEEE","IEEE Conferences"
"Communicative Learning with Natural Gestures for Embodied Navigation Agents with Human-in-the-Scene","Q. Wu; C. -J. Wu; Y. Zhu; J. Joo",UCLA; UCLA; UCLA; UCLA,2021 IEEE/RSJ International Conference on Intelligent Robots and Systems (IROS),"16 Dec 2021","2021","","","4095","4102","Human-robot collaboration is an essential re-search topic in artificial intelligence (AI), enabling researchers to devise cognitive AI systems and affords an intuitive means for users to interact with the robot. Of note, communication plays a central role. To date, prior studies in embodied agent navigation have only demonstrated that human languages facilitate communication by instructions in natural languages. Nevertheless, a plethora of other forms of communication is left unexplored. In fact, human communication originated in gestures and oftentimes is delivered through multimodal cues, e.g., “go there” with a pointing gesture. To bridge the gap and fill in the missing dimension of communication in embodied agent navigation, we propose investigating the effects of using gestures as the communicative interface instead of verbal cues. Specifically, we develop a VR-based 3D simulation environment, named Gesture-based THOR (Ges-THOR), based on AI2-THOR platform. In this virtual environment, a human player is placed in the same virtual scene and shepherds the artificial agent using only gestures. The agent is tasked to solve the navigation problem guided by natural gestures with unknown semantics; we do not use any predefined gestures due to the diversity and versatile nature of human gestures. We argue that learning the semantics of natural gestures is mutually beneficial to learning the navigation task—learn to communicate and communicate to learn. In a series of experiments, we demonstrate that human gesture cues, even without predefined semantics, improve the object-goal navigation for an embodied agent, outperforming various state-of-the-art methods.","2153-0866","978-1-6654-1714-3","10.1109/IROS51168.2021.9636208","","https://ieeexplore.ieee.org/stamp/stamp.jsp?arnumber=9636208","","Visualization;Solid modeling;Three-dimensional displays;Navigation;Semantics;Collaboration;Virtual environments","","15","","80","IEEE","16 Dec 2021","27 Sept.-1 Oct. 2021","27 Sept.-1 Oct. 2021","IEEE","IEEE Conferences"
"KB-Tree: Learnable and Continuous Monte-Carlo Tree Search for Autonomous Driving Planning","L. Lei; R. Luo; R. Zheng; J. Wang; J. Zhang; C. Qiu; L. Ma; L. Jin; P. Zhang; J. Chen","Department of Autonomous Driving Lab, Alibaba DAMO Academy, Hangzhou, China; College of Computer Science and Technology, Zhejiang University, Hangzhou, China; Department of Autonomous Driving Lab, Alibaba DAMO Academy, Hangzhou, China; Department of Autonomous Driving Lab, Alibaba DAMO Academy, Hangzhou, China; Department of Autonomous Driving Lab, Alibaba DAMO Academy, Hangzhou, China; Department of Autonomous Driving Lab, Alibaba DAMO Academy, Hangzhou, China; Department of Autonomous Driving Lab, Alibaba DAMO Academy, Hangzhou, China; Department of Autonomous Driving Lab, Alibaba DAMO Academy, Hangzhou, China; Department of Autonomous Driving Lab, Alibaba DAMO Academy, Hangzhou, China; Department of Autonomous Driving Lab, Alibaba DAMO Academy, Hangzhou, China",2021 IEEE/RSJ International Conference on Intelligent Robots and Systems (IROS),"16 Dec 2021","2021","","","4493","4500","In this paper, we present a novel learnable and continuous Monte-Carlo Tree Search method, named as KB-Tree, for motion planning in autonomous driving. The proposed method utilizes an asymptotical PUCB based on Kernel Regression (KR-AUCB) as a novel UCB variant, to improve the exploitation and exploration performance. In addition, we further optimize the sampling in continuous space by adapting Bayesian Optimization (BO) in the selection process of MCTS. Moreover, we use a customized Graph Neural Network (GNN) as our feature extractor to improve the learning performance. To the best of our knowledge, we are the first to apply the continuous MCTS method in autonomous driving. To validate our method, we conduct extensive experiments under several weakly and strongly interactive scenarios. The results show that our proposed method performs well in all tasks, and outperforms the learning-based continuous MCTS method and the state-of-the-art Reinforcement Learning (RL) baseline.","2153-0866","978-1-6654-1714-3","10.1109/IROS51168.2021.9636442","","https://ieeexplore.ieee.org/stamp/stamp.jsp?arnumber=9636442","","Monte Carlo methods;Search methods;Reinforcement learning;Feature extraction;Planning;Bayes methods;Kernel","","12","","38","IEEE","16 Dec 2021","27 Sept.-1 Oct. 2021","27 Sept.-1 Oct. 2021","IEEE","IEEE Conferences"
"Cooperative Autonomous Vehicles that Sympathize with Human Drivers","B. Toghi; R. Valiente; D. Sadigh; R. Pedarsani; Y. P. Fallah","Connected & Autonomous Vehicle Research Lab (CAVREL), University of Central Florida, Orlando, FL, USA; Connected & Autonomous Vehicle Research Lab (CAVREL), University of Central Florida, Orlando, FL, USA; Intelligent and Interactive Autonomous Systems Group (ILIAD), Stanford University, Stanford, CA, USA; Department of Electrical and Computer Engineering, University of California, Santa Barbara, CA, USA; Connected & Autonomous Vehicle Research Lab (CAVREL), University of Central Florida, Orlando, FL, USA",2021 IEEE/RSJ International Conference on Intelligent Robots and Systems (IROS),"16 Dec 2021","2021","","","4517","4524","Widespread adoption of autonomous vehicles will not become a reality until solutions are developed that enable these intelligent agents to co-exist with humans. This includes safely and efficiently interacting with human-driven vehicles, especially in both conflictive and competitive scenarios. We build up on the prior work on socially-aware navigation and borrow the concept of social value orientation from psychology —that formalizes how much importance a person allocates to the welfare of others— in order to induce altruistic behavior in autonomous driving. In contrast with existing works that explicitly model the behavior of human drivers and rely on their expected response to create opportunities for cooperation, our Sympathetic Cooperative Driving (SymCoDrive) paradigm trains altruistic agents that realize safe and smooth traffic flow in competitive driving scenarios only from experiential learning and without any explicit coordination. We demonstrate a significant improvement in both safety and traffic-level metrics as a result of this altruistic behavior and importantly conclude that the level of altruism in agents requires proper tuning as agents that are too altruistic also lead to sub-optimal traffic flow. The code and supplementary material are available at: https://symcodrive.toghi.net/","2153-0866","978-1-6654-1714-3","10.1109/IROS51168.2021.9636151","National Science Foundation; ","https://ieeexplore.ieee.org/stamp/stamp.jsp?arnumber=9636151","","Measurement;Codes;Navigation;Psychology;Safety;Intelligent agents;Autonomous vehicles","","41","","26","IEEE","16 Dec 2021","27 Sept.-1 Oct. 2021","27 Sept.-1 Oct. 2021","IEEE","IEEE Conferences"
"Reinforcement Learning based Negotiation-aware Motion Planning of Autonomous Vehicles","Z. Wang; Y. Zhuang; Q. Gu; D. Chen; H. Zhang; W. Liu","Noah’s Ark Lab, Huawei Technologies, Beijing, China; Noah’s Ark Lab, Huawei Technologies, Beijing, China; Noah’s Ark Lab, Huawei Technologies, Beijing, China; Noah’s Ark Lab, Huawei Technologies, Beijing, China; Noah’s Ark Lab, Huawei Technologies, Beijing, China; Noah’s Ark Lab, Huawei Technologies, Beijing, China",2021 IEEE/RSJ International Conference on Intelligent Robots and Systems (IROS),"16 Dec 2021","2021","","","4532","4537","For autonomous vehicles integrating onto road-ways with human traffic participants, it requires understanding and adapting to the participants’ intention by responding in predictable ways. This paper proposes a reinforcement learning based negotiation-aware motion planning framework, which adopts RL to adjust the driving style of the planner by dynamically modifying the prediction horizon length of the motion planner in real time adaptively. The framework models the interaction between the autonomous vehicle and other traffic participants as a Markov Decision Process. A temporal sequence of occupancy grid maps are taken as inputs for RL module to embed an implicit intention reasoning. Curriculum learning is employed to enhance the training efficiency and the robustness of the algorithm. We applied our method to narrow lane navigation in both simulation and real world to demonstrate that the proposed method outperforms the common alternative due to its advantage in alleviating the social dilemma problem with proper negotiation skills.","2153-0866","978-1-6654-1714-3","10.1109/IROS51168.2021.9635935","","https://ieeexplore.ieee.org/stamp/stamp.jsp?arnumber=9635935","","Training;Adaptation models;Navigation;Reinforcement learning;Robustness;Real-time systems;Planning","","12","","29","IEEE","16 Dec 2021","27 Sept.-1 Oct. 2021","27 Sept.-1 Oct. 2021","IEEE","IEEE Conferences"
"Terrain-Aware Risk-Assessment-Network-Aided Deep Reinforcement Learning for Quadrupedal Locomotion in Tough Terrain","H. Zhang; J. Wang; Z. Wu; Y. Wang; D. Wang","Machine Intelligence Lab (MiLAB), School of Engineering, Westlake University, Hangzhou, China; Machine Intelligence Lab (MiLAB), School of Engineering, Westlake University, Hangzhou, China; Machine Intelligence Lab (MiLAB), School of Engineering, Westlake University, Hangzhou, China; Machine Intelligence Lab (MiLAB), School of Engineering, Westlake University, Hangzhou, China; Machine Intelligence Lab (MiLAB), School of Engineering, Westlake University, Hangzhou, China",2021 IEEE/RSJ International Conference on Intelligent Robots and Systems (IROS),"16 Dec 2021","2021","","","4538","4545","When it comes to the control system of quadruped robots, deep reinforcement learning (DRL) is considered to be a promising solution. Despite years of development in this field, difficulties remain in guaranteeing the action stability of DRL-based quadruped robots’ locomotion, especially in tough terrain. In this paper, a terrain-aware teacher-student controller integrating a risk assessment network (RAN) is proposed to alleviate this problem. During the training phase, the RAN can evaluate the risk level of historical observation or current state and further guide the update of the policy, thereby assisting the policy in selecting better actions and avoid risky ones. Furthermore, the real-time elevation map is transmitted to the controller as visual information, so that it can perceive the terrain to produce higher performance locomotion. With the aforementioned configuration, we enable a robot to traverse various challenging terrain in simulation and bound or trot stably in the real environment.","2153-0866","978-1-6654-1714-3","10.1109/IROS51168.2021.9636519","","https://ieeexplore.ieee.org/stamp/stamp.jsp?arnumber=9636519","","Legged locomotion;Training;Visualization;Reinforcement learning;Stability analysis;Robustness;Real-time systems","","5","","39","IEEE","16 Dec 2021","27 Sept.-1 Oct. 2021","27 Sept.-1 Oct. 2021","IEEE","IEEE Conferences"
"Hierarchical Terrain-Aware Control for Quadrupedal Locomotion by Combining Deep Reinforcement Learning and Optimal Control","Q. Yao; J. Wang; D. Wang; S. Yang; H. Zhang; Y. Wang; Z. Wu","Shenyang Institute of Automation, and Institutes for Robotics and Intelligent Manufacturing, Chinese Academy of Sciences (CAS), Shenyang, China; University of California Santa Cruz, Santa Cruz, CA, USA; Machine Intelligence Lab (MiLAB), School of Engineering, Westlake University, Hangzhou, China; Machine Intelligence Lab (MiLAB), School of Engineering, Westlake University, Hangzhou, China; Machine Intelligence Lab (MiLAB), School of Engineering, Westlake University, Hangzhou, China; Machine Intelligence Lab (MiLAB), School of Engineering, Westlake University, Hangzhou, China; Machine Intelligence Lab (MiLAB), School of Engineering, Westlake University, Hangzhou, China",2021 IEEE/RSJ International Conference on Intelligent Robots and Systems (IROS),"16 Dec 2021","2021","","","4546","4551","Quadruped robots possess advantages on different terrains over other types of mobile robots by virtue of their flexible choices of foothold points. It is crucial to integrate terrain perception with motion planning to exploit the potential of quadruped robots. We propose a novel hierarchical terrain-aware control (HTC) framework, which leverages deep reinforcement learning (DRL) for the high-level planner and optimal control for the low-level controller. In general, traditional control methods yield better stability by using an optimization algorithm. In addition, DRL is able to offer more adaptive behavior. Our approach makes full use of the advantages of these two methods and possesses better adaptability and stability in challenging natural environments. Furthermore, the global height map of the terrain serves as visual information for the DRL, which determines the desired footholds for the robot’s leg swings and body postures. Optimal control calculates the torque of the joints on the standing legs to maintain body balance. Our method is tested on various terrains both simulated and real environments. The experimental results show that HTC can effectively enhance the adaptability of the quadruped robot by coordinating body posture.","2153-0866","978-1-6654-1714-3","10.1109/IROS51168.2021.9636738","Westlake University; ","https://ieeexplore.ieee.org/stamp/stamp.jsp?arnumber=9636738","","Legged locomotion;Visualization;Torque;Robot kinematics;Optimal control;Reinforcement learning;Stability analysis","","11","","24","IEEE","16 Dec 2021","27 Sept.-1 Oct. 2021","27 Sept.-1 Oct. 2021","IEEE","IEEE Conferences"
"Model-based Constrained Reinforcement Learning using Generalized Control Barrier Function","H. Ma; J. Chen; S. Eben; Z. Lin; Y. Guan; Y. Ren; S. Zheng","School of Vehicle and Mobility, Tsinghua University; Institute for Interdisciplinary Information Sciences, Tsinghua University; School of Vehicle and Mobility, Tsinghua University; School of Vehicle and Mobility, Tsinghua University; School of Vehicle and Mobility, Tsinghua University; School of Vehicle and Mobility, Tsinghua University; School of Vehicle and Mobility, Tsinghua University",2021 IEEE/RSJ International Conference on Intelligent Robots and Systems (IROS),"16 Dec 2021","2021","","","4552","4559","Model information can be used to predict future trajectories, so it has huge potential to avoid dangerous regions when applying reinforcement learning (RL) on real-world tasks, like autonomous driving. However, existing studies mostly use model-free constrained RL, which causes inevitable constraint violations. This paper proposes a model-based feasibility enhancement technique of constrained RL, which enhances the feasibility of policy using generalized control barrier function (GCBF) defined on the distance to constraint boundary. By using the model information, the policy can be optimized safely without violating actual safety constraints, and the sample efficiency is increased. The infeasibility in solving the constrained policy gradient is handled by an adaptive coefficient mechanism. We evaluate the proposed method in both simulations and real vehicle experiments in a complex autonomous driving collision avoidance task. The proposed method achieves up to four times fewer constraint violations and converges 3.36 times faster than baseline constrained RL approaches.","2153-0866","978-1-6654-1714-3","10.1109/IROS51168.2021.9636468","Natural Science Foundation of Jiangsu Province; ","https://ieeexplore.ieee.org/stamp/stamp.jsp?arnumber=9636468","","Adaptation models;Uncertainty;Reinforcement learning;Predictive models;Safety;Trajectory;Task analysis","","50","","26","IEEE","16 Dec 2021","27 Sept.-1 Oct. 2021","27 Sept.-1 Oct. 2021","IEEE","IEEE Conferences"
"Learning Human Rewards by Inferring Their Latent Intelligence Levels in Multi-Agent Games: A Theory-of-Mind Approach with Application to Driving Data","R. Tian; M. Tomizuka; L. Sun","University of California, Berkeley; University of California, Berkeley; University of California, Berkeley",2021 IEEE/RSJ International Conference on Intelligent Robots and Systems (IROS),"16 Dec 2021","2021","","","4560","4567","Reward function, as an incentive representation that recognizes humans’ agency and rationalizes humans’ actions, is particularly appealing for modeling human behavior in human-robot interaction. Inverse Reinforcement Learning is an effective way to retrieve reward functions from demonstrations. However, it has always been challenging when applying it to multi-agent settings since the mutual influence between agents has to be appropriately modeled. To tackle this challenge, previous work either exploits equilibrium solution concepts by assuming humans as perfectly rational optimizers with unbounded intelligence or pre-assigns humans’ interaction strategies a priori. In this work, we advocate that humans are bounded rational and have different intelligence levels when reasoning about others’ decision-making process, and such an inherent and latent characteristic should be accounted for in reward learning algorithms. Hence, we exploit such insights from Theory-of-Mind and propose a new multi-agent Inverse Reinforcement Learning framework that reasons about humans’ latent intelligence levels during learning. We validate our approach in both zero-sum and general-sum games with synthetic agents, and illustrate a practical application to learning human drivers’ reward functions from real driving data. We compare our approach with two baseline algorithms. The results show that by reasoning about humans’ latent intelligence levels, the proposed approach has more flexibility and capability to retrieve reward functions that explain humans’ driving behaviors better.","2153-0866","978-1-6654-1714-3","10.1109/IROS51168.2021.9636653","","https://ieeexplore.ieee.org/stamp/stamp.jsp?arnumber=9636653","","Human-robot interaction;Reinforcement learning;Games;Cognition;Game theory;Intelligent robots","","13","","32","IEEE","16 Dec 2021","27 Sept.-1 Oct. 2021","27 Sept.-1 Oct. 2021","IEEE","IEEE Conferences"
"Meta-Learning for Fast Adaptive Locomotion with Uncertainties in Environments and Robot Dynamics","T. Anne; J. Wilkinson; Z. Li","ENS, Rennes, France; School of Informatics, the University of Edinburgh, UK; School of Informatics, the University of Edinburgh, UK",2021 IEEE/RSJ International Conference on Intelligent Robots and Systems (IROS),"16 Dec 2021","2021","","","4568","4575","This work developed meta-learning control policies to achieve fast online adaptation to different changing conditions, which generate diverse and robust locomotion. The proposed method updates the interaction model constantly, samples feasible sequences of actions of estimated state-action trajectories, and then applies the optimal actions to maximize the reward. To achieve online model adaptation, our proposed method learns different latent vectors of each training condition, which is selected online based on newly collected data from the past 10 samples within 0.2s. Our work designs appropriate state space and reward functions, and optimizes feasible actions in an MPC fashion which are sampled directly in the joint space with constraints, hence requiring no prior design or training of specific gaits. We further demonstrated the robot’s capability of detecting unexpected changes during the interaction and adapting the control policy in less than 0.2s. The extensive validation on the SpotMicro robot in a physics simulation shows adaptive and robust locomotion skills under changing ground friction, external pushes, and different robot dynamics including motor failures and the whole leg amputation.","2153-0866","978-1-6654-1714-3","10.1109/IROS51168.2021.9635840","","https://ieeexplore.ieee.org/stamp/stamp.jsp?arnumber=9635840","","Legged locomotion;Training;Adaptation models;Uncertainty;Friction;Aerospace electronics;Data models","","17","","30","IEEE","16 Dec 2021","27 Sept.-1 Oct. 2021","27 Sept.-1 Oct. 2021","IEEE","IEEE Conferences"
"Monolithic vs. hybrid controller for multi-objective Sim-to-Real learning","A. Dag; A. Angleraud; W. Yang; N. Strokina; R. S. Pieters; M. Lanz; J. -K. Kämäräinen","Computing Sciences, Tampere University, Finland; Automation Technology and Mechanical Engineering, Tampere University, Finland; Computing Sciences, Tampere University, Finland; Computing Sciences, Tampere University, Finland; Automation Technology and Mechanical Engineering, Tampere University, Finland; Automation Technology and Mechanical Engineering, Tampere University, Finland; Computing Sciences, Tampere University, Finland",2021 IEEE/RSJ International Conference on Intelligent Robots and Systems (IROS),"16 Dec 2021","2021","","","4576","4582","Simulation to real (Sim-to-Real) is an attractive approach to construct controllers for robotic tasks that are easier to simulate than to analytically solve. Working Sim-to-Real solutions have been demonstrated for tasks with a clear single objective such as ""reach the target"". Real world applications, however, often consist of multiple simultaneous objectives such as ""reach the target"" but ""avoid obstacles"". A straightforward solution in the context of reinforcement learning (RL) is to combine multiple objectives into a multi-term reward function and train a single monolithic controller. Recently, a hybrid solution based on pre-trained single objective controllers and a switching rule between them was proposed. In this work, we compare these two approaches in the multi-objective setting of a robot manipulator to reach a target while avoiding an obstacle. Our findings show that the training of a hybrid controller is easier and obtains a better success-failure trade-off than a monolithic controller. The controllers trained in simulator were verified by a real set-up.","2153-0866","978-1-6654-1714-3","10.1109/IROS51168.2021.9636426","","https://ieeexplore.ieee.org/stamp/stamp.jsp?arnumber=9636426","","Training;Analytical models;Switches;Reinforcement learning;Manipulators;Control systems;Task analysis","","","","31","IEEE","16 Dec 2021","27 Sept.-1 Oct. 2021","27 Sept.-1 Oct. 2021","IEEE","IEEE Conferences"
"Centralizing State-Values in Dueling Networks for Multi-Robot Reinforcement Learning Mapless Navigation","E. Marchesini; A. Farinelli","Department of Computer Science, University of Verona, Verona, Italy; Department of Computer Science, University of Verona, Verona, Italy",2021 IEEE/RSJ International Conference on Intelligent Robots and Systems (IROS),"16 Dec 2021","2021","","","4583","4588","We study the problem of multi-robot mapless navigation in the popular Centralized Training and Decentralized Execution (CTDE) paradigm. This problem is challenging when each robot considers its path without explicitly sharing observations with other robots and can lead to non-stationary issues in Deep Reinforcement Learning (DRL). The typical CTDE algorithm factorizes the joint action-value function into individual ones, to favor cooperation and achieve decentralized execution. Such factorization involves constraints (e.g., monotonicity) that limit the emergence of novel behaviors in an individual as each agent is trained starting from a joint action-value. In contrast, we propose a novel architecture for CTDE that uses a centralized state-value network to compute a joint state-value, which is used to inject global state information in the value-based updates of the agents. Consequently, each model computes its gradient update for the weights, considering the overall state of the environment. Our idea follows the insights of Dueling Networks as a separate estimation of the joint state-value has both the advantage of improving sample efficiency, while providing each robot information whether the global state is (or is not) valuable. Experiments in a robotic navigation task with 2 4, and 8 robots, confirm the superior performance of our approach over prior CTDE methods (e.g., VDN, QMIX).","2153-0866","978-1-6654-1714-3","10.1109/IROS51168.2021.9636349","","https://ieeexplore.ieee.org/stamp/stamp.jsp?arnumber=9636349","","Training;Navigation;Computational modeling;Estimation;Reinforcement learning;Computer architecture;Task analysis","","16","","31","IEEE","16 Dec 2021","27 Sept.-1 Oct. 2021","27 Sept.-1 Oct. 2021","IEEE","IEEE Conferences"
"Learning a Generative Transition Model for Uncertainty-Aware Robotic Manipulation","L. Berscheid; P. Meißner; T. Kröger",Karlsruhe Institute of Technology (KIT); University of Aberdeen; Karlsruhe Institute of Technology (KIT),2021 IEEE/RSJ International Conference on Intelligent Robots and Systems (IROS),"16 Dec 2021","2021","","","4670","4677","Robot learning of real-world manipulation tasks remains challenging and time consuming, even though actions are often simplified by single-step manipulation primitives. In order to compensate the removed time dependency, we additionally learn an image-to-image transition model that is able to predict a next state including its uncertainty. We apply this approach to bin picking, the task of emptying a bin using grasping as well as pre-grasping manipulation as fast as possible. The transition model is trained with up to 42 000 pairs of real-world images before and after a manipulation action. Our approach enables two important skills: First, for applications with flange-mounted cameras, picks per hours (PPH) can be increased by around 15 % by skipping image measurements. Second, we use the model to plan action sequences ahead of time and optimize time-dependent rewards, e.g. to minimize the number of actions required to empty the bin. We evaluate both improvements with real-robot experiments and achieve over 700 PPH in the YCB Box and Blocks Test.","2153-0866","978-1-6654-1714-3","10.1109/IROS51168.2021.9636623","","https://ieeexplore.ieee.org/stamp/stamp.jsp?arnumber=9636623","","Uncertainty;Grasping;Predictive models;Cameras;Robot learning;Task analysis;Intelligent robots","","2","","24","IEEE","16 Dec 2021","27 Sept.-1 Oct. 2021","27 Sept.-1 Oct. 2021","IEEE","IEEE Conferences"
"Occlusion-Aware Search for Object Retrieval in Clutter","W. Bejjani; W. C. Agboh; M. R. Dogar; M. Leonetti","School of Computing, University of Leeds, United Kingdom; School of Computing, University of Leeds, United Kingdom; School of Computing, University of Leeds, United Kingdom; School of Computing, University of Leeds, United Kingdom",2021 IEEE/RSJ International Conference on Intelligent Robots and Systems (IROS),"16 Dec 2021","2021","","","4678","4685","We address the manipulation task of retrieving a target object from a cluttered shelf. When the target object is hidden, the robot must search through the clutter for retrieving it. Solving this task requires reasoning over the likely locations of the target object. It also requires physics reasoning over multi-object interactions and future occlusions. In this work, we present a data-driven hybrid planner for generating occlusion-aware actions in closed-loop. The hybrid planner explores likely locations of the occluded target object as predicted by a learned distribution from the observation stream. The search is guided by a heuristic trained with reinforcement learning to act on observations with occlusions. We evaluate our approach in different simulation and real-world settings (video available on https://youtu.be/dY7YQ3LUVQg). The results validate that our approach can search and retrieve a target object in near real time in the real world while only being trained in simulation.","2153-0866","978-1-6654-1714-3","10.1109/IROS51168.2021.9636230","","https://ieeexplore.ieee.org/stamp/stamp.jsp?arnumber=9636230","","Three-dimensional displays;Reinforcement learning;Streaming media;Search problems;Transformers;Solids;Cognition","","30","","40","IEEE","16 Dec 2021","27 Sept.-1 Oct. 2021","27 Sept.-1 Oct. 2021","IEEE","IEEE Conferences"
"Flocking and Collision Avoidance for a Dynamic Squad of Fixed-Wing UAVs Using Deep Reinforcement Learning","C. Yan; X. Xiang; C. Wang; Z. Lan","College of Intelligence Science and Technology, National University of Defense Technology, Changsha, China; College of Intelligence Science and Technology, National University of Defense Technology, Changsha, China; College of Intelligence Science and Technology, National University of Defense Technology, Changsha, China; College of Intelligence Science and Technology, National University of Defense Technology, Changsha, China",2021 IEEE/RSJ International Conference on Intelligent Robots and Systems (IROS),"16 Dec 2021","2021","","","4738","4744","Developing the flocking behavior for a dynamic squad of fixed-wing UAVs is still a challenge due to kinematic complexity and environmental uncertainty. In this paper, we deal with the decentralized flocking and collision avoidance problem through deep reinforcement learning (DRL). Specifically, we formulate a decentralized DRL-based decision making framework from the perspective of every follower, where a collision avoidance mechanism is integrated into the flocking controller. Then, we propose a novel reinforcement learning algorithm PS-CACER for training a shared control policy for all the followers. Besides, we design a plug-n-play embedding module based on convolutional neural networks and the attention mechanism. As a result, the variable-length system state can be encoded into a fixed-length embedding vector, which makes the learned DRL policy independent with the number and the order of followers. Finally, numerical simulation results demonstrate the effectiveness of the proposed method, and the learned policies can be directly transferred to semi-physical simulation without any parameter finetuning.","2153-0866","978-1-6654-1714-3","10.1109/IROS51168.2021.9636183","National Natural Science Foundation of China; ","https://ieeexplore.ieee.org/stamp/stamp.jsp?arnumber=9636183","","Training;Uncertainty;Heuristic algorithms;Reinforcement learning;Kinematics;Numerical simulation;Numerical models","","16","","29","IEEE","16 Dec 2021","27 Sept.-1 Oct. 2021","27 Sept.-1 Oct. 2021","IEEE","IEEE Conferences"
"Learning to Play Soccer From Scratch: Sample-Efficient Emergent Coordination Through Curriculum-Learning and Competition","P. Samtani; F. Leiva; J. Ruiz-del-Solar","Department of Electrical Engineering, Universidad de Chile, Santiago, Chile; Advanced Mining Technology Center (AMTC), Universidad de Chile, Santiago, Chile; Department of Electrical Engineering, Universidad de Chile, Santiago, Chile",2021 IEEE/RSJ International Conference on Intelligent Robots and Systems (IROS),"16 Dec 2021","2021","","","4745","4752","This work proposes a scheme that allows learning complex multi-agent behaviors in a sample efficient manner, applied to 2v2 soccer. The problem is formulated as a Markov game, and solved using deep reinforcement learning. We propose a basic multi-agent extension of TD3 for learning the policy of each player, in a decentralized manner. To ease learning, the task of 2v2 soccer is divided in three stages: 1v0, 1v1 and 2v2. The process of learning in multi-agent stages (1v1 and 2v2) uses agents trained in a previous stage as fixed opponents. In addition, we propose using experience sharing, a method that shares experience from a fixed opponent, trained in a previous stage, for training the agent currently learning, and a form of frame-skipping, to raise performance significantly. Our results show that high quality soccer play can be obtained with our approach in just under 40M interactions. A summarized video of the resulting game play can be found in https://youtu.be/pScrKNqfELE.","2153-0866","978-1-6654-1714-3","10.1109/IROS51168.2021.9636046","","https://ieeexplore.ieee.org/stamp/stamp.jsp?arnumber=9636046","","Training;Costs;Games;Reinforcement learning;Markov processes;Task analysis;Intelligent robots","","2","","25","IEEE","16 Dec 2021","27 Sept.-1 Oct. 2021","27 Sept.-1 Oct. 2021","IEEE","IEEE Conferences"
"Hiding Leader’s Identity in Leader-Follower Navigation through Multi-Agent Reinforcement Learning","A. Deka; W. Luo; H. Li; M. Lewis; K. Sycara","Robotics Institute, Carnegie Mellon University, Pittsburgh, USA; Robotics Institute, Carnegie Mellon University, Pittsburgh, USA; School of Computing and Information, University of Pittsburgh, Pittsburgh, USA; School of Computing and Information, University of Pittsburgh, Pittsburgh, USA; Robotics Institute, Carnegie Mellon University, Pittsburgh, USA",2021 IEEE/RSJ International Conference on Intelligent Robots and Systems (IROS),"16 Dec 2021","2021","","","4769","4776","Leader-follower navigation is a popular class of multi-robot algorithms where a leader robot leads the follower robots in a team. The leader has specialized capabilities or mission critical information (e.g. goal location) that the followers lack, and this makes the leader crucial for the mission’s success. However, this also makes the leader a vulnerability -an external adversary who wishes to sabotage the robot team’s mission can simply harm the leader and the whole robot team’s mission would be compromised. Since robot motion generated by traditional leader-follower navigation algorithms can reveal the identity of the leader, we propose a defense mechanism of hiding the leader’s identity by ensuring the leader moves in a way that behaviorally camouflages it with the followers, making it difficult for an adversary to identify the leader. To achieve this, we combine Multi-Agent Reinforcement Learning, Graph Neural Networks and adversarial training. Our approach enables the multi-robot team to optimize the primary task performance with leader motion similar to follower motion, behaviorally camouflaging it with the followers. Our algorithm outperforms existing work that tries to hide the leader’s identity in a multi-robot team by tuning traditional leader-follower control parameters with Classical Genetic Algorithms. We also evaluated human performance in inferring the leader’s identity and found that humans had lower accuracy when the robot team used our proposed navigation algorithm.","2153-0866","978-1-6654-1714-3","10.1109/IROS51168.2021.9636314","","https://ieeexplore.ieee.org/stamp/stamp.jsp?arnumber=9636314","","Training;Robot motion;Navigation;Mission critical systems;Reinforcement learning;Graph neural networks;Task analysis","","7","","18","IEEE","16 Dec 2021","27 Sept.-1 Oct. 2021","27 Sept.-1 Oct. 2021","IEEE","IEEE Conferences"
"Moving Forward in Formation: A Decentralized Hierarchical Learning Approach to Multi-Agent Moving Together","S. Liu; L. Wen; J. Cui; X. Yang; J. Cao; Y. Liu","State Key Laboratory of Industrial Control Technology and Institute of Cyber-Systems and Control, Zhejiang University, Zhejiang, China; State Key Laboratory of Industrial Control Technology and Institute of Cyber-Systems and Control, Zhejiang University, Zhejiang, China; State Key Laboratory of Industrial Control Technology and Institute of Cyber-Systems and Control, Zhejiang University, Zhejiang, China; State Key Laboratory of Industrial Control Technology and Institute of Cyber-Systems and Control, Zhejiang University, Zhejiang, China; State Key Laboratory of Industrial Control Technology and Institute of Cyber-Systems and Control, Zhejiang University, Zhejiang, China; State Key Laboratory of Industrial Control Technology and Institute of Cyber-Systems and Control, Zhejiang University, Zhejiang, China",2021 IEEE/RSJ International Conference on Intelligent Robots and Systems (IROS),"16 Dec 2021","2021","","","4777","4784","Multi-agent path finding in formation has many potential real-world applications like mobile warehouse robotics. However, previous multi-agent path finding (MAPF) methods hardly take formation into consideration. Further-more, they are usually centralized planners and require the whole state of the environment. Other decentralized partially observable approaches to MAPF are reinforcement learning (RL) methods. However, these RL methods encounter difficulties when learning path finding and formation problems at the same time. In this paper, we propose a novel decentralized partially observable RL algorithm that uses a hierarchical structure to decompose the multi-objective task into unrelated ones. It also calculates a theoretical weight that makes each tasks reward has equal influence on the final RL value function. Additionally, we introduce a communication method that helps agents cooperate with each other. Experiments in simulation show that our method outperforms other end-to-end RL methods and our method can naturally scale to large world sizes where centralized planner struggles. We also deploy and validate our method in a real-world scenario.","2153-0866","978-1-6654-1714-3","10.1109/IROS51168.2021.9636224","","https://ieeexplore.ieee.org/stamp/stamp.jsp?arnumber=9636224","","Deep learning;Reinforcement learning;Task analysis;Intelligent robots","","6","","42","IEEE","16 Dec 2021","27 Sept.-1 Oct. 2021","27 Sept.-1 Oct. 2021","IEEE","IEEE Conferences"
"Scalable Reinforcement Learning Policies for Multi-Agent Control","C. D. Hsu; H. Jeong; G. J. Pappas; P. Chaudhari","Department of Electrical & Systems Engineering and the GRASP Laboratory, University of Pennsylvania; Department of Electrical & Systems Engineering and the GRASP Laboratory, University of Pennsylvania; Department of Electrical & Systems Engineering and the GRASP Laboratory, University of Pennsylvania; Department of Electrical & Systems Engineering and the GRASP Laboratory, University of Pennsylvania",2021 IEEE/RSJ International Conference on Intelligent Robots and Systems (IROS),"16 Dec 2021","2021","","","4785","4791","We develop a Multi-Agent Reinforcement Learning (MARL) method to learn scalable control policies for target tracking. Our method can handle an arbitrary number of pursuers and targets; we show results for tasks consisting up to 1000 pursuers tracking 1000 targets. We use a decentralized, partially-observable Markov Decision Process framework to model pursuers as agents receiving partial observations (range and bearing) about targets which move using fixed, unknown policies. An attention mechanism is used to parameterize the value function of the agents; this mechanism allows us to handle an arbitrary number of targets. Entropy-regularized off-policy RL methods are used to train a stochastic policy, and we discuss how it enables a hedging behavior between pursuers that leads to a weak form of cooperation in spite of completely decentralized control execution. We further develop a masking heuristic that allows training on smaller problems with few pursuers-targets and execution on much larger problems. Thorough simulation experiments and comparisons to state of the art algorithms are performed to study the scalability of the approach and robustness of performance to varying numbers of agents and targets.","2153-0866","978-1-6654-1714-3","10.1109/IROS51168.2021.9636344","","https://ieeexplore.ieee.org/stamp/stamp.jsp?arnumber=9636344","","Training;Technological innovation;Target tracking;Uncertainty;Scalability;Decentralized control;Reinforcement learning","","24","","41","IEEE","16 Dec 2021","27 Sept.-1 Oct. 2021","27 Sept.-1 Oct. 2021","IEEE","IEEE Conferences"
"NaturalNets: Simplified Biological Neural Networks for Learning Complex Tasks","D. Zimmermann; B. Jürgens; P. Deubel; A. Koziolek","FZI Research Center for Information Technology, Karlsruhe, Germany; FZI Research Center for Information Technology, Karlsruhe, Germany; FZI Research Center for Information Technology, Karlsruhe, Germany; Institute for Program Structures and Data Organization, Karlsruhe Institute of Technology, Karlsruhe",2021 IEEE/RSJ International Conference on Intelligent Robots and Systems (IROS),"16 Dec 2021","2021","","","4896","4902","We present a new neural network architecture, called NaturalNet, which uses a simplified biological neuron model and consists of a set of nonlinear ordinary differential equations. We model the membrane potential of each neuron by integrating the in-flowing currents, but we do not consider ion channels, nor individual spikes. To keep the membrane potential within a defined value range, we introduce a suitable clipping mechanism. With our approach, we aim to develop agents solving complex tasks by providing a higher biological plausibility than commonly used neural networks for deep learning applications, while also offering low computational complexity to enable fast training. To demonstrate the learning capabilities of NaturalNets, we use the virtual robotic environments of the OpenAI Gym framework, a widely-used toolkit for developing and comparing reinforcement learning algorithms. We compared a variety of different widespread neural network architectures, including long short-term memory (LSTM), gated recurrent units (GRUs), feedforward, and Elman networks. Our experiments show that NaturalNets were able to perform well for all considered virtual robotic control tasks, where we apply the covariance matrix adaptation evolutionary strategy (CMAES) for training.","2153-0866","978-1-6654-1714-3","10.1109/IROS51168.2021.9636471","","https://ieeexplore.ieee.org/stamp/stamp.jsp?arnumber=9636471","","Training;Biological system modeling;Neurons;Membrane potentials;Computer architecture;Mathematical models;Convolutional neural networks","","","","18","IEEE","16 Dec 2021","27 Sept.-1 Oct. 2021","27 Sept.-1 Oct. 2021","IEEE","IEEE Conferences"
"ORCHID: Optimisation of Robotic Control and Hardware In Design using Reinforcement Learning","L. Jackson; C. Walters; S. Eckersley; P. Senior; S. Hadfield","GU2, University of Surrey; GU2, University of Surrey; Tycho House, GU2, Surrey Satellite Technology Limited; Tycho House, GU2, Surrey Satellite Technology Limited; GU2, University of Surrey",2021 IEEE/RSJ International Conference on Intelligent Robots and Systems (IROS),"16 Dec 2021","2021","","","4911","4917","The successful performance of any system is dependant on the hardware of the agent, which is typically immutable during RL training. In this work, we present ORCHID (Optimisation of Robotic Control and Hardware In Design) which allows for truly simultaneous optimisation of hardware and control parameters in an RL pipeline. We show that by forming a complex differential path through a trajectory rollout we can leverage a vast amount of information from the system that was previously lost in the ‘black-box’ environment. Combining this with a novel hardware-conditioned critic network minimises variance during training and ensures stable updates are made. This allows for refinements to be made to both the morphology and control parameters simultaneously. The result is an efficient and versatile approach to holistic robot design, that brings the final system nearer to true optimality. We show improvements in performance across 4 different test environments with two different control algorithms - in all experiments the maximum performance achieved with ORCHID is shown to be unattainable using only policy updates with the default design. We also show how re-designing a robot using ORCHID in simulation, transfers to a vast improvement in the performance of a real-world robot.","2153-0866","978-1-6654-1714-3","10.1109/IROS51168.2021.9635865","Engineering and Physical Sciences Research Council; ","https://ieeexplore.ieee.org/stamp/stamp.jsp?arnumber=9635865","","Training;Search methods;Robot kinematics;Morphology;Process control;Reinforcement learning;Hardware","","8","","26","IEEE","16 Dec 2021","27 Sept.-1 Oct. 2021","27 Sept.-1 Oct. 2021","IEEE","IEEE Conferences"
"Bootstrapping Motor Skill Learning with Motion Planning","B. Abbatematteo; E. Rosen; S. Tellex; G. Konidaris","Department of Computer Science, Brown University, Providence RI; Department of Computer Science, Brown University, Providence RI; Department of Computer Science, Brown University, Providence RI; Department of Computer Science, Brown University, Providence RI",2021 IEEE/RSJ International Conference on Intelligent Robots and Systems (IROS),"16 Dec 2021","2021","","","4926","4933","Learning a robot motor skill from scratch is impractically slow; so much so that in practice, learning must typically be bootstrapped using human demonstration. However, relying on human demonstration necessarily degrades the autonomy of robots that must learn a wide variety of skills over their operational lifetimes. We propose using kinematic motion planning as a completely autonomous, sample efficient way to bootstrap motor skill learning for object manipulation. We demonstrate the use of motion planners to bootstrap motor skills in two complex object manipulation scenarios with different policy representations: opening a drawer with a dynamic movement primitive representation, and closing a microwave door with a deep neural network policy. We also show how our method can bootstrap a motor skill for the challenging dynamic task of learning to hit a ball off a tee, where a kinematic plan based on treating the scene as static is insufficient to solve the task, but sufficient to bootstrap a more dynamic policy. In all three cases, our method is competitive with human-demonstrated initialization, and significantly out-performs starting with a random policy. This approach enables robots to to efficiently and autonomously learn motor policies for dynamic tasks without human demonstration.","2153-0866","978-1-6654-1714-3","10.1109/IROS51168.2021.9636661","","https://ieeexplore.ieee.org/stamp/stamp.jsp?arnumber=9636661","","Dynamics;Kinematics;Reinforcement learning;Microwave theory and techniques;Search problems;Planning;Noise measurement","","4","","34","IEEE","16 Dec 2021","27 Sept.-1 Oct. 2021","27 Sept.-1 Oct. 2021","IEEE","IEEE Conferences"
"Towards Safe Navigation Through Crowded Dynamic Environments","Z. Xie; P. Xin; P. Dames","Department of Mechanical Engineering, Temple University, Philadelphia, PA, USA; Department of Mechanical Engineering, Temple University, Philadelphia, PA, USA; Department of Mechanical Engineering, Temple University, Philadelphia, PA, USA",2021 IEEE/RSJ International Conference on Intelligent Robots and Systems (IROS),"16 Dec 2021","2021","","","4934","4940","This paper proposes a novel neural network-based control policy to enable a mobile robot to navigate safety through environments filled with both static obstacles, such as tables and chairs, and dense crowds of pedestrians. The network architecture uses early fusion to combine a short history of lidar data with kinematic data about nearby pedestrians. This kinematic data is key to enable safe robot navigation in these uncontrolled, human-filled environments. The network is trained in a supervised setting, using expert demonstrations to learn safe navigation behaviors. A series of experiments in detailed simulated environments demonstrate the efficacy of this policy, which is able to achieve a higher success rate than either standard model-based planners or state-of-the-art neural network control policies that use only raw sensor data.","2153-0866","978-1-6654-1714-3","10.1109/IROS51168.2021.9636102","National Science Foundation; Army Research Laboratory; ","https://ieeexplore.ieee.org/stamp/stamp.jsp?arnumber=9636102","","Training;Laser radar;Navigation;Neural networks;Kinematics;Robot sensing systems;Data models","","24","","31","IEEE","16 Dec 2021","27 Sept.-1 Oct. 2021","27 Sept.-1 Oct. 2021","IEEE","IEEE Conferences"
"PackerBot: Variable-Sized Product Packing with Heuristic Deep Reinforcement Learning","Z. Yang; S. Yang; S. Song; W. Zhang; R. Song; J. Cheng; Y. Li","School of Control Science and Engineering, Shandong University, Jinan, China; School of Control Science and Engineering, Shandong University, Jinan, China; School of Control Science and Engineering, Shandong University, Jinan, China; School of Control Science and Engineering, Shandong University, Jinan, China; School of Control Science and Engineering, Shandong University, Jinan, China; School of Control Science and Engineering, Shandong University, Jinan, China; School of Control Science and Engineering, Shandong University, Jinan, China",2021 IEEE/RSJ International Conference on Intelligent Robots and Systems (IROS),"16 Dec 2021","2021","","","5002","5008","Product packing is a typical application in ware-house automation that aims to pick objects from unstructured piles and place them into bins with optimized placing policy. However, it still remains a significant challenge to finish the product packing tasks in general logistics scenarios where the objects are variable-sized and the configurations are complex. In this work, we present the PackerBot, a complete robotic pipeline for performing variable-sized product packing in unstructured scenes. First, by leveraging the imperfect experience of human packer, we propose a heuristic DRL framework for learning optimal online 3D bin packing policy. Then we integrate it with a 6-DoF suction-based picking module and a product size estimation module, leading to a complete product packing system, namely the PackerBot. Extensive experimental results show that our method achieves the state-of-the-art performance in both simulated and real-world tests. The video demonstration is available at: https://vsislab.github.io/packerbot.","2153-0866","978-1-6654-1714-3","10.1109/IROS51168.2021.9635914","Research and Development; National Natural Science Foundation of China; Natural Science Foundation of Shandong Province; ","https://ieeexplore.ieee.org/stamp/stamp.jsp?arnumber=9635914","","Three-dimensional displays;Automation;Pipelines;Buildings;Estimation;Reinforcement learning;Encoding","","26","","35","IEEE","16 Dec 2021","27 Sept.-1 Oct. 2021","27 Sept.-1 Oct. 2021","IEEE","IEEE Conferences"
"Robust Feedback Motion Policy Design Using Reinforcement Learning on a 3D Digit Bipedal Robot","G. A. Castillo; B. Weng; W. Zhang; A. Hereid","Electrical and Computer Engineering, Ohio State University, Columbus, OH, USA; Electrical and Computer Engineering, Ohio State University, Columbus, OH, USA; SUSTech Institute of Robotics, Southern University of Science and Technology (SUSTech), China; Mechanical and Aerospace Engineering, Ohio State University, Columbus, OH, USA",2021 IEEE/RSJ International Conference on Intelligent Robots and Systems (IROS),"16 Dec 2021","2021","","","5136","5143","In this paper, a hierarchical and robust framework for learning bipedal locomotion is presented and successfully implemented on the 3D biped robot Digit built by Agility Robotics. We propose a cascade-structure controller that combines the learning process with intuitive feedback regulations. This design allows the framework to realize robust and stable walking with a reduced-dimensional state and action spaces of the policy, significantly simplifying the design and increasing the sampling efficiency of the learning method. The inclusion of feedback regulation into the framework improves the robustness of the learned walking gait and ensures the success of the sim-to-real transfer of the proposed controller with minimal tuning. We specifically present a learning pipeline that considers hardware-feasible initial poses of the robot within the learning process to ensure the initial state of the learning is replicated as close as possible to the initial state of the robot in hardware experiments. Finally, we demonstrate the feasibility of our method by successfully transferring the learned policy in simulation to the Digit robot hardware, realizing sustained walking gaits under external force disturbances and challenging terrains not incurred during the training process. To the best of our knowledge, this is the first time a learning-based policy is transferred successfully to the Digit robot in hardware experiments.","2153-0866","978-1-6654-1714-3","10.1109/IROS51168.2021.9636467","National Natural Science Foundation of China; ","https://ieeexplore.ieee.org/stamp/stamp.jsp?arnumber=9636467","","Legged locomotion;Training;Three-dimensional displays;Trajectory planning;Robot sensing systems;Hardware;Regulation","","62","","23","IEEE","16 Dec 2021","27 Sept.-1 Oct. 2021","27 Sept.-1 Oct. 2021","IEEE","IEEE Conferences"
"Learning When to Switch: Composing Controllers to Traverse a Sequence of Terrain Artifacts","B. Tidd; A. Cosgun; J. Leitner; N. Hudson","Queensland University of Technology (QUT), Australia; Monash University, Australia; Queensland University of Technology (QUT), Australia; Robotics and Autonomous Systems Group, CSIRO, Pullenvale, QLD, Australia",2021 IEEE/RSJ International Conference on Intelligent Robots and Systems (IROS),"16 Dec 2021","2021","","","5144","5150","Legged robots often use separate control policies that are highly engineered for traversing difficult terrain such as stairs, gaps, and steps, where switching between policies is only possible when the robot is in a region that is common to adjacent controllers. Deep Reinforcement Learning (DRL) is a promising alternative to hand-crafted control design, though typically requires the full set of test conditions to be known before training. DRL policies can result in complex (often unrealistic) behaviours that have few or no overlapping regions between adjacent policies, making it difficult to switch behaviours. In this work we develop multiple DRL policies with Curriculum Learning (CL), each that can traverse a single respective terrain condition, while ensuring an overlap between policies. We then train a network for each destination policy that estimates the likelihood of successfully switching from any other policy. We evaluate our switching method on a previously unseen combination of terrain artifacts and show that it performs better than heuristic methods. While our method is trained on individual terrain types, it performs comparably to a Deep Q Network trained on the full set of terrain conditions. This approach allows the development of separate policies in constrained conditions with embedded prior knowledge about each behaviour, that is scalable to any number of behaviours, and prepares DRL methods for applications in the real world.","2153-0866","978-1-6654-1714-3","10.1109/IROS51168.2021.9636233","","https://ieeexplore.ieee.org/stamp/stamp.jsp?arnumber=9636233","","Legged locomotion;Training;Control design;Switches;Reinforcement learning;Stairs;Intelligent robots","","2","","32","IEEE","16 Dec 2021","27 Sept.-1 Oct. 2021","27 Sept.-1 Oct. 2021","IEEE","IEEE Conferences"
"Learning Linear Policies for Robust Bipedal Locomotion on Terrains with Varying Slopes","L. Krishna; U. A. Mishra; G. A. Castillo; A. Hereid; S. Kolathaya","Department of Electronics Engineering, Indian Institute of Technology (BHU), Varanasi, India; Mechanical and Industrial Engineering Department, Indian Institute of Technology, Roorkee, India; Department of Mechanical and Aerospace Engineering, Ohio State University, Columbus, OH, USA; Department of Mechanical and Aerospace Engineering, Ohio State University, Columbus, OH, USA; Department of Computer Science and Automation and the Centre for Cyber-Physical Systems, Indian Institute of Science, Bengaluru, India",2021 IEEE/RSJ International Conference on Intelligent Robots and Systems (IROS),"16 Dec 2021","2021","","","5159","5164","In this paper, with a view toward deployment of light-weight control frameworks for bipedal walking robots, we realize end-foot trajectories that are shaped by a single linear feedback policy. We learn this policy via a model-free and a gradient free learning algorithm, Augmented Random Search (ARS), in the two robot platforms Rabbit and Digit. Our contributions are two-fold: a) By using torso and support plane orientation as inputs, we achieve robust walking on slopes of upto 20° in simulation. b) We demonstrate additional behaviors like walking backwards, stepping-in-place, and recovery from external pushes of upto 120 N. The end-result is a robust and a fast feedback control law for bipedal walking on terrains with varying slopes. Towards the end, we also provide preliminary results of hardware transfer to Digit.","2153-0866","978-1-6654-1714-3","10.1109/IROS51168.2021.9636070","","https://ieeexplore.ieee.org/stamp/stamp.jsp?arnumber=9636070","Bipedal walking;Reinforcement Learning;Random Search","Legged locomotion;Training;Torso;Rabbits;Perturbation methods;Process control;Hardware","","12","","19","IEEE","16 Dec 2021","27 Sept.-1 Oct. 2021","27 Sept.-1 Oct. 2021","IEEE","IEEE Conferences"
"Contact Tracing: A Low Cost Reconstruction Framework for Surface Contact Interpolation","A. Lakshmipathy; D. Bauer; N. S. Pollard","Computer Science Department, Carnegie Mellon University; Robotics Institute, Carnegie Mellon University; Computer Science Department, Carnegie Mellon University",2021 IEEE/RSJ International Conference on Intelligent Robots and Systems (IROS),"16 Dec 2021","2021","","","5165","5172","We present a novel, low cost framework for reconstructing surface contact movements during in-hand manipulations. Unlike many existing methods focused on hand pose tracking, ours models the behavior of contact patches, and by doing so is the first to obtain detailed contact tracking estimates for multi-contact manipulations. Our framework is highly accessible, requiring only low cost, readily available paint materials, a single RGBD camera, and a simple, deterministic interpolation algorithm. Despite its simplicity, we demonstrate the framework’s effectiveness over the course of several manipulations on three common household items. Finally, we demonstrate the use of a generated contact time series in manipulation learning for a simulated robot hand.","2153-0866","978-1-6654-1714-3","10.1109/IROS51168.2021.9636313","National Science Foundation; ","https://ieeexplore.ieee.org/stamp/stamp.jsp?arnumber=9636313","","Surface reconstruction;Interpolation;Costs;Tracking;Time series analysis;Robot vision systems;Cameras","","5","","48","IEEE","16 Dec 2021","27 Sept.-1 Oct. 2021","27 Sept.-1 Oct. 2021","IEEE","IEEE Conferences"
"Learning to Guide Human Attention on Mobile Telepresence Robots with 360° Vision","K. Chandan; J. Albertson; X. Zhang; X. Zhang; Y. Liu; S. Zhang","State University of New York (SUNY) at Binghamton, Binghamton, NY, USA; State University of New York (SUNY) at Binghamton, Binghamton, NY, USA; State University of New York (SUNY) at Binghamton, Binghamton, NY, USA; State University of New York (SUNY) at Binghamton, Binghamton, NY, USA; State University of New York (SUNY) at Binghamton, Binghamton, NY, USA; State University of New York (SUNY) at Binghamton, Binghamton, NY, USA",2021 IEEE/RSJ International Conference on Intelligent Robots and Systems (IROS),"16 Dec 2021","2021","","","5297","5304","Mobile telepresence robots (MTRs) allow people to navigate and interact with a remote environment that is in a place other than the person’s true location. Thanks to the recent advances in 360° vision, many MTRs are now equipped with an all-degree visual perception capability. However, people’s visual field horizontally spans only about 120° of the visual field captured by the robot. To bridge this observability gap toward human-MTR shared autonomy, we have developed a framework, called GHAL360, to enable the MTR to learn a goal-oriented policy from reinforcements for guiding human attention using visual indicators. Three telepresence environments were constructed using datasets that are extracted from Matterport3D and collected from a real robot respectively. Experimental results show that GHAL360 outperformed the baselines from the literature in the efficiency of a human-MTR team completing target search tasks. A demo video is available: https://youtu.be/aGbTxCGJSDM","2153-0866","978-1-6654-1714-3","10.1109/IROS51168.2021.9636607","National Science Foundation; ","https://ieeexplore.ieee.org/stamp/stamp.jsp?arnumber=9636607","","Bridges;Visualization;Telepresence;Navigation;Task analysis;Observability;Intelligent robots","","8","","41","IEEE","16 Dec 2021","27 Sept.-1 Oct. 2021","27 Sept.-1 Oct. 2021","IEEE","IEEE Conferences"
"Learning to Arbitrate Human and Robot Control using Disagreement between Sub-Policies","Y. Oh; M. Toussaint; J. Mainprice","Machine Learning and Robotics Lab, University of Stuttgart, Germany; Learning and Intelligent Systems Lab, TU Berlin, Berlin, Germany; Machine Learning and Robotics Lab, University of Stuttgart, Germany",2021 IEEE/RSJ International Conference on Intelligent Robots and Systems (IROS),"16 Dec 2021","2021","","","5305","5311","In the context of teleoperation, arbitration refers to deciding how to blend between human and autonomous robot commands. We present a reinforcement learning solution that learns an optimal arbitration strategy that allocates more control authority to the human when the robot comes across a decision point in the task. A decision point is where the robot encounters multiple options (sub-policies), such as having multiple paths to get around an obstacle or deciding between two candidate goals. By expressing each directional sub-policy as a von Mises distribution, we identify the decision points by observing the modality of the mixture distribution. Our reward function reasons on this modality and prioritizes to match its learned policy to either the user or the robot accordingly. We report teleoperation experiments on reach-and-grasping objects using a robot manipulator arm with different simulated human controllers. Results indicate that our shared control agent outperforms direct control and improves the teleoperation performance among different users. Using our reward term enables flexible blending between human and robot commands while maintaining safe and accurate teleoperation.","2153-0866","978-1-6654-1714-3","10.1109/IROS51168.2021.9636049","","https://ieeexplore.ieee.org/stamp/stamp.jsp?arnumber=9636049","","Robot control;Reinforcement learning;Mixture models;Manipulators;Task analysis;Intelligent robots;Autonomous robots","","9","","25","IEEE","16 Dec 2021","27 Sept.-1 Oct. 2021","27 Sept.-1 Oct. 2021","IEEE","IEEE Conferences"
"Benchmarking Safe Deep Reinforcement Learning in Aquatic Navigation","E. Marchesini; D. Corsi; A. Farinelli","Department of Computer Science, University of Verona, Verona, Italy; Department of Computer Science, University of Verona, Verona, Italy; Department of Computer Science, University of Verona, Verona, Italy",2021 IEEE/RSJ International Conference on Intelligent Robots and Systems (IROS),"16 Dec 2021","2021","","","5590","5595","We propose a novel benchmark environment for Safe Reinforcement Learning focusing on aquatic navigation. Aquatic navigation is an extremely challenging task due to the non-stationary environment and the uncertainties of the robotic platform, hence it is crucial to consider the safety aspect of the problem, by analyzing the behavior of the trained network to avoid dangerous situations (e.g., collisions). To this end, we consider a value-based and policy-gradient Deep Reinforcement Learning (DRL) and we propose a crossover-based strategy that combines gradient-based and gradient-free DRL to improve sample-efficiency. Moreover, we propose a verification strategy based on interval analysis that checks the behavior of the trained models over a set of desired properties. Our results show that the crossover-based training outperforms prior DRL approaches, while our verification allows us to quantify the number of configurations that violate the behaviors that are described by the properties. Crucially, this will serve as a benchmark for future research in this domain of applications.","2153-0866","978-1-6654-1714-3","10.1109/IROS51168.2021.9635925","","https://ieeexplore.ieee.org/stamp/stamp.jsp?arnumber=9635925","","Training;Measurement;Uncertainty;Navigation;Reinforcement learning;Benchmark testing;Safety","","15","","31","IEEE","16 Dec 2021","27 Sept.-1 Oct. 2021","27 Sept.-1 Oct. 2021","IEEE","IEEE Conferences"
"Multi-agent Collaborative Learning with Relational Graph Reasoning in Adversarial Environments","S. Wu; T. Qiu; Z. Pu; J. Yi","Institute of Automation, Chinese Academy of Sciences, Beijing, China; Institute of Automation, Chinese Academy of Sciences, Beijing, China; Institute of Automation, Chinese Academy of Sciences, Beijing, China; Institute of Automation, Chinese Academy of Sciences, Beijing, China",2021 IEEE/RSJ International Conference on Intelligent Robots and Systems (IROS),"16 Dec 2021","2021","","","5596","5602","This paper proposes a collaborative policy framework via relational graph reasoning for multi-agent systems to accomplish adversarial tasks. A relational graph reasoning module consisting of an agent graph reasoning module and an opponent graph module, is designed to enable each agent to learn mixture state representation to enhance the effectiveness of the policy. In particular, for each agent, the agent graph reasoning module is designed to infer different underlying influences from different opponents and generate agent-level state representation. The opponent graph reasoning module is creatively designed for the opponents to reason relations from their surrounding objects including the agents and the opponents based on their latent features and then predict the future state of the opponents. It forms an opponent-level state representation. Besides, in order to effectively predict the state of the opponents, an intrinsic reward based on prediction error is designed to motivate the policy learning. Furthermore, interactions among agents are utilized to transmit messages and fuse information to promote the cooperative behaviors among the agents. Finally, various representative simulations on two multi-agent adversarial tasks are conducted to demonstrate the superiority and effectiveness of the proposed framework by comparison with existing methods.","2153-0866","978-1-6654-1714-3","10.1109/IROS51168.2021.9636636","Research and Development; Chinese Academy of Sciences; National Natural Science Foundation of China; Chinese Academy of Sciences; ","https://ieeexplore.ieee.org/stamp/stamp.jsp?arnumber=9636636","","Fuses;Simulation;Collaboration;Predictive models;Collaborative work;Cognition;Task analysis","","8","","25","IEEE","16 Dec 2021","27 Sept.-1 Oct. 2021","27 Sept.-1 Oct. 2021","IEEE","IEEE Conferences"
"Semantic Tracklets: An Object-Centric Representation for Visual Multi-Agent Reinforcement Learning","I. -J. Liu; Z. Ren; R. A. Yeh; A. G. Schwing","University of Illinois at Urbana-Champaign, IL, USA; University of Illinois at Urbana-Champaign, IL, USA; University of Illinois at Urbana-Champaign, IL, USA; University of Illinois at Urbana-Champaign, IL, USA",2021 IEEE/RSJ International Conference on Intelligent Robots and Systems (IROS),"16 Dec 2021","2021","","","5603","5610","Solving complex real-world tasks, e.g., autonomous fleet control, often involves a coordinated team of multiple agents which learn strategies from visual inputs via reinforcement learning. Many existing multi-agent reinforcement learning (MARL) algorithms however don’t scale to environments where agents operate on visual inputs. To address this issue, algorithmically, recent works have focused on non-stationarity and exploration. In contrast, we study whether scalability can also be achieved via a disentangled representation. For this, we explicitly construct an object-centric intermediate representation to characterize the states of an environment, which we refer to as ‘semantic tracklets.’ We evaluate ‘semantic tracklets’ on the visual multi-agent particle environment (VMPE) and on the challenging visual multi-agent GFootball environment. ‘Semantic tracklets’ consistently outperform baselines on VMPE, and achieve a +2.4 higher score difference than baselines on GFootball. Notably, this method is the first to successfully learn a strategy for five players in the GFootball environment using only visual data. For more, please see our project page: https://ioujenliu.github.io/SemanticTracklets","2153-0866","978-1-6654-1714-3","10.1109/IROS51168.2021.9636592","","https://ieeexplore.ieee.org/stamp/stamp.jsp?arnumber=9636592","","Visualization;Scalability;Semantics;Reinforcement learning;Task analysis;Intelligent robots","","9","","41","IEEE","16 Dec 2021","27 Sept.-1 Oct. 2021","27 Sept.-1 Oct. 2021","IEEE","IEEE Conferences"
"Bayesian Residual Policy Optimization: : Scalable Bayesian Reinforcement Learning with Clairvoyant Experts","G. Lee; B. Hou; S. Choudhury; S. S. Srinivasa","School of Computer Science and Engineering, University of Washington, Seattle, Washington; School of Computer Science and Engineering, University of Washington, Seattle, Washington; School of Computer Science and Engineering, University of Washington, Seattle, Washington; School of Computer Science and Engineering, University of Washington, Seattle, Washington",2021 IEEE/RSJ International Conference on Intelligent Robots and Systems (IROS),"16 Dec 2021","2021","","","5611","5618","Informed and robust decision making in the face of uncertainty is critical for robots operating in unstructured environments. We formulate this as Bayesian Reinforcement Learning over latent Markov Decision Processes (MDPs). While Bayes-optimality is theoretically the gold standard, existing algorithms scale poorly to continuous state and action spaces. We build on the following insight: in the absence of uncertainty, each latent MDP is easier to solve. We first obtain an ensemble of experts, one for each latent MDP, and fuse their advice to compute a baseline policy. Next, we train a Bayesian residual policy to improve upon the ensemble’s recommendation and learn to reduce uncertainty. Our algorithm, Bayesian Residual Policy Optimization (BRPO), imports the scalability of policy gradient methods and task-specific expert skills. BRPO significantly improves the ensemble of experts and drastically outperforms existing adaptive RL methods, both in simulated and physical robot experiments.","2153-0866","978-1-6654-1714-3","10.1109/IROS51168.2021.9636163","National Science Foundation; National Science Foundation; ","https://ieeexplore.ieee.org/stamp/stamp.jsp?arnumber=9636163","","Gradient methods;Uncertainty;Fuses;Scalability;Reinforcement learning;Markov processes;Bayes methods","","3","","38","IEEE","16 Dec 2021","27 Sept.-1 Oct. 2021","27 Sept.-1 Oct. 2021","IEEE","IEEE Conferences"
"Memory-based Deep Reinforcement Learning for POMDPs","L. Meng; R. Gorbet; D. Kulić","Department of Electrical and Computer Engineering, University of Waterloo, Waterloo, ON, Canada; Departments of Knowledge Integration and Electrical and Computer Engineering, University of Waterloo, Waterloo, ON, Canada; Faculty of Engineering, Monash University, Melbourne, Victoria, Australia",2021 IEEE/RSJ International Conference on Intelligent Robots and Systems (IROS),"16 Dec 2021","2021","","","5619","5626","A promising characteristic of Deep Reinforcement Learning (DRL) is its capability to learn optimal policy in an end-to-end manner without relying on feature engineering. However, most approaches assume a fully observable state space, i.e. fully observable Markov Decision Processes (MDPs). In real-world robotics, this assumption is unpractical, because of issues such as sensor sensitivity limitations and sensor noise, and the lack of knowledge about whether the observation design is complete or not. These scenarios lead to Partially Observable MDPs (POMDPs). In this paper, we propose Long-Short-Term-Memory-based Twin Delayed Deep Deterministic Policy Gradient (LSTM-TD3) by introducing a memory component to TD3, and compare its performance with other DRL algorithms in both MDPs and POMDPs. Our results demonstrate the significant advantages of the memory component in addressing POMDPs, including the ability to handle missing and noisy observation data.","2153-0866","978-1-6654-1714-3","10.1109/IROS51168.2021.9636140","Compute Canada; ","https://ieeexplore.ieee.org/stamp/stamp.jsp?arnumber=9636140","","Sensitivity;Reinforcement learning;Markov processes;Robot sensing systems;Noise measurement;Intelligent robots","","78","","37","IEEE","16 Dec 2021","27 Sept.-1 Oct. 2021","27 Sept.-1 Oct. 2021","IEEE","IEEE Conferences"
"PNS: Population-Guided Novelty Search for Reinforcement Learning in Hard Exploration Environments","Q. Liu; Y. Wang; X. Liu","Laboratory for Computational Sensing and Robotics, Johns Hopkins University, Baltimore, MD, USA; Shanghai Jiao Tong University, Shanghai, China; Shanghai Jiao Tong University, Shanghai, China",2021 IEEE/RSJ International Conference on Intelligent Robots and Systems (IROS),"16 Dec 2021","2021","","","5627","5634","Reinforcement Learning (RL) has made remarkable achievements, but it still suffers from inadequate exploration strategies, sparse reward signals, and deceptive reward functions. To alleviate these problems, a Population-guided Novelty Search (PNS) parallel learning method is proposed in this paper. In PNS, the population is divided into multiple sub-populations, each of which has one chief agent and several exploring agents. The chief agent evaluates the policies learned by exploring agents and shares the optimal policy with all sub-populations. The exploring agents learn their policies in collaboration with the guidance of the optimal policy and, simultaneously, upload their policies to the chief agent. To balance exploration and exploitation, the Novelty Search (NS) is employed in every chief agent to encourage policies with high novelty while maximizing per-episode performance. We apply PNS to the twin delayed deep deterministic (TD3) policy gradient algorithm. The effectiveness of PNS to promote exploration and improve performance in continuous control domains is demonstrated in the experimental section. Notably, PNS-TD3 achieves rewards that far exceed the SOTA methods in environments with sparse or delayed reward signals. We also demonstrate that PNS enables robotic agents to learn control policies directly from pixels for sparse-reward manipulation in both simulated and real-world settings.","2153-0866","978-1-6654-1714-3","10.1109/IROS51168.2021.9636234","","https://ieeexplore.ieee.org/stamp/stamp.jsp?arnumber=9636234","","Learning systems;Sociology;Collaboration;Reinforcement learning;Search problems;Statistics;Intelligent robots","","8","","38","IEEE","16 Dec 2021","27 Sept.-1 Oct. 2021","27 Sept.-1 Oct. 2021","IEEE","IEEE Conferences"
"MAMBPO: Sample-efficient multi-robot reinforcement learning using learned world models","D. Willemsen; M. Coppola; G. C. H. E. de Croon","MAVLab, Control & Operations Department, Faculty of Aerospace Engineering, Delft University of Technology, Delft, The Netherlands; MAVLab, Control & Operations Department, Faculty of Aerospace Engineering, Delft University of Technology, Delft, The Netherlands; MAVLab, Control & Operations Department, Faculty of Aerospace Engineering, Delft University of Technology, Delft, The Netherlands",2021 IEEE/RSJ International Conference on Intelligent Robots and Systems (IROS),"16 Dec 2021","2021","","","5635","5640","Multi-robot systems can benefit from reinforcement learning (RL) algorithms that learn behaviours in a small number of trials, a property known as sample efficiency. This research thus investigates the use of learned world models to improve sample efficiency. We present a novel multi-agent model-based RL algorithm: Multi-Agent Model-Based Policy Optimization (MAMBPO), utilizing the Centralized Learning for Decentralized Execution (CLDE) framework. CLDE algorithms allow a group of agents to act in a fully decentralized manner after training. This is a desirable property for many systems comprising of multiple robots. MAMBPO uses a learned world model to improve sample efficiency compared to model-free Multi-Agent Soft Actor-Critic (MASAC). We demonstrate this on two simulated multi-robot tasks, where MAMBPO achieves a similar performance to MASAC, but requires far fewer samples to do so. Through this, we take an important step towards making real-life learning for multi-robot systems possible.","2153-0866","978-1-6654-1714-3","10.1109/IROS51168.2021.9635836","","https://ieeexplore.ieee.org/stamp/stamp.jsp?arnumber=9635836","","Training;Reinforcement learning;Multi-robot systems;Task analysis;Optimization;Intelligent robots","","22","","17","IEEE","16 Dec 2021","27 Sept.-1 Oct. 2021","27 Sept.-1 Oct. 2021","IEEE","IEEE Conferences"
"Q-learning with Long-term Action-space Shaping to Model Complex Behavior for Autonomous Lane Changes","G. Kalweit; M. Huegle; M. Werling; J. Boedecker","Dept. of Computer Science, University of Freiburg, Germany; Dept. of Computer Science, University of Freiburg, Germany; BMWGroup, Germany; Dept. of Computer Science, University of Freiburg, Germany",2021 IEEE/RSJ International Conference on Intelligent Robots and Systems (IROS),"16 Dec 2021","2021","","","5641","5648","In autonomous driving applications, reinforcement learning agents often have to perform complex behavior, which can translate into optimizing multiple objectives while following certain rules. Encoding traffic rules and desires such as safety and comfort via classical methods based on reward shaping (i.e. a weighted combination of different objectives in the reward signal) or Lagrangian methods (including auxiliary losses in the optimization) can be very hard and cumbersome. In this work, we propose to instead shape the action-space at the maximization step of Q-learning. We further introduce a formulation for fixed-horizon estimation of auxiliary costs under the current target-policy based on truncated value- functions to encode the desire of comfortable driving ensuring interpretable behavior. We compare our algorithm to reward shaping and Lagrangian methods in the application of high- level decision making in autonomous driving, considering rules for safety, keeping right and comfort. We train and evaluate our agent in the open-source simulator SUMO on a variety of scenarios with different driver types and traffic situations. Additionally, we apply our method on the real HighD data set, showing the real-world applicability and simplicity of Q- learning with Action-space Shaping.","2153-0866","978-1-6654-1714-3","10.1109/IROS51168.2021.9636668","","https://ieeexplore.ieee.org/stamp/stamp.jsp?arnumber=9636668","","Road transportation;Q-learning;Costs;Shape;Decision making;Estimation;Safety","","2","","34","IEEE","16 Dec 2021","27 Sept.-1 Oct. 2021","27 Sept.-1 Oct. 2021","IEEE","IEEE Conferences"
"Reinforcement Learning for Vision-based Object Manipulation with Non-parametric Policy and Action Primitives","D. Son; M. Kim; J. Sim; W. Shin","Simulation Lab, Samsung Research, Samsung Electronics, Seoul, Republic of Korea; Simulation Lab, Samsung Research, Samsung Electronics, Seoul, Republic of Korea; Simulation Lab, Samsung Research, Samsung Electronics, Seoul, Republic of Korea; Simulation Lab, Samsung Research, Samsung Electronics, Seoul, Republic of Korea",2021 IEEE/RSJ International Conference on Intelligent Robots and Systems (IROS),"16 Dec 2021","2021","","","5756","5763","The object manipulation is a crucial ability for a service robot, but it is hard to solve with reinforcement learning due to some reasons such as sample efficiency. In this paper, to tackle this object manipulation, we propose a novel framework, AP-NPQL (Non-Parametric Q Learning with Action Primitives), that can efficiently solve the object manipulation with visual input and sparse reward, by utilizing a nonparametric policy for reinforcement learning and appropriate behavior prior for the object manipulation. We evaluate the efficiency and the performance of the proposed AP-NPQL for four object manipulation tasks on simulation (pushing plate, stacking box, flipping cup, and picking and placing plate), and it turns out that our AP-NPQL outperforms the state-of-the-art algorithms based on parametric policy and behavior prior in terms of learning time and task success rate. We also successfully transfer and validate the learned policy of the plate pick-and-place task to the real robot in a sim-to-real manner.","2153-0866","978-1-6654-1714-3","10.1109/IROS51168.2021.9636563","","https://ieeexplore.ieee.org/stamp/stamp.jsp?arnumber=9636563","","Visualization;Service robots;Stacking;Reinforcement learning;Inference algorithms;Data models;Task analysis","","1","","37","IEEE","16 Dec 2021","27 Sept.-1 Oct. 2021","27 Sept.-1 Oct. 2021","IEEE","IEEE Conferences"
"Human-Aware Navigation Planner for Diverse Human-Robot Interaction Contexts","P. Teja Singamaneni; A. Favier; R. Alami","LAAS-CNRS, Universite de Toulouse, CNRS, Toulouse, France; LAAS-CNRS, Universite de Toulouse, CNRS, Toulouse, France; LAAS-CNRS, Universite de Toulouse, CNRS, Toulouse, France",2021 IEEE/RSJ International Conference on Intelligent Robots and Systems (IROS),"16 Dec 2021","2021","","","5817","5824","As more robots are being deployed into human environments, a human-aware navigation planner needs to handle multiple contexts that occur in indoor and outdoor environments. In this paper, we propose a tunable human-aware robot navigation planner that can handle a variety of human-robot contexts. We present the architecture of the system and discuss the features along with some implementation details. Then we present a detailed analysis of various simulated human-robot contexts using the proposed planner. Further, we show that our system performs better when compared with an exiting human-aware planner in various contexts. Finally, we show the results in a real-world scenario after deploying our system on a real robot.","2153-0866","978-1-6654-1714-3","10.1109/IROS51168.2021.9636613","Agence Nationale de la Recherche; ","https://ieeexplore.ieee.org/stamp/stamp.jsp?arnumber=9636613","","Navigation;Human-robot interaction;Intelligent robots","","58","","31","IEEE","16 Dec 2021","27 Sept.-1 Oct. 2021","27 Sept.-1 Oct. 2021","IEEE","IEEE Conferences"
"OPEn: An Open-ended Physics Environment for Learning Without a Task","C. Gan; A. Bhandwaldar; A. Torralba; J. B. Tenenbaum; P. Isola",Massachusetts Institute of Technology; MIT-IBM Watson AI Lab; Massachusetts Institute of Technology; Massachusetts Institute of Technology; Massachusetts Institute of Technology,2021 IEEE/RSJ International Conference on Intelligent Robots and Systems (IROS),"16 Dec 2021","2021","","","5878","5885","Humans have mental models that allow them to plan, experiment, and reason in the physical world. How should an intelligent agent go about learning such models? In this paper, we will study if models of the world learned in an open-ended physics environment, without any specific tasks, can be reused for downstream physics reasoning tasks. To this end, we build a benchmark Open-ended Physics Environment (OPEn) and also design several tasks to test learning representations in this environment explicitly. This setting reflects the conditions in which real agents (i.e. rolling robots) find themselves, where they may be placed in a new kind of environment and must adapt without any teacher to tell them how this environment works. This setting is challenging because it requires solving an exploration problem in addition to a model building and representation learning problem. We test several existing RL-based exploration methods on this benchmark and find that an agent using unsupervised contrastive learning for representation learning, and impact-driven learning for exploration, achieved the best results. However, all models still fall short in sample efficiency when transferring to the downstream tasks. We expect that OPEn will encourage the development of novel rolling robot agents that can build reusable mental models of the world that facilitate many tasks.","2153-0866","978-1-6654-1714-3","10.1109/IROS51168.2021.9636830","","https://ieeexplore.ieee.org/stamp/stamp.jsp?arnumber=9636830","","Representation learning;Adaptation models;Buildings;Benchmark testing;Cognition;Cognitive science;Intelligent agents","","1","","54","IEEE","16 Dec 2021","27 Sept.-1 Oct. 2021","27 Sept.-1 Oct. 2021","IEEE","IEEE Conferences"
"Finding Failures in High-Fidelity Simulation using Adaptive Stress Testing and the Backward Algorithm","M. Koren; A. Nassar; M. J. Kochenderfer","Aeronautics and Astronautics, Stanford University, Stanford, CA, USA; Ahmed Nassar is with NVIDIA, Santa Clara, CA, USA; Aeronautics and Astronautics, Stanford University, Stanford, CA, USA",2021 IEEE/RSJ International Conference on Intelligent Robots and Systems (IROS),"16 Dec 2021","2021","","","5944","5949","Validating the safety of autonomous systems generally requires the use of high-fidelity simulators that adequately capture the variability of real-world scenarios. However, it is generally not feasible to exhaustively search the space of simulation scenarios for failures. Adaptive stress testing (AST) is a method that uses reinforcement learning to find the most likely failure of a system. AST with a deep reinforcement learning solver has been shown to be effective in finding failures across a range of different systems. This approach generally involves running many simulations, which can be very expensive when using a high-fidelity simulator. To improve efficiency, we present a method that first finds failures in a low-fidelity simulator. It then uses the backward algorithm, which trains a deep neural network policy using a single expert demonstration, to adapt the low-fidelity failures to high-fidelity. We have created a series of autonomous vehicle validation case studies that represent some of the ways low-fidelity and high-fidelity simulators can differ, such as time discretization. We demonstrate in a variety of case studies that this new AST approach is able to find failures with significantly fewer high-fidelity simulation steps than are needed when just running AST directly in high-fidelity. As a proof of concept, we also demonstrate AST on NVIDIA’s DriveSim simulator, an industry state-of-the-art high-fidelity simulator for finding failures in autonomous vehicles.","2153-0866","978-1-6654-1714-3","10.1109/IROS51168.2021.9636072","","https://ieeexplore.ieee.org/stamp/stamp.jsp?arnumber=9636072","","Training;Adaptation models;Runtime;Reinforcement learning;Data models;Safety;Stress","","28","","21","IEEE","16 Dec 2021","27 Sept.-1 Oct. 2021","27 Sept.-1 Oct. 2021","IEEE","IEEE Conferences"
"Learning Contact-Rich Assembly Skills Using Residual Admittance Policy","O. Spector; M. Zacksenhouse","Faculty of Mechanical Engineering, Technion, Israel; Technion Autonomous Systems Program and the Faculty of Mechanical Engineering, Technion, Israel",2021 IEEE/RSJ International Conference on Intelligent Robots and Systems (IROS),"16 Dec 2021","2021","","","6023","6030","Contact-rich assembly tasks may result in large and unpredictable forces and torques when the locations of the contacting parts are uncertain. The ability to correct the trajectory in response to haptic feedback and accomplish the task despite location uncertainties is an important skill. We hypothesize that this skill would facilitate generalization and support direct transfer from simulations to real world. To reduce sample complexity, we propose to learn a residual admittance policy (RAP). RAP is learned to correct the movements generated by a baseline policy in the framework of dynamic movement primitives. Given the reference trajectories generated by the baseline policy, the action space of RAP is limited to the admittance parameters. Using deep reinforcement learning, a deep neural network is trained to map task specifications to proper admittance parameters. We demonstrate that RAP handles uncertainties in board location, generalizes well over space, size and shape, and facilitates quick transfer learning. Most impressively, we demonstrate that the policy learned in simulations achieves similar robustness to uncertainties, generalization and performance when deployed on an industrial robot (UR5e) without further training. See accompanying video for demonstrations.","2153-0866","978-1-6654-1714-3","10.1109/IROS51168.2021.9636547","Ministry of Science and Technology; ","https://ieeexplore.ieee.org/stamp/stamp.jsp?arnumber=9636547","","Training;Location awareness;Uncertainty;Shape;Service robots;Transfer learning;Grasping","","15","","34","IEEE","16 Dec 2021","27 Sept.-1 Oct. 2021","27 Sept.-1 Oct. 2021","IEEE","IEEE Conferences"
"User Controlled Interface for Tuning Robotic Knee Prosthesis","A. Alili; V. Nalam; M. Li; M. Liu; J. Si; H. H. Huang","Department of Electrical and Computer Engineering, NC State University, Raleigh, NC, USA; NCSU/UNC Department of Biomedical Engineering, NC State University, Raleigh, NC; NCSU/UNC Department of Biomedical Engineering, NC State University, Raleigh, NC; NCSU/UNC Department of Biomedical Engineering, NC State University, Raleigh, NC; Department of Electrical, Computer, and Energy Engineering, Arizona State University, Tempe, AZ, USA; NCSU/UNC Department of Biomedical Engineering, NC State University, Raleigh, NC",2021 IEEE/RSJ International Conference on Intelligent Robots and Systems (IROS),"16 Dec 2021","2021","","","6190","6195","The tuning process for a robotic prosthesis is a challenging and time-consuming task both for users and clinicians. An automatic tuning approach using reinforcement learning (RL) has been developed for a knee prosthesis to address the challenges of manual tuning methods. The algorithm tunes the optimal control parameters based on the provided knee joint profile that the prosthesis is expected to replicate during gait safely. This paper presents an intuitive interface designed for the prosthesis users and clinicians to choose the preferred knee joint profile during gait and use the autotuner to replicate in the prosthesis. The interface-based approach is validated by observing the ability of the tuning algorithm to successfully converge to various alternate knee profiles by testing on two able-bodied subjects walking with a robotic knee prosthesis. The algorithm was found to converge successfully in an average duration of 1.15 min for the first subject and 2.31 min for the second subject. Further, the subjects displayed different preferences for optimal profiles reinforcing the need to tune alternate profiles. The implications of the results in the tuning of robotic prosthetic devices are discussed.","2153-0866","978-1-6654-1714-3","10.1109/IROS51168.2021.9636264","","https://ieeexplore.ieee.org/stamp/stamp.jsp?arnumber=9636264","","Knee;Legged locomotion;Optimal control;Reinforcement learning;Task analysis;Tuning;Intelligent robots","","16","","19","IEEE","16 Dec 2021","27 Sept.-1 Oct. 2021","27 Sept.-1 Oct. 2021","IEEE","IEEE Conferences"
"Asking the Right Questions: Facilitating Semantic Constraint Specification for Robot Skill Learning and Repair","A. Tabrez; J. Kawell; B. Hayes","Department of Computer Science, The University of Colorado Boulder; Department of Computer Science, The University of Colorado Boulder; Department of Computer Science, The University of Colorado Boulder",2021 IEEE/RSJ International Conference on Intelligent Robots and Systems (IROS),"16 Dec 2021","2021","","","6217","6224","Developments in human-robot teaming have given rise to significant interest in training methods that enable collaborative agents to safely and successfully execute tasks alongside human teammates. While effective, many existing methods are brittle to changes in the environment and do not account for the preferences of human collaborators. This ineffectiveness is typically due to the complexity of deployment environments and the unique personal preferences of human teammates. These complications lead to behavior that can cause task failure or user discomfort. In this work, we introduce Plan Augmentation and Repair through SEmantic Constraints (PARSEC): a novel algorithm that utilizes a semantic hierarchy to enable novice users to quickly and effectively select constraints using natural language that correct faulty behavior or adapt skills to their preferences. We show through a case study that our algorithm efficiently finds corrective constraints that match the user’s intent, providing a path for novice users to exploit the advantages of constrained motion planning combined with human-in-the-loop skill training.","2153-0866","978-1-6654-1714-3","10.1109/IROS51168.2021.9636375","","https://ieeexplore.ieee.org/stamp/stamp.jsp?arnumber=9636375","","Training;Semantics;Natural languages;Human-robot interaction;Maintenance engineering;Handover;Planning","","1","","28","IEEE","16 Dec 2021","27 Sept.-1 Oct. 2021","27 Sept.-1 Oct. 2021","IEEE","IEEE Conferences"
"Iterative Program Synthesis for Adaptable Social Navigation","J. Holtz; S. Andrews; A. Guha; J. Biswas","University of Texas at Austin; University of Massachusetts, Amherst; Northeastern University; University of Texas at Austin",2021 IEEE/RSJ International Conference on Intelligent Robots and Systems (IROS),"16 Dec 2021","2021","","","6256","6261","Robot social navigation is influenced by human preferences and environment-specific scenarios such as elevators and doors, thus necessitating end-user adaptability. State-of-the-art approaches to social navigation fall into two categories: model-based social constraints and learning-based approaches. While effective, these approaches have fundamental limitations – model-based approaches require constraint and parameter tuning to adapt to preferences and new scenarios, while learning-based approaches require reward functions, significant training data, and are hard to adapt to new social scenarios or new domains with limited demonstrations.In this work, we propose Iterative Dimension Informed Program Synthesis (IDIPS) to address these limitations by learning and adapting social navigation in the form of human-readable symbolic programs. IDIPS works by combining pro-gram synthesis, parameter optimization, predicate repair, and iterative human demonstration to learn and adapt model-free action selection policies from orders of magnitude less data than learning-based approaches. We introduce a novel predicate repair technique that can accommodate previously unseen social scenarios or preferences by growing existing policies.We present experimental results showing that IDIPS: 1) synthesizes effective policies that model user preference, 2) can adapt existing policies to changing preferences, 3) can extend policies to handle novel social scenarios such as locked doors, and 4) generates policies that can be transferred from simulation to real-world robots with minimal effort.","2153-0866","978-1-6654-1714-3","10.1109/IROS51168.2021.9636540","","https://ieeexplore.ieee.org/stamp/stamp.jsp?arnumber=9636540","","Adaptation models;Navigation;Training data;Maintenance engineering;Data models;Elevators;Iterative methods","","4","","22","IEEE","16 Dec 2021","27 Sept.-1 Oct. 2021","27 Sept.-1 Oct. 2021","IEEE","IEEE Conferences"
"Arena-Rosnav: Towards Deployment of Deep-Reinforcement-Learning-Based Obstacle Avoidance into Conventional Autonomous Navigation Systems","L. Kästner; T. Buiyan; L. Jiao; T. A. Le; X. Zhao; Z. Shen; J. Lambrecht","Chair Industry Grade Networks and Clouds, Faculty of Electrical Engineering, and Computer Science, Berlin Institute of Technology, Berlin, Germany; Chair Industry Grade Networks and Clouds, Faculty of Electrical Engineering, and Computer Science, Berlin Institute of Technology, Berlin, Germany; Chair Industry Grade Networks and Clouds, Faculty of Electrical Engineering, and Computer Science, Berlin Institute of Technology, Berlin, Germany; Chair Industry Grade Networks and Clouds, Faculty of Electrical Engineering, and Computer Science, Berlin Institute of Technology, Berlin, Germany; Chair Industry Grade Networks and Clouds, Faculty of Electrical Engineering, and Computer Science, Berlin Institute of Technology, Berlin, Germany; Chair Industry Grade Networks and Clouds, Faculty of Electrical Engineering, and Computer Science, Berlin Institute of Technology, Berlin, Germany; Chair Industry Grade Networks and Clouds, Faculty of Electrical Engineering, and Computer Science, Berlin Institute of Technology, Berlin, Germany",2021 IEEE/RSJ International Conference on Intelligent Robots and Systems (IROS),"16 Dec 2021","2021","","","6456","6463","Recently, mobile robots have become important tools in various industries, especially in logistics. Deep reinforcement learning emerged as an alternative planning method to replace overly conservative approaches and promises more efficient and flexible navigation. However, deep reinforcement learning approaches are not suitable for long-range navigation due to their proneness to local minima and lack of long term memory, which hinders its widespread integration into industrial applications of mobile robotics. In this paper, we propose a navigation system incorporating deep-reinforcement-learning- based local planners into conventional navigation stacks for long-range navigation. Therefore, a framework for training and testing the deep reinforcement learning algorithms along with classic approaches is presented. We evaluated our deep-reinforcement-learning-enhanced navigation system against various conventional planners and found that our system outperforms them in terms of safety, efficiency and robustness.","2153-0866","978-1-6654-1714-3","10.1109/IROS51168.2021.9636226","","https://ieeexplore.ieee.org/stamp/stamp.jsp?arnumber=9636226","","Training;Navigation;Service robots;Semantics;Reinforcement learning;Robustness;Safety","","48","","22","IEEE","16 Dec 2021","27 Sept.-1 Oct. 2021","27 Sept.-1 Oct. 2021","IEEE","IEEE Conferences"
"Probabilistically Guaranteed Satisfaction of Temporal Logic Constraints During Reinforcement Learning","D. Aksaray; Y. Yazıcıoğlu; A. S. Asarkaya","Department of Aerospace Engineering and Mechanics, University of Minnesota, Minneapolis, MN; Department of Electrical and Computer Engineering, University of Minnesota, Minneapolis, MN; Department of Aerospace Engineering and Mechanics, University of Minnesota, Minneapolis, MN",2021 IEEE/RSJ International Conference on Intelligent Robots and Systems (IROS),"16 Dec 2021","2021","","","6531","6537","We propose a novel constrained reinforcement learning method for finding optimal policies in Markov Decision Processes while satisfying temporal logic constraints with a desired probability throughout the learning process. An automata-theoretic approach is proposed to ensure the probabilistic satisfaction of the constraint in each episode, which is different from penalizing violations to achieve constraint satisfaction after a sufficiently large number of episodes. The proposed approach is based on computing a lower bound on the probability of constraint satisfaction and adjusting the exploration behavior as needed. We present theoretical results on the probabilistic constraint satisfaction achieved by the proposed approach. We also numerically demonstrate the proposed idea in a drone scenario, where the constraint is to perform periodically arriving pick-up and delivery tasks and the objective is to fly over high-reward zones to simultaneously perform aerial monitoring.","2153-0866","978-1-6654-1714-3","10.1109/IROS51168.2021.9636598","","https://ieeexplore.ieee.org/stamp/stamp.jsp?arnumber=9636598","","Learning automata;Reinforcement learning;Markov processes;Probabilistic logic;Task analysis;Time-varying systems;Monitoring","","6","","30","IEEE","16 Dec 2021","27 Sept.-1 Oct. 2021","27 Sept.-1 Oct. 2021","IEEE","IEEE Conferences"
"Attainment Regions in Feature-Parameter Space for High-Level Debugging in Autonomous Robots","S. C. Smith; S. Ramamoorthy","Institute of Perception, Action and Behaviour, School of Informatics, The University of Edinburgh, UK; Institute of Perception, Action and Behaviour, School of Informatics, The University of Edinburgh, UK",2021 IEEE/RSJ International Conference on Intelligent Robots and Systems (IROS),"16 Dec 2021","2021","","","6546","6551","Understanding a controller’s performance in different scenarios is crucial for robots that are going to be deployed in safety-critical tasks. If we do not have a model of the dynamics of the world, which is often the case in complex domains, we may need to approximate a performance function of the robot based on its interaction with the environment. Such a performance function gives us insights into the behaviour of the robot, allowing us to fine-tune the controller with manual interventions. In high-dimensionality systems, where the action-state space is large, fine-tuning a controller is non-trivial. To overcome this problem, we propose a performance function whose domain is defined by external features and parameters of the controller. Attainment regions are defined over such a domain defined by feature-parameter pairs, and serve the purpose of enabling prediction of successful execution of the task. The use of the feature-parameter space –in contrast to the action-state space– allows us to adapt, explain and fine-tune the controller over a simpler (i.e., lower dimensional) space. When the robot successfully executes the task, we use the attainment regions to gain insights into the limits of the controller, and its robustness. When the robot fails to execute the task, we use the regions to debug the controller and find adaptive and counterfactual changes to the solutions. Another advantage of this approach is that we can generalise through the use of Gaussian processes regression of the performance function in the high-dimensional space. To test our approach, we demonstrate learning an approximation to the performance function in simulation, with a mobile robot traversing different terrain conditions. Then, with a sample-efficient method, we propagate the attainment regions to a physical robot in a similar environment.","2153-0866","978-1-6654-1714-3","10.1109/IROS51168.2021.9636336","","https://ieeexplore.ieee.org/stamp/stamp.jsp?arnumber=9636336","","Debugging;Manuals;Aerospace electronics;Feature extraction;Robot sensing systems;Robustness;Mobile robots","","2","","25","IEEE","16 Dec 2021","27 Sept.-1 Oct. 2021","27 Sept.-1 Oct. 2021","IEEE","IEEE Conferences"
"Probabilistic Specification Learning for Planning with Safety Constraints","K. Watanabe; N. Renninger; S. Sankaranarayanan; M. Lahijanian","Departments of Computer Science and Aerospace Engineering Sciences, University of Colorado Boulder, Boulder, Colorado; MITRE Corporation; Departments of Computer Science and Aerospace Engineering Sciences, University of Colorado Boulder, Boulder, Colorado; Departments of Computer Science and Aerospace Engineering Sciences, University of Colorado Boulder, Boulder, Colorado",2021 IEEE/RSJ International Conference on Intelligent Robots and Systems (IROS),"16 Dec 2021","2021","","","6558","6565","This paper proposes a framework for learning task specifications from demonstrations, while ensuring that the learned specifications do not violate safety constraints. Furthermore, we show how these specifications can be used in a planning problem to control the robot under environments that can be different from those encountered during the learning phase. We formulate the specification learning problem as a grammatical inference problem, using probabilistic automata to represent specifications. The edge probabilities of the resulting automata represent the demonstrator's preferences. The main novelty in our approach is to incorporate the safety property during the learning process. We prove that the resulting automaton always respects a pre-specified safety property, and furthermore, the proposed method can easily be included in any Evidence-Driven State Merging (EDSM)-based automaton learning scheme. Finally, we introduce a planning algorithm that produces the most desirable plan by maximizing the probability of an accepting trace of the automaton. Case studies show that our algorithm learns the true probability distribution most accurately while maintaining safety. Since, specification is detached from the robot's environment model, a satisfying plan can be synthesized for a variety of different robots and environments including both mobile robots and manipulators.","2153-0866","978-1-6654-1714-3","10.1109/IROS51168.2021.9636712","University of Colorado Boulder; Keio University; ","https://ieeexplore.ieee.org/stamp/stamp.jsp?arnumber=9636712","","Learning automata;Merging;Probabilistic logic;Manipulators;Probability distribution;Safety;Planning","","2","","28","IEEE","16 Dec 2021","27 Sept.-1 Oct. 2021","27 Sept.-1 Oct. 2021","IEEE","IEEE Conferences"
"Behavior Self-Organization Supports Task Inference for Continual Robot Learning","M. Burhan Hafez; S. Wermter","Department of Informatics, Knowledge Technology, University of Hamburg, Germany; Department of Informatics, Knowledge Technology, University of Hamburg, Germany",2021 IEEE/RSJ International Conference on Intelligent Robots and Systems (IROS),"16 Dec 2021","2021","","","6739","6746","Recent advances in robot learning have enabled robots to become increasingly better at mastering a predefined set of tasks. On the other hand, as humans, we have the ability to learn a growing set of tasks over our lifetime. Continual robot learning is an emerging research direction with the goal of endowing robots with this ability. In order to learn new tasks over time, the robot first needs to infer the task at hand. Task inference, however, has received little attention in the multi-task learning literature. In this paper, we propose a novel approach to continual learning of robotic control tasks. Our approach performs unsupervised learning of behavior embeddings by incrementally self-organizing demonstrated behaviors. Task inference is made by finding the nearest behavior embedding to a demonstrated behavior, which is used together with the environment state as input to a multi-task policy trained with reinforcement learning to optimize performance over tasks. Unlike previous approaches, our approach makes no assumptions about task distribution and requires no task exploration to infer tasks. We evaluate our approach in experiments with concurrently and sequentially presented tasks and show that it outperforms other multi-task learning approaches in terms of generalization performance and convergence speed, particularly in the continual learning setting.","2153-0866","978-1-6654-1714-3","10.1109/IROS51168.2021.9636297","","https://ieeexplore.ieee.org/stamp/stamp.jsp?arnumber=9636297","","Training;Human-robot interaction;Reinforcement learning;Multitasking;Robot learning;Trajectory;Task analysis","","14","","44","IEEE","16 Dec 2021","27 Sept.-1 Oct. 2021","27 Sept.-1 Oct. 2021","IEEE","IEEE Conferences"
"CRIL: Continual Robot Imitation Learning via Generative and Prediction Model","C. Gao; H. Gao; S. Guo; T. Zhang; F. Chen","Department of Automation, Tsinghua University, Beijing, China; Department of Automation, Tsinghua University, Beijing, China; Department of Automation, Tsinghua University, Beijing, China; Department of Automation, Tsinghua University, Beijing, China; Department of Automation, Tsinghua University, Beijing, China",2021 IEEE/RSJ International Conference on Intelligent Robots and Systems (IROS),"16 Dec 2021","2021","","","6747","6754","Imitation learning (IL) algorithms have shown promising results for robots to learn skills from expert demonstrations. However, they need multi-task demonstrations to be provided at once for acquiring diverse skills, which is difficult in real world. In this work we study how to realize continual imitation learning ability that empowers robots to continually learn new tasks one by one, thus reducing the burden of multitask IL and accelerating the process of new task learning at the same time. We propose a novel trajectory generation model that employs both a generative adversarial network and a dynamics-aware prediction model to generate pseudo trajectories from all learned tasks in the new task learning process. Our experiments on both simulation and real-world manipulation tasks demonstrate the effectiveness of our method.","2153-0866","978-1-6654-1714-3","10.1109/IROS51168.2021.9636069","National Natural Science Foundation of China; ","https://ieeexplore.ieee.org/stamp/stamp.jsp?arnumber=9636069","","Predictive models;Multitasking;Generative adversarial networks;Trajectory;Task analysis;Intelligent robots","","19","","35","IEEE","16 Dec 2021","27 Sept.-1 Oct. 2021","27 Sept.-1 Oct. 2021","IEEE","IEEE Conferences"
"Sim-to-Real Transfer for Robotic Manipulation with Tactile Sensory","Z. Ding; Y. -Y. Tsai; W. W. Lee; B. Huang","Tencent Robotics X, China; Hamlyn Centre for Robotic Surgery, Imperial College London, London, UK; Tencent Robotics X, China; Tencent Robotics X, China",2021 IEEE/RSJ International Conference on Intelligent Robots and Systems (IROS),"16 Dec 2021","2021","","","6778","6785","Reinforcement Learning (RL) methods have been widely applied for robotic manipulations via sim-to-real transfer, typically with proprioceptive and visual information. However, the incorporation of tactile sensing into RL for contact-rich tasks lacks investigation. In this paper, we model a tactile sensor in simulation and study the effects of its feedback in RL-based robotic control via a zero-shot sim-to-real approach with domain randomization. We demonstrate that learning and controlling with feedback from tactile sensor arrays at the gripper, both in simulation and reality, can enhance grasping stability, which leads to a significant improvement in robotic manipulation performance for a door opening task. In real-world experiments, the door open angle was increased by 45% on average for transferred policies with tactile sensing over those without it.","2153-0866","978-1-6654-1714-3","10.1109/IROS51168.2021.9636259","","https://ieeexplore.ieee.org/stamp/stamp.jsp?arnumber=9636259","","Visualization;Tactile sensors;Grasping;Stability analysis;Robot learning;Sensors;Task analysis","","28","","37","IEEE","16 Dec 2021","27 Sept.-1 Oct. 2021","27 Sept.-1 Oct. 2021","IEEE","IEEE Conferences"
"Policy Learning for Visually Conditioned Tactile Manipulation","T. Keleştemur; T. Padır; R. Platt","College of Engineering, Northeastern University, Boston, Massauchusetts, USA; College of Engineering, Northeastern University, Boston, Massauchusetts, USA; Khoury College of Computer Sciences, Northeastern University, Boston, Massauchusetts, USA",2021 IEEE/RSJ International Conference on Intelligent Robots and Systems (IROS),"16 Dec 2021","2021","","","6794","6800","Recent work on robot learning with visual observations has shown great success in solving many manipulation tasks. While visual observations contain rich information about the environment and the robot, they can be unreliable in the presence of visual noise or occlusions. In these cases, we can leverage tactile observations generated by the interaction between the robot and the environment. In this paper, we propose a framework for learning manipulation policies that fuse visual and tactile feedback. The control problems considered in this work are to localize a gripper with respect to the environment image and navigate to desired states. Our method uses a learned Bayes filter to estimate the state of a gripper by conditioning the tactile observations on the environment image. We use deep reinforcement learning for solving the localization and navigation problems provided with the belief of the gripper’s state and the environment image. We compare our method against two baselines where the agent uses tactile observation directly with a recurrent neural network or uses a point estimate of the state instead of the full belief state. We also transfer the policies to the real world and validate them on a physical robot.","2153-0866","978-1-6654-1714-3","10.1109/IROS51168.2021.9636866","National Science Foundation; ","https://ieeexplore.ieee.org/stamp/stamp.jsp?arnumber=9636866","","Visualization;Recurrent neural networks;Navigation;Simulation;Tactile sensors;Reinforcement learning;Robot learning","","1","","44","IEEE","16 Dec 2021","27 Sept.-1 Oct. 2021","27 Sept.-1 Oct. 2021","IEEE","IEEE Conferences"
"Reinforcement Learning Compensated Extended Kalman Filter for Attitude Estimation","Y. Tang; L. Hu; Q. Zhang; W. Pan","Department of Cognitive Robotics, Delft University of Technology, Netherlands; School of Computer Science and Electronic Engineering, University of Essex, UK; School of Aeronautics and Astronautics, Sun Yat-Sen University, China; Department of Cognitive Robotics, Delft University of Technology, Netherlands",2021 IEEE/RSJ International Conference on Intelligent Robots and Systems (IROS),"16 Dec 2021","2021","","","6854","6859","Inertial measurement units are widely used in different fields to estimate the attitude. Many algorithms have been proposed to improve estimation performance. However, most of them still suffer from 1) inaccurate initial estimation, 2) inaccurate initial filter gain, and 3) non-Gaussian process and/or measurement noise. This paper will leverage reinforcement learning to compensate for the classical extended Kalman filter estimation, i.e., to learn the filter gain from the sensor measurements. We also analyse the convergence of the estimate error. The effectiveness of the proposed algorithm is validated on both simulated data and real data.","2153-0866","978-1-6654-1714-3","10.1109/IROS51168.2021.9635963","China Scholarship Council; ","https://ieeexplore.ieee.org/stamp/stamp.jsp?arnumber=9635963","","Measurement units;Estimation;Reinforcement learning;Gain measurement;Filtering algorithms;Robot sensing systems;Kalman filters","","20","","22","IEEE","16 Dec 2021","27 Sept.-1 Oct. 2021","27 Sept.-1 Oct. 2021","IEEE","IEEE Conferences"
"Interpretable Goal Recognition in the Presence of Occluded Factors for Autonomous Vehicles","J. P. Hanna; A. Rahman; E. Fosong; F. Eiras; M. Dobre; J. Redford; S. Ramamoorthy; S. V. Albrecht","Five AI Ltd., U.K.; Five AI Ltd., U.K.; Five AI Ltd., U.K.; Five AI Ltd., U.K.; Five AI Ltd., U.K.; Five AI Ltd., U.K.; Five AI Ltd., U.K.; Five AI Ltd., U.K.",2021 IEEE/RSJ International Conference on Intelligent Robots and Systems (IROS),"16 Dec 2021","2021","","","7044","7051","Recognising the goals or intentions of observed vehicles is a key step towards predicting the long-term future behaviour of other agents in an autonomous driving scenario. When there are unseen obstacles or occluded vehicles in a scenario, goal recognition may be confounded by the effects of these unseen entities on the behaviour of observed vehicles. Existing prediction algorithms that assume rational behaviour with respect to inferred goals may fail to make accurate long-horizon predictions because they ignore the possibility that the behaviour is influenced by such unseen entities. We introduce the Goal and Occluded Factor Inference (GOFI) algorithm which bases inference on inverse-planning to jointly infer a probabilistic belief over goals and potential occluded factors. We then show how these beliefs can be integrated into Monte Carlo Tree Search (MCTS). We demonstrate that jointly inferring goals and occluded factors leads to more accurate beliefs with respect to the true world state and allows an agent to safely navigate several scenarios where other baselines take unsafe actions leading to collisions.","2153-0866","978-1-6654-1714-3","10.1109/IROS51168.2021.9635903","","https://ieeexplore.ieee.org/stamp/stamp.jsp?arnumber=9635903","","Uncertainty;Monte Carlo methods;Navigation;Prediction algorithms;Probabilistic logic;Inference algorithms;Safety","","19","","35","IEEE","16 Dec 2021","27 Sept.-1 Oct. 2021","27 Sept.-1 Oct. 2021","IEEE","IEEE Conferences"
"Semi-Cooperative Control for Autonomous Emergency Vehicles","N. Buckman; W. Schwarting; S. Karaman; D. Rus","Computer Science and Artificial Intelligence Laboratory, Massachusetts Institute of Technology, Cambridge, MA, USA; Computer Science and Artificial Intelligence Laboratory, Massachusetts Institute of Technology, Cambridge, MA, USA; Laboratory of Information and Decision Systems, Massachusetts Institute of Technology, Cambridge, MA, USA; Computer Science and Artificial Intelligence Laboratory, Massachusetts Institute of Technology, Cambridge, MA, USA",2021 IEEE/RSJ International Conference on Intelligent Robots and Systems (IROS),"16 Dec 2021","2021","","","7052","7059","Autonomous control of an emergency vehicle will save lives through faster transport and shorter response. Towards this goal, it must overcome the challenge of inter- acting with existing human drivers on the road. We present a game-theoretic approach for semi-cooperative control of an autonomous emergency vehicle that can interact efficiently with humans on the road. We model the interactions between autonomous and human driven cars with Social Value Orientation, a metric from social psychology, that allows the controller to leverage their influence on the trajectories of neighboring human drivers. In addition, by using a modified version of iterative best response, we direct the algorithm to converge to Nash equilibria that are cooperative. We demonstrate the efficacy of our algorithm in simulations of drivers in traffic, with a variety of traffic densities and driver personalities. In simulations of prosocial human drivers, our algorithm provides an 8% improvement in distance-traveled compared to egoistic human drivers.","2153-0866","978-1-6654-1714-3","10.1109/IROS51168.2021.9636849","","https://ieeexplore.ieee.org/stamp/stamp.jsp?arnumber=9636849","","Measurement;Roads;Psychology;Stability analysis;Iterative algorithms;Trajectory;Automobiles","","9","","39","IEEE","16 Dec 2021","27 Sept.-1 Oct. 2021","27 Sept.-1 Oct. 2021","IEEE","IEEE Conferences"
"GloCAL: Glocalized Curriculum-Aided Learning of Multiple Tasks with Application to Robotic Grasping","A. Kurkcu; C. Acar; D. Campolo; K. P. Tee","Institute for Infocomm Research, A*STAR, Singapore; Institute for Infocomm Research, A*STAR, Singapore; Department of Mechanical & Aerospace Engineering, Nanyang Technological University, Singapore; Institute for Infocomm Research, A*STAR, Singapore",2021 IEEE/RSJ International Conference on Intelligent Robots and Systems (IROS),"16 Dec 2021","2021","","","7089","7096","The domain of robotics is challenging to apply deep reinforcement learning due to the need for large amounts of data and for ensuring safety during learning. Curriculum learning has shown good performance in terms of sample-efficient deep learning. In this paper, we propose an algorithm (named GloCAL) that creates a curriculum for an agent to learn multiple discrete tasks, based on clustering tasks according to their evaluation scores. From the highest-performing cluster, a global task representative of the cluster is identified for learning a global policy that transfers to subsequently formed new clusters, while remaining tasks in the cluster are learnt as local policies. The efficacy and efficiency of our GloCAL algorithm are compared with other approaches in the domain of grasp learning for 49 objects with varied object complexity and grasp difficulty from the EGAD! dataset. The results show that GloCAL is able to learn to grasp 100% of the objects, whereas other approaches achieve at most 86% despite being given 1.5× longer training time.","2153-0866","978-1-6654-1714-3","10.1109/IROS51168.2021.9636492","","https://ieeexplore.ieee.org/stamp/stamp.jsp?arnumber=9636492","","Training;Deep learning;Clustering algorithms;Reinforcement learning;Grasping;Safety;Complexity theory","","","","40","IEEE","16 Dec 2021","27 Sept.-1 Oct. 2021","27 Sept.-1 Oct. 2021","IEEE","IEEE Conferences"
"Particle MPC for Uncertain and Learning-Based Control","R. Dyro; J. Harrison; A. Sharma; M. Pavone","Stanford University, Stanford, CA, USA; Stanford University, Stanford, CA, USA; Stanford University, Stanford, CA, USA; Stanford University, Stanford, CA, USA",2021 IEEE/RSJ International Conference on Intelligent Robots and Systems (IROS),"16 Dec 2021","2021","","","7127","7134","As robotic systems move from highly structured environments to open worlds, incorporating uncertainty from dynamics learning or state estimation into the control pipeline is essential for robust performance. In this paper we present a nonlinear particle model predictive control (PMPC) approach to control under uncertainty, which directly incorporates any particle-based uncertainty representation, such as those common in robotics. Our approach builds on scenario methods for MPC, but in contrast to existing approaches, which either constrain all or only the first timestep to share actions across scenarios, we investigate the impact of a partial consensus horizon. Implementing this optimization for nonlinear dynamics by leveraging sequential convex optimization, our approach yields an efficient framework that can be tuned to the particular information gain dynamics of a system to mitigate both over-conservatism and over-optimism. We investigate our approach for two robotic systems across three problem settings: time-varying, partially observed dynamics; sensing uncertainty; and model-based reinforcement learning, and show that our approach improves performance over baselines in all settings.","2153-0866","978-1-6654-1714-3","10.1109/IROS51168.2021.9635967","","https://ieeexplore.ieee.org/stamp/stamp.jsp?arnumber=9635967","","Uncertainty;Pipelines;Reinforcement learning;Robot sensing systems;Real-time systems;Nonlinear dynamical systems;Sensors","","10","","43","IEEE","16 Dec 2021","27 Sept.-1 Oct. 2021","27 Sept.-1 Oct. 2021","IEEE","IEEE Conferences"
"A Computational Framework for Robot Hand Design via Reinforcement Learning","Z. Zhang; Y. Zheng; Z. Hu; L. Liu; X. Zhao; X. Li; J. Pan","Department of Biomedical Engineering, City University of Hong Kong; Tencent Robotics X, Shenzhen, China; Department of Biomedical Engineering, City University of Hong Kong; Faculty of Intelligent Manufacturing, Wuyi University; Department of Biomedical Engineering, City University of Hong Kong; Tencent Robotics X, Shenzhen, China; Department of Computer Science, The University of Hong Kong",2021 IEEE/RSJ International Conference on Intelligent Robots and Systems (IROS),"16 Dec 2021","2021","","","7216","7222","Robot hand is essential for a fully functional robot and designing a good robot hand is a sophisticated job that challenges the designer’s knowledge and experience. This paper presents a computational framework for automatic optimal robot hand design based on reinforcement learning (RL), which considers desired grasping tasks, grasp control strategies, and performance quality measures altogether. The RL-based framework intends to grow finger joints with different types and link lengths at different positions from null. Then, the reward function for such a growing action is defined in terms of quality indexes of the generated robot hand to perform desired grasping tasks under expected control strategies. To demonstrate the effectiveness of this framework, in this paper we set the desired task to simply grasping objects of three primitive shapes (i.e., box, cylinder, and sphere) with predefined hand positions and strategies to close fingers to achieve grasps for each object. The force closure condition, quantitative stability indexes, and energy consumption of grasps as well as some penalty terms are used to assemble the reward function. Through simulation and practical prototype experiments, we show that capable robot hands can be automatically generated by the proposed framework. Potential factors that affect the output of the framework and deserve further exploration are also discussed.","2153-0866","978-1-6654-1714-3","10.1109/IROS51168.2021.9636305","","https://ieeexplore.ieee.org/stamp/stamp.jsp?arnumber=9636305","","Shape;Force;Prototypes;Grasping;Reinforcement learning;Stability analysis;Indexes","","8","","30","IEEE","16 Dec 2021","27 Sept.-1 Oct. 2021","27 Sept.-1 Oct. 2021","IEEE","IEEE Conferences"
"Learning to Fly—a Gym Environment with PyBullet Physics for Reinforcement Learning of Multi-agent Quadcopter Control","J. Panerati; H. Zheng; S. Zhou; J. Xu; A. Prorok; A. P. Schoellig","Dynamic Systems Lab, Institute for Aerospace Studies, University of Toronto, Canada; Prorok Lab and the Department of Computer Science and Technology, University of Cambridge, Cambridge, United Kingdom; Dynamic Systems Lab, Institute for Aerospace Studies, University of Toronto, Canada; Dynamic Systems Lab, Institute for Aerospace Studies, University of Toronto, Canada; Prorok Lab and the Department of Computer Science and Technology, University of Cambridge, Cambridge, United Kingdom; Dynamic Systems Lab, Institute for Aerospace Studies, University of Toronto, Canada",2021 IEEE/RSJ International Conference on Intelligent Robots and Systems (IROS),"16 Dec 2021","2021","","","7512","7519","Robotic simulators are crucial for academic research and education as well as the development of safety-critical applications. Reinforcement learning environments— simple simulations coupled with a problem specification in the form of a reward function—are also important to standardize the development (and benchmarking) of learning algorithms. Yet, full-scale simulators typically lack portability and paral-lelizability. Vice versa, many reinforcement learning environments trade-off realism for high sample throughputs in toy-like problems. While public data sets have greatly benefited deep learning and computer vision, we still lack the software tools to simultaneously develop—and fairly compare—control theory and reinforcement learning approaches. In this paper, we propose an open-source OpenAI Gym-like environment for multiple quadcopters based on the Bullet physics engine. Its multi-agent and vision-based reinforcement learning interfaces, as well as the support of realistic collisions and aerodynamic effects, make it, to the best of our knowledge, a first of its kind. We demonstrate its use through several examples, either for control (trajectory tracking with PID control, multi-robot flight with downwash, etc.) or reinforcement learning (single and multi-agent stabilization tasks), hoping to inspire future research that combines control theory and machine learning.","2153-0866","978-1-6654-1714-3","10.1109/IROS51168.2021.9635857","","https://ieeexplore.ieee.org/stamp/stamp.jsp?arnumber=9635857","","Trajectory tracking;Software algorithms;Reinforcement learning;Tools;Throughput;Task analysis;Software tools","","182","","27","IEEE","16 Dec 2021","27 Sept.-1 Oct. 2021","27 Sept.-1 Oct. 2021","IEEE","IEEE Conferences"
"Learning of Parameters in Behavior Trees for Movement Skills","M. Mayr; K. Chatzilygeroudis; F. Ahmad; L. Nardi; V. Krueger","Department of Computer Science, Faculty of Engineering (LTH), Lund University, Lund, Sweden; Computer Technology Institute & Press ""Diophantus"", Patras, Greece; Department of Computer Science, Faculty of Engineering (LTH), Lund University, Lund, Sweden; Department of Computer Science, Faculty of Engineering (LTH), Lund University, Lund, Sweden; Department of Computer Science, Faculty of Engineering (LTH), Lund University, Lund, Sweden",2021 IEEE/RSJ International Conference on Intelligent Robots and Systems (IROS),"16 Dec 2021","2021","","","7572","7579","Reinforcement Learning (RL) is a powerful mathematical framework that allows robots to learn complex skills by trial-and-error. Despite numerous successes in many applications, RL algorithms still require thousands of trials to converge to high-performing policies, can produce dangerous behaviors while learning, and the optimized policies (usually modeled as neural networks) give almost zero explanation when they fail to perform the task. For these reasons, the adoption of RL in industrial settings is not common. Behavior Trees (BTs), on the other hand, can provide a policy representation that a) supports modular and composable skills, b) allows for easy interpretation of the robot actions, and c) provides an advantageous low-dimensional parameter space. In this paper, we present a novel algorithm that can learn the parameters of a BT policy in simulation and then generalize to the physical robot without any additional training. We leverage a physical simulator with a digital twin of our workstation, and optimize the relevant parameters with a black-box optimizer. We showcase the efficacy of our method with a 7-DOF KUKAiiwa manipulator in a task that includes obstacle avoidance and a contact-rich insertion (peg-in-hole), in which our method outperforms the baselines.","2153-0866","978-1-6654-1714-3","10.1109/IROS51168.2021.9636292","","https://ieeexplore.ieee.org/stamp/stamp.jsp?arnumber=9636292","","Training;Service robots;Digital twin;Neural networks;Reinforcement learning;Manipulators;Mathematical models","","20","","33","IEEE","16 Dec 2021","27 Sept.-1 Oct. 2021","27 Sept.-1 Oct. 2021","IEEE","IEEE Conferences"
"Adaptive Optimization of Autonomous Vehicle Computational Resources for Performance and Energy Improvement","S. Jambotkar; L. Guo; Y. Jia","Department of Automotive Engineering, Clemson University, Greenville, SC, USA; Department of Automotive Engineering, Clemson University, Greenville, SC, USA; Department of Automotive Engineering, Clemson University, Greenville, SC, USA",2021 IEEE/RSJ International Conference on Intelligent Robots and Systems (IROS),"16 Dec 2021","2021","","","7594","7600","Autonomous vehicles usually consume a large amount of computational power for their operations, especially for the tasks of sensing and perception with artificial intelligence algorithms. Such a computation may not only cost a significant amount of energy but also cause performance issues when the onboard computational resources are limited. To address this issue, this paper proposes an adaptive optimization method to online allocate the onboard computational resources of an autonomous vehicle amongst multiple vehicular subsystems depending on the contexts of the situations that the vehicle is facing. Different autonomous driving scenarios were designed to validate the proposed approach and the results showed that it could help improve the overall performance and energy consumption of autonomous vehicles compared to existing computational arrangement.","2153-0866","978-1-6654-1714-3","10.1109/IROS51168.2021.9635828","","https://ieeexplore.ieee.org/stamp/stamp.jsp?arnumber=9635828","autonomous vehicles;adaptive optimization;computational resources","Measurement;Energy consumption;System performance;Optimization methods;Safety;Sensors;Resource management","","6","","18","IEEE","16 Dec 2021","27 Sept.-1 Oct. 2021","27 Sept.-1 Oct. 2021","IEEE","IEEE Conferences"
"Learning Forceful Manipulation Skills from Multi-modal Human Demonstrations","A. T. Le; M. Guo; N. v. Duijkeren; L. Rozo; R. Krug; A. G. Kupcsik; M. Bürger","University of Stuttgart; Bosch Center for Artificial Intelligence (BCAI), Germany; Bosch Corporate Research, Germany; Bosch Center for Artificial Intelligence (BCAI), Germany; Bosch Corporate Research, Germany; Bosch Center for Artificial Intelligence (BCAI), Germany; Bosch Center for Artificial Intelligence (BCAI), Germany",2021 IEEE/RSJ International Conference on Intelligent Robots and Systems (IROS),"16 Dec 2021","2021","","","7770","7777","Learning from Demonstration (LfD) provides an intuitive and fast approach to program robotic manipulators. Task parameterized representations allow easy adaptation to new scenes and online observations. However, this approach has been limited to pose-only demonstrations and thus only skills with spatial and temporal features. In this work, we extend the LfD framework to address forceful manipulation skills, which are of great importance for industrial processes such as assembly. For such skills, multi-modal demonstrations including robot end-effector poses, force and torque readings, and operation scene are essential. Our objective is to reproduce such skills reliably according to the demonstrated pose and force profiles within different scenes. The proposed method combines our previous work on task-parameterized optimization and attractor-based impedance control. The learned skill model consists of (i) the attractor model that unifies the pose and force features, and (ii) the stiffness model that optimizes the stiffness for different stages of the skill. Furthermore, an online execution algorithm is proposed to adapt the skill execution to real-time observations of robot poses, measured forces, and changed scenes. We validate this method rigorously on a 7-DoF robot arm over several steps of an E-bike motor assembly process, which require different types of forceful interaction such as insertion, sliding and twisting.","2153-0866","978-1-6654-1714-3","10.1109/IROS51168.2021.9636828","","https://ieeexplore.ieee.org/stamp/stamp.jsp?arnumber=9636828","","Adaptation models;Torque;Service robots;Force;Real-time systems;Reliability;Impedance","","22","","27","IEEE","16 Dec 2021","27 Sept.-1 Oct. 2021","27 Sept.-1 Oct. 2021","IEEE","IEEE Conferences"
"A Marginal Log-Likelihood Approach for the Estimation of Discount Factors of Multiple Experts in Inverse Reinforcement Learning","B. H. Giwa; C. -G. Lee","Department of Mechanical & Industrial Engineering, University of Toronto, Canada; Department of Mechanical & Industrial Engineering, University of Toronto, Canada",2021 IEEE/RSJ International Conference on Intelligent Robots and Systems (IROS),"16 Dec 2021","2021","","","7786","7791","We focus on multiple experts performing a task in a Markov decision process (MDP) environment. A probabilistic assignment of trajectories to clusters and a mathematical framework which leverages the utility function are employed to jointly estimate the discount factor and reward. We treat the number of clusters as a hyperparameter which can be ""freely"" selected by the problem designer. In this work, we specifically treat the cluster of trajectories as a latent variable in the adapted maximum entropy inverse reinforcement learning (IRL) formulation; the introduction of this latent variable adds to the complexity of the IRL problem. To manage such complexity, we optimize a marginal log-likelihood function via Expectation Maximization. To test our approach, we have utilized behavioral data generated from three MDP environments. Experimental works show that our approach is promising towards the estimation of discount factors in IRL for non-interacting multiple experts.","2153-0866","978-1-6654-1714-3","10.1109/IROS51168.2021.9636479","","https://ieeexplore.ieee.org/stamp/stamp.jsp?arnumber=9636479","","Estimation;Reinforcement learning;Markov processes;Probabilistic logic;Entropy;Trajectory;Complexity theory","","3","","19","IEEE","16 Dec 2021","27 Sept.-1 Oct. 2021","27 Sept.-1 Oct. 2021","IEEE","IEEE Conferences"
"Towards Coordinated Robot Motions: End-to-End Learning of Motion Policies on Transform Trees","M. A. Rana; A. Li; D. Fox; S. Chernova; B. Boots; N. Ratliff",Georgia Institute of Technology; University of Washington; University of Washington; Georgia Institute of Technology; University of Washington; NVIDIA Research,2021 IEEE/RSJ International Conference on Intelligent Robots and Systems (IROS),"16 Dec 2021","2021","","","7792","7799","Generating robot motion that fulfills multiple tasks simultaneously is challenging due to the geometric constraints imposed on the robot. In this paper, we propose to solve multi-task problems through learning structured policies from human demonstrations. Our structured policy is inspired by RMPflow, a framework for combining subtask policies on different spaces. The policy structure provides the user an interface to 1) specifying the spaces that are directly relevant to the completion of the tasks, and 2) designing policies for certain tasks that do not need to be learned. We derive an end-to-end learning objective that is suitable for the multi-task problem, emphasizing the distance between generated motions and demonstrations measured on task spaces. Furthermore, the motion generated from the learned policy class is guaranteed to be stable. We validate the effectiveness of our proposed learning framework through qualitative and quantitative evaluations on three robotic tasks on a 7-DOF Rethink Sawyer robot.","2153-0866","978-1-6654-1714-3","10.1109/IROS51168.2021.9636097","","https://ieeexplore.ieee.org/stamp/stamp.jsp?arnumber=9636097","","Robot motion;Robot kinematics;Transforms;Multitasking;Extraterrestrial measurements;Task analysis;Intelligent robots","","4","","30","IEEE","16 Dec 2021","27 Sept.-1 Oct. 2021","27 Sept.-1 Oct. 2021","IEEE","IEEE Conferences"
"Learning to Optimize Control Policies and Evaluate Reproduction Performance from Human Demonstrations","P. Gesel; D. LaRoche; S. Arthanat; M. Begum","Department of Computer Science, University of New Hampshire, USA; Department of Kinesiology, University of New Hampshire, USA; Department of Occupational Therapy, University of New Hampshire, USA; Department of Computer Science, University of New Hampshire, USA",2021 IEEE/RSJ International Conference on Intelligent Robots and Systems (IROS),"16 Dec 2021","2021","","","7800","7806","We are interested in learning from demonstration (LfD) that can both learn and execute a trajectory and evaluate the quality of a previously unseen trajectory in the domain of assistive robotics. To this end, we propose a novel continuous inverse optimal control (IOC) formulation that simultaneously learns an optimal time-invariant controller and an evaluation metric from human demonstrations. We assume that the expert’s objective function is a weighted combination of physically meaningful basis objective functions. The evaluation metric is derived from the learned expert’s objective function. The benefit of this approach is twofold: 1) the controller can be optimized with respect to the learned evaluation metric and subject to the robot’s dynamic limitations and 2) the evaluation metric can evaluate the quality of a demonstrated trajectory. We validate our approach with two experiments in a robot guided therapy setting: 1) evaluating demonstrated exercises with the learned metric and 2) reproducing both unconstrained trajectories and trajectories subject to the robot’s dynamic constraints.","2153-0866","978-1-6654-1714-3","10.1109/IROS51168.2021.9636454","National Science Foundation; ","https://ieeexplore.ieee.org/stamp/stamp.jsp?arnumber=9636454","","Measurement;Optimal control;Medical treatment;Rehabilitation robotics;Linear programming;Trajectory;Intelligent robots","","","","30","IEEE","16 Dec 2021","27 Sept.-1 Oct. 2021","27 Sept.-1 Oct. 2021","IEEE","IEEE Conferences"
"Learning from Successful and Failed Demonstrations via Optimization","B. Hertel; S. R. Ahmadzadeh","Persistent Autonomy and Robot Learning (PeARL) Lab, University of Massachusetts Lowell, Lowell, MA; Persistent Autonomy and Robot Learning (PeARL) Lab, University of Massachusetts Lowell, Lowell, MA",2021 IEEE/RSJ International Conference on Intelligent Robots and Systems (IROS),"16 Dec 2021","2021","","","7807","7812","Learning from Demonstration (LfD) is a popular approach that allows humans to teach robots new skills by showing the correct way(s) of performing the desired skill. Human-provided demonstrations, however, are not always optimal and the teacher usually addresses this issue by discarding or replacing sub-optimal (noisy or faulty) demonstrations. We propose a novel LfD representation that learns from both successful and failed demonstrations of a skill. Our approach encodes the two subsets of captured demonstrations (labeled by the teacher) into a statistical skill model, constructs a set of quadratic costs, and finds an optimal reproduction of the skill under novel problem conditions (i.e. constraints). The optimal reproduction balances convergence towards successful examples and divergence from failed examples. We evaluate our approach through several 2D and 3D experiments in real-world using a UR5e manipulator arm and also show that it can reproduce a skill from only failed demonstrations. The benefits of exploiting both failed and successful demonstrations are shown through comparison with two existing LfD approaches. We also compare our approach against an existing skill refinement method and show its capabilities in a multi-coordinate setting.","2153-0866","978-1-6654-1714-3","10.1109/IROS51168.2021.9636679","","https://ieeexplore.ieee.org/stamp/stamp.jsp?arnumber=9636679","","Three-dimensional displays;Costs;Manipulators;Noise measurement;Optimization;Intelligent robots;Convergence","","9","","19","IEEE","16 Dec 2021","27 Sept.-1 Oct. 2021","27 Sept.-1 Oct. 2021","IEEE","IEEE Conferences"
"Learning by Watching: Physical Imitation of Manipulation Skills from Human Videos","H. Xiong; Q. Li; Y. -C. Chen; H. Bharadhwaj; S. Sinha; A. Garg",University of Toronto & Vector Institute; University of Toronto & Vector Institute; University of Toronto & Vector Institute; University of Toronto & Vector Institute; University of Toronto & Vector Institute; University of Toronto & Vector Institute,2021 IEEE/RSJ International Conference on Intelligent Robots and Systems (IROS),"16 Dec 2021","2021","","","7827","7834","Learning from visual data opens the potential to accrue a large range of manipulation behaviors by leveraging human demonstrations without specifying each of them mathe-matically, but rather through natural task specification. In this paper, we present Learning by Watching (LbW), an algorithmic framework for policy learning through imitation from a single video specifying the task. The key insights of our method are two-fold. First, since the human arms may not have the same morphology as robot arms, our framework learns unsupervised human to robot translation to overcome the morphology mis-match issue. Second, to capture the details in salient regions that are crucial for learning state representations, our model performs unsupervised keypoint detection on the translated robot videos. The detected keypoints form a structured representation that contains semantically meaningful information and can be used directly for computing reward and policy learning. We evaluate the effectiveness of our LbW framework on five robot manipulation tasks, including reaching, pushing, sliding, coffee making, and drawer closing. Extensive experimental evaluations demonstrate that our method performs favorably against the state-of-the-art approaches. More results and analysis are available at pair.toronto.edu/lbw-kp/.","2153-0866","978-1-6654-1714-3","10.1109/IROS51168.2021.9636080","","https://ieeexplore.ieee.org/stamp/stamp.jsp?arnumber=9636080","","Representation learning;Measurement;Visualization;Program processors;Morphology;Manipulators;Trajectory","","50","","52","IEEE","16 Dec 2021","27 Sept.-1 Oct. 2021","27 Sept.-1 Oct. 2021","IEEE","IEEE Conferences"
"Contrastively Learning Visual Attention as Affordance Cues from Demonstrations for Robotic Grasping","Y. Zha; S. Bhambri; L. Guan","School of CS & AI, Arizona State University, United States of America; School of CS & AI, Arizona State University, United States of America; School of CS & AI, Arizona State University, United States of America",2021 IEEE/RSJ International Conference on Intelligent Robots and Systems (IROS),"16 Dec 2021","2021","","","7835","7842","Conventional works that learn grasping affordance from demonstrations need to explicitly predict grasping configurations, such as gripper approaching angles or grasping preshapes. Classic motion planners could then sample trajectories by using such predicted configurations. In this work, our goal is instead to fill the gap between affordance discovery and affordance-based policy learning by integrating the two objectives in an end-to-end imitation learning framework based on deep neural networks. From a psychological perspective, there is a close association between attention and affordance. Therefore, with an end-to-end neural network, we propose to learn affordance cues as visual attention that serves as a useful indicating signal of how a demonstrator accomplishes tasks, instead of explicitly modeling affordances. To achieve this, we propose a contrastive learning framework that consists of a Siamese encoder and a trajectory decoder. We further introduce a coupled triplet loss to encourage the discovered affordance cues to be more affordance-relevant. Our experimental results demonstrate that our model with the coupled triplet loss achieves the highest grasping success rate in a simulated robot environment. Our project website can be accessed at1.","2153-0866","978-1-6654-1714-3","10.1109/IROS51168.2021.9636760","","https://ieeexplore.ieee.org/stamp/stamp.jsp?arnumber=9636760","","Deep learning;Visualization;Affordances;Neural networks;Psychology;Grasping;Trajectory","","5","","36","IEEE","16 Dec 2021","27 Sept.-1 Oct. 2021","27 Sept.-1 Oct. 2021","IEEE","IEEE Conferences"
"Adaptive t-Momentum-based Optimization for Unknown Ratio of Outliers in Amateur Data in Imitation Learning","W. E. Lionel Ilboudo; T. Kobayashi; K. Sugimoto","Division of Information Science, Nara Institute of Science and Technology, Nara, Japan; Division of Information Science, Nara Institute of Science and Technology, Nara, Japan; Division of Information Science, Nara Institute of Science and Technology, Nara, Japan",2021 IEEE/RSJ International Conference on Intelligent Robots and Systems (IROS),"16 Dec 2021","2021","","","7851","7857","Behavioral cloning (BC) bears a high potential for safe and direct transfer of human skills to robots. However, demonstrations performed by human operators often contain noise or imperfect behaviors that can affect the efficiency of the imitator if left unchecked. In order to allow the imitators to effectively learn from imperfect demonstrations, we propose to employ the robust t-momentum optimization algorithm. This algorithm builds on the Student's t-distribution in order to deal with heavy-tailed data and reduce the effect of outlying observations. We extend the t-momentum algorithm to allow for an adaptive and automatic robustness and show empirically how the algorithm can be used to produce robust BC imitators against datasets with unknown heaviness. Indeed, the imitators trained with the t-momentum-based Adam optimizers displayed robustness to imperfect demonstrations on two different manipulation tasks with different robots and revealed the capability to take advantage of the additional data while reducing the adverse effect of non-optimal behaviors.","2153-0866","978-1-6654-1714-3","10.1109/IROS51168.2021.9636413","","https://ieeexplore.ieee.org/stamp/stamp.jsp?arnumber=9636413","","Cloning;Robustness;Safety;Classification algorithms;Noise measurement;Task analysis;Optimization","","2","","21","IEEE","16 Dec 2021","27 Sept.-1 Oct. 2021","27 Sept.-1 Oct. 2021","IEEE","IEEE Conferences"
"Robust Behavior Cloning with Adversarial Demonstration Detection","M. Hussein; B. Crowe; M. Clark-Turner; P. Gesel; M. Petrik; M. Begum","Cognitive Assistive Robotics Lab, University of New Hampshire; Department of Statistics, University of New Hampshire; Cognitive Assistive Robotics Lab, University of New Hampshire; Cognitive Assistive Robotics Lab, University of New Hampshire; Department of Computer Science, University of New Hampshire; Cognitive Assistive Robotics Lab, University of New Hampshire",2021 IEEE/RSJ International Conference on Intelligent Robots and Systems (IROS),"16 Dec 2021","2021","","","7858","7864","Imitation learning (IL) frameworks in robotics typically assume that a domain expert's demonstration always contains a correct way of doing the task. Despite its theoretical convenience, this assumption has limited practical values for an IL-powered robot in real world. There are many reasons for an expert in the real world to provide demonstrations that may contain incorrect or potentially unsafe way of doing a task. In order for IL-powered robots to work in the real world, IL frameworks need to detect such adversarial demonstrations and not learn from them. This paper proposes an IL framework that can autonomously detect and remove adversarial demonstrations, if they exist in the demonstration set, as it directly learns a task policy from the expert. The proposed framework that we term Robust Maximum Entropy behavior cloning (R-MaxEnt) learns a stochastic model that maps states to actions. In doing so, R-MaxEnt solves a minmax problem that leverages the entropy of the model to assign weights to different demonstrations while assigning poor weights to adversarial samples. Our empirical results show that R-MaxEnt outperforms the existing IL approaches in both real and simulated robotics tasks.","2153-0866","978-1-6654-1714-3","10.1109/IROS51168.2021.9636203","National Science Foundation; ","https://ieeexplore.ieee.org/stamp/stamp.jsp?arnumber=9636203","","Cloning;Stochastic processes;Entropy;Task analysis;Intelligent robots","","4","","45","IEEE","16 Dec 2021","27 Sept.-1 Oct. 2021","27 Sept.-1 Oct. 2021","IEEE","IEEE Conferences"
"State-Only Imitation Learning for Dexterous Manipulation","I. Radosavovic; X. Wang; L. Pinto; J. Malik",UC Berkeley; UC San Diego; New York University; UC Berkeley,2021 IEEE/RSJ International Conference on Intelligent Robots and Systems (IROS),"16 Dec 2021","2021","","","7865","7871","Modern model-free reinforcement learning methods have recently demonstrated impressive results on a number of problems. However, complex domains like dexterous manipulation remain a challenge due to the high sample complexity. To address this, current approaches employ expert demonstrations in the form of state-action pairs, which are difficult to obtain for real-world settings such as learning from videos. In this paper, we move toward a more realistic setting and explore state-only imitation learning. To tackle this setting, we train an inverse dynamics model and use it to predict actions for state-only demonstrations. The inverse dynamics model and the policy are trained jointly. Our method performs on par with state-action approaches and considerably outperforms RL alone. By not relying on expert actions, we are able to learn from demonstrations with different dynamics, morphologies, and objects. Videos available on the ${\text{project page}}$.","2153-0866","978-1-6654-1714-3","10.1109/IROS51168.2021.9636557","","https://ieeexplore.ieee.org/stamp/stamp.jsp?arnumber=9636557","","Morphology;Reinforcement learning;Soil;Predictive models;Complexity theory;Intelligent robots;Videos","","55","","56","IEEE","16 Dec 2021","27 Sept.-1 Oct. 2021","27 Sept.-1 Oct. 2021","IEEE","IEEE Conferences"
"Human-Inspired Multi-Agent Navigation using Knowledge Distillation","P. Xu; I. Karamouzas","School of Computing, Clemson University, South Carolina, USA; School of Computing, Clemson University, South Carolina, USA",2021 IEEE/RSJ International Conference on Intelligent Robots and Systems (IROS),"16 Dec 2021","2021","","","8105","8112","Despite significant advancements in the field of multi-agent navigation, agents still lack the sophistication and intelligence that humans exhibit in multi-agent settings. In this paper, we propose a framework for learning a human-like general collision avoidance policy for agent-agent interactions in fully decentralized, multi-agent environments. Our approach uses knowledge distillation with reinforcement learning to shape the reward function based on expert policies extracted from human trajectory demonstrations through behavior cloning. We show that agents trained with our approach can take human-like trajectories in collision avoidance and goal-directed steering tasks not provided by the demonstrations, outperforming the experts as well as learning-based agents trained without knowledge distillation.","2153-0866","978-1-6654-1714-3","10.1109/IROS51168.2021.9636463","National Science Foundation; ","https://ieeexplore.ieee.org/stamp/stamp.jsp?arnumber=9636463","","Navigation;Shape;Cloning;Reinforcement learning;Trajectory;Collision avoidance;Task analysis","","11","","49","IEEE","16 Dec 2021","27 Sept.-1 Oct. 2021","27 Sept.-1 Oct. 2021","IEEE","IEEE Conferences"
"DRQN-based 3D Obstacle Avoidance with a Limited Field of View","Y. Chen; G. Chen; L. Pan; J. Ma; Y. Zhang; Y. Zhang; J. Ji","School of Computer Science and Technology, University of Science and Technology of China, Hefei, China; School of Computer Science and Technology, University of Science and Technology of China, Hefei, China; School of Computer Science and Technology, University of Science and Technology of China, Hefei, China; School of Computer Science and Technology, University of Science and Technology of China, Hefei, China; School of Computer Science and Technology, University of Science and Technology of China, Hefei, China; School of Computer Science and Technology, University of Science and Technology of China, Hefei, China; School of Computer Science and Technology, University of Science and Technology of China, Hefei, China",2021 IEEE/RSJ International Conference on Intelligent Robots and Systems (IROS),"16 Dec 2021","2021","","","8137","8143","In this paper, we propose a map-based end-to-end DRL approach for three-dimensional (3D) obstacle avoidance in a partially observed environment, which is applied to achieve autonomous navigation for an indoor mobile robot using a depth camera with a narrow field of view. We first train a neural network with LSTM units in a 3D simulator of mobile robots to approximate the Q-value function in double DRQN. We also use a curriculum learning strategy to accelerate and stabilize the training process. Then we deploy the trained model to a real robot to perform 3D obstacle avoidance in its navigation. We evaluate the proposed approach both in the simulated environment and on a robot in the real world. The experimental results show that the approach is efficient and easy to be deployed, and it performs well for 3D obstacle avoidance with a narrow observation angle, which outperforms other existing DRL-based models by 15.5% on success rate.","2153-0866","978-1-6654-1714-3","10.1109/IROS51168.2021.9635949","Research and Development; Anhui Provincial Development and Reform Commission; Research and Development; ","https://ieeexplore.ieee.org/stamp/stamp.jsp?arnumber=9635949","","Training;Solid modeling;Three-dimensional displays;Navigation;Robot vision systems;Neural networks;Cameras","","12","","25","IEEE","16 Dec 2021","27 Sept.-1 Oct. 2021","27 Sept.-1 Oct. 2021","IEEE","IEEE Conferences"
"Crowd-Aware Robot Navigation for Pedestrians with Multiple Collision Avoidance Strategies via Map-based Deep Reinforcement Learning","S. Yao; G. Chen; Q. Qiu; J. Ma; X. Chen; J. Ji","School of Computer Science and Technology, University of Science and Technology of China (USTC), Hefei, China; School of Computer Science and Technology, University of Science and Technology of China (USTC), Hefei, China; School of Data Science, USTC, Hefei, China; School of Data Science, USTC, Hefei, China; School of Computer Science and Technology, University of Science and Technology of China (USTC), Hefei, China; School of Computer Science and Technology, University of Science and Technology of China (USTC), Hefei, China",2021 IEEE/RSJ International Conference on Intelligent Robots and Systems (IROS),"16 Dec 2021","2021","","","8144","8150","It is challenging for a mobile robot to navigate through human crowds. Existing approaches usually assume that pedestrians follow a predefined collision avoidance strategy, like social force model (SFM) or optimal reciprocal collision avoidance (ORCA). However, their performances commonly need to be further improved for practical applications, where pedestrians follow multiple different collision avoidance strategies. In this paper, we propose a map-based deep reinforcement learning approach for crowd-aware robot navigation with various pedestrians. We use the sensor map to represent the environmental information around the robot, including its shape and observable appearances of obstacles. We also introduce the pedestrian map that specifies the movements of pedestrians around the robot. By applying both maps as inputs of the neural network, we show that a navigation policy can be trained to better interact with pedestrians following different collision avoidance strategies. We evaluate our approach under multiple scenarios both in the simulator and on an actual robot. The results show that our approach allows the robot to successfully interact with various pedestrians and outperforms compared methods in terms of the success rate.","2153-0866","978-1-6654-1714-3","10.1109/IROS51168.2021.9636579","Research and Development; Anhui Provincial Development and Reform Commission; ","https://ieeexplore.ieee.org/stamp/stamp.jsp?arnumber=9636579","","Legged locomotion;Training;Navigation;Shape;Neural networks;Robot vision systems;Reinforcement learning","","44","","26","IEEE","16 Dec 2021","27 Sept.-1 Oct. 2021","27 Sept.-1 Oct. 2021","IEEE","IEEE Conferences"
"A Hierarchical Framework for Quadruped Locomotion Based on Reinforcement Learning","W. Tan; X. Fang; W. Zhang; R. Song; T. Chen; Y. Zheng; Y. Li","School of Control Science and Engineering, Shandong University, Jinan, China; School of Control Science and Engineering, Shandong University, Jinan, China; School of Control Science and Engineering, Shandong University, Jinan, China; School of Control Science and Engineering, Shandong University, Jinan, China; School of Control Science and Engineering, Shandong University, Jinan, China; Tencent Robotics X Lab, Shenzhen, China; School of Control Science and Engineering, Shandong University, Jinan, China",2021 IEEE/RSJ International Conference on Intelligent Robots and Systems (IROS),"16 Dec 2021","2021","","","8462","8468","Quadruped locomotion is a challenging task for learning-based algorithms. It requires tedious manual tuning and is difficult to deploy in reality due to the reality gap. In this paper, we propose a quadruped robot learning system for agile locomotion which does not require any pre-training and works well in various real-world terrains. We introduce a hierarchical learning framework that uses reinforcement learning as the high-level policy to adjust the low-level trajectory generator for better adaptability to the terrain. We compact the observation and action space of the reinforcement learning to deploy it on a host computer in reality. Besides, we design a trajectory generator guided by robot posture, which can generate adaptive foot trajectory to interact with the environment. Experimental results show that our system can be easily deployed in reality while only trained in simulation, and also has the advantages of fast convergence and good terrain adaptability. The supplementary video demonstration is available at https://vsislab.github.io/hfql/.","2153-0866","978-1-6654-1714-3","10.1109/IROS51168.2021.9636757","Research and Development; National Natural Science Foundation of China; Natural Science Foundation of Shandong Province; ","https://ieeexplore.ieee.org/stamp/stamp.jsp?arnumber=9636757","","Adaptation models;Reinforcement learning;Manuals;Robot learning;Generators;Trajectory;Quadrupedal robots","","17","","31","IEEE","16 Dec 2021","27 Sept.-1 Oct. 2021","27 Sept.-1 Oct. 2021","IEEE","IEEE Conferences"
"Rapid Stability Margin Estimation for Contact-Rich Locomotion","R. Orsolino; S. Gangapurwala; O. Melon; M. Geisert; I. Havoutis; M. Fallon","Dynamic Robots Systems (DRS) Group, Oxford Robotics Institute, University of Oxford, UK; Dynamic Robots Systems (DRS) Group, Oxford Robotics Institute, University of Oxford, UK; Dynamic Robots Systems (DRS) Group, Oxford Robotics Institute, University of Oxford, UK; Dynamic Robots Systems (DRS) Group, Oxford Robotics Institute, University of Oxford, UK; Dynamic Robots Systems (DRS) Group, Oxford Robotics Institute, University of Oxford, UK; Dynamic Robots Systems (DRS) Group, Oxford Robotics Institute, University of Oxford, UK",2021 IEEE/RSJ International Conference on Intelligent Robots and Systems (IROS),"16 Dec 2021","2021","","","8485","8492","The efficient evaluation the dynamic stability of legged robots on non-coplanar terrains is important when developing motion planning and control policies. The inference time of this measure has a strong influence on how fast a robot can react to unexpected events, plan its future footsteps or its body trajectory. Existing approaches suitable for real-time decision making are either limited to flat ground or to quasi-static locomotion. Furthermore, joint-space feasibility constraints are usually not considered in receding-horizon planning as their high dimensionality prohibits this. In this paper we propose the usage of a stability criterion for dynamic locomotion on rough terrain based on the Feasible Region (FR) and the Instantaneous Capture Point (ICP) and we leverage a Neural Network (NN) to quickly estimate it. We show that our network achieves satisfactory accuracy with respect to its analytical counterpart with a speed up of three orders-of-magnitude. It also enables the evaluation of the stability margin's gradient. We demonstrate this learned stability margin in two diverse applications - Reinforcement Learning (RL) and nonlinear Trajectory Optimization (TO) for legged robots. We demonstrate on a full-sized quadruped robot that the network enables the computation of physically-realizable Center of Mass (CoM) trajectories and foothold locations satisfying friction constraints and joint-torque limits in a receding-horizon fashion and on non-coplanar terrains.","2153-0866","978-1-6654-1714-3","10.1109/IROS51168.2021.9636474","Royal Society; ","https://ieeexplore.ieee.org/stamp/stamp.jsp?arnumber=9636474","","Legged locomotion;Stability criteria;Reinforcement learning;Time measurement;Real-time systems;Planning;Velocity measurement","","3","","33","IEEE","16 Dec 2021","27 Sept.-1 Oct. 2021","27 Sept.-1 Oct. 2021","IEEE","IEEE Conferences"
"Run Like a Dog: Learning Based Whole-Body Control Framework for Quadruped Gait Style Transfer","F. Yin; A. Tang; L. Xu; Y. Cao; Y. Zheng; Z. Zhang; X. Chen","School of Automation, Beihang University, Beijing, China; Department of Creative-Infomatics, JSK Lab, The University of Tokyo, Tokyo, Japan; Tencent, Shenzhen, China; Fu Foundation School of Engineering and Applied Science, Columbia University, New York, NY; Tencent, Shenzhen, China; Tencent, Shenzhen, China; Tencent, Shenzhen, China",2021 IEEE/RSJ International Conference on Intelligent Robots and Systems (IROS),"16 Dec 2021","2021","","","8508","8514","In this paper, a learning-based whole-body loco-motion controller is proposed, which enables quadruped robots to perform running in the style of real animals. We use a low-level controller based on multi-rigid body dynamics to calculate desired torques for each joint, while the high-level neural network policy planning the expected gait and foothold. The policy is trained with reinforcement learning, so that the robot can track a variety of trajectories according to the gait patterns recorded from real-world dogs. We transfer the walking and running gait style to quadrupeds in simulation, involving pace, trot, high-speed gallop and natural transitions. The performance is evaluated by the synchronization rate of contact state between the policy result and the recorded sequence. In the experiments, the robot runs steadily at a speed of 2 m/s and showcases a notable synchronization rate of about 80%. Without prior knowledge, the policy demonstrates a realistic foothold distribution that covers the central area of the torso, which is prevalent in running animals.","2153-0866","978-1-6654-1714-3","10.1109/IROS51168.2021.9636805","","https://ieeexplore.ieee.org/stamp/stamp.jsp?arnumber=9636805","","Legged locomotion;Torso;Neural networks;Reinforcement learning;Dogs;Trajectory;Planning","","7","","31","IEEE","16 Dec 2021","27 Sept.-1 Oct. 2021","27 Sept.-1 Oct. 2021","IEEE","IEEE Conferences"
"Generalization Through Hand-Eye Coordination: An Action Space for Learning Spatially-Invariant Visuomotor Control","C. Wang; R. Wang; A. Mandlekar; L. Fei-Fei; S. Savarese; D. Xu",Stanford Vision and Learning Lab; Stanford Vision and Learning Lab; Stanford Vision and Learning Lab; Stanford Vision and Learning Lab; Stanford Vision and Learning Lab; Stanford Vision and Learning Lab,2021 IEEE/RSJ International Conference on Intelligent Robots and Systems (IROS),"16 Dec 2021","2021","","","8913","8920","Imitation Learning (IL) is an effective framework to learn visuomotor skills from offline demonstration data. However, IL methods often fail to generalize to new scene configurations not covered by training data. On the other hand, humans can manipulate objects in varying conditions. Key to such capability is hand-eye coordination, a cognitive ability that enables humans to adaptively direct their movements at task-relevant objects and be invariant to the objects’ absolute spatial location. In this work, we present a learnable action space, Hand-eye Action Networks (HAN) that learns coordinated hand-eye movements from human teleoperated demonstrations. Through a set of challenging multi-stage manipulation tasks, we show that a visuomotor policy equipped with HAN is able to inherit the key spatial invariance property of handeye coordination and achieve generalization to new scene configurations. Additional materials available at https://sites.google.com/stanford.edu/han","2153-0866","978-1-6654-1714-3","10.1109/IROS51168.2021.9636023","Toyota Research Institute; ","https://ieeexplore.ieee.org/stamp/stamp.jsp?arnumber=9636023","","Training;Robot kinematics;Training data;Reinforcement learning;Aerospace electronics;Task analysis;Intelligent robots","","19","","44","IEEE","16 Dec 2021","27 Sept.-1 Oct. 2021","27 Sept.-1 Oct. 2021","IEEE","IEEE Conferences"
"Risk Averse Bayesian Reward Learning for Autonomous Navigation from Human Demonstration","C. Ellis; M. Wigness; J. Rogers; C. Lennon; L. Fiondella","Department of Electrical and Computer Engineering, University of Massachusetts, Dartmouth, USA; United States Army Research Laboratory (ARL); United States Army Research Laboratory (ARL); United States Army Research Laboratory (ARL); Department of Electrical and Computer Engineering, University of Massachusetts, Dartmouth, USA",2021 IEEE/RSJ International Conference on Intelligent Robots and Systems (IROS),"16 Dec 2021","2021","","","8928","8935","Traditional imitation learning provides a set of methods and algorithms to learn a reward function or policy from expert demonstrations. Learning from demonstration has been shown to be advantageous for navigation tasks as it allows for machine learning non-experts to quickly provide information needed to learn complex traversal behaviors. However, a minimal set of demonstrations is unlikely to capture all relevant information needed to achieve the desired behavior in every possible future operational environment. Due to distributional shift among environments, a robot may encounter features that were rarely or never observed during training for which the appropriate reward value is uncertain, leading to undesired outcomes. This paper proposes a Bayesian technique which quantifies uncertainty over the weights of a linear reward function given a dataset of minimal human demonstrations to operate safely in dynamic environments. This uncertainty is quantified and incorporated into a risk averse set of weights used to generate cost maps for planning. Experiments in a 3-D environment with a simulated robot show that our proposed algorithm enables a robot to avoid dangerous terrain completely in two out of three test scenarios and accumulates a lower amount of risk than related approaches in all scenarios without requiring any additional demonstrations.","2153-0866","978-1-6654-1714-3","10.1109/IROS51168.2021.9635835","Army Research Laboratory; ","https://ieeexplore.ieee.org/stamp/stamp.jsp?arnumber=9635835","","Training;Uncertainty;Three-dimensional displays;Semantics;Training data;Robot sensing systems;Bayes methods","","2","","33","USGov","16 Dec 2021","27 Sept.-1 Oct. 2021","27 Sept.-1 Oct. 2021","IEEE","IEEE Conferences"
"Decentralized, Unlabeled Multi-Agent Navigation in Obstacle-Rich Environments using Graph Neural Networks","X. Ji; H. Li; Z. Pan; X. Gao; C. Tu","Department of Computer Science, Shandong University; Department of Computer Science, Shandong University; Department of Computer Science, University of Illinois at Urbana Champaign; Department of Computer Science, Florida State University; Department of Computer Science, Shandong University",2021 IEEE/RSJ International Conference on Intelligent Robots and Systems (IROS),"16 Dec 2021","2021","","","8936","8943","We propose a decentralized, learning-based solution to the challenging problem of unlabeled multi-agent navigation among obstacles, where robots need to simultaneously tackle the problems of goal assignment, local collision avoidance, and navigation. Our method has each robot infer their desired action by communicating with each other as well as a set of position-fixed routers. The inference is carried out on a graph neural network (GNN) with both robot and router nodes. We train our GNN using imitation learning on a small group of robots, where we modify the centralized version of the concurrent goal assignment and planning algorithm (CAPT) as our expert. By sharing weights among all robots and routers, our model can scale to unseen environments with any number of possibly kinodynamic agents during test time. We have achieved a success rate of 91.2% and 85.6% for point and car-like robots, respectively. Source code will be publicly available upon the publication of the work.","2153-0866","978-1-6654-1714-3","10.1109/IROS51168.2021.9636088","","https://ieeexplore.ieee.org/stamp/stamp.jsp?arnumber=9636088","","Codes;Navigation;Graph neural networks;Inference algorithms;Planning;Collision avoidance;Robots","","16","","37","IEEE","16 Dec 2021","27 Sept.-1 Oct. 2021","27 Sept.-1 Oct. 2021","IEEE","IEEE Conferences"
"Improving Kinodynamic Planners for Vehicular Navigation with Learned Goal-Reaching Controllers","A. Sivaramakrishnan; E. Granados; S. Karten; T. McMahon; K. E. Bekris","Dept. of Computer Science, Rutgers, NJ, USA; Dept. of Computer Science, Rutgers, NJ, USA; Dept. of Computer Science, Rutgers, NJ, USA; Dept. of Computer Science, Rutgers, NJ, USA; Dept. of Computer Science, Rutgers, NJ, USA",2021 IEEE/RSJ International Conference on Intelligent Robots and Systems (IROS),"16 Dec 2021","2021","","","9038","9043","This paper aims to improve the path quality and computational efficiency of sampling-based kinodynamic planners for vehicular navigation. It proposes a learning framework for identifying promising controls during the expansion process of sampling-based planners. Given a dynamics model, a reinforcement learning process is trained offline to return a low-cost control that reaches a local goal state (i.e., a waypoint) in the absence of obstacles. By focusing on the system’s dynamics and not knowing the environment, this process is data-efficient and takes place once for a robotic system. In this way, it can be reused in different environments. The planner generates online local goal states for the learned controller in an informed manner to bias towards the goal and consecutively in an exploratory, random manner. For the informed expansion, local goal states are generated either via (a) medial axis information in environments with obstacles, or (b) wavefront information for setups with traversability costs. The learning process and the resulting planning framework are evaluated for a first and second-order differential drive system, as well as a physically simulated Segway robot. The results show that the proposed integration of learning and planning can produce higher quality paths than sampling-based kinodynamic planning with random controls in fewer iterations and computation time.","2153-0866","978-1-6654-1714-3","10.1109/IROS51168.2021.9636657","","https://ieeexplore.ieee.org/stamp/stamp.jsp?arnumber=9636657","","Training;Navigation;Process control;Focusing;Reinforcement learning;Planning;Computational efficiency","","4","","25","IEEE","16 Dec 2021","27 Sept.-1 Oct. 2021","27 Sept.-1 Oct. 2021","IEEE","IEEE Conferences"
"Risk Conditioned Neural Motion Planning","X. Huang; M. Feng; A. Jasour; G. Rosman; B. Williams","Computer Science and Artificial Intelligence Laboratory (CSAIL), Massachusetts Institute of Technology, Cambridge, MA, USA; Computer Science and Artificial Intelligence Laboratory (CSAIL), Massachusetts Institute of Technology, Cambridge, MA, USA; Computer Science and Artificial Intelligence Laboratory (CSAIL), Massachusetts Institute of Technology, Cambridge, MA, USA; Toyota Research Institute, Cambridge, MA, USA; Computer Science and Artificial Intelligence Laboratory (CSAIL), Massachusetts Institute of Technology, Cambridge, MA, USA",2021 IEEE/RSJ International Conference on Intelligent Robots and Systems (IROS),"16 Dec 2021","2021","","","9057","9063","Risk-bounded motion planning is an important yet difficult problem for safety-critical tasks. While existing mathematical programming methods offer theoretical guarantees in the context of constrained Markov decision processes, they either lack scalability in solving larger problems or produce conservative plans. Recent advances in deep reinforcement learning improve scalability by learning policy networks as function approximators. In this paper, we propose an extension of soft actor critic model to estimate the execution risk of a plan through a risk critic and produce risk-bounded policies efficiently by adding an extra risk term in the loss function of the policy network. We define the execution risk in an accurate form, as opposed to approximating it through a summation of immediate risks at each time step that leads to conservative plans. Our proposed model is conditioned on a continuous spectrum of risk bounds, allowing the user to adjust the risk-averse level of the agent on the fly. Through a set of experiments, we show the advantage of our model in terms of both computational time and plan quality, compared to a state-of-the-art mathematical programming baseline, and validate its performance in more complicated scenarios, including nonlinear dynamics and larger state space.","2153-0866","978-1-6654-1714-3","10.1109/IROS51168.2021.9636201","Toyota Research Institute; ","https://ieeexplore.ieee.org/stamp/stamp.jsp?arnumber=9636201","","Computational modeling;Scalability;Heuristic algorithms;Reinforcement learning;Mathematical models;Planning;Nonlinear dynamical systems","","6","","30","IEEE","16 Dec 2021","27 Sept.-1 Oct. 2021","27 Sept.-1 Oct. 2021","IEEE","IEEE Conferences"
"Learning to Navigate in a VUCA Environment: Hierarchical Multi-expert Approach","W. Zhang; K. Zhao; P. Li; X. Zhu; F. Ye; W. Jiang; H. Fu; T. Wang","Advanced Institute of Information Technology, Peking University; Advanced Institute of Information Technology, Peking University; Advanced Institute of Information Technology, Peking University; Advanced Institute of Information Technology, Peking University; Advanced Institute of Information Technology, Peking University; Advanced Institute of Information Technology, Peking University; Advanced Institute of Information Technology, Peking University; Advanced Institute of Information Technology, Peking University",2021 IEEE/RSJ International Conference on Intelligent Robots and Systems (IROS),"16 Dec 2021","2021","","","9254","9261","Despite decades of efforts, robot navigation in a real scenario with volatility, uncertainty, complexity, and ambiguity (VUCA for short), remains a challenging topic. Inspired by the central nervous system (CNS), we propose a hierarchical multi-expert learning framework for autonomous navigation in a VUCA environment. With a heuristic exploration mechanism considering target location, path cost, and safety level, the upper layer performs simultaneous map exploration and route-planning to avoid trapping in a blind alley, similar to the cerebrum in the CNS. Using a local adaptive model fusing multiple discrepant strategies, the lower layer pursuits a balance between collision-avoidance and go-straight strategies, acting as the cerebellum in the CNS. We conduct simulation and real-world experiments on multiple platforms, including legged and wheeled robots. Experimental results demonstrate our algorithm outperforms the existing methods in terms of task achievement, time efficiency, and security. A video of our results is available at https://youtu.be/lAnW4QIWDoU.","2153-0866","978-1-6654-1714-3","10.1109/IROS51168.2021.9636370","","https://ieeexplore.ieee.org/stamp/stamp.jsp?arnumber=9636370","","Adaptation models;Uncertainty;Navigation;Brain modeling;Safety;Planning;Security","","3","","38","IEEE","16 Dec 2021","27 Sept.-1 Oct. 2021","27 Sept.-1 Oct. 2021","IEEE","IEEE Conferences"
"A Vision-based Irregular Obstacle Avoidance Framework via Deep Reinforcement Learning","L. Gao; J. Ding; W. Liu; H. Piao; Y. Wang; X. Yang; B. Yin","School of Computer Science, Dalian University of Technology, Dalian, China; School of Computer Science, Dalian University of Technology, Dalian, China; College of Mathematics and Computer Science, Fuzhou University, Fuzhou, China; School of Electronics and Information, Northwestern Polytechnical University, Xi’an, China; School of Computer Science, Dalian University of Technology, Dalian, China; School of Computer Science, Dalian University of Technology, Dalian, China; School of Computer Science, Dalian University of Technology, Dalian, China",2021 IEEE/RSJ International Conference on Intelligent Robots and Systems (IROS),"16 Dec 2021","2021","","","9262","9269","Deep reinforcement learning has achieved great success in laser-based collision avoidance work because the laser can sense accurate depth information without too much redundant data, which can maintain the robustness of the algorithm when it is migrated from the simulation environment to the real world. However, high-cost laser devices are not only difficult to apply on a large scale but also have poor robustness to irregular objects, e.g., tables, chairs, shelves, etc. In this paper, we propose a vision-based collision avoidance framework to solve the challenging problem. Our method attempts to estimate the depth and incorporate the semantic information from RGB data to obtain a new form of data, pseudo-laser data, which combines the advantages of visual information and laser information. Compared to traditional laser data that only contains the one-dimensional distance information captured at a certain height, our proposed pseudo-laser data encodes the depth information and semantic information within the image, which makes our method more effective for irregular obstacles. Besides, we adaptively add noise to the laser data during the training stage to increase the robustness of our model in the real world, due to the estimated depth information is not accurate. Experimental results show that our framework achieves state-of-the-art performance in several unseen virtual and real-world scenarios.","2153-0866","978-1-6654-1714-3","10.1109/IROS51168.2021.9636512","","https://ieeexplore.ieee.org/stamp/stamp.jsp?arnumber=9636512","","Training;Visualization;Laser noise;Semantics;Reinforcement learning;Laser modes;Robustness","","16","","31","IEEE","16 Dec 2021","27 Sept.-1 Oct. 2021","27 Sept.-1 Oct. 2021","IEEE","IEEE Conferences"
"Design and Experimental Learning of Swimming Gaits for a Magnetic, Modular, Undulatory Robot","H. Deng; P. Burke; D. Li; B. Cheng","Department of Mechanical Engineering, Penn State University, University Park, PA, USA; Department of Mechanical Engineering, Penn State University, University Park, PA, USA; Department of Mechanical Engineering, Penn State University, University Park, PA, USA; Department of Mechanical Engineering, Penn State University, University Park, PA, USA",2021 IEEE/RSJ International Conference on Intelligent Robots and Systems (IROS),"16 Dec 2021","2021","","","9562","9568","Here we developed an experimental platform with a magnetic, modular, undulatory robot (μBot) for studying fish-inspired underwater locomotion. This platform will enable us to systematically explore the relationship between body morphology, swimming gaits, and swimming performance via reinforcement learning methods. The μBot was designed to be easily modifiable in morphology, compact in size, easy to be controlled and inexpensive. The experimental platform also included a towing tank and a motion tracking system for real-time measurement of the μBot kinematics. The swimming gaits of μBot were generated by a central pattern generator (CPG), which outputs voltage signals to μBot's magnetic actuators. The CPG parameters were learned experimentally using the parameter exploring policy gradient (PGPE) method to maximize swimming speed. In the experiments, two μBot designs with the same body morphology but different caudal-fin shapes were tested. Results showed that swimming gaits with back-propagating traveling waves can be learned experimentally via PGPE, while the shape of the caudal fins had moderate influences on the learned gaits and the swimming speed. Furthermore, robot swimming speed was sensitive to the undulating frequency and the voltage magnitude of the last three posterior actuators. In contrast, swimming gaits and speed were relatively invariant to the variances within the inter-module connection weights of CPG and the voltage applied to the anterior actuator.","2153-0866","978-1-6654-1714-3","10.1109/IROS51168.2021.9636100","National Science Foundation; Arm; ","https://ieeexplore.ieee.org/stamp/stamp.jsp?arnumber=9636100","","Actuators;Shape;Tracking;Morphology;Reinforcement learning;Kinematics;Robot sensing systems","","9","","45","IEEE","16 Dec 2021","27 Sept.-1 Oct. 2021","27 Sept.-1 Oct. 2021","IEEE","IEEE Conferences"
"Low-level Pose Control of Tilting Multirotor for Wall Perching Tasks Using Reinforcement Learning","H. Lee; M. Jeong; C. Kim; H. Lim; C. Park; S. Hwang; H. Myung","Urban Robotics Lab, KAIST; Urban Robotics Lab, KAIST; Urban Robotics Lab, KAIST; Urban Robotics Lab, KAIST; Korea Electronics Technology Institute(KETI); Urban Robotics Lab, KAIST; Urban Robotics Lab, KAIST",2021 IEEE/RSJ International Conference on Intelligent Robots and Systems (IROS),"16 Dec 2021","2021","","","9669","9676","Recently, needs for unmanned aerial vehicles (UAVs) that are attachable to the wall have been highlighted. As one of the ways to address the need, researches on various tilting multirotors that can increase maneuverability has been employed. Unfortunately, existing studies on the tilting multirotors require considerable amounts of prior information on the complex dynamic model. Meanwhile, reinforcement learning on quadrotors has been studied to mitigate this issue. Yet, these are only been applied to standard quadrotors, whose systems are less complex than those of tilting multirotors. In this paper, a novel reinforcement learning-based method is proposed to control a tilting multirotor on real-world applications, which is the first attempt to apply reinforcement learning to a tilting multirotor. To do so, we propose a novel reward function for a neural network model that takes power efficiency into account. The model is initially trained over a simulated environment and then fine-tuned using real-world data in order to overcome the sim-to-real gap issue. Furthermore, a novel, efficient state representation with respect to the goal frame that helps the network learn optimal policy better is proposed. As verified on real-world experiments, our proposed method shows robust controllability by overcoming the complex dynamics of tilting multirotors.","2153-0866","978-1-6654-1714-3","10.1109/IROS51168.2021.9636372","Technology Development; ","https://ieeexplore.ieee.org/stamp/stamp.jsp?arnumber=9636372","UAV;tiltable multirotor UAV;reinforcement learning","Learning systems;Neural networks;Reinforcement learning;Controllability;Autonomous aerial vehicles;Data models;Vehicle dynamics","","9","","28","IEEE","16 Dec 2021","27 Sept.-1 Oct. 2021","27 Sept.-1 Oct. 2021","IEEE","IEEE Conferences"
